68
 energy: -105.367476562124 gnorm: 1.832559050427 xtb: 6.7.1-6.fc44.fc44
O            0.82640735829887       -0.85168241015209        1.23490010605736
O            0.87957787825173       -1.13819021254223       -1.62677980449290
O           -2.52325240835990       -2.58474003025540        0.61133652633297
O           -3.86456617360988        3.15637581961707       -0.37495723104645
O           -1.36082953477039        1.74447832516503       -1.47937604804514
O            2.10119398090319        2.86269302760550        1.28746505902076
N            0.41860532600250       -2.80272991709213       -0.84015986863677
N           -1.98494607446033       -0.76738095065050       -0.84786950423601
N           -3.41722351413623        0.90528676380544        0.39670046258706
N           -0.67794143936447        2.89835109502141        0.58019786373753
N            1.80867986626630        1.53191001441864       -0.53013687111135
N            2.85810398511920       -0.66392330743314        0.70048691673929
C            1.61032679785333       -1.28820855404182        0.75593730190494
C            1.66139036439999       -2.74297919126632        0.11736363517266
C            1.59239906197466       -3.78213387440275        1.06877476412758
C            0.65750638391254       -4.79145872289478        0.30119364585177
C           -0.32384011647799       -4.34505186673799       -0.28892420719525
C            0.08182420824866       -1.82696116354423       -1.42404078276575
C           -1.32443370067009       -1.86608050509451       -1.92748030357847
C           -1.52095828282843       -1.36665031711592       -3.34328195225168
C           -2.39962414012642       -1.16543584757978        0.06807491149468
C           -2.63397210253052       -0.12470122396811        1.21762957063667
C           -3.61857928876442       -0.73450712983623        2.31824579929274
C           -3.26013734488391        2.44560582680773        0.35760384067135
C           -1.89068701895160        2.92242050768135        1.06182757674585
C           -2.32375524628454        4.28018559900029        1.81409204599380
C           -0.55580209119534        2.38724728568963       -0.68838600176391
C            1.01827117078622        2.42632058179499       -1.17237827706879
C            0.91291007532198        2.34395931587803       -2.45390170124967
C            2.19811411868587        1.71587133006407        0.74958591141180
C            2.87550936463948        0.59675378349549        1.29255011316730
C            4.65616587013172        0.79331454499977        1.23025138219098
C            4.81073091453258        0.52737271325452       -0.11044746159432
C            4.11337075095058       -0.93893744234562       -0.21640489178181
H            2.71370116022375       -2.98854955798726       -0.29994543349296
H            2.54537388900009       -4.08845823115611        1.51768759073213
H            0.81291533713898       -3.71804778067680        1.92402154205320
H            1.32591849104621       -5.64721599864769       -0.32120011960554
H            0.22391344746110       -5.70564215563526        1.22644700877755
H           -0.32383261432985       -4.62211681072804       -1.33585755449260
H           -1.17176400290913       -3.96434323050468        0.11885748430652
H           -1.84036558539179        0.12359565065471       -1.33546935152394
H           -1.85006387180559       -2.73877432653555       -1.82645117445033
H           -2.39102692843791       -1.06017481682015       -3.53310802526134
H           -0.87217775685190       -2.17558526171509       -3.95160718564909
H           -1.09766928378893       -0.37131394132653       -3.57034340801640
H           -4.15716302122791        0.54604512623961       -0.12060680430260
H           -1.94337579973649        0.08527686749921        1.54779874717891
H           -3.10946627182757       -1.58628292402852        2.71057154415096
H           -4.56927651000182       -0.83663381499952        2.00142028523750
H           -3.57147819835973        0.22091876062844        3.10642566798552
H           -0.01359704550860        3.30369566581052        0.95753021387846
H           -2.03645246241489        2.18023843172398        2.08376077770754
H           -1.43083672674555        4.78406917859703        2.27437828683408
H           -3.20429805990446        4.36485946640777        2.19426221466214
H           -2.41669883334803        4.75364347528890        0.57644877488769
H            1.63402449299685        0.58517307370435       -0.87172837800827
H            1.18331971044143        3.50210644138567       -1.01271552229841
H            0.81968549902657        1.26690358582552       -3.04734231033113
H            2.07307245555491        2.39792501713627       -2.86439549519528
H            0.06496613180146        2.86912334704615       -3.25819247882683
H            2.79691587261485        0.42828519879947        2.46514151601930
H            5.12495121784637        0.08304267780130        2.30036381946070
H            4.68161183985907        2.04950622327939        1.43720498498939
H            5.89820034278826        0.10655179366761       -0.21998448389247
H            4.46788020136408        1.05738747421776       -0.76354634626323
H            3.72052975868639       -1.19782747215073       -1.27970630600530
H            4.55722591265095       -1.68403738297604       -0.06067686706435
68
 energy: -106.080416361458 gnorm: 0.743479990057 xtb: 6.7.1-6.fc44.fc44
O            0.76005851935029       -0.82277878173090        1.27151417264926
O            0.92014145325769       -1.07126727462594       -1.64782922013282
O           -2.52065954518005       -2.55383175231983        0.59597484621018
O           -3.86865506175406        3.14986335335704       -0.36903959840418
O           -1.35237767881862        1.75771109676043       -1.46099827347179
O            2.10042209653182        2.85180502725975        1.28486280094253
N            0.42893655981393       -2.85641895987382       -0.79664283625863
N           -1.96161532962273       -0.77155611408084       -0.90664234575622
N           -3.41356997932065        0.92889478344514        0.40289475800223
N           -0.70322799897836        2.87935870342851        0.55212621631200
N            1.80669503621305        1.52919830225671       -0.52337283326606
N            2.87239767218119       -0.67129316343485        0.68698158608603
C            1.65991047780632       -1.31592177902932        0.72468718825229
C            1.67026043912591       -2.74113492523708        0.10595459109761
C            1.57494103223910       -3.79955088234524        1.08721918689417
C            0.70127611829316       -4.85010995535849        0.33507834632844
C           -0.33137653134570       -4.31652218432931       -0.32132197483722
C            0.05996367291336       -1.84134982335469       -1.43065452020604
C           -1.33455510989705       -1.84863286252101       -1.92996570057941
C           -1.48910826698955       -1.36917897070270       -3.34439173345859
C           -2.41997709915628       -1.21561640018721        0.13320320880206
C           -2.71676899606821       -0.14336263095362        1.18563332431417
C           -3.60601110326189       -0.71230754993136        2.32797098367535
C           -3.24254283417649        2.42333121945300        0.34655333294701
C           -1.92914625386638        2.90511791050082        1.10348969785096
C           -2.30057348768898        4.29012898454152        1.76912217625035
C           -0.55530635741265        2.37211244574909       -0.69344727554294
C            0.99267021283427        2.44113241193684       -1.15800705995738
C            0.92426270120516        2.32675639479156       -2.52681210267702
C            2.20202786542886        1.72485931308429        0.75342951134180
C            2.90373036099386        0.59041232942754        1.31522742185267
C            4.63418127392462        0.81504486785054        1.26881312095449
C            4.83371317046752        0.48195850845946       -0.09535217370731
C            4.07687288022955       -0.90293782735653       -0.23228071934563
H            2.70221986242871       -2.98134802205052       -0.30927408468268
H            2.54015259503665       -4.09205579692798        1.51548004785666
H            0.82095698575350       -3.70629831096300        1.92533993359542
H            1.32493447843234       -5.63626696520026       -0.31609732988156
H            0.23088797774044       -5.69240775643679        1.21613475860045
H           -0.33764604568056       -4.62812301903330       -1.34390249436460
H           -1.19126669643418       -3.95680090807131        0.12219220357844
H           -1.83726882350624        0.13208114277990       -1.34050308554971
H           -1.85666713642757       -2.74817767136997       -1.82131590932901
H           -2.42650139351951       -1.06686070151489       -3.54463483614441
H           -0.88539744795043       -2.16431850416921       -3.94941898113449
H           -1.08306569155006       -0.37205767327654       -3.56593379165375
H           -4.16343414920040        0.55036523299693       -0.12265320534916
H           -1.86377173026891        0.11315785354120        1.58488145364537
H           -3.11031029445997       -1.58571860152699        2.71233524294578
H           -4.58104678702834       -0.83911478737682        1.99847564626026
H           -3.57482562086250        0.20443269697457        3.10017337628349
H            0.02118253767903        3.32004389357762        0.97110764889330
H           -2.02913156562792        2.18064269148688        2.07620319463496
H           -1.43679545829306        4.77937651860939        2.27060498850854
H           -3.22011669307441        4.36385230686118        2.20311470003200
H           -2.41797835517900        4.76128561393076        0.59928688660390
H            1.63724234121186        0.58453651994583       -0.87096128233699
H            1.19043545749290        3.50525040127480       -1.00328973416025
H            0.81508526025395        1.26845924424463       -3.03466792780225
H            2.06085038394596        2.40814533742845       -2.86876437502099
H            0.08383953044098        2.86799231036450       -3.24116152245646
H            2.79230639899643        0.43363380896544        2.45608685868483
H            5.11597344466067        0.10013860105676        2.27288966685943
H            4.68684567401850        2.02876961897281        1.43930962929293
H            5.89836898440613        0.11441635676109       -0.22445052224862
H            4.45909657368445        1.08038574886445       -0.79409673778079
H            3.71835216177349       -1.18702614119533       -1.27668265468143
H            4.58470511861112       -1.72456723728269       -0.04065012436064
68
 energy: -106.399592039508 gnorm: 0.359497503670 xtb: 6.7.1-6.fc44.fc44
O            0.75340053729968       -0.82526104239580        1.27491405660346
O            0.92948094086397       -1.03738696518861       -1.65496388553709
O           -2.51406681043637       -2.47116584679750        0.55665210801590
O           -3.87073831182451        3.12777695455020       -0.35384374252587
O           -1.34560103259850        1.77652921380899       -1.43317770863349
O            2.09992725900059        2.83646498862254        1.28555087555760
N            0.44915405542999       -2.89537211079838       -0.75172339223426
N           -1.95537006709507       -0.81396356766051       -0.93737867806242
N           -3.40494743853507        0.95761863118075        0.41528949802543
N           -0.72468762442509        2.86525143183811        0.52823602200336
N            1.79783861956360        1.52709784186281       -0.51739462847811
N            2.87700275438484       -0.67915549867520        0.67270440797525
C            1.68145507707657       -1.32591727762402        0.70925091454486
C            1.66939711718717       -2.73904980798990        0.10531100097331
C            1.54670653728875       -3.83092871929483        1.10819677703371
C            0.72644943464106       -4.92304797987882        0.37179623428435
C           -0.30308307129654       -4.25524162095143       -0.35685973450229
C            0.06093939038379       -1.85756704331695       -1.43761914022308
C           -1.34561469037164       -1.81821460462671       -1.91899290593499
C           -1.46384026707796       -1.36431168732382       -3.34850207534145
C           -2.41611418488141       -1.26549020789022        0.17238529979951
C           -2.74394417582254       -0.14353980508499        1.16718505222746
C           -3.59166689943231       -0.67533392963387        2.33486022168690
C           -3.21256640846502        2.38397620373276        0.33280846616299
C           -1.96892433692566        2.87920262325196        1.16459141353375
C           -2.28870703201616        4.30646203995068        1.70025386667508
C           -0.54821942471758        2.35256354653033       -0.69564010682375
C            0.95380683351692        2.45678709783557       -1.15934710174164
C            0.94361837142922        2.30125085744338       -2.60171658508110
C            2.21057777165586        1.73277113692319        0.75515860472975
C            2.95349160634437        0.58496938315907        1.34452891753579
C            4.59361601672114        0.83938878153138        1.30706418705886
C            4.84826113377744        0.42901248745058       -0.08764458926126
C            4.04263906088554       -0.89115617299138       -0.23977211475463
H            2.67594468273397       -2.96760905861949       -0.32896842398440
H            2.52849660599112       -4.10110561049625        1.51347766992268
H            0.83354238422930       -3.68106038057087        1.93124413509257
H            1.31980853820457       -5.61459795793175       -0.30023590617095
H            0.25200961179419       -5.66269378529901        1.18463674930156
H           -0.35796827439140       -4.64505294009459       -1.35439093086447
H           -1.20475158720487       -3.95309092830928        0.12603144511052
H           -1.84010230455848        0.12826935032694       -1.32535859817528
H           -1.86022074943696       -2.75368029790404       -1.81121393150205
H           -2.45775247776084       -1.09183898491414       -3.56055864936441
H           -0.91166377600951       -2.14116118962271       -3.94671952623904
H           -1.05591221293641       -0.37315022040486       -3.55717462260128
H           -4.16531794081337        0.56341141458374       -0.12138827578417
H           -1.84688644242586        0.12446810433706        1.58100112472843
H           -3.11507099482605       -1.57657602966761        2.71370311405332
H           -4.59146752572546       -0.84197373693917        1.99955190106573
H           -3.58135159679105        0.17408915941478        3.09115570679099
H            0.03326272399475        3.32089605501206        0.97255042333252
H           -2.01525317876439        2.18325362272660        2.06491789034379
H           -1.45058317772374        4.76781778697576        2.25789590717291
H           -3.22325514425811        4.35964671898117        2.20751634265631
H           -2.41735678962934        4.77700568683816        0.64490425519038
H            1.64112200451420        0.58295929898405       -0.86981563667179
H            1.20185524017320        3.50783677607302       -0.99252043203135
H            0.80654603257830        1.27124705727721       -3.01125301401886
H            2.03494778552233        2.42995537896700       -2.88310575559130
H            0.12913616711049        2.86334702911274       -3.21112097331137
H            2.77993609501813        0.44045715059003        2.44123235043939
H            5.09318683698274        0.14399815502368        2.21542732966530
H            4.69713816481202        1.98500419830239        1.44695940076382
H            5.89676867026287        0.12984310933099       -0.23137212699342
H            4.46515791842676        1.09149056829691       -0.80534895892851
H            3.71348982298434       -1.16470676750590       -1.27029926462157
H            4.59809593316958       -1.74198044725289       -0.01438651356753
68
 energy: -106.524528928774 gnorm: 0.135308860086 xtb: 6.7.1-6.fc44.fc44
O            0.74662272445128       -0.83157852584912        1.28094387284577
O            0.93062001941962       -1.01801269692896       -1.65683503635592
O           -2.50943604144228       -2.42491317502543        0.52756808615407
O           -3.86554360832412        3.08919034287017       -0.33612335791177
O           -1.35511644097974        1.78725413930942       -1.41285579662696
O            2.10033623783550        2.82260601834859        1.29449454071905
N            0.46593543515356       -2.92580661469843       -0.71270224092103
N           -1.95628653962135       -0.84489727354684       -0.97244658156235
N           -3.40408450144629        0.98136837983576        0.42454545347887
N           -0.74102236516433        2.85237030327474        0.51277972857497
N            1.78642323497408        1.52504980896456       -0.51125613688799
N            2.88425860414004       -0.68356277164882        0.65969666565256
C            1.69629156508816       -1.33383999155331        0.70296707481367
C            1.66560560673507       -2.74892705962099        0.11071327674341
C            1.52653291594793       -3.86383372127283        1.13004094419298
C            0.73726369250703       -4.97269168742349        0.40445684503165
C           -0.26059880263918       -4.17601203098334       -0.39155567369788
C            0.07147937669782       -1.87843898470607       -1.44103685577572
C           -1.35426413460303       -1.79687836030818       -1.90577178051555
C           -1.45088228977685       -1.35292361929235       -3.35023206121297
C           -2.41481209915915       -1.29081859870729        0.19450600223216
C           -2.75646782127905       -0.12745455466785        1.15309149436684
C           -3.58659418017127       -0.64184730500265        2.33354582803035
C           -3.18787616677947        2.33879887380825        0.33175558624926
C           -2.00007653610318        2.85934340481261        1.20724140278294
C           -2.28872532930800        4.30754217600432        1.64625315341098
C           -0.53746275349601        2.33534279722005       -0.69703917989248
C            0.92079126082037        2.47010022689392       -1.16403870048630
C            0.96262168543156        2.27960534801483       -2.65429030782386
C            2.22222681946640        1.73644545289822        0.75216570098121
C            3.00915437504728        0.58208716347724        1.36621723358600
C            4.54998086557684        0.84337996078905        1.32787176015215
C            4.85345328370608        0.38545075317558       -0.08620259661765
C            4.02088607278251       -0.89408619448967       -0.23978281758498
H            2.64295591741886       -2.95628089634583       -0.36299159417247
H            2.51630057812207       -4.11867604186784        1.51687263367222
H            0.84595983039073       -3.64308719780424        1.94703662311470
H            1.32122190751336       -5.59619704162369       -0.27716421628633
H            0.27928386316139       -5.63181365682741        1.13861180315096
H           -0.38699540066610       -4.66486756242071       -1.36213281155634
H           -1.20291415871146       -3.95541520969526        0.12091755178107
H           -1.84304219778905        0.12378811880889       -1.30580513591967
H           -1.86012076168026       -2.75767474495708       -1.80241271738038
H           -2.48350983134404       -1.12695410214726       -3.57972066299345
H           -0.94395327522442       -2.11517042623176       -3.94884871513301
H           -1.02042255437997       -0.37337616479900       -3.54272592548629
H           -4.16645876329566        0.58821152678957       -0.12352166184374
H           -1.81787802447398        0.14880648532960        1.57626055335185
H           -3.12483777075986       -1.55892187563155        2.71207244794213
H           -4.60095555434121       -0.84642329084281        2.00570816785267
H           -3.58976981295255        0.14479932627406        3.08638581776418
H            0.03521157699186        3.31419151318507        0.97488484394209
H           -1.99539726021143        2.19305465995266        2.06390943998375
H           -1.47003493920286        4.75165017175754        2.23568565949691
H           -3.22130101053978        4.35772029757781        2.20761210963990
H           -2.41351339842923        4.79675361582591        0.69322494336510
H            1.64616036382430        0.58180590156739       -0.86836294294374
H            1.21792045910118        3.50803289168084       -0.97826078245943
H            0.79504104219553        1.25935029117758       -2.98442824380203
H            2.00614294397571        2.46105114698586       -2.91430506375479
H            0.19086852960475        2.86215900140053       -3.18607182126476
H            2.75487605157579        0.44567583756160        2.42809954167710
H            5.05344654999657        0.21487116884185        2.14012150494197
H            4.70924202639740        1.92749500771762        1.46065590979133
H            5.90013174068964        0.14576969705002       -0.23861612589917
H            4.47757496310894        1.10348519055949       -0.80692768715881
H            3.70310477829344       -1.13299923444611       -1.26443904159144
H            4.60962921292858       -1.76048877120387        0.01912581255284
68
 energy: -106.556293093437 gnorm: 0.079881647226 xtb: 6.7.1-6.fc44.fc44
O            0.74570568690343       -0.85090105314777        1.28962164566901
O            0.93155365876449       -0.99978646000323       -1.65528642802601
O           -2.52643358342456       -2.47161051627858        0.51403805626996
O           -3.86249077849392        3.04774197747090       -0.32334389319993
O           -1.37785041694582        1.79096755179847       -1.39825443499728
O            2.09814818465613        2.80718390200040        1.31145290477374
N            0.48262379242859       -2.92619895695912       -0.69509303993026
N           -1.96302174372753       -0.84144520081031       -0.99490618358264
N           -3.41093415211614        0.98287122928133        0.43580674110133
N           -0.74855930617327        2.83665820779478        0.51329235140929
N            1.77587736825603        1.52080288561291       -0.50588704664370
N            2.88387559859217       -0.68932353210436        0.65833768371644
C            1.70126523533213       -1.34510500982765        0.70994455522384
C            1.66753364379729       -2.76241053181185        0.12372949522283
C            1.51980473456617       -3.88181515020691        1.15329366489159
C            0.75151149476346       -4.98213773097746        0.40888427380041
C           -0.23458288125738       -4.15049769738157       -0.41514558773995
C            0.09011067778665       -1.88161660189305       -1.44296143575073
C           -1.34951020342699       -1.79244007196363       -1.90452063750594
C           -1.45212053555685       -1.34247950678507       -3.35153922976559
C           -2.40965468712150       -1.27129832253074        0.19611689237809
C           -2.74844584460467       -0.10436666572837        1.14836881456126
C           -3.58801112168904       -0.61667494281225        2.32195624615168
C           -3.16655061260454        2.30560690682827        0.33343110834678
C           -2.01295189592385        2.84234771661236        1.22525003750103
C           -2.29970537034692        4.28856839263966        1.62623979235946
C           -0.53417510953702        2.32284458223785       -0.69526240891971
C            0.91197297434512        2.47208102820954       -1.17411797667957
C            0.98189821480547        2.25820179380853       -2.67887008036232
C            2.22839961524490        1.73236370447368        0.74855968378325
C            3.02367350604469        0.57460819832753        1.37563742460995
C            4.52030447461922        0.84700893497959        1.31674879739090
C            4.85324754658222        0.36398559508828       -0.09613442434484
C            4.01329598350787       -0.90831210096731       -0.22895848383017
H            2.60618353361090       -2.95062634013895       -0.42379703260549
H            2.50155188883086       -4.15513322620676        1.53231395629541
H            0.86566511485019       -3.57936875265959        1.98019816334183
H            1.36220417852713       -5.57805510698253       -0.26649452381347
H            0.25857188381777       -5.63345197286799        1.13234879791628
H           -0.41673459938442       -4.67893815519642       -1.36828260338053
H           -1.18417587638337       -3.95796818172792        0.10769762717490
H           -1.84123796001303        0.13136496435295       -1.29130335070081
H           -1.85284173762960       -2.75997084034665       -1.79406789805546
H           -2.50120808962989       -1.16172472740903       -3.59949601491538
H           -0.97944089056800       -2.09474881322695       -3.97160610815558
H           -0.97890831237292       -0.37432912531531       -3.51646442609891
H           -4.17559533931584        0.61687763689687       -0.12303680580573
H           -1.79221124953366        0.18165289061509        1.56533528444686
H           -3.13312976402188       -1.53107886779725        2.70623978542219
H           -4.60722655507432       -0.84254085027571        2.00772566788239
H           -3.61273549121360        0.12893707735806        3.10988271310350
H            0.03195918746482        3.29555514406431        0.98039147693292
H           -1.95202957598996        2.18715990702585        2.10109449144978
H           -1.48605359209813        4.72260934848946        2.20963843201031
H           -3.22375121768279        4.35124273987432        2.20492065677402
H           -2.42589381866814        4.87078665683153        0.70541861635833
H            1.65305141486269        0.57760586160126       -0.86665172239110
H            1.23888528426336        3.50084679120986       -0.96504237363302
H            0.77637492275101        1.21428433542427       -2.94540129206408
H            1.99625912816851        2.51483160468560       -2.97651975926774
H            0.25498968637904        2.89060753090518       -3.18025575743687
H            2.69922275020188        0.44919061227343        2.42098834312424
H            5.02412410551171        0.27469855433552        2.07325905760926
H            4.74052017919388        1.90158548012948        1.47443337220162
H            5.91269795894547        0.16629629668676       -0.24487246858439
H            4.49555826637804        1.10367559198533       -0.81728860241009
H            3.68731738796490       -1.09668449055407       -1.25841639204606
H            4.60743483658740       -1.78087451184373        0.05581755193922
68
 energy: -106.566847859231 gnorm: 0.048346530483 xtb: 6.7.1-6.fc44.fc44
O            0.74688116548384       -0.88233397603459        1.30896432815986
O            0.92555775314580       -0.98024898313988       -1.65350507483829
O           -2.51622812490607       -2.41568102933049        0.53203205740505
O           -3.85509419471487        3.01879894366093       -0.31574876012961
O           -1.39175798897150        1.78800517007778       -1.38822336855933
O            2.08215833906617        2.79315645712594        1.32834043584928
N            0.48895521178280       -2.91782850293294       -0.68822737063272
N           -1.97512290048680       -0.85066235777184       -1.01187986783989
N           -3.41861590564421        0.97025685738580        0.44850441679909
N           -0.74594988192224        2.81956166656449        0.51655988918244
N            1.76484698576885        1.51796546640187       -0.50221573157220
N            2.88051812881345       -0.69212578503663        0.66285020781837
C            1.70831526340978       -1.36259106926634        0.72654925419165
C            1.67614132389757       -2.77207321199301        0.12568394617365
C            1.52106062824692       -3.88285206013850        1.17009468684167
C            0.75538587987284       -4.97261142654333        0.42032483089545
C           -0.23009629851286       -4.15180478854333       -0.42398468234455
C            0.10045093044186       -1.87737104494860       -1.44322028796947
C           -1.34429002507973       -1.79957064546095       -1.91282446578702
C           -1.45444088717520       -1.33525843854646       -3.35595334815937
C           -2.42054943643530       -1.26084548005333        0.18817091684473
C           -2.74442949647563       -0.10309317255434        1.14574224580301
C           -3.59267743810829       -0.60295013509737        2.31875048904054
C           -3.15487545906396        2.28803323763129        0.34603282558419
C           -2.01404595861825        2.83815202516437        1.22935187828460
C           -2.31188008283422        4.28184395929243        1.61642138339252
C           -0.53211484554754        2.31778163952139       -0.69762360524555
C            0.91369993532799        2.47654274288101       -1.18208242914704
C            1.00162629746282        2.25989132254669       -2.69128075690272
C            2.21380158466137        1.72696866928742        0.74750459662272
C            3.01163082335995        0.57092610968778        1.37802078562623
C            4.50682164358132        0.85923780304908        1.30451900766552
C            4.84773027341195        0.35916978144071       -0.10352733843644
C            4.00956134790696       -0.91687648081785       -0.21914504900446
H            2.58118384393458       -2.95139511102944       -0.48096455682160
H            2.49022419159860       -4.19005830278473        1.54998604151451
H            0.89024835670976       -3.52459663824640        2.00069448378525
H            1.40872927537942       -5.55622633630425       -0.22727527746876
H            0.25109407687901       -5.66184335320745        1.09510091698317
H           -0.43066888463052       -4.66771546073139       -1.37022920693097
H           -1.17199991727257       -3.95359443744536        0.09742303601342
H           -1.84026965758091        0.12746720839583       -1.27695727730538
H           -1.84427250452452       -2.76743162580311       -1.79134662621871
H           -2.50702280798706       -1.18097218988141       -3.61412570581866
H           -1.01054028550831       -2.07899924089538       -4.01122160282878
H           -0.94487421034048       -0.37774771716047       -3.49006148599691
H           -4.18859906363628        0.63860632568206       -0.12065020022473
H           -1.77419182709137        0.19407332743515        1.55038911863619
H           -3.14263491692888       -1.51576715328039        2.70194770038883
H           -4.60862706148964       -0.83561646772984        2.00214688016700
H           -3.63446793096274        0.13145907459153        3.12149560428058
H            0.03694425818282        3.26964529669417        0.98731272196849
H           -1.92165278319177        2.21391474065661        2.13396637796620
H           -1.49398843494277        4.69223143508975        2.20406816290382
H           -3.23073437105988        4.34936938827771        2.19728320390899
H           -2.44234634825037        4.87587062564700        0.71236277565826
H            1.66080818969205        0.57513247766330       -0.86965547211249
H            1.25767636433854        3.49448165828533       -0.94308418409806
H            0.78601849577821        1.21948676581152       -2.93346341808856
H            1.99670020780761        2.51337737282527       -3.03198152331518
H            0.28334501510308        2.90007854811672       -3.18590012820322
H            2.64867373112973        0.45486200095186        2.41023038552871
H            5.06112933050575        0.26191419546230        2.04451160764906
H            4.74055914413276        1.90906093517375        1.45765835969032
H            5.91184829111291        0.17849888972820       -0.24795381843647
H            4.50434832171642        1.10318454931195       -0.82802460374621
H            3.66916280088893       -1.07775705838576       -1.24784461888083
H            4.60042430613836       -1.79276936925267        0.08832202434125
68
 energy: -106.569865687031 gnorm: 0.033707192278 xtb: 6.7.1-6.fc44.fc44
O            0.75751764017934       -0.91631157131368        1.33509425652969
O            0.91086293413991       -0.96460449177626       -1.65243904358418
O           -2.53558797401024       -2.42443596170204        0.51614589200490
O           -3.85028904023241        3.01759946182117       -0.30742162968650
O           -1.38759709867317        1.78820309288823       -1.38548696099361
O            2.06538592273128        2.78048309726424        1.34027483006093
N            0.48452738932084       -2.91070492745172       -0.68705527491456
N           -1.97633461201471       -0.86258801003455       -1.00907548449912
N           -3.41993508131336        0.96812064526931        0.45812076818714
N           -0.73678700727325        2.80411619024008        0.52225573010157
N            1.75644212480382        1.51519229241088       -0.50090503503125
N            2.88180275327092       -0.69339771073064        0.66427764023785
C            1.72036120788981       -1.37853392027152        0.74247548455825
C            1.68588620549887       -2.77726010995653        0.11962277951939
C            1.52504659043845       -3.87647113476142        1.17755577114842
C            0.76539625037684       -4.96222013694762        0.42224608038698
C           -0.22444142787254       -4.15777140031330       -0.42713722340731
C            0.10030563492508       -1.87299541507016       -1.44270914355334
C           -1.34673550476044       -1.80720335724348       -1.91983935161977
C           -1.45924255496436       -1.32852211647682       -3.35837039287396
C           -2.41044035107908       -1.26213804349848        0.19799373386133
C           -2.74620013413940       -0.10080241164670        1.15164074200677
C           -3.59496257173668       -0.60442451036756        2.32154974336716
C           -3.14799224474884        2.28854803242942        0.35636298888818
C           -2.00778704036435        2.83626366378690        1.23112536525699
C           -2.31697252957012        4.28168727633708        1.61095531632723
C           -0.52834169584508        2.32392480616522       -0.70332205312760
C            0.92001934600186        2.48189466412624       -1.18893650557738
C            1.01748920068250        2.26770469187010       -2.69805707148234
C            2.20284779135549        1.72222426270158        0.74493459118889
C            3.00686906053387        0.57038304126674        1.37227461684260
C            4.50685397557841        0.86298193047476        1.29135730335407
C            4.84459698231002        0.35251142862250       -0.11221736991691
C            4.00642150184136       -0.92522582311765       -0.22324917294173
H            2.57243965119643       -2.94816101214123       -0.50576931428425
H            2.48339463558467       -4.21127953488623        1.56456811003390
H            0.91002209319872       -3.49874390391060        2.00000297822284
H            1.45968580119344       -5.51845308868914       -0.22146468137578
H            0.25292552038894       -5.64549043245517        1.09364621438009
H           -0.44418103357458       -4.66200787723144       -1.37119436524971
H           -1.15849708534960       -3.95768793102699        0.10257529224469
H           -1.83244164641584        0.12380306502720       -1.24436686733283
H           -1.84126373281649       -2.77517776485932       -1.79070587966464
H           -2.50866990980562       -1.18581821013738       -3.62165260966562
H           -1.02801131830797       -2.05972909402521       -4.03906802772961
H           -0.92865907373183       -0.38227726772749       -3.47336358024364
H           -4.19563454173273        0.66552999731849       -0.11852304853960
H           -1.77050226469611        0.21095927082216        1.54683274899507
H           -3.14851366055650       -1.51288028800374        2.71389716973249
H           -4.60461063074050       -0.83756345643147        1.99174640171854
H           -3.64305477037566        0.14568450570427        3.10154137488530
H            0.04910048319425        3.23914434577934        0.99970746764052
H           -1.91711889065059        2.23134050223004        2.13945072280674
H           -1.49917741835719        4.68582836132955        2.20173077403826
H           -3.23339739819871        4.33895516685275        2.19275986332909
H           -2.45037987524260        4.86923142588200        0.71480074166104
H            1.66912319871687        0.57256001173243       -0.87418851210136
H            1.27225958809508        3.48942428308760       -0.92271236859212
H            0.79353462587484        1.23318938733972       -2.92903611176221
H            2.00994875355251        2.50529380755884       -3.06181337615307
H            0.28623504381323        2.89774406857959       -3.19187866948096
H            2.64422488778048        0.46290691111357        2.39500931969851
H            4.99835906180626        0.27760479360020        2.05392480879525
H            4.71553875404892        1.91291798456247        1.43872785556538
H            5.90513945265823        0.16948779073845       -0.25229877272682
H            4.51259711574940        1.09361563237780       -0.84247067062006
H            3.65492281996230       -1.08545974864826       -1.24566954520945
H            4.59087790723335       -1.80098160928594        0.10434837686571
68
 energy: -106.570659051605 gnorm: 0.027721826386 xtb: 6.7.1-6.fc44.fc44
O            0.75729984313301       -0.95005494570828        1.35514166286782
O            0.89706882125340       -0.95512267421938       -1.65629012560135
O           -2.54804546839670       -2.44047882887199        0.51271686088716
O           -3.84953510378373        3.02218261551995       -0.29973731158412
O           -1.38359399470946        1.79112957485934       -1.39169732562187
O            2.04065592134715        2.77279071497457        1.34670872620810
N            0.48035154171231       -2.90712970264634       -0.69122854012246
N           -1.97967944961345       -0.87692543977250       -1.01105350841723
N           -3.41733697721997        0.96754586381446        0.45785501746318
N           -0.72738287952457        2.79317412358867        0.52366170495553
N            1.74381578371051        1.51480016003413       -0.50321928914892
N            2.87095312355944       -0.69220543782927        0.66357052796222
C            1.72025646574328       -1.38914422460650        0.74727618705191
C            1.69491797944236       -2.77878351327042        0.10928497960326
C            1.53198099496508       -3.86453172700382        1.17836472628596
C            0.77316914859907       -4.94816808178539        0.42255130528094
C           -0.22080946788944       -4.15678081231852       -0.42319983827482
C            0.10040537214954       -1.87277948249094       -1.44635479927503
C           -1.34841563074001       -1.81750437661836       -1.92722712409725
C           -1.46301997362362       -1.32134182648713       -3.35897667167704
C           -2.40816528599731       -1.26712653164459        0.19875518815094
C           -2.74709991430239       -0.10249778400458        1.15060208165924
C           -3.59521342121183       -0.60610245322715        2.32119602736031
C           -3.14324601117575        2.29051161725480        0.36060971971888
C           -1.99920267762441        2.83393576676300        1.22936928936028
C           -2.31450894326452        4.27867247078841        1.61284083221855
C           -0.52834937840124        2.33401143902303       -0.71412384161514
C            0.92380926919271        2.48969139463427       -1.19811115497742
C            1.02433554950349        2.27290070571351       -2.70337788521940
C            2.18489343855640        1.72081073209508        0.74061785249933
C            2.98662421317158        0.57166025253645        1.36520808124482
C            4.48912634122936        0.85993410392951        1.29318839742378
C            4.83143170614850        0.35005032994154       -0.10564670971474
C            3.99834822530325       -0.92920812151165       -0.22352614407915
H            2.57205163336852       -2.94555635999450       -0.51747813127917
H            2.48304821399856       -4.21620403669474        1.57400353592485
H            0.92669499256819       -3.47292435182782        1.99247697898966
H            1.45705658852098       -5.51760890293457       -0.19903854868436
H            0.27650373510665       -5.65541465296856        1.07284418116357
H           -0.46256317666466       -4.66148400113616       -1.36559178117033
H           -1.14649254039536       -3.95528122903262        0.12015068434564
H           -1.82615917269454        0.11427243496437       -1.22261811722624
H           -1.83815929302529       -2.78490174301438       -1.79467484436091
H           -2.50768499383436       -1.18322297920713       -3.62311754928831
H           -1.03131044585811       -2.04231710680775       -4.04964445859263
H           -0.92679946549222       -0.38198447710057       -3.46152583765373
H           -4.20177937775458        0.68781175386668       -0.11806981542560
H           -1.76871116042198        0.22181605871175        1.53466026581607
H           -3.15134686626661       -1.50924978222203        2.72631305776540
H           -4.59871744233396       -0.84012145931675        1.97694604170527
H           -3.65829200690756        0.15294097026450        3.09485419028892
H            0.06264500366968        3.20930026202221        1.00895983842619
H           -1.90912957188094        2.23306061842859        2.13749611124622
H           -1.50031359232073        4.69312385309665        2.20020380839091
H           -3.22900465384631        4.31736777881219        2.19813517522337
H           -2.45642427487503        4.88560391732919        0.71942399912494
H            1.66963434277443        0.57235441544115       -0.87992792826706
H            1.28223388801297        3.48828950780999       -0.91391351443652
H            0.79485174603433        1.23051488155121       -2.91783991684461
H            2.02114546156978        2.51100073963705       -3.07455651291320
H            0.29515497952459        2.90585682222968       -3.20693010727186
H            2.62933620152108        0.46772026458422        2.38671748124495
H            5.05903393771178        0.30064709772903        2.05164820911873
H            4.72478941455471        1.91856133620811        1.43122543911851
H            5.89258726986613        0.16349590681301       -0.23978414629060
H            4.50790884650731        1.08360888082656       -0.84297589786850
H            3.65136527231515       -1.09733015133160       -1.24494601135139
H            4.57620913248139       -1.80192455101975        0.11996096275615
68
 energy: -106.571764871885 gnorm: 0.015627561906 xtb: 6.7.1-6.fc44.fc44
O            0.75850745234613       -0.95887025375926        1.36202628924785
O            0.89398771211160       -0.95505205382136       -1.65842310791330
O           -2.53462646954863       -2.43377152434953        0.53433471936149
O           -3.84924390422189        3.02335487146496       -0.29613410820769
O           -1.38349102491971        1.79296134156091       -1.39647098821857
O            2.03470435443613        2.77091404867532        1.34896329768043
N            0.48225015885599       -2.90980266637187       -0.69274456551575
N           -1.98537372331336       -0.88542557172324       -1.01721724942525
N           -3.41413965667893        0.96774301953412        0.45214352661973
N           -0.72363883509769        2.79155174984092        0.52322752132444
N            1.74241093049808        1.51531386980271       -0.50321167418848
N            2.86798403006754       -0.68997191971631        0.66125478157946
C            1.71933345739724       -1.38775027260158        0.74332825211486
C            1.69717600553634       -2.77816090486334        0.10620313210624
C            1.53505427985875       -3.86360837242656        1.17294570486650
C            0.77334450058306       -4.95085449730575        0.42259017783537
C           -0.21955264265269       -4.15405268924934       -0.41845902209350
C            0.10299927844552       -1.87690433434625       -1.44841123317457
C           -1.34680662900323       -1.82352583182310       -1.92836613092566
C           -1.46224523005665       -1.31893746612072       -3.35676699758708
C           -2.41862448713167       -1.27111621121062        0.19175912652655
C           -2.74633722035683       -0.10646723736193        1.14461584674179
C           -3.59472558128449       -0.60401801892081        2.31805849746760
C           -3.14181532244632        2.28963460228413        0.36093555957705
C           -1.99499023913402        2.83414119530396        1.22937157392713
C           -2.30723206519892        4.27874402504202        1.61847777561920
C           -0.52860582303037        2.33515734354955       -0.71667476142798
C            0.92515465354079        2.49341525504438       -1.19746153033041
C            1.02358545327185        2.27435363406197       -2.70048453375490
C            2.18675426523156        1.72129430515633        0.74026078807392
C            2.98791701608422        0.57276697677064        1.36500826306366
C            4.48774492969392        0.86823716907648        1.28739580856492
C            4.83365347735665        0.35055496886927       -0.10790106657261
C            3.99928693612020       -0.92775859686113       -0.22065487822060
H            2.57402767721893       -2.94875589676307       -0.52082551555589
H            2.48742612629054       -4.21013456338361        1.57063523373850
H            0.93013449928671       -3.46373302505524        1.98698514337821
H            1.46005277178553       -5.50466776833468       -0.22155762879835
H            0.26243886623839       -5.64812905476324        1.09109221914413
H           -0.46686664744107       -4.65831279033580       -1.36053444679257
H           -1.14268998507906       -3.95376669771822        0.13342794094830
H           -1.82920630808141        0.10409375930525       -1.22474438900951
H           -1.83489519869378       -2.79158957390312       -1.79947724293621
H           -2.50627658157377       -1.17960671300159       -3.61806561964669
H           -1.02334019474901       -2.03785846565195       -4.04358125435315
H           -0.93538604563141       -0.37591089407292       -3.45468100326904
H           -4.20397635022987        0.69127722899648       -0.11739790922784
H           -1.76695967980411        0.22018130953211        1.52261398501305
H           -3.14967414233779       -1.50420463425056        2.72922718730729
H           -4.59720460807257       -0.84189075583738        1.97062302881395
H           -3.66664202567860        0.15275711943093        3.09891377244181
H            0.06963585593297        3.19760336946617        1.01260483192437
H           -1.90104712733604        2.22842073505109        2.14015747646337
H           -1.49391466439616        4.70134686933092        2.20208362990312
H           -3.22138782606712        4.31006209702480        2.20612888821004
H           -2.45952626151668        4.87817401897201        0.71951576841348
H            1.67139854329928        0.57335865341267       -0.88076713099246
H            1.28505607971000        3.48976744272345       -0.91239385259173
H            0.79975746584888        1.23065722359778       -2.91605045506855
H            2.02264891723437        2.51055735882606       -3.06315807856407
H            0.30293172442723        2.90490102512832       -3.21358868448673
H            2.61580064281341        0.46262071651757        2.39084549517277
H            5.02388182228379        0.29516978080255        2.04889773408518
H            4.69703710964942        1.92870245329828        1.41421648402544
H            5.89649034171320        0.16050812255655       -0.23632483526073
H            4.51151025757056        1.07636596795519       -0.85199136275012
H            3.65984851372978       -1.10351549666605       -1.24383334716063
H            4.57371818107131       -1.79880125822457        0.12662088324020
68
 energy: -106.572023641286 gnorm: 0.012898289869 xtb: 6.7.1-6.fc44.fc44
O            0.75933218125006       -0.96570160026063        1.36904583841991
O            0.89196461269032       -0.95409404531357       -1.66023361481372
O           -2.53640701592792       -2.43438560773980        0.54219358919067
O           -3.84697764771610        3.02499149227983       -0.29278360539775
O           -1.38495331519441        1.79687141347704       -1.39885728931518
O            2.03181385873014        2.77102842127839        1.34822298829547
N            0.48378773919967       -2.91168522013691       -0.69302682554056
N           -1.98669888494136       -0.89103379496698       -1.01626373574285
N           -3.41189644397636        0.96886192791084        0.44790154656292
N           -0.72219708847647        2.79068784032395        0.52405265187143
N            1.73879498947964        1.51611009354720       -0.50340906966692
N            2.86447514441545       -0.68777180517178        0.65642572734357
C            1.71808267284250       -1.38725546269012        0.74170843255781
C            1.69597814468402       -2.77826899525900        0.10503168718240
C            1.53539984591977       -3.86593633256108        1.16770487331499
C            0.76792141882261       -4.95317316720489        0.42282132788335
C           -0.22520313176014       -4.15164062424960       -0.41479470817051
C            0.10528011247888       -1.87921695745331       -1.44958178087758
C           -1.34583564505017       -1.82538579349144       -1.92859238377480
C           -1.45954924279111       -1.31840116922122       -3.35676999487224
C           -2.42021846707749       -1.27446561270119        0.19402402340582
C           -2.74689925624927       -0.10707947528490        1.14304673284075
C           -3.59708028053565       -0.60202432115526        2.31454794108758
C           -3.14182548863003        2.28975509768473        0.36322826465464
C           -1.99281209681950        2.83373139791974        1.23210620103947
C           -2.30376095524548        4.27944083976684        1.62089924570249
C           -0.52910648319644        2.33537099715951       -0.71599415455832
C            0.92395745229598        2.49733979134022       -1.19690904299442
C            1.02419970716802        2.27779416549102       -2.69891846603259
C            2.18270377528685        1.72106827854618        0.74121985978750
C            2.98811416919690        0.57373725529169        1.36315465559908
C            4.48397558661459        0.87598169935604        1.28218020853676
C            4.83489402753676        0.35043843070202       -0.11021697708110
C            4.00036537344872       -0.92785916871634       -0.21707447316811
H            2.57337293761468       -2.95152825535724       -0.52689698100901
H            2.49065795147188       -4.20572026095955        1.56364725881654
H            0.92874296949106       -3.46498492531830        1.98208429838569
H            1.44346752946739       -5.51561791076808       -0.22018662570864
H            0.27989266866452       -5.65317538352235        1.09014660408222
H           -0.47435028518064       -4.65427261508302       -1.35488610484030
H           -1.14356981478459       -3.94677723301553        0.14330660439431
H           -1.83162604919552        0.09738287546080       -1.22042994958890
H           -1.83164869116579       -2.79577360188533       -1.80560089358085
H           -2.50454369834627       -1.17857585987185       -3.61669702384387
H           -1.01346160982283       -2.03342323050562       -4.04441523594907
H           -0.94215305721960       -0.36787274356000       -3.44619486450872
H           -4.20388355171222        0.69119012284791       -0.11756694356355
H           -1.76800193907553        0.22254160796116        1.51799737649476
H           -3.14750881541058       -1.49802709872462        2.73040200225266
H           -4.59957853576287       -0.84609448598828        1.96790597097543
H           -3.66574454262364        0.16109530190997        3.08460585877427
H            0.07433691884594        3.18765672430991        1.01715661132799
H           -1.90101935491956        2.22487286599227        2.14267676315859
H           -1.48704388055844        4.70069418352399        2.20178974184137
H           -3.21734178682463        4.31205929519438        2.20924491755417
H           -2.46008714993474        4.85790121891747        0.71844279158743
H            1.67039421416108        0.57536181207003       -0.88316173512226
H            1.28547710464231        3.49237638476912       -0.91137499177127
H            0.80491811607678        1.23957024537227       -2.92273181805547
H            2.02481768162663        2.50455915862085       -3.05146420807299
H            0.30421845278624        2.90219249706983       -3.21521749222767
H            2.62975883959288        0.46118868447679        2.39019887911375
H            5.00364209473220        0.31549174485890        2.05241698306604
H            4.68914686630718        1.93465222411481        1.40910031723244
H            5.89900518188836        0.15864356560065       -0.23224357783792
H            4.51521625386014        1.07111079172232       -0.86115823392827
H            3.66742298427218       -1.10944787330685       -1.24206603689701
H            4.57265641533901       -1.79734219825286        0.13421580467891
68
 energy: -106.572240669687 gnorm: 0.009490410281 xtb: 6.7.1-6.fc44.fc44
O            0.76121747589105       -0.97658900419465        1.37743495568463
O            0.88827134378515       -0.95248153402604       -1.66122503947897
O           -2.54250044036106       -2.43831577465481        0.54198828624315
O           -3.84669539028035        3.02810094841659       -0.28815634581307
O           -1.38475268684811        1.80039806207595       -1.40199349255843
O            2.02307549621078        2.77063384474511        1.34774315207605
N            0.48431368721175       -2.91302995509213       -0.69325190604760
N           -1.98677660692235       -0.89788544294493       -1.01387833569796
N           -3.41043483750220        0.96802137615116        0.44336529633718
N           -0.72098531286165        2.78891716297679        0.52376073588799
N            1.73413777658511        1.51613135012394       -0.50459409084609
N            2.86104071719430       -0.68547804272819        0.65272948302767
C            1.71863838659497       -1.39013871988452        0.74369069469041
C            1.69602274754952       -2.78052487822657        0.10406883279123
C            1.53604461370489       -3.86939461462724        1.16436298770004
C            0.76554239237377       -4.95689496860167        0.42213039918245
C           -0.22763112481937       -4.15149126265535       -0.41239405547239
C            0.10681443272923       -1.88086020914431       -1.44960381588374
C           -1.34536176528079       -1.82799642072364       -1.92943511901521
C           -1.45736819680986       -1.31759665724160       -3.35709876081721
C           -2.41798930503388       -1.27893352632604        0.19794879595853
C           -2.74754974666375       -0.10783015388728        1.14209126059003
C           -3.59896220792013       -0.59892714138943        2.31300117611577
C           -3.14143235751606        2.28960701911938        0.36388867606303
C           -1.99051100251042        2.83041034057465        1.23342737549504
C           -2.30210004725041        4.27504724315008        1.62270303342376
C           -0.52974688211785        2.33782029043727       -0.71784225805629
C            0.92286412308344        2.49967017168408       -1.19932283030542
C            1.02641011305808        2.27827428956893       -2.69980886670258
C            2.17453110233521        1.72054033750361        0.74130280277848
C            2.98409642331510        0.57542300836380        1.36081683783139
C            4.47948151928816        0.88091370193598        1.27932407424846
C            4.83358050593651        0.35006187803212       -0.10983423091452
C            4.00112376766527       -0.92963046447440       -0.21368161156458
H            2.57455649361226       -2.95269697440633       -0.52765967486911
H            2.49263456082238       -4.20616465636271        1.55940941659705
H            0.92772446460008       -3.47205225517543        1.97698478762274
H            1.44800926462615       -5.50962937743765       -0.23283891391508
H            0.26934736665851       -5.64342552343260        1.10317750952265
H           -0.48150554265118       -4.65370649105907       -1.34991786922935
H           -1.14081659984676       -3.94159208899788        0.15197178467915
H           -1.83283588921015        0.09114857683895       -1.21218655388688
H           -1.82879333166222       -2.80035367424441       -1.81167464727350
H           -2.50290799595047       -1.17958077807647       -3.61776733829138
H           -1.00320381973227       -2.02511674083287       -4.04747730913175
H           -0.94766331961968       -0.36118210152326       -3.43895597893202
H           -4.20515971695546        0.69097212093623       -0.11824286815985
H           -1.76967281798698        0.22652535829042        1.51311457166485
H           -3.14550054304034       -1.49031482999465        2.73489468227453
H           -4.59995693246771       -0.84985171491011        1.96547246516087
H           -3.67057217176605        0.17079740317018        3.07381222834667
H            0.07814418631292        3.17610288871321        1.02095527741291
H           -1.90215700147730        2.22007469173199        2.14123712255286
H           -1.48229761044618        4.69607272107938        2.19922035403789
H           -3.21371289777823        4.30762143798456        2.21401477165819
H           -2.45946171950139        4.86230756636262        0.72404619858505
H            1.67029857846004        0.57633534821900       -0.88673254288139
H            1.28583485431079        3.49315900114540       -0.91258774665745
H            0.80359570885579        1.23911535133418       -2.92332954019496
H            2.02927242431342        2.50845205570603       -3.04759206383089
H            0.30827011646673        2.90811381123244       -3.21739557640406
H            2.63599222916100        0.46161871579984        2.38901124366063
H            5.02133279971293        0.33223355053513        2.05128391668098
H            4.68122675195174        1.94078604079865        1.40140259466698
H            5.89798096902332        0.15659668355649       -0.22748196219367
H            4.51665844517386        1.06592078396225       -0.86690769911806
H            3.67286814797627       -1.11775975475167       -1.23936434908122
H            4.57126362101613       -1.79676178305738        0.14358135247628
68
 energy: -106.572355847145 gnorm: 0.008122157545 xtb: 6.7.1-6.fc44.fc44
O            0.76637547006900       -0.98641482421402        1.38497793584769
O            0.88445133233018       -0.94868808881164       -1.66351781440764
O           -2.54739023628942       -2.44291554693384        0.54085262877152
O           -3.85003125835079        3.03096462247904       -0.28336554002363
O           -1.38405415180160        1.80345143691227       -1.40548825383178
O            2.01207343559859        2.76931768750551        1.35087668171422
N            0.48549646569362       -2.91179909513143       -0.69409848958223
N           -1.98828755460636       -0.90388952859308       -1.01417809048856
N           -3.40996822918420        0.96557622882814        0.43812516822397
N           -0.72153454687746        2.78761554757106        0.52253081278120
N            1.73213320768126        1.51677794288434       -0.50485197016615
N            2.86113151830836       -0.68210271181403        0.65029147826952
C            1.72305995174000       -1.39255559891117        0.74687306710051
C            1.69957970674344       -2.78138925774461        0.10216565419801
C            1.53922729769955       -3.86895892954877        1.16346531368125
C            0.76592726968332       -4.95478980590239        0.42207989368457
C           -0.22837220190762       -4.14824364910809       -0.40918446801897
C            0.10857123445786       -1.88026501174415       -1.45012635336291
C           -1.34453351727773       -1.83023627517439       -1.93119075846756
C           -1.45596173420976       -1.31468410685552       -3.35719048741609
C           -2.41774617905618       -1.28247014253776        0.19877080639544
C           -2.74758540347930       -0.10891401350207        1.13965642607242
C           -3.59872528376324       -0.59431594700790        2.31290999648300
C           -3.14181900708884        2.28898747509331        0.36258070278376
C           -1.98993930317374        2.82649262381775        1.23304796177125
C           -2.30035044957075        4.26912459258336        1.62589758500563
C           -0.53093429749025        2.34113078273196       -0.72083554941463
C            0.92251316372194        2.50115846220061       -1.20097101474330
C            1.03040920276103        2.27845088052950       -2.70006444674437
C            2.17007692265426        1.72067277172762        0.74165226275817
C            2.98258997019163        0.57790801413371        1.36009178180424
C            4.47944579009211        0.88895325567221        1.27332918053929
C            4.83503657351278        0.34973807985466       -0.11134658963655
C            4.00405735264316       -0.93162789325458       -0.21114471229644
H            2.57910600961433       -2.95185555862987       -0.52532858327396
H            2.49555496410760       -4.20827483802192        1.55715632198489
H            0.93069777424500       -3.47332503298116        1.97550953789806
H            1.43700161942542       -5.52073786089949       -0.22403691619975
H            0.26461035835113       -5.65110344301301        1.09398982914778
H           -0.49141945451527       -4.65536141093719       -1.34293312478917
H           -1.13621738581015       -3.93315583942029        0.16146276502195
H           -1.83492939519100        0.08651062345647       -1.20587650985658
H           -1.82611540648447       -2.80391459532656       -1.81751864579533
H           -2.50196369811143       -1.18123039805252       -3.62056781041530
H           -0.99397449881193       -2.01387401319674       -4.04940608483421
H           -0.95271832519404       -0.35452679917279       -3.43471121354289
H           -4.20807658159586        0.69011376314678       -0.11943736782264
H           -1.77016229864348        0.23016237768520        1.50551542119940
H           -3.14293995272373       -1.48111484976096        2.74237147225179
H           -4.59691881748020       -0.85274528991027        1.96340195701670
H           -3.68272152468920        0.17814871965262        3.07356451034592
H            0.07945337123600        3.16547471502551        1.02366014025946
H           -1.90094177417070        2.21706799066026        2.14014579809331
H           -1.47753837524635        4.68965423998315        2.19838331049534
H           -3.20883687853687        4.30073271067339        2.22232101016162
H           -2.46037927423807        4.87274280116732        0.73131323593725
H            1.67446136261116        0.57766040118265       -0.88982678620000
H            1.28583980724987        3.49339856147909       -0.91247443736006
H            0.80222465128200        1.23686765027011       -2.92109831021659
H            2.03502741499835        2.51414725043555       -3.04753075519836
H            0.31506756681236        2.91301465835739       -3.21963447931910
H            2.62720499289664        0.46104091621754        2.39011723987912
H            5.01599585899742        0.33783794477943        2.04806157366750
H            4.67257118345627        1.95359055788685        1.38264194644462
H            5.89862260633509        0.15369629830507       -0.22501517208309
H            4.52183100508340        1.06021655010649       -0.87519549311097
H            3.67894075962004       -1.12703245109971       -1.23646134523091
H            4.57192161044179       -1.79614871061290        0.15395190666045
68
 energy: -106.572455667927 gnorm: 0.004897359010 xtb: 6.7.1-6.fc44.fc44
O            0.76766361759852       -0.99018633860365        1.38723551500652
O            0.88415703699386       -0.94794531551409       -1.66415996380382
O           -2.54655433869428       -2.44287217572482        0.54357966217432
O           -3.85359734677954        3.03035299036282       -0.28194219962748
O           -1.38728791718285        1.80516399907286       -1.40724635312183
O            2.00801790158666        2.76754155084934        1.35328245180587
N            0.48611287408995       -2.91203118555918       -0.69418351615457
N           -1.99053583436865       -0.90456243995407       -1.01653774840440
N           -3.41050436909499        0.96497062842861        0.43547558031115
N           -0.72468967988470        2.78811016266902        0.52111781273847
N            1.73084569796228        1.51787902299741       -0.50486313288460
N            2.86048267605041       -0.68253900368995        0.64890447169054
C            1.72413580945719       -1.39512778379041        0.74878489995422
C            1.70029943303401       -2.78385185844176        0.10270212311285
C            1.53948842910369       -3.87201742010680        1.16421971363413
C            0.76575753719799       -4.95585309018419        0.42128765824058
C           -0.22894360067082       -4.14677288804366       -0.40813546768496
C            0.10954492480742       -1.88014081153266       -1.45013030652080
C           -1.34388236002451       -1.83003920091261       -1.93164719935138
C           -1.45492334832598       -1.31148816792290       -3.35644874650770
C           -2.42147571590387       -1.28232176094309        0.19648124627868
C           -2.74751449898816       -0.10873227320831        1.13749046118146
C           -3.59753804520478       -0.59227714295514        2.31256655837503
C           -3.14452691643104        2.28863441295004        0.36280655415950
C           -1.99256160989990        2.82627331891067        1.23263357189683
C           -2.29914785353093        4.26992308485462        1.62770387611089
C           -0.53355521683616        2.34136392995138       -0.72197711459697
C            0.92040691013504        2.50244757736666       -1.20049547766982
C            1.03170733342046        2.28122493405348       -2.69979345791536
C            2.16831016096373        1.72009853626629        0.74182738554119
C            2.98172622900937        0.57748562356781        1.35902287068932
C            4.47721926054233        0.88972326264503        1.27155658467791
C            4.83495420613884        0.34777546164392       -0.11123979120053
C            4.00486080471246       -0.93403834318616       -0.20995369082993
H            2.57969631757684       -2.95445674612662       -0.52477120471995
H            2.49584284895517       -4.21330241161918        1.55593007351491
H            0.93268370968041       -3.47369394241100        1.97901942386767
H            1.43636163741274       -5.52118967295233       -0.22761450550886
H            0.26422597771301       -5.64784510119611        1.09509057387115
H           -0.49532299328216       -4.65350772822247       -1.34047333579816
H           -1.13568516734072       -3.93141000927513        0.16515722949716
H           -1.83770231916725        0.08601237233282       -1.20714746120295
H           -1.82594043796550       -2.80376924726012       -1.82009851797739
H           -2.50123748019715       -1.18104850714772       -3.62200446129995
H           -0.99139732109993       -2.00898929617859       -4.04862484723521
H           -0.95389213095860       -0.35016052011531       -3.43322969407976
H           -4.20911392177247        0.68893114255628       -0.12124488081941
H           -1.76972930176491        0.23076572121173        1.50116270147275
H           -3.14107541717140       -1.47667639484263        2.74647810104757
H           -4.59461446840020       -0.85458720143535        1.96370366836637
H           -3.68548593209141        0.18126649336842        3.07261822538974
H            0.07708692364730        3.16299016216998        1.02291509951354
H           -1.89959846992987        2.21739474326435        2.14112955339010
H           -1.47408467383611        4.68770745786782        2.19962463557942
H           -3.20576949120919        4.30317798098854        2.22685139149831
H           -2.46186047277683        4.86133328965004        0.73101256828083
H            1.67539743495734        0.57946893115429       -0.89199193390488
H            1.28374761534628        3.49481263978202       -0.91084970548140
H            0.80643579966859        1.24225096747782       -2.92403253813625
H            2.03606471963545        2.50975374980824       -3.04627815447363
H            0.31810972314672        2.91136846463517       -3.22104737827078
H            2.62752522044372        0.46052824449533        2.38939114058326
H            5.02178959382032        0.34872662960061        2.04728372055722
H            4.67611336243955        1.95502539038440        1.37882417731093
H            5.89968826143533        0.15434894634085       -0.22342206002648
H            4.52292396461409        1.05671379895936       -0.87749650731056
H            3.68258549779387       -1.13134883769284       -1.23570260736770
H            4.57298098646989       -1.79702518871809        0.15904841906815
68
 energy: -106.572498338184 gnorm: 0.003886138963 xtb: 6.7.1-6.fc44.fc44
O            0.76990107390485       -0.99114573480998        1.39003094151419
O            0.88496324217628       -0.94784149415396       -1.66438745571123
O           -2.54733726843203       -2.44088889309820        0.54635735163199
O           -3.85763236456085        3.03015332534768       -0.27999759391169
O           -1.39110045442537        1.80624827419039       -1.41011286794749
O            2.00582967360297        2.76619840407686        1.35397179458332
N            0.48701902131222       -2.91200099229758       -0.69320683432096
N           -1.99146418503560       -0.90458029901701       -1.01700943857897
N           -3.41145122795280        0.96465361584288        0.43267425373306
N           -0.72815456601687        2.78831888615045        0.51887741562038
N            1.73005041168105        1.51839737325612       -0.50499318793797
N            2.86080048679804       -0.68268259485877        0.64739030386838
C            1.72542115832645       -1.39616827912784        0.75101286673780
C            1.70048746973733       -2.78531215749495        0.10473655577022
C            1.54004840945465       -3.87579278981509        1.16459877549797
C            0.76355403860698       -4.95717565942217        0.42151912265510
C           -0.23128936359792       -4.14511712428597       -0.40585063772342
C            0.11074206755572       -1.87973193762886       -1.44932494296571
C           -1.34279200498557       -1.82924008213237       -1.93153453503669
C           -1.45282985781295       -1.30887985161057       -3.35561454811835
C           -2.42432595236283       -1.28196704750487        0.19567416433675
C           -2.74811156165485       -0.10814856525636        1.13624037721904
C           -3.59696135751426       -0.59080758388571        2.31233762954885
C           -3.14864599634139        2.28868149422982        0.36400046048678
C           -1.99516398350647        2.82504643404973        1.23192443868968
C           -2.29911333533254        4.26874970661424        1.62964897603779
C           -0.53630988214144        2.34013877547913       -0.72346050499192
C            0.91813150806677        2.50218342155101       -1.20036426267128
C            1.03218872421971        2.28171736410337       -2.69968737311982
C            2.16711350415577        1.71950577929506        0.74199606063476
C            2.98314549722954        0.57768860094114        1.35726163678838
C            4.47717936360389        0.89095708625621        1.26896867827822
C            4.83649879552350        0.34600103933105       -0.11178557640411
C            4.00718697713382       -0.93649858669081       -0.20780658559004
H            2.57959500589560       -2.95748934552371       -0.52499598771369
H            2.49689141717971       -4.21816993931539        1.55365778400922
H            0.93502841025976       -3.47951840802639        1.98238552845503
H            1.43429804783574       -5.52127332354935       -0.23072334568707
H            0.26625624709098       -5.64930294258249        1.09398233736896
H           -0.49893853077853       -4.64948442160185       -1.33706262233827
H           -1.13678779534697       -3.92842811199599        0.16909843394197
H           -1.84057061808990        0.08564977417348       -1.20866728167937
H           -1.82561882201991       -2.80295068509726       -1.82264082787153
H           -2.49899328554886       -1.18070302032376       -3.62315652519249
H           -0.98750940314920       -2.00509792089595       -4.04885721760410
H           -0.95489767367995       -0.34532172040747       -3.43033391511029
H           -4.20944505064966        0.68660419168613       -0.12397013445978
H           -1.77059470120666        0.23114144723192        1.49847338063579
H           -3.13776865069222       -1.47146959541033        2.75092202511685
H           -4.59302157710915       -0.85820095317986        1.96525684879368
H           -3.68314904698217        0.18820595447663        3.06441721366132
H            0.07443141976135        3.16033188943610        1.02095210849221
H           -1.90064760657402        2.21287644493981        2.13844649589101
H           -1.47172838946085        4.68485507432190        2.19928803002909
H           -3.20328549468753        4.30406132050452        2.23232863645632
H           -2.46307029207432        4.86237459506809        0.73405308217071
H            1.67604662357739        0.58069523920902       -0.89355169420251
H            1.28028931816510        3.49548365009617       -0.91142143696096
H            0.80739400812200        1.24246164709053       -2.92503371498306
H            2.03730593100977        2.50970562328214       -3.04386089600808
H            0.32170799418704        2.91677735954836       -3.22158716066133
H            2.63651625803076        0.46114440654322        2.38771816225701
H            5.02138182327185        0.35584760496070        2.04742513490929
H            4.66699703273496        1.95533241855800        1.37472694387015
H            5.90202728356730        0.15458510692262       -0.22304935755529
H            4.52440648767690        1.05252880858873       -0.88049783061059
H            3.68743302913358       -1.13656231451870       -1.23372918857508
H            4.57564432591026       -1.79761214466256        0.16505727305292
68
 energy: -106.572535327925 gnorm: 0.003513183768 xtb: 6.7.1-6.fc44.fc44
O            0.77197068255860       -0.99336710884675        1.39292617747962
O            0.88556262798907       -0.94764544356562       -1.66499543113482
O           -2.55183406776506       -2.44094010583673        0.54511252395486
O           -3.86273731185621        3.03135705443907       -0.27701659653143
O           -1.39315693590021        1.80703537177812       -1.41337084800386
O            2.00117785339011        2.76372008780817        1.35606789940117
N            0.48799093932010       -2.91194897753998       -0.69251594559439
N           -1.99071827632629       -0.90533069065909       -1.01646785142644
N           -3.41256024750014        0.96435018409771        0.42991949087157
N           -0.73122989615704        2.78822598076635        0.51685061997492
N            1.72943180866641        1.51877784345503       -0.50496678206632
N            2.86072839408376       -0.68284851047614        0.64618213861600
C            1.72662090698466       -1.39757351010051        0.75268743443613
C            1.70139221641101       -2.78661309993531        0.10592650247378
C            1.54155484025911       -3.87930885277908        1.16401513570905
C            0.76187488576118       -4.95840532647332        0.42091512228668
C           -0.23307604385676       -4.14308477484328       -0.40378509455448
C            0.11195819118251       -1.87933610163670       -1.44863369421708
C           -1.34164278475412       -1.82878229095957       -1.93188343364021
C           -1.45028878407276       -1.30651129667441       -3.35529813725560
C           -2.42476582563491       -1.28247001641922        0.19592896662793
C           -2.74856282911753       -0.10748213781311        1.13495816137822
C           -3.59617619698402       -0.58758889677283        2.31282400457522
C           -3.15214950293905        2.28916526285124        0.36426298469708
C           -1.99728157981396        2.82353828305081        1.23149374602452
C           -2.29961512020885        4.26687670895179        1.63207460295913
C           -0.53855692507141        2.33919034193002       -0.72511649389554
C            0.91634341478520        2.50184375423835       -1.20026195384818
C            1.03381640730474        2.28286402886914       -2.69951422943815
C            2.16488603813278        1.71835213381665        0.74274795033064
C            2.98324796415645        0.57745702366924        1.35642629646327
C            4.47680878040502        0.89597979258286        1.26478944208744
C            4.83774363729454        0.34484499601809       -0.11294788575618
C            4.00975093199710       -0.93892529053761       -0.20448753676809
H            2.58051418453550       -2.95927787931452       -0.52433198134825
H            2.49875618791885       -4.22320672046227        1.55053659827461
H            0.93854387897352       -3.48614522941853        1.98417763763769
H            1.43097893232265       -5.52201131047156       -0.23363722174042
H            0.26286655718468       -5.65125170340239        1.09327178838212
H           -0.50494994427741       -4.64796992254437       -1.33344181239329
H           -1.13621026902990       -3.92354964944129        0.17355798733733
H           -1.84207088945567        0.08510902321657       -1.20856842872555
H           -1.82483161709721       -2.80265371531054       -1.82573524632426
H           -2.49609024690786       -1.18130251194107       -3.62534940291967
H           -0.98105379622456       -1.99941186800097       -4.04967896744482
H           -0.95606846474052       -0.34054637696874       -3.42692268508810
H           -4.21037387886000        0.68471838428156       -0.12625011833250
H           -1.77150058296173        0.23217892619155        1.49546855990482
H           -3.13278403470130       -1.46341711522152        2.75650541478411
H           -4.59054482587442       -0.86230116580804        1.96676531006010
H           -3.68560987370917        0.19596921620249        3.05966006121177
H            0.07226913903878        3.15674556327726        1.01945057905306
H           -1.90289686000939        2.20951424755968        2.13602118843010
H           -1.46952271694393        4.68143565752140        2.19882632006871
H           -3.20098303397415        4.30362326037212        2.23858373062194
H           -2.46527657203067        4.86250960014356        0.73839459959793
H            1.67763120130986        0.58186083459469       -0.89549898163223
H            1.27622733771435        3.49600974306166       -0.91109979334050
H            0.80662736346532        1.24472212525916       -2.92739071872356
H            2.04041550728806        2.51052211276771       -3.04056447308772
H            0.32408331510219        2.91702650207037       -3.22243488399542
H            2.63750003840143        0.46014590561615        2.38754057676891
H            5.01942355858542        0.36401422918892        2.04616861571436
H            4.67093164099374        1.96200751234187        1.36488787955824
H            5.90288682794903        0.15276467150745       -0.22241104250490
H            4.52643507549083        1.04764697436491       -0.88554823315168
H            3.69294034816716       -1.14359469040640       -1.23031139718677
H            4.57843010640845       -1.79756343010907        0.17364699481849
68
 energy: -106.572566047021 gnorm: 0.003895444998 xtb: 6.7.1-6.fc44.fc44
O            0.77620158760184       -0.99645660952968        1.39756754125485
O            0.88676227183836       -0.94718980257757       -1.66584877026650
O           -2.55973029821251       -2.44207612082187        0.54149476144288
O           -3.87139400373871        3.03362577403458       -0.27238614799463
O           -1.39592460149660        1.80772356569252       -1.41857750405018
O            1.99147792844532        2.75973264389092        1.35972317556635
N            0.48935312675716       -2.91158033281250       -0.69131898637937
N           -1.98937345348118       -0.90628953072485       -1.01623262530686
N           -3.41473879555350        0.96424650580434        0.42608818241160
N           -0.73613389639177        2.78813438236934        0.51339254022407
N            1.72790625006400        1.51938913581596       -0.50539433186569
N            2.86193955326069       -0.68267140991031        0.64481295630859
C            1.72976111930993       -1.39962412355373        0.75553295020667
C            1.70357125377346       -2.78806259007725        0.10732671067113
C            1.54423555086157       -3.88362765843976        1.16322000337407
C            0.76039009377699       -4.95931344398886        0.41917891104840
C           -0.23523472162014       -4.13965702156805       -0.40056850101691
C            0.11384282414415       -1.87861294704611       -1.44767991694282
C           -1.33974844859035       -1.82814777269208       -1.93268711572899
C           -1.44598131259080       -1.30252870319743       -3.35498662631372
C           -2.42588625368469       -1.28299966311990        0.19541907358586
C           -2.74900645212201       -0.10598836530846        1.13229244584182
C           -3.59397033307939       -0.58144983446610        2.31397312414554
C           -3.15707972561172        2.29020893523945        0.36377074059257
C           -2.00067149552189        2.82187246781246        1.23072753863620
C           -2.30057792461508        4.26429937606190        1.63623076694596
C           -0.54236100396780        2.33812670375580       -0.72833829629586
C            0.91317663134049        2.50108696192356       -1.20089461232381
C            1.03578533825791        2.28449783103285       -2.70007703533686
C            2.16084960129034        1.71704757000217        0.74329818532383
C            2.98402317421440        0.57826867891420        1.35447143913402
C            4.47725129280964        0.89956540633010        1.25882054593351
C            4.83992668456853        0.34135936483515       -0.11464361503432
C            4.01414082534145       -0.94422807184563       -0.19981823627609
H            2.58237986927534       -2.96039851255529       -0.52233651867111
H            2.50176012479039       -4.23161957676278        1.54541052157106
H            0.94546030233014       -3.49223827352804        1.98728174681177
H            1.42487248207864       -5.52344655645447       -0.23744198863029
H            0.25962518374587       -5.65296335025649        1.09157692673636
H           -0.51555887369988       -4.64538507318672       -1.32809099708903
H           -1.13451543489325       -3.91604002637363        0.18119277827531
H           -1.84368505965453        0.08486292009637       -1.20872032826185
H           -1.82325889970743       -2.80225023546586       -1.83004203298818
H           -2.49112974060612       -1.18348306761011       -3.62992535148349
H           -0.96913216663180       -1.98923400847517       -4.04976990554641
H           -0.95712759659317       -0.33364815410662       -3.42175430636269
H           -4.21278159245030        0.68329624704454       -0.12925588342213
H           -1.77196818201841        0.23407653602046        1.48958249835123
H           -3.12333622919406       -1.44892616289520        2.76634331029971
H           -4.58524543663539       -0.86892899435260        1.96934088803725
H           -3.69360374662258        0.20730899328543        3.05614955758645
H            0.06891658604950        3.15146378512782        1.01660180219492
H           -1.90521692782401        2.20712301279311        2.13411819552929
H           -1.46608621825464        4.67619448616043        2.19876576298677
H           -3.19712066280116        4.30121495986770        2.24970138031040
H           -2.47190364125016        4.86097587831486        0.74513882369665
H            1.68016846310254        0.58342961821275       -0.89875097619044
H            1.26962229550871        3.49644282037168       -0.91066750749691
H            0.80683158953544        1.24773236499374       -2.93117474352475
H            2.04441683142577        2.51030649915307       -3.03648380304346
H            0.32904941711089        2.92099632107443       -3.22452242811961
H            2.63770877550305        0.46009535095661        2.38675418669600
H            5.02495800496455        0.37431662697547        2.04309143471633
H            4.66074402257433        1.96662432978086        1.35159052896974
H            5.90517837027444        0.15016439779377       -0.22286910115675
H            4.52823473729214        1.03857954420188       -0.89217437407930
H            3.70121714219265       -1.15680142242834       -1.22501558346785
H            4.58294561048036       -1.79878496243767        0.18760195575086
68
 energy: -106.572589105718 gnorm: 0.003395542508 xtb: 6.7.1-6.fc44.fc44
O            0.77753165164014       -0.99791339373655        1.39918477439254
O            0.88828252052442       -0.94798528678372       -1.66591204724847
O           -2.56219586833700       -2.44069452934951        0.54096544524132
O           -3.87512736659277        3.03463112871646       -0.27070192743136
O           -1.39782324820412        1.80729189876425       -1.42119719198152
O            1.98598623666585        2.75663295171076        1.36190794919831
N            0.48923692501218       -2.91165345546955       -0.69065463972196
N           -1.98920794584200       -0.90581077932137       -1.01679840106289
N           -3.41642302233205        0.96471086453388        0.42478144978180
N           -0.73881003468805        2.78799034536378        0.51141106323139
N            1.72643712230541        1.51894361486587       -0.50582013648406
N            2.86240548521321       -0.68380160565652        0.64480443991770
C            1.73074830610283       -1.40142823344414        0.75662568591101
C            1.70432051155818       -2.78919774591625        0.10766945235716
C            1.54555093416113       -3.88559768421997        1.16288592486855
C            0.75963578227484       -4.95964722439145        0.41830396073643
C           -0.23668089130477       -4.13873181322830       -0.39814435352245
C            0.11453029370070       -1.87855514496402       -1.44727753846340
C           -1.33878750469746       -1.82756859057015       -1.93298644095195
C           -1.44331397036730       -1.30009035229609       -3.35473185976676
C           -2.42889768061123       -1.28230485562864        0.19352291534396
C           -2.74946288509310       -0.10487920949557        1.13055246937387
C           -3.59191206561057       -0.57929247504070        2.31457929482820
C           -3.15990584231195        2.29106793719924        0.36398785949617
C           -2.00254072051370        2.82174275751661        1.23011429113450
C           -2.30158038582451        4.26322973532058        1.63872438984973
C           -0.54479456140904        2.33748442874755       -0.73033412920943
C            0.91136916587844        2.50005687845567       -1.20148422439997
C            1.03575718629350        2.28484928638581       -2.70060284202093
C            2.15823948026011        1.71565082040070        0.74332094468372
C            2.98373746541056        0.57784739119228        1.35309787652803
C            4.47651820903586        0.90131078982282        1.25615429064262
C            4.84004067441209        0.33896304445894       -0.11513851531875
C            4.01601632737841       -0.94788287761098       -0.19715802003379
H            2.58262689691136       -2.96044882050975       -0.52181232960889
H            2.50335902214362       -4.23640184654605        1.54231988191718
H            0.94981943757404       -3.49350187695798        1.98905193752840
H            1.42313350629346       -5.52211842846276       -0.24092964945838
H            0.26091809489493       -5.65416739736909        1.09008994226469
H           -0.52016357348744       -4.64125426517214       -1.32569630975219
H           -1.13447858924894       -3.91396652971022        0.18567510546730
H           -1.84443357142325        0.08550777208223       -1.21050770969043
H           -1.82262923210497       -2.80145513751382       -1.83118231795290
H           -2.48778823784572       -1.18509509155534       -3.63273021072016
H           -0.96178294791236       -1.98418564748226       -4.04838266911965
H           -0.95692767640940       -0.33028538631738       -3.41897787857459
H           -4.21451214570279        0.68394618816992       -0.13064565323457
H           -1.77160819677392        0.23440136568549        1.48587810146534
H           -3.11675130090242       -1.44154802090796        2.77221152714077
H           -4.58148927307564       -0.87362993633736        1.97159633732233
H           -3.69632384621996        0.21291610762904        3.05253700050794
H            0.06707971932922        3.14946458977538        1.01449022321686
H           -1.90569171067909        2.20611307515291        2.13319198499806
H           -1.46525544349074        4.67544962574190        2.19817892883793
H           -3.19521546571764        4.29768735233304        2.25667745958487
H           -2.47800872650371        4.86372156722717        0.74937212186274
H            1.68033210583820        0.58331139527109       -0.90017804789724
H            1.26658042546849        3.49598018000586       -0.91057774046193
H            0.80638653292754        1.24774289658677       -2.93240407313956
H            2.04533175752551        2.50966693583129       -3.03505387895461
H            0.33241643194951        2.92574934314861       -3.22593191139186
H            2.64006436961077        0.46044770414720        2.38590913337382
H            5.02344949757841        0.38011145693753        2.04251764217670
H            4.66362264225695        1.96988022831590        1.34448174434049
H            5.90567349639131        0.14848149680659       -0.22237176893772
H            4.52801872056837        1.03312837095260       -0.89507352544797
H            3.70548813668253       -1.16544446395366       -1.22198309385042
H            4.58508064624148       -1.79983580216532        0.19574322678953
68
 energy: -106.572607608089 gnorm: 0.002492776376 xtb: 6.7.1-6.fc44.fc44
O            0.77777836165359       -0.99738779622141        1.39925809814817
O            0.89119003101877       -0.94954498476172       -1.66571655358518
O           -2.56579887584358       -2.43919664149226        0.53953407697298
O           -3.87650376251513        3.03556450215436       -0.26997532804193
O           -1.39966341159919        1.80646125016090       -1.42231726806571
O            1.98190615689695        2.75381676025239        1.36368864037155
N            0.48887849404428       -2.91163462825987       -0.68965446921333
N           -1.98816045725578       -0.90419569967809       -1.01711408419100
N           -3.41800703689738        0.96606891361940        0.42474157611245
N           -0.74078397987375        2.78779271735180        0.51044616909127
N            1.72526724780692        1.51835755693343       -0.50618218607769
N            2.86303790231482       -0.68519997621526        0.64567578821168
C            1.73093856950208       -1.40235399495531        0.75674060152102
C            1.70445125601182       -2.78967545715727        0.10777390257216
C            1.54696272449633       -3.88680639209530        1.16218996239747
C            0.75880106237338       -4.95976390371224        0.41794457495062
C           -0.23791015911309       -4.13772588466365       -0.39565774276613
C            0.11527229508275       -1.87860393535641       -1.44702211536436
C           -1.33763256023357       -1.82632013575987       -1.93286331051908
C           -1.44031630879608       -1.29815183048356       -3.35460403251317
C           -2.43182512412943       -1.28087491956242        0.19152087986327
C           -2.75011014373298       -0.10338734747582        1.12928759605838
C           -3.58968868761702       -0.57842818749522        2.31502705054030
C           -3.16204895378654        2.29216117826126        0.36501142542781
C           -2.00395495088919        2.82249919978403        1.23025654181301
C           -2.30332680906041        4.26371558051261        1.64022832345580
C           -0.54661640411379        2.33657211152081       -0.73110328379567
C            0.91010782528494        2.49926712199429       -1.20165425446647
C            1.03513088535328        2.28542885799535       -2.70090274344499
C            2.15632531671822        1.71436247955281        0.74338346824741
C            2.98392709846407        0.57740527588763        1.35225824912042
C            4.47616586916029        0.90188861393403        1.25411519330868
C            4.84021178109507        0.33673547644250       -0.11586001076449
C            4.01775148037531       -0.95116837676594       -0.19401434019865
H            2.58163442822744       -2.95983983485944       -0.52392272530190
H            2.50525556356006       -4.23925886790304        1.53902970536355
H            0.95382056903256       -3.49468975321870        1.98955217293040
H            1.42180300761712       -5.52032635257314       -0.24377737561390
H            0.26158804799064       -5.65684013974197        1.08816186971031
H           -0.52420500625870       -4.63832121514785       -1.32362835749591
H           -1.13493491394829       -3.91255934515083        0.18937011670215
H           -1.84377177989513        0.08694957282403       -1.21286817803247
H           -1.82181436811525       -2.79993802133223       -1.83085231331506
H           -2.48421624670850       -1.18729686595293       -3.63523997981118
H           -0.95436157672251       -1.98084181320902       -4.04697018040614
H           -0.95662354549345       -0.32710029044480       -3.41602689173845
H           -4.21579315829000        0.68582959320373       -0.13133478657399
H           -1.77088497305999        0.23441475500965        1.48324272765817
H           -3.10933321142858       -1.43535901635787        2.77712222866603
H           -4.57776432739070       -0.87952720021328        1.97419168892758
H           -3.69666689985388        0.21735220760015        3.04729571461571
H            0.06586893719380        3.14883518271803        1.01310291106847
H           -1.90649018230230        2.20505274582767        2.13215110749875
H           -1.46586678146015        4.67806724764125        2.19594929029973
H           -3.19450871833793        4.29480534316521        2.26166135129420
H           -2.48414206297408        4.86440768304507        0.75237112309172
H            1.67985705067045        0.58278738936160       -0.90083457532778
H            1.26479685546534        3.49549626401445       -0.91023673976672
H            0.80338309933013        1.24881032498845       -2.93402849539921
H            2.04545517119007        2.50951619278766       -3.03398958535575
H            0.33325554928063        2.92506953058529       -3.22656728318120
H            2.64253400426493        0.46091471709054        2.38559620596644
H            5.02438365913622        0.38295103200695        2.04100226085212
H            4.66202380345636        1.97043860203071        1.34024249150889
H            5.90640759526861        0.14770417573620       -0.22292165241838
H            4.52648682350488        1.02833776749262       -0.89713189738545
H            3.70917979712288       -1.17302597253323       -1.21846142799677
H            4.58708884450730       -1.80075552556568        0.20344482429064
68
 energy: -106.572620072309 gnorm: 0.002155921844 xtb: 6.7.1-6.fc44.fc44
O            0.77771961795807       -0.99668762732856        1.39830998571694
O            0.89475399278908       -0.95180535255959       -1.66572717134745
O           -2.57150772551083       -2.43818564416585        0.53591186033905
O           -3.87776994968964        3.03719380560960       -0.26931099252618
O           -1.40099147082421        1.80594045630724       -1.42286375134214
O            1.97811068404902        2.75091644731742        1.36465372002692
N            0.48823143932371       -2.91178961255985       -0.68855552776380
N           -1.98599394023894       -0.90262522177874       -1.01720040548822
N           -3.41952882663514        0.96734370866541        0.42487628515162
N           -0.74235841429150        2.78806958731744        0.50980025509158
N            1.72392574227848        1.51691318034110       -0.50664063949568
N            2.86374685248456       -0.68674541412625        0.64665343218473
C            1.73102391297321       -1.40325705110852        0.75634505066402
C            1.70425746714761       -2.79043512169906        0.10750777181227
C            1.54812419896235       -3.88833383649071        1.16093114607332
C            0.75760242832951       -4.96020448527985        0.41721121462368
C           -0.23957597226446       -4.13686626154343       -0.39339441168629
C            0.11615863477658       -1.87893706446810       -1.44690928087929
C           -1.33621921728713       -1.82499768169112       -1.93296972947702
C           -1.43699094409364       -1.29680131544013       -3.35500851920285
C           -2.43355429718219       -1.27976067223319        0.18971550320851
C           -2.75071109701195       -0.10223432345940        1.12802230587925
C           -3.58744068347736       -0.57713144013508        2.31572923528681
C           -3.16351538660658        2.29327621861252        0.36534261759084
C           -2.00500246262494        2.82349407890307        1.23049024916120
C           -2.30509421037641        4.26433125512252        1.64167919836440
C           -0.54803005711507        2.33618037576670       -0.73130898472493
C            0.90902154722262        2.49809048300507       -1.20169728391606
C            1.03362692850537        2.28540509882760       -2.70099574958172
C            2.15424231268294        1.71254878411181        0.74340794922368
C            2.98418020525473        0.57677949178404        1.35172821578396
C            4.47592742023701        0.90334705800212        1.25150797860744
C            4.84039364959415        0.33491578027121       -0.11719238693189
C            4.01995467276282       -0.95438931194013       -0.19027303142558
H            2.58045736236213       -2.95968770841596       -0.52640252766884
H            2.50704262697490       -4.24118673100573        1.53549115971609
H            0.95692012109640       -3.49611850427954        1.98925305789234
H            1.41931031075433       -5.52021076319819       -0.24619344014852
H            0.26259070793641       -5.65645296147204        1.08916525468352
H           -0.52893264164196       -4.63695321778121       -1.32137192022810
H           -1.13533085226972       -3.91037847080422        0.19295741501429
H           -1.84195819977874        0.08834325787505       -1.21460336674560
H           -1.82059291729299       -2.79852449813016       -1.83080691549836
H           -2.48052908588336       -1.19074156100304       -3.63843423371175
H           -0.94515253163691       -1.97723611981968       -4.04613315515915
H           -0.95772680182614       -0.32336510628158       -3.41345348900938
H           -4.21740027985370        0.68747725952739       -0.13109676779887
H           -1.76999859067765        0.23447244991215        1.48042853255588
H           -3.10072718908545       -1.42816041298779        2.78205497040844
H           -4.57342511159207       -0.88696736160716        1.97631944519610
H           -3.69987896844725        0.22163516954011        3.04409446913729
H            0.06500766496636        3.14882877218922        1.01231488714905
H           -1.90718631426909        2.20541916874404        2.13191720808883
H           -1.46570255343520        4.67969157227277        2.19413692279717
H           -3.19360334752781        4.29211695345513        2.26676580180725
H           -2.49201727783097        4.86289656423807        0.75456349677948
H            1.67909995099378        0.58131772540385       -0.90132941147325
H            1.26413764110086        3.49420422186908       -0.91013308476228
H            0.80187348891823        1.24974980820894       -2.93616060988615
H            2.04448655938507        2.50733740561414       -3.03297291643291
H            0.33358657588376        2.93051087057662       -3.22552150367623
H            2.64457666063835        0.46093536278782        2.38586856370458
H            5.02505104192372        0.38717485267414        2.03978604015309
H            4.66030818258660        1.97179400488819        1.33558930375393
H            5.90681280409311        0.14709892654971       -0.22410647222992
H            4.52452501611254        1.02355203497437       -0.90013889470645
H            3.71332876770640       -1.18105156585301       -1.21426084168539
H            4.58953191429017       -1.80134215344751        0.21177265348392
68
 energy: -106.572628026254 gnorm: 0.001782625650 xtb: 6.7.1-6.fc44.fc44
O            0.77766706542748       -0.99623238824864        1.39661134135152
O            0.89721553736430       -0.95351801506208       -1.66625174391436
O           -2.57544251886304       -2.43776063803664        0.53246906764825
O           -3.87822561317603        3.03825486032750       -0.26900154520749
O           -1.40083798741709        1.80635176692404       -1.42272272682978
O            1.97598419550091        2.74945945302396        1.36511338831621
N            0.48747321966894       -2.91179145727292       -0.68781351267443
N           -1.98451566526116       -0.90168077766730       -1.01756469934426
N           -3.42046855774120        0.96777477332639        0.42507182446172
N           -0.74281190436136        2.78876522417252        0.50974812156210
N            1.72315422298334        1.51612525914752       -0.50684086323682
N            2.86446696987347       -0.68748806160550        0.64705198389535
C            1.73141916385675       -1.40372226808434        0.75581020781749
C            1.70409876212568       -2.79107483025086        0.10701038693359
C            1.54844759199199       -3.88907136723367        1.16026560592220
C            0.75648487301927       -4.96048361066199        0.41726813200371
C           -0.24092093498283       -4.13639486876117       -0.39206072911791
C            0.11681794582842       -1.87926328152340       -1.44719447097150
C           -1.33525758195225       -1.82412076550635       -1.93344743798219
C           -1.43516139416711       -1.29624002422443       -3.35575384071444
C           -2.43443269324243       -1.27925161511044        0.18832515396735
C           -2.75095582547670       -0.10195544663647        1.12715601084234
C           -3.58592414456065       -0.57661153002434        2.31611777497936
C           -3.16374551452970        2.29359185921809        0.36510691834591
C           -2.00525706470435        2.82371192498122        1.23062828326735
C           -2.30612949994399        4.26385537365626        1.64278547593875
C           -0.54818908203225        2.33703288082169       -0.73110246539499
C            0.90891931227037        2.49818975045768       -1.20150562684732
C            1.03313827622103        2.28595317619970       -2.70088461942020
C            2.15286444971211        1.71140056068574        0.74351618925817
C            2.98441822073953        0.57655014981940        1.35146220186764
C            4.47572194998736        0.90404345913298        1.25020859577901
C            4.84025523241401        0.33399656807112       -0.11785833863535
C            4.02163351671898       -0.95645515458654       -0.18818920781802
H            2.57985848315274       -2.95997502812421       -0.52722579571081
H            2.50767229425667       -4.24181902353340        1.53380794640867
H            0.95792183909700       -3.49604487020566        1.98915356495952
H            1.41702290233305       -5.52137668469231       -0.24650975975735
H            0.26174886449523       -5.65596219300188        1.09026566811368
H           -0.53107040758387       -4.63590774343499       -1.31966022268602
H           -1.13597713753747       -3.90909884027299        0.19495050886443
H           -1.84030783671334        0.08937359532214       -1.21478725515501
H           -1.81971690286585       -2.79769039887204       -1.83126965083556
H           -2.47869530097112       -1.19412467928668       -3.64139073234104
H           -0.93865535048064       -1.97426968152790       -4.04570067689444
H           -0.95991830720629       -0.32073113333094       -3.41322699318883
H           -4.21890641158255        0.68825679219101       -0.13014597029990
H           -1.76912677465802        0.23467788819022        1.47811393780987
H           -3.09503840362877       -1.42371704501330        2.78527672700843
H           -4.57009078907196       -0.89289836108887        1.97714343348622
H           -3.70344456141794        0.22366216281495        3.04276967164596
H            0.06468015177330        3.14950212967557        1.01264031000093
H           -1.90674798761794        2.20618070486243        2.13246250842016
H           -1.46542232391889        4.68043885079517        2.19241392249483
H           -3.19271457374847        4.29000988800601        2.27054587662753
H           -2.49723994270893        4.86338265231674        0.75632082172509
H            1.67894638903110        0.58050651520043       -0.90180399499741
H            1.26499335433278        3.49365564659412       -0.90963072527723
H            0.79914942196999        1.25099972892511       -2.93693367051847
H            2.04414046457006        2.50643695242657       -3.03311704611888
H            0.33292179967506        2.92970590243555       -3.22485623044477
H            2.64650388556777        0.46095568906969        2.38607672705275
H            5.02619768604775        0.39038939241251        2.03911089849518
H            4.65763181762080        1.97274516304329        1.33266095085839
H            5.90681448938440        0.14755301686805       -0.22504838243669
H            4.52280297824361        1.02089674326750       -0.90187441540730
H            3.71596394461237       -1.18632602217785       -1.21175364104686
H            4.59139950903248       -1.80159103215146        0.21682259359721
68
 energy: -106.572635448742 gnorm: 0.002061579025 xtb: 6.7.1-6.fc44.fc44
O            0.77707588116919       -0.99557607975401        1.39290159457364
O            0.90076332240821       -0.95617485638521       -1.66823080204334
O           -2.58076757651897       -2.43771551495727        0.52738626477034
O           -3.87699405589560        3.03891066672677       -0.26929590720119
O           -1.40025803144671        1.80805618651196       -1.42117010153814
O            1.97362725567746        2.74763130885265        1.36557963624967
N            0.48610522164932       -2.91150960429077       -0.68687226758226
N           -1.98278126545485       -0.90045975970364       -1.01859471487465
N           -3.42149561533833        0.96821093578276        0.42584127979114
N           -0.74267986394648        2.79018689806692        0.51098635864907
N            1.72217647947543        1.51446960908045       -0.50667170520288
N            2.86554586115862       -0.68841210410121        0.64764228845395
C            1.73200671486349       -1.40399597132508        0.75476378637501
C            1.70388411453603       -2.79183394545521        0.10614235590130
C            1.54865501136830       -3.88935689751730        1.16001318003477
C            0.75472015485149       -4.96040103519790        0.41865272181581
C           -0.24290289194768       -4.13541068204324       -0.39001873337672
C            0.11790923627742       -1.87983146878184       -1.44838204353316
C           -1.33396031297506       -1.82290399524960       -1.93468359095202
C           -1.43354868762230       -1.29557855949605       -3.35719256464241
C           -2.43596936136348       -1.27872246659616        0.18600424879787
C           -2.75094201276061       -0.10205517826221        1.12608224495755
C           -3.58348512303385       -0.57766508785101        2.31609995499249
C           -3.16360700412378        2.29373566641320        0.36569733751606
C           -2.00521460378005        2.82382563669523        1.23144367609875
C           -2.30754331722105        4.26409418470757        1.64347451910959
C           -0.54769155682417        2.33908727187731       -0.72963153162573
C            0.90926314399922        2.49853849662083       -1.20059032887732
C            1.03195104625910        2.28614845974736       -2.70013253579566
C            2.15144140411135        1.70945326513399        0.74384538471092
C            2.98459365219577        0.57599301483145        1.35181312464143
C            4.47542680135702        0.90583864815608        1.24847196990677
C            4.83973364761654        0.33367069071981       -0.11879880465492
C            4.02411254666116       -0.95874458889958       -0.18556524985339
H            2.57901861100082       -2.96094391761375       -0.52811820836492
H            2.50802927302342       -4.24216845653500        1.53280049956755
H            0.95841141687395       -3.49624312923252        1.98923944936276
H            1.41314231412391       -5.52398266961270       -0.24497547568596
H            0.25780613225202       -5.65575217094892        1.09174041634354
H           -0.53403473294139       -4.63628395104686       -1.31634531980877
H           -1.13738757886018       -3.90768410679704        0.19781628558403
H           -1.83748220745922        0.09085486896226       -1.21366759550548
H           -1.81890174311648       -2.79636774272221       -1.83254061175426
H           -2.47705991022882       -1.19973126151232       -3.64614250892973
H           -0.93083865857148       -1.96993319812667       -4.04562139235976
H           -0.96484107864961       -0.31672344710581       -3.41457351737462
H           -4.22092552802862        0.68936513752752       -0.12824032776575
H           -1.76751314577854        0.23529089100870        1.47445909395283
H           -3.08725525709212       -1.41917222703831        2.78985635445103
H           -4.56460412529446       -0.90307331986183        1.97762809535241
H           -3.70733640009024        0.22501088840128        3.03881498003381
H            0.06451780837462        3.15107466568999        1.01480426122694
H           -1.90637590169837        2.20656367121126        2.13304292143255
H           -1.46510372310195        4.68315471816607        2.18842210498584
H           -3.19137554355083        4.28955024601883        2.27471753859850
H           -2.50240837300887        4.86007268509889        0.75713498958990
H            1.67903643562343        0.57886706814849       -0.90218145471558
H            1.26804975324595        3.49238268910101       -0.90813634705019
H            0.79542665235791        1.25124506524257       -2.93561783573234
H            2.04273193486675        2.50633904484028       -3.03443912993852
H            0.33270383934769        2.93182788244772       -3.22312969611502
H            2.64681874118338        0.46018464514291        2.38704413249523
H            5.02869043363293        0.39466929834516        2.03722696235007
H            4.65459453601351        1.97570662694536        1.32735653372371
H            5.90659114023370        0.15007371152812       -0.22692171824751
H            4.51973593747449        1.01815618377011       -0.90435537842196
H            3.71968367779481       -1.19294877162294       -1.20848499816378
H            4.59450684144162       -1.80114714470540        0.22351159179242
68
 energy: -106.572641393288 gnorm: 0.000776286520 xtb: 6.7.1-6.fc44.fc44
O            0.77628235013560       -0.99531992071226        1.39237106293488
O            0.90076333258459       -0.95632731286459       -1.66901929511040
O           -2.58083887187184       -2.43774071644802        0.52727496505566
O           -3.87688989755473        3.03838698612374       -0.26960062928119
O           -1.40018568468565        1.80825120341493       -1.42089758614804
O            1.97456293461861        2.74755752308050        1.36546828705103
N            0.48594360214330       -2.91145759070611       -0.68708775261738
N           -1.98271129123476       -0.90039709552285       -1.01892368933206
N           -3.42131908789837        0.96796423570321        0.42589019900734
N           -0.74232013778431        2.79046194228010        0.51131988208956
N            1.72246002999919        1.51432295501418       -0.50646515257561
N            2.86540830451945       -0.68869078010729        0.64769878813860
C            1.73156028760776       -1.40379095128843        0.75471788352721
C            1.70354081590288       -2.79170239625041        0.10641642933578
C            1.54838402027555       -3.88902887017741        1.16059778405042
C            0.75446274677544       -4.95990547580315        0.41931384439810
C           -0.24319218646607       -4.13533073455153       -0.39029243496997
C            0.11785307177794       -1.87980869172038       -1.44877672219232
C           -1.33402065315675       -1.82282655668255       -1.93513778239799
C           -1.43401543107235       -1.29536972116808       -3.35746374962747
C           -2.43614847239004       -1.27884109357353        0.18562443906855
C           -2.75045640491796       -0.10224378538852        1.12608982262766
C           -3.58301857374844       -0.57820902779027        2.31601913018258
C           -3.16347875121629        2.29350436119206        0.36555084268574
C           -2.00521808240642        2.82367331511104        1.23134737811475
C           -2.30732266629388        4.26407334924274        1.64304160533765
C           -0.54736322840736        2.33888248087184       -0.72929195488177
C            0.90960705606488        2.49859552578021       -1.20018902340742
C            1.03154097956826        2.28624819521983       -2.69993997835652
C            2.15193803954757        1.70921435610225        0.74393627157589
C            2.98465646528759        0.57561036409472        1.35189970823212
C            4.47540510770762        0.90585246688864        1.24845969268735
C            4.83960233292705        0.33392344296473       -0.11895332323501
C            4.02397766679837       -0.95861785211234       -0.18558716252044
H            2.57876073996155       -2.96134806738636       -0.52807808496811
H            2.50760321363388       -4.24239265630277        1.53352618034344
H            0.95845923476649       -3.49607202136250        1.98998522941382
H            1.41300403218683       -5.52340894308814       -0.24436387493231
H            0.25820935094017       -5.65458201871711        1.09287674672325
H           -0.53415213157875       -4.63634505145969       -1.31673431437372
H           -1.13765916485414       -3.90750506928514        0.19746626926317
H           -1.83693065137962        0.09076890903726       -1.21329823906261
H           -1.81940670695104       -2.79605434546782       -1.83325051290946
H           -2.47712182198541       -1.20088091192203       -3.64658369606170
H           -0.93112597231743       -1.96977202890391       -4.04604606454585
H           -0.96592522444790       -0.31615035269110       -3.41476766553177
H           -4.22060844591232        0.68889816049554       -0.12836924740114
H           -1.76778283341079        0.23585509890790        1.47415726202594
H           -3.08639219571134       -1.41920608885180        2.79003471690059
H           -4.56351140760487       -0.90456953527191        1.97738978455017
H           -3.70764919305631        0.22443133110334        3.03850412566264
H            0.06457713610858        3.15131287424574        1.01517359532462
H           -1.90653541686759        2.20597204571906        2.13282498654416
H           -1.46492130541666        4.68295646627422        2.18831689816829
H           -3.19067026280475        4.29020698054075        2.27504640949375
H           -2.50255736179552        4.86112121808302        0.75652316911870
H            1.67912892503674        0.57895347740023       -0.90229324546425
H            1.26846094526081        3.49242992009195       -0.90745393120581
H            0.79573961411209        1.25140933350307       -2.93501763359155
H            2.04232724265970        2.50584171096786       -3.03420109438419
H            0.33182355933990        2.93160555495760       -3.22307318680288
H            2.64705796724386        0.45982768201308        2.38694519438258
H            5.02803137823206        0.39466838152360        2.03749332895084
H            4.65527368658434        1.97553359306358        1.32786149746203
H            5.90641620221714        0.15042477842017       -0.22740600797267
H            4.51910454657933        1.01829890619754       -0.90430142402507
H            3.71965112576938       -1.19263420088095       -1.20852875683827
H            4.59507325910111       -1.80077164399999        0.22336554679744
68
 energy: -106.572643595080 gnorm: 0.000620893998 xtb: 6.7.1-6.fc44.fc44
O            0.77521005996062       -0.99418231981005        1.39093506507299
O            0.90070772542768       -0.95668983833529       -1.67060779139399
O           -2.58126804198429       -2.43790584629679        0.52689885045775
O           -3.87673125976267        3.03763838009985       -0.27031480837779
O           -1.40000757557776        1.80858362946892       -1.42006611350332
O            1.97611002999241        2.74778691008542        1.36506235234350
N            0.48570388199012       -2.91134150426529       -0.68742977283124
N           -1.98226525698692       -0.90048219367174       -1.01929988554480
N           -3.42102225371574        0.96762184278312        0.42595005687906
N           -0.74185167069533        2.79113644172837        0.51189662006063
N            1.72274673474147        1.51402009624383       -0.50617108859899
N            2.86549032539006       -0.68893876749532        0.64784708192440
C            1.73100548811208       -1.40301524397375        0.75432979366274
C            1.70301066957716       -2.79112650782516        0.10673971848084
C            1.54745208896943       -3.88807016260166        1.16125756177478
C            0.75367625886599       -4.95932061991219        0.42050112798333
C           -0.24367156105829       -4.13507443592393       -0.39036491337865
C            0.11782495299585       -1.87999996726148       -1.44975937889207
C           -1.33413799432171       -1.82293034143892       -1.93597424517677
C           -1.43490510067230       -1.29525002595002       -3.35812849023575
C           -2.43560556701279       -1.27916456509115        0.18529150781593
C           -2.74958158180363       -0.10260955629610        1.12601821403982
C           -3.58202852209559       -0.57933447411105        2.31581477532503
C           -3.16315669041001        2.29321813471863        0.36508202027277
C           -2.00533903679887        2.82373410124128        1.23122137494055
C           -2.30715760505401        4.26398056982040        1.64295543322470
C           -0.54694054580280        2.33901070881993       -0.72868400732086
C            0.91001743701820        2.49853767917833       -1.19965601668441
C            1.03136622607671        2.28603251783840       -2.69956092734621
C            2.15264178235625        1.70901413404541        0.74404766808957
C            2.98482722223702        0.57528847407806        1.35213545051309
C            4.47560651417078        0.90553166583931        1.24870937039012
C            4.83922451037150        0.33437971120585       -0.11912022145849
C            4.02386791017907       -0.95851680886060       -0.18567351194029
H            2.57843734088431       -2.96169645457811       -0.52768631534241
H            2.50656268562480       -4.24186733311800        1.53432775892023
H            0.95802695723071       -3.49491978473182        1.99080514802214
H            1.41245993406547       -5.52287843369732       -0.24298890362719
H            0.25763080448212       -5.65309326513883        1.09451571945002
H           -0.53393117072971       -4.63665531723466       -1.31677592247924
H           -1.13841787410433       -3.90707771525958        0.19682712602568
H           -1.83557117178194        0.09056079115757       -1.21249539803172
H           -1.81997089728140       -2.79591367761838       -1.83421353828694
H           -2.47777280202405       -1.20305920611246       -3.64750926368033
H           -0.93093757213501       -1.96901071621258       -4.04692509074154
H           -0.96832151252769       -0.31530570928897       -3.41532645149743
H           -4.22006607807550        0.68823591109720       -0.12855436967180
H           -1.76770233810184        0.23632341599184        1.47375933005866
H           -3.08412325223906       -1.41912710485369        2.79052664544059
H           -4.56144785886007       -0.90782644736364        1.97673528302233
H           -3.70842233239722        0.22344638096648        3.03772891750608
H            0.06457222733235        3.15208177801898        1.01589052173819
H           -1.90702594232921        2.20576613341038        2.13268867871807
H           -1.46447304870109        4.68296375895510        2.18790596095923
H           -3.19004276812967        4.29116583024397        2.27571986546595
H           -2.50280047935550        4.86157399208444        0.75617074804014
H            1.67917460026297        0.57895216031325       -0.90247471729385
H            1.26906814822184        3.49228343789760       -0.90669474267592
H            0.79611593935981        1.25113739418273       -2.93403497054052
H            2.04198712348280        2.50547536948093       -3.03417560095705
H            0.33092172151377        2.93094767222059       -3.22239666164513
H            2.64741685161753        0.45953676325055        2.38701802203042
H            5.02796165344490        0.39387684032922        2.03757096973316
H            4.65612840863392        1.97502119711399        1.32896418342606
H            5.90595171787867        0.15117131371469       -0.22841473363036
H            4.51775923133404        1.01894978981049       -0.90381541413596
H            3.71951598394884       -1.19249421219162       -1.20855371920084
H            4.59571800155066       -1.80036875374366        0.22313380481464
