68
 energy: -105.659270471817 gnorm: 1.483320743587 xtb: 6.7.1-6.fc44.fc44
O            1.00880117926910       -0.68788103077397        1.57346262346997
O            0.88833900508142       -0.82476766272311       -1.53094462984778
O           -3.19941602115414       -2.53282246315283        0.34329376526793
O           -3.04607856572254        3.16076370925969        0.17925904302276
O           -1.31430995611125        1.51706502212927       -1.31741339135656
O            2.30924055163963        2.78476486613893        1.20037816136142
N            0.36094417352264       -2.53511662829503       -0.38953006717722
N           -2.15302876801778       -0.92564240021632       -1.03809998201861
N           -3.59776350061892        1.14728170936615        0.19093233188775
N           -0.53667128201244        2.28559470868833        0.43189518534153
N            1.96780378932455        1.64175439363810       -0.71056522737845
N            3.07392882912910       -0.59267613882307        0.53516414392679
C            1.84519045372019       -1.17572713840466        0.81347571337373
C            1.80904666107443       -2.77732016157597        0.32696356756293
C            1.69761451386867       -3.70978492390699        1.36965449712497
C            0.37723251297483       -3.74779964059564        1.76237686142462
C           -0.20094001502246       -3.71167584831508        0.23343548657247
C            0.13980838842632       -1.64113796666198       -1.18182207265735
C           -1.30175166700018       -1.75557814773693       -1.78779661546058
C           -1.21310481393946       -1.37844326626143       -3.08902884124260
C           -3.10951041404626       -1.29449811931545       -0.14702822974250
C           -3.93983155377618       -0.02175161739251        0.72731360411303
C           -5.27609634586254       -0.72123533581879        0.77551347844783
C           -3.16144002352873        2.03922960964858        0.60683030428215
C           -1.72695774374450        1.74990015100847        1.42383975336427
C           -1.86996772772389        2.38145374136934        2.60067567410898
C           -0.36203519972110        2.09179275591569       -0.69992641042130
C            1.03243508828225        2.42148124636115       -1.18912183598606
C            1.13051531921651        2.64307824258965       -2.81527016484624
C            2.44731471504893        1.90415672778079        0.72889039301234
C            3.47034799712997        0.81007070456381        1.15652529331390
C            4.76936987671370        0.99793789078789        0.84697069914907
C            5.03446419361298        0.41744993772374       -0.64389580245749
C            4.22382868503566       -0.80715744338913       -0.54292452321958
H            2.55712408680656       -2.85277168394383       -0.47697106944493
H            2.28828992758096       -4.71096315179812        0.86060770465156
H            2.18834570118469       -3.37829203986627        2.13093759765022
H            0.07764621620304       -4.82546065085447        2.05759753222979
H            0.02511346316962       -2.98261965855423        2.22770954054146
H           -0.19038347898293       -4.53912871761656       -0.23816097489172
H           -1.27195424619912       -3.41637684775579        0.40797877689339
H           -2.09729840534633       -0.01660318072183       -0.98288570790832
H           -1.60026473713799       -2.77499637827912       -1.82000952199373
H           -1.09149393761754       -0.13545230831801       -3.02942159257859
H           -2.39538812032833       -1.31806380462047       -3.61055943198585
H           -0.77775476571293       -1.87250687461520       -3.75775324802843
H           -4.83922082390451        1.34124957482627       -0.39730930198133
H           -3.42861251344246       -0.41917380166678        1.59748561479806
H           -5.33262873326346       -1.83687739557944        0.98574329389926
H           -5.67635598901525       -0.53691211127371       -0.10578098514346
H           -5.84984085795517       -0.24747779404524        1.42544349947840
H            0.05773143854385        2.74953983969750        1.02731034732697
H           -1.51629190062517        0.58843714599001        1.57820170055353
H           -0.71634057058659        2.35001719049138        3.12259169958066
H           -2.81845443066863        2.07329203791954        3.19481596785191
H           -2.02953612332435        3.45181732678744        2.70578772762182
H            2.06441857179984        0.73988256208581       -1.05639085749338
H            1.09800541237134        3.65444934238340       -0.82061825073283
H            0.84719485240909        1.53844534742659       -3.21766295615657
H            2.07704505905567        2.99473636106584       -3.05182042085833
H            0.26962394830027        3.24625913023859       -3.22979898822372
H            3.28975754000933        0.56908529656222        2.18525079263230
H            5.73002519029408        0.70320809534429        1.52225362231189
H            5.01194754523861        2.08046108482686        0.69599954979588
H            6.03147035955168        0.36015445913584       -0.89673583331683
H            4.66693999933406        0.79555807124422       -1.43453609883885
H            3.69497902106100       -1.17068527335521       -1.31165702226972
H            4.74949365315385       -1.68358902990826        0.06497955995221
68
 energy: -106.191899914908 gnorm: 0.611408194403 xtb: 6.7.1-6.fc44.fc44
O            1.02209642247775       -0.69340531034178        1.56096071551277
O            0.90397686578051       -0.80351509060048       -1.54172289333223
O           -3.20198482946749       -2.50668553874054        0.32963403203488
O           -3.05597097651235        3.20603308437864        0.18134951052445
O           -1.30764005723230        1.51390982927824       -1.34049713160295
O            2.28984609485208        2.86201836477736        1.24444083175544
N            0.38399844846182       -2.57124028271326       -0.36071651458945
N           -2.17278599858684       -0.94756364578838       -1.02155697974116
N           -3.66591675115222        1.09161690684199        0.16187789256767
N           -0.55663325672332        2.28342912961013        0.48613799118206
N            1.98253980547758        1.64396210181389       -0.69799342683977
N            3.07806287497658       -0.58102825191491        0.53336215293456
C            1.86938617286125       -1.17766719043603        0.82002413759402
C            1.81012349796260       -2.72752760983505        0.30566811544660
C            1.72571358673612       -3.72425625103050        1.34676777968302
C            0.35616976017289       -3.78606586980084        1.72851079366697
C           -0.23554666247727       -3.69165039168921        0.25693522046440
C            0.13365629167152       -1.64568340589003       -1.18789513636844
C           -1.30696158261162       -1.76287632416130       -1.77029712637586
C           -1.25408027142851       -1.33007065342581       -3.10799708701363
C           -3.10091085791816       -1.31651678503758       -0.13168850360420
C           -3.92426323773932       -0.09636312295487        0.72134828443327
C           -5.27707505339745       -0.73052179466542        0.77923521473021
C           -3.10433565680795        2.09218213671021        0.60557225094318
C           -1.72041764992719        1.73057231075692        1.40415102374335
C           -1.85372406962460        2.39643802359885        2.63498621421998
C           -0.37643254857711        2.07678655479333       -0.73432867232719
C            1.01916026050847        2.45876976656293       -1.21026612678183
C            1.10958293943623        2.62118531344897       -2.80870621527201
C            2.46254461880245        1.84804049983375        0.68079163197500
C            3.45019155993827        0.77895997229789        1.15653498818167
C            4.80824741945853        1.01450670041408        0.82932964342663
C            5.03194426379650        0.40408122773599       -0.61808799292155
C            4.21713377402780       -0.83261997304730       -0.50631900539936
H            2.55602655641413       -2.85009224642536       -0.47851612092560
H            2.27369002175313       -4.69983262753800        0.87622204987390
H            2.22230308533310       -3.37322785147924        2.15991859995863
H            0.07467735372197       -4.81747950329793        2.06476341842944
H            0.01240117944510       -2.96877825898021        2.24416191039561
H           -0.18781358971271       -4.56801324683905       -0.25449295930648
H           -1.28491687472501       -3.41850700136854        0.40607943503957
H           -2.09418326915755        0.01621088095430       -0.98741426094151
H           -1.60579550471626       -2.78777594173141       -1.80769898006754
H           -1.08346508381165       -0.15371002944724       -3.03848619101853
H           -2.37998765415502       -1.32155426072446       -3.60128460247368
H           -0.75383272776902       -1.88039544858718       -3.78926102959322
H           -4.81961871597108        1.34384705470133       -0.39856745389518
H           -3.41928763496436       -0.41276806772906        1.61411761236749
H           -5.32373392653941       -1.82720619418390        0.98483772851353
H           -5.69262185268002       -0.53768782121063       -0.13842257535018
H           -5.86828847659420       -0.23435139539826        1.45338176215614
H            0.06899925061376        2.76205585584753        1.05163812544029
H           -1.51603068499872        0.60260843208783        1.57046359601390
H           -0.74122260890226        2.34485500024709        3.12901620727543
H           -2.79716943882567        2.06703549568216        3.19570246170871
H           -2.02903188296557        3.46183449451213        2.69480474390030
H            2.06393920942296        0.72974748985138       -1.06027230666656
H            1.10294918111614        3.63291269242925       -0.82236205007425
H            0.85794129304171        1.55501669272379       -3.21484875120776
H            2.07757127403757        2.99180789860571       -3.05418255562558
H            0.27889302544446        3.24328618978104       -3.22089137937594
H            3.28428504364309        0.57199513386650        2.19692643675500
H            5.71021596769162        0.70013574924688        1.51390485282261
H            5.01193409939105        2.08690827765101        0.69788729458010
H            6.04871492147302        0.34813465371691       -0.88829875435216
H            4.64269247258719        0.82731692045289       -1.45605628996739
H            3.68991051631108       -1.18027989437231       -1.32978771516157
H            4.75081496485745       -1.67988190696091        0.05357718016078
68
 energy: -106.448341397701 gnorm: 0.287514671349 xtb: 6.7.1-6.fc44.fc44
O            1.04607652473000       -0.70164361805756        1.54180415906001
O            0.91346358234329       -0.79598030712834       -1.54634852910195
O           -3.20829010593660       -2.48574098561748        0.31261281386306
O           -3.09136214803031        3.23526285768411        0.18575537647949
O           -1.29242773766185        1.51491423247970       -1.36811303996246
O            2.28271174387192        2.86138461840330        1.24321465486471
N            0.42072805183651       -2.60574594239481       -0.33614302222023
N           -2.19470001973327       -0.95783242071583       -1.00083932773869
N           -3.74533686054059        1.08467973530654        0.13795546037935
N           -0.58161320356016        2.27099241755599        0.53473107513092
N            1.99340265623562        1.66128152555897       -0.66360685434850
N            3.09085839280010       -0.55991860203283        0.53103062070428
C            1.90991663793840       -1.18298245705001        0.82795458036435
C            1.80353237994052       -2.66535867294361        0.28331508366552
C            1.75962978390330       -3.73149604618925        1.32612904959571
C            0.33382630108393       -3.82030582242725        1.68568283876232
C           -0.27850164609764       -3.67929399586298        0.27656359791180
C            0.12992269698544       -1.65781800107829       -1.19100093602450
C           -1.30805326049380       -1.76729876213241       -1.75901043617067
C           -1.30542939537567       -1.27990023032446       -3.13973768623459
C           -3.08931585228497       -1.34045079012838       -0.10356577831991
C           -3.89461029311369       -0.17439477440372        0.70414224918680
C           -5.28491430431100       -0.73453186311004        0.77944160953942
C           -3.04794173415264        2.09580730577096        0.57534562226924
C           -1.72054207074169        1.72040682004701        1.37200123830862
C           -1.82760013669221        2.41017229306801        2.66594947159585
C           -0.39514150488975        2.06185419859293       -0.74143669589589
C            1.00155532152830        2.50627316735745       -1.22169668798580
C            1.08968134143907        2.59416844971365       -2.79149102112932
C            2.47019427342893        1.83716731028301        0.63831028232191
C            3.42479986754274        0.75574342882179        1.15099906914726
C            4.83911821117108        1.03428042048967        0.80371309478177
C            5.02164961030048        0.39032387379808       -0.59776712274258
C            4.20102230555853       -0.86634467358514       -0.46376650098745
H            2.55339817755928       -2.84312994283927       -0.48303603885922
H            2.24846511432369       -4.67198485191868        0.90137845150262
H            2.25851936399359       -3.37407736981435        2.18446274395528
H            0.06983308613905       -4.80506688469128        2.07506057460260
H            0.01019717115254       -2.97220013141199        2.25591044339082
H           -0.18447217645233       -4.58770479356131       -0.26694407237744
H           -1.31165470933542       -3.42148263510537        0.40022814742140
H           -2.09001044746493        0.04053253765489       -0.99960202766389
H           -1.61219617056625       -2.80195682903694       -1.79035054725523
H           -1.07458405511790       -0.18616914007009       -3.05932506710458
H           -2.35223591421202       -1.32085162841174       -3.58344666871124
H           -0.73129832142038       -1.87227106953035       -3.80511528831371
H           -4.75027033332208        1.34310451842417       -0.37670628193030
H           -3.40498481294726       -0.39680745472921        1.64094073555249
H           -5.31377367930607       -1.81217300955766        0.98332401955905
H           -5.71462710041869       -0.54082582651187       -0.16963890810536
H           -5.88521688368003       -0.22063089871773        1.48249051806958
H            0.08337959528603        2.77230007489586        1.07408823147311
H           -1.51976437542884        0.62996446698830        1.55407086096727
H           -0.78983173691440        2.33445126719441        3.14239162330541
H           -2.75350695232226        2.05452296365580        3.20077600468056
H           -2.02532573637253        3.47557818596544        2.67167042948663
H            2.06099733296161        0.73053769793186       -1.05373341472914
H            1.10911259349564        3.59230619605145       -0.82938929979629
H            0.87537494292140        1.57917174703160       -3.20787009707104
H            2.07019602357809        2.98250466371015       -3.05724516681546
H            0.29328637475913        3.23762109625888       -3.20463129496534
H            3.27748682163385        0.58413223784042        2.21069346836955
H            5.67189326608020        0.69525302803022        1.49702288425660
H            5.00996668165781        2.09934727502134        0.70179125647332
H            6.06091682285341        0.32560364573513       -0.87603386586343
H            4.61997310373109        0.86520388683508       -1.45876817453624
H            3.69194344576791       -1.19174292528476       -1.34763909342416
H            4.75315876539002       -1.67933314091726        0.03715165762477
68
 energy: -106.539873803838 gnorm: 0.105011636852 xtb: 6.7.1-6.fc44.fc44
O            1.07987071935887       -0.70655863485803        1.52659350999160
O            0.91543701505331       -0.80263271128799       -1.54871197116365
O           -3.22320379691783       -2.50470198484775        0.30052738888147
O           -3.12983479294584        3.24727799052250        0.19250196580984
O           -1.27226283582476        1.51901805734718       -1.40245004996872
O            2.27374353146045        2.86832045538353        1.24969129283544
N            0.45555304150299       -2.62919277169726       -0.32425970460060
N           -2.20704446148880       -0.95514474214931       -0.98506260503463
N           -3.81882136718678        1.08357627364672        0.11895336927117
N           -0.59563521859785        2.26115147729547        0.57335695778991
N            1.99637549996573        1.66928932552023       -0.63972847607680
N            3.11090342561796       -0.54730323873925        0.52810083590662
C            1.95280628467023       -1.19057577165559        0.82825270681608
C            1.79606487737720       -2.61935654536007        0.26387243336000
C            1.78579919631753       -3.72399350142153        1.31870808169033
C            0.31963903711940       -3.83967194798388        1.65506314669447
C           -0.31153412703262       -3.67676495925023        0.28514281643166
C            0.12498996755008       -1.67039640737348       -1.19253644799617
C           -1.30696012726385       -1.77008294132556       -1.75418401323878
C           -1.34198693069737       -1.24855897117523       -3.16585798417554
C           -3.07414334322728       -1.35546622140511       -0.06922856678105
C           -3.86984564323288       -0.23789251882935        0.68197515059214
C           -5.29744533854498       -0.73501937736330        0.77345141952060
C           -3.00145651908736        2.08830439375535        0.54279853098264
C           -1.72207166577766        1.72880751521324        1.34132050460347
C           -1.81188922583920        2.42557692139281        2.68253298058077
C           -0.40549820291273        2.05569408061687       -0.73619232715670
C            0.98525280277503        2.53667506854631       -1.22767862060517
C            1.07716913721738        2.57915959763836       -2.76847039475003
C            2.47237118849883        1.84180226949431        0.60657489033103
C            3.40433442715061        0.73915740019672        1.14207861179386
C            4.85357145954237        1.05110025454662        0.77727127004575
C            5.01005115526417        0.37818616699147       -0.58734460599101
C            4.18111507079738       -0.89278737229497       -0.43103632785856
H            2.55104545962301       -2.83382387000850       -0.49319022866005
H            2.22654690227063       -4.63928897651029        0.92246411371382
H            2.29460286029745       -3.37687393099892        2.20375301026465
H            0.06402541507580       -4.79733585999399        2.09214374334397
H            0.01279927402775       -2.98393361475166        2.26748142673389
H           -0.18687751840392       -4.60204884937236       -0.28068611260713
H           -1.34869504600840       -3.42058674341136        0.38601353621140
H           -2.08142685734687        0.05976083807195       -1.02206872603850
H           -1.62151698536254       -2.81172245319395       -1.76776605560159
H           -1.06272431654823       -0.20542812873341       -3.09373986283601
H           -2.33846089968438       -1.31334556871641       -3.56807130754727
H           -0.70733072077255       -1.85804381362049       -3.81014535787160
H           -4.64628715680860        1.33346691385631       -0.33104713350272
H           -3.39999149087051       -0.36083361988346        1.66890160003946
H           -5.31081456897823       -1.80087637769264        0.98376812341858
H           -5.74266648389201       -0.55012931871919       -0.19332183278413
H           -5.89137466621933       -0.20863606437277        1.50443606424840
H            0.09772580599959        2.77555778296964        1.09152382879301
H           -1.53381446460986        0.65814232586835        1.52857557051394
H           -0.84548629471391        2.31545844763210        3.16668957816238
H           -2.69579896250057        2.03459399207185        3.21768511969937
H           -2.01889205555351        3.49287625911303        2.63539361586833
H            2.05043419866533        0.73616798409159       -1.05146744136899
H            1.11573200543957        3.55215062367900       -0.83860812253486
H            0.89562898878631        1.59352908046468       -3.19141097713092
H            2.05953069869993        2.96876923316069       -3.05926883032156
H            0.30546254324885        3.23513959709699       -3.18287100939089
H            3.26853804580141        0.61006317401767        2.21985127394259
H            5.62531113888158        0.68515331976761        1.47951099555442
H            5.00476425251128        2.11974589658965        0.70418779151294
H            6.06285398168606        0.28630429324109       -0.86231535923956
H            4.59868198188127        0.90671278494990       -1.44730158420096
H            3.70173605221765       -1.20343848289716       -1.36023764412750
H            4.76197932952349       -1.69284185599145        0.02121747745054
68
 energy: -106.561521323331 gnorm: 0.068935380041 xtb: 6.7.1-6.fc44.fc44
O            1.12430966082432       -0.70092064736982        1.52717895615980
O            0.91652554440260       -0.82434929660598       -1.55340492728951
O           -3.22762807710941       -2.54188522459419        0.27834545456170
O           -3.15494405826546        3.22435548894668        0.18601100256915
O           -1.25102591511177        1.53149118267602       -1.42766103476322
O            2.26393669148822        2.87820838221243        1.25033378415008
N            0.46331063714365       -2.64459216221388       -0.32762302152569
N           -2.20406439600937       -0.95059521628974       -0.97415315916815
N           -3.80125765999087        1.05566990945999        0.13129427885930
N           -0.58831564462149        2.26190845946401        0.58835247678239
N            1.98596393354640        1.67130103470330       -0.63851500745513
N            3.13555520969325       -0.54197436825970        0.52914477500834
C            1.99139308892704       -1.19135043641306        0.82846979934152
C            1.80169077471167       -2.59879791108486        0.25108561057640
C            1.79986911298827       -3.69792946952164        1.32441153289941
C            0.31880765814550       -3.84075268822908        1.64749037560077
C           -0.33507653617781       -3.68510673512529        0.28247776868296
C            0.12139570625191       -1.68740541505872       -1.19817147877639
C           -1.30937540425654       -1.77059799992586       -1.75669583508671
C           -1.34838256937508       -1.23945190647547       -3.17997615154175
C           -3.05534357759178       -1.36934199294693       -0.04405365314490
C           -3.85215388016127       -0.27311416094917        0.69230546531854
C           -5.30891008794408       -0.73358919279782        0.76783507278622
C           -2.97235114766253        2.06567241105111        0.53289185087703
C           -1.71505663433000        1.74306945958180        1.33450245489003
C           -1.80715502580813        2.44479666398975        2.68297395734867
C           -0.40324714776568        2.06506913798506       -0.72744388953802
C            0.97465461801946        2.54691617395671       -1.22710048094220
C            1.07185363319114        2.57054278456561       -2.74959281184280
C            2.46463342538162        1.85895779823544        0.60038258190322
C            3.39203021964923        0.75111287941098        1.13411855788210
C            4.84382096981876        1.07365553234944        0.75694536860176
C            4.99730493656617        0.36833820934608       -0.58585036144465
C            4.17412078349086       -0.91179109712435       -0.42321098675381
H            2.55161502707082       -2.81699570492998       -0.51275681121329
H            2.21806467189251       -4.62255324055007        0.93716178387907
H            2.33001251949390       -3.37135381937062        2.21360847923176
H            0.06753800119753       -4.79057186597466        2.11592226836839
H            0.01162262601379       -2.99875086578957        2.27749929052397
H           -0.20586138152888       -4.61236313953413       -0.29113869035924
H           -1.38683277540480       -3.42218273402814        0.36000384081388
H           -2.07630660323270        0.06684371073154       -1.04074587472557
H           -1.63788836483175       -2.81341411770783       -1.74345990103676
H           -1.02754798268234       -0.20084456420718       -3.14424910372696
H           -2.36349087124793       -1.31590628741157       -3.56631103724057
H           -0.69153503270713       -1.83926815732276       -3.81625122720333
H           -4.66792542383409        1.37961739827340       -0.39506813715909
H           -3.41529945232282       -0.32798827515988        1.71650459223413
H           -5.32086425781286       -1.79501637896199        0.99207559401644
H           -5.76737572807907       -0.56482293644766       -0.20454810975948
H           -5.88747501341522       -0.19620804019259        1.51484023121951
H            0.11660869185192        2.77009341006224        1.10642818130565
H           -1.55400966241392        0.67198055543791        1.49960297411522
H           -0.87882303480751        2.28334584824031        3.22716047505108
H           -2.63429441650517        2.00963147309180        3.25318438805195
H           -2.00991363289227        3.51561013033196        2.58877733737437
H            2.02729861945940        0.74065205402238       -1.05135272414039
H            1.13761268724807        3.54872437811310       -0.82490095352267
H            0.91685465953724        1.58222545796116       -3.16914946960808
H            2.04933089193315        2.94940616565169       -3.05465491091951
H            0.30763740885513        3.23498991351211       -3.14933168399352
H            3.25412038211134        0.65901483465702        2.22113966039807
H            5.57243506000457        0.66630919159542        1.46953468791255
H            4.99708301690577        2.14856857493640        0.69954579814147
H            6.05143213882502        0.22923929831013       -0.84964209427189
H            4.57906041991758        0.94161747668792       -1.42457344928309
H            3.71666438486035       -1.22429843207911       -1.36676253244460
H            4.78421827150675       -1.72144925203377       -0.00508614531723
68
 energy: -106.569915530447 gnorm: 0.042011860140 xtb: 6.7.1-6.fc44.fc44
O            1.15379602499680       -0.69599198528771        1.54314747340441
O            0.91786597192177       -0.84546717880544       -1.56493774078196
O           -3.21117289949698       -2.54751773669889        0.26560702648725
O           -3.17905458740941        3.21241482457271        0.16224372637042
O           -1.22867501210542        1.55341776636557       -1.44244670978957
O            2.25455945939157        2.87979090878663        1.25232270874290
N            0.46492119483326       -2.65448216789688       -0.33464268466693
N           -2.20024102985162       -0.94281031177577       -0.97081242618134
N           -3.78960315176356        1.04591071097901        0.13577567690711
N           -0.57483061554591        2.26711951302561        0.59882007456669
N            1.97491480765198        1.66909596870477       -0.63940543628814
N            3.14483523138325       -0.54274592405056        0.52998145363097
C            2.00247455778535       -1.18806462983970        0.82305060639801
C            1.80681221424335       -2.59208570696959        0.24191421873269
C            1.80554828998218       -3.67553742027224        1.33403642072055
C            0.31711636953895       -3.83774445434249        1.65065740453110
C           -0.34190425798832       -3.69211102012330        0.28175771426068
C            0.11644139176341       -1.70085948208175       -1.20606120734789
C           -1.31448275273494       -1.76996848418173       -1.76088693710195
C           -1.34493727282385       -1.24122247788967       -3.19103810661161
C           -3.04996997745978       -1.37288140680038       -0.04230643662594
C           -3.85240058405595       -0.28196162733193        0.70168870348923
C           -5.31669962127117       -0.73468142147385        0.76434444239968
C           -2.96990983470393        2.06600374485859        0.51744244673242
C           -1.71579387947566        1.74593047239232        1.33105866668502
C           -1.80747359902048        2.43870649439227        2.68777908011158
C           -0.39676072224578        2.08514628432168       -0.71981112103163
C            0.97275095895838        2.55863369282285       -1.21934105157443
C            1.06919095996560        2.56662728598535       -2.73335937334119
C            2.45441199794856        1.86381235997217        0.60043617342634
C            3.38472068377021        0.76045932295950        1.12564617954955
C            4.83551958966894        1.08198134577794        0.74329143341945
C            4.99198819234417        0.36465679721193       -0.59171868290135
C            4.17259628209531       -0.91790524203459       -0.41989286652469
H            2.54865573832178       -2.80804354402738       -0.53166284238325
H            2.22094035298517       -4.60856664438045        0.94768820913507
H            2.35712625134530       -3.36259839000266        2.21973086515911
H            0.07433838910129       -4.78287277656884        2.13558351380230
H            0.00330307568289       -3.00814290013541        2.28794696563580
H           -0.22182574236604       -4.61969203593108       -0.29594364875119
H           -1.39894107644449       -3.42374075750089        0.34705346127681
H           -2.07431203069464        0.07506045535823       -1.06752630358151
H           -1.66330150393535       -2.80842981798078       -1.72451339761201
H           -1.02634216509199       -0.20315862465024       -3.19830584983862
H           -2.36177180929879       -1.28770561025562       -3.57708924285759
H           -0.68343752279600       -1.83326150757375       -3.82524737972434
H           -4.61124361625984        1.33066310554844       -0.36922846636095
H           -3.43917793171310       -0.29704261518400        1.73598422462449
H           -5.33810684892092       -1.79386479184183        1.00403713608509
H           -5.78538503493926       -0.58218387619090       -0.20959248542084
H           -5.88075687246453       -0.18514613373008        1.51810053071767
H            0.13899800693489        2.75787646376375        1.12369694878313
H           -1.57334840039350        0.66820883257080        1.47337117966704
H           -0.88620596484147        2.29113349746813        3.24694850612527
H           -2.61590576898333        2.00389907546629        3.26873662220705
H           -1.99216134989513        3.50803415044680        2.56560719270224
H            1.99559144200662        0.73960544272995       -1.04975439272364
H            1.16620630513836        3.56245389599825       -0.80740517132995
H            0.92330856307872        1.56607191318164       -3.13088997219919
H            2.04489215237761        2.93299535827289       -3.04716303080051
H            0.30485513282336        3.22606309318552       -3.13191514621600
H            3.23834878160113        0.70148102139869        2.21507078712075
H            5.52811669919478        0.65776974554188        1.47738185667010
H            4.99779225462628        2.15682966966202        0.68662406941257
H            6.04203903118820        0.17803774850336       -0.84502300962089
H            4.56802448718134        0.96612511658447       -1.41088109644359
H            3.73052124319452       -1.23717506085034       -1.36851283113720
H            4.79326603899105       -1.73495066728564       -0.02114359968188
68
 energy: -106.572543569359 gnorm: 0.023189113878 xtb: 6.7.1-6.fc44.fc44
O            1.15977634660343       -0.69465416844537        1.55665026029054
O            0.91900729454970       -0.86106707271760       -1.57882878432845
O           -3.20112362423240       -2.54875182524746        0.25014186838250
O           -3.18846380489539        3.20008865751455        0.15217557973419
O           -1.21761335045065        1.57497974663956       -1.44216925086128
O            2.24730966887038        2.87021859373735        1.25407891299870
N            0.46309331261873       -2.65885026114425       -0.34275772723863
N           -2.19396332628081       -0.92910881222220       -0.96438211054511
N           -3.77583537043578        1.03702301820962        0.14873584156813
N           -0.56680131541325        2.27174235673164        0.60932091207641
N            1.96531490342328        1.66900732705053       -0.63652570294884
N            3.14179102589732       -0.54237138440862        0.52929585927589
C            1.99737308959739       -1.18596196803122        0.82044264260523
C            1.80423493073060       -2.59040230402456        0.23711414402240
C            1.80436684189898       -3.66028458044787        1.34076398986565
C            0.31505238245787       -3.83380204430021        1.65596340279150
C           -0.33777020667270       -3.69579658244109        0.28425746049872
C            0.11133915709276       -1.70974200154701       -1.21635202889169
C           -1.32295226346981       -1.76228891272740       -1.76744975652654
C           -1.34926552885293       -1.23858412140610       -3.20097905934117
C           -3.04188498283299       -1.37014259706028       -0.03756326752159
C           -3.85836116149686       -0.28824380182321        0.71409762714721
C           -5.32223497200931       -0.73889300924829        0.76614873420258
C           -2.96463688937273        2.06368169998851        0.51451122558270
C           -1.70858717015939        1.74041856046703        1.33559058727213
C           -1.80159694361016        2.42496196817999        2.69571930170058
C           -0.39518647155828        2.10395445525160       -0.70910067932263
C            0.97325284431174        2.57196156590192       -1.20487100833146
C            1.06544804280675        2.56394104425794       -2.72015598296500
C            2.44820094629333        1.85890608923812        0.59990646820365
C            3.38461160377544        0.76335835163086        1.11907478326775
C            4.83389306368309        1.07995193114846        0.73646128487486
C            4.99240956966051        0.36677643267488       -0.60037922205229
C            4.17171814218286       -0.91296190694156       -0.42067414062234
H            2.54282045745056       -2.80026895842834       -0.54045686729870
H            2.22794382349751       -4.58748383178095        0.95701163482935
H            2.37088967703077       -3.35151865676652        2.21905933282175
H            0.08292343639514       -4.77821992948028        2.14176463788665
H           -0.00775045255343       -3.01261844375643        2.29467243608563
H           -0.22900906579350       -4.62455988497605       -0.29170784241569
H           -1.39267588381755       -3.42710323277581        0.35257836195185
H           -2.06814120621628        0.08568260535215       -1.08079501610817
H           -1.69234871414469       -2.79361082072569       -1.71906487180936
H           -0.99844613643459       -0.20377896781606       -3.21040342204738
H           -2.36296026074138       -1.29442023446884       -3.58862705584568
H           -0.69094847271312       -1.82834657650029       -3.83437102209847
H           -4.55744686359923        1.33328499139027       -0.42198823048224
H           -3.45846710803293       -0.29663524915726        1.73808628640091
H           -5.35481221823512       -1.79581276058307        1.01777694949191
H           -5.79248999961876       -0.59873532103008       -0.20838389641248
H           -5.87815062882117       -0.17780237783899        1.51667936608721
H            0.15425638656180        2.74343724690292        1.14212045172599
H           -1.56642443779296        0.66017329341787        1.45755612191084
H           -0.87409795210412        2.30245469761733        3.24241374259957
H           -2.61447489944201        2.00058310899653        3.27347115344681
H           -1.98391841613375        3.49012605487459        2.55638418996441
H            1.96364412065099        0.73858991929639       -1.04340179004052
H            1.17777090147980        3.57164290328130       -0.80834121090236
H            0.91162900880327        1.55439758298280       -3.08929573466714
H            2.04145835288391        2.91838728296476       -3.04325968519996
H            0.29813440818461        3.20723197941462       -3.13637051928922
H            3.23151081442150        0.71936029260647        2.20512369533250
H            5.50930423959450        0.66032258901165        1.48097201783000
H            5.00503506997356        2.15198479128431        0.67389592859097
H            6.03636032405231        0.15315741954395       -0.84452698299608
H            4.56619818600935        0.97729246060923       -1.40637320365039
H            3.73646680097423       -1.23916564668048       -1.36873255193668
H            4.78495561054525       -1.72569112435684       -0.01562351638146
68
 energy: -106.573131124612 gnorm: 0.018519241589 xtb: 6.7.1-6.fc44.fc44
O            1.15485094100785       -0.69108328923032        1.55952093387196
O            0.91897323993490       -0.87097716607328       -1.58488277920393
O           -3.19341746987244       -2.55189172476269        0.23544178357211
O           -3.19939869908371        3.19445218242369        0.14291402016161
O           -1.21703439837903        1.59670415774535       -1.43693174686331
O            2.24196940589885        2.86212400166767        1.25739407822557
N            0.45909207778008       -2.65962800033159       -0.34357490937865
N           -2.18859908026044       -0.91894576587854       -0.96012306165552
N           -3.75850093529555        1.03009750215882        0.15335755694059
N           -0.56239832880229        2.28090491445777        0.61529978563236
N            1.95534803482572        1.67100031562199       -0.63574389396728
N            3.13625479400631       -0.53918589258474        0.52747684134297
C            1.99012502567024       -1.18274441602739        0.81925572046447
C            1.80004230580522       -2.58806788912318        0.23572930817370
C            1.80334477112560       -3.64872038304427        1.34479030604435
C            0.31719668581447       -3.82774676487833        1.66231280278848
C           -0.33393352886939       -3.69689730329298        0.29076600579663
C            0.10598653928636       -1.71473765302258       -1.21941767153810
C           -1.32809647352562       -1.75814464603034       -1.77054652966927
C           -1.34392784998973       -1.24062808380191       -3.20481313736134
C           -3.03971679767393       -1.37209782000257       -0.04162564350688
C           -3.85480477407746       -0.29461418352651        0.71599745775036
C           -5.31813165674810       -0.74066457341398        0.76530543446021
C           -2.95645022433309        2.06241808124155        0.50641753740996
C           -1.70156594787268        1.74311404777539        1.33789308187021
C           -1.79765088448341        2.42321581388073        2.69778786322595
C           -0.39730618961208        2.12210048966964       -0.70121765589738
C            0.97372741327605        2.58652480987555       -1.19524417798189
C            1.05990763966230        2.55456731231213       -2.71494861037492
C            2.44598764630830        1.85585331502696        0.59880602933539
C            3.38663796165115        0.76555682604986        1.11645230135651
C            4.83506808128893        1.07657709580258        0.73536801539766
C            4.99162246429538        0.36553407004004       -0.60512503748427
C            4.16913340167165       -0.91118247643248       -0.42399157727466
H            2.54026369075989       -2.79187804731483       -0.54085382939874
H            2.22797542219003       -4.57876736832209        0.96243376530132
H            2.38084778370467       -3.33795525651342        2.21437872228485
H            0.09472995688398       -4.77490288364733        2.14451375236566
H           -0.01365263444636       -3.01165013837645        2.30101035708942
H           -0.23299464629118       -4.62727239093865       -0.28187901385698
H           -1.38712554088423       -3.42962463294646        0.36048907621704
H           -2.06331172756763        0.09155447039779       -1.09146296942483
H           -1.71290267746698       -2.78246578091365       -1.71709273704083
H           -1.03640076504052       -0.20988410915130       -3.22046563502912
H           -2.34813272430147       -1.27104162237026       -3.60466342627807
H           -0.68520850939774       -1.82769765153159       -3.83760681144825
H           -4.52096666822687        1.31273511060699       -0.45910253487257
H           -3.46832063527312       -0.29197084237129        1.73969369838784
H           -5.36049973848120       -1.79434240886286        1.03187067412294
H           -5.78627828269245       -0.61352282454520       -0.20998954902000
H           -5.86961507021623       -0.16560561370119        1.50619914507119
H            0.16670681231777        2.73319676976100        1.15466264551183
H           -1.55742334342034        0.66142133863895        1.44798675457391
H           -0.86705888367534        2.28170118287469        3.25302860240432
H           -2.61258806823386        1.99700330121629        3.27763702094953
H           -1.98573219162152        3.48431925150825        2.54915197423198
H            1.93316664598043        0.73908986564875       -1.03933799827833
H            1.19014673294585        3.58354774612801       -0.79608674592055
H            0.90124245596977        1.53672664637643       -3.06521017521265
H            2.03594527319323        2.90241540771358       -3.04319751582409
H            0.28902713680922        3.19132643859093       -3.13851074361855
H            3.23096729079698        0.72470338623211        2.19810636959453
H            5.50705790526451        0.65126529093732        1.47876998040310
H            5.01348303504937        2.14726621270738        0.66989355657419
H            6.02934014079917        0.14155591755329       -0.84357208716894
H            4.56468237399927        0.97752031280877       -1.40138345262184
H            3.73451899010039       -1.24062465236322       -1.36988156502647
H            4.78442995706719       -1.71952768325962       -0.01352468446802
68
 energy: -106.573528942256 gnorm: 0.013686407912 xtb: 6.7.1-6.fc44.fc44
O            1.14732839206892       -0.68651617620901        1.55276021458067
O            0.91834795408620       -0.87487414175180       -1.58865662943828
O           -3.19254820078240       -2.55563909434439        0.22231813522530
O           -3.20299039634711        3.19303255248238        0.13916923030653
O           -1.22318517990129        1.61030685322861       -1.43255379880234
O            2.24002590175712        2.85946913145331        1.26020920743704
N            0.45541816292669       -2.65910419270621       -0.34397285025512
N           -2.18411627955877       -0.91209352881673       -0.95681385224770
N           -3.75216198777799        1.02819192757128        0.15281103924798
N           -0.56167046931665        2.28762873876763        0.61721725767938
N            1.95064387967946        1.67029984298174       -0.63471747841213
N            3.13270936632757       -0.53711445061603        0.52533585980647
C            1.98521367634011       -1.17932287438394        0.81658014601399
C            1.79572556801248       -2.58467874125837        0.23435983560830
C            1.80305202591287       -3.64336597037516        1.34362088456143
C            0.32016741297191       -3.82321073657024        1.66453832283474
C           -0.33412037566471       -3.69564457566667        0.29451258994570
C            0.10266156479402       -1.71716310413880       -1.22314167473427
C           -1.33165491666744       -1.75432781123448       -1.77343091028798
C           -1.34820132671477       -1.23738186826218       -3.20765178044247
C           -3.03765277458024       -1.37303432835785       -0.04437789352214
C           -3.85032037132134       -0.29868780055293        0.71276176362563
C           -5.31356351530802       -0.74033767419564        0.76325555356482
C           -2.95191966989642        2.06224184433652        0.50030858844493
C           -1.69992315288490        1.74601443889113        1.33697141025762
C           -1.79800162692014        2.42184080255511        2.69806233741301
C           -0.40034317212460        2.13141989455574       -0.69817874675459
C            0.97423438425701        2.59113033463318       -1.19362600267736
C            1.05768401183239        2.55281021184216       -2.71275966018439
C            2.44650277986642        1.85566085166936        0.59838334546469
C            3.38730502504123        0.76530263203077        1.11720735334056
C            4.83648842109654        1.07289957077254        0.73780927328982
C            4.98999216613587        0.36333414025227       -0.60540973677236
C            4.16558519669311       -0.91192219049399       -0.42693891369367
H            2.53905670296635       -2.78708700222543       -0.53945574463186
H            2.22549186619671       -4.57678631354872        0.96212681540903
H            2.38456552709430       -3.32777813077210        2.20804496774470
H            0.10326706375644       -4.77314290113201        2.14589568375809
H           -0.01401518945737       -3.00807049610323        2.30363362724420
H           -0.23440139265789       -4.62803382976685       -0.27490510641264
H           -1.38736193368654       -3.42991006451319        0.36297363587935
H           -2.05753335187875        0.09532306515700       -1.09329409813416
H           -1.72402100685331       -2.77475119622417       -1.72036889569385
H           -1.00125186874967       -0.20381579185365       -3.20786294661856
H           -2.36268399690153       -1.29817510057686       -3.60656768949594
H           -0.68913046871474       -1.82783883776541       -3.83764200579155
H           -4.51221226611630        1.29098925573030       -0.45448170440499
H           -3.46842237493062       -0.28830782916416        1.73988413737686
H           -5.35842343324632       -1.79117252275675        1.04082903655961
H           -5.77775968879586       -0.62241148964016       -0.21387995958252
H           -5.86578519601640       -0.15570067282513        1.49460902430058
H            0.17351045360924        2.72737658548152        1.15952974859993
H           -1.55497292279600        0.66395001565113        1.44469662326161
H           -0.86703111914972        2.28037129168739        3.24978296359177
H           -2.61328979184145        1.99253266314206        3.27962819949132
H           -1.98826380686615        3.48082906547191        2.55265750441137
H            1.91870369349896        0.73710737249944       -1.03553152453145
H            1.19678866304154        3.58861268409774       -0.79579545183820
H            0.89705294040563        1.53125905760939       -3.05265407114779
H            2.03368202318803        2.89723007434959       -3.04488551435125
H            0.28482795167964        3.18752069977084       -3.13801162930961
H            3.23270451066428        0.72258822726992        2.19767607892545
H            5.51198835747296        0.64133254416668        1.47688178564647
H            5.01816351979006        2.14365714256001        0.67457121068122
H            6.02522179825734        0.14102636271290       -0.84341940602965
H            4.56309838975421        0.97514598754897       -1.39773386598690
H            3.72845539745857       -1.24012382518706       -1.37182538104898
H            4.78392316281632       -1.71950895207817       -0.01496341605708
68
 energy: -106.573781349370 gnorm: 0.008289062914 xtb: 6.7.1-6.fc44.fc44
O            1.14392977566618       -0.68297965379078        1.54516550329569
O            0.91770948916925       -0.87511636348825       -1.58805621413331
O           -3.19746502671446       -2.55542691880756        0.21720682855837
O           -3.19741846164347        3.19153028154041        0.14355615040233
O           -1.22750817270377        1.61185581198431       -1.43069865936140
O            2.24148003687956        2.86110562496850        1.26199542952877
N            0.45564263731035       -2.65937916331875       -0.34145951556376
N           -2.18095267692314       -0.91283050732516       -0.95592752842308
N           -3.75738973842825        1.02896696863270        0.15649615803739
N           -0.56155342724907        2.28829153257452        0.61799590233497
N            1.95256202990750        1.66782617465374       -0.63240349385188
N            3.13270528978143       -0.53815147124438        0.52426096096947
C            1.98430299261234       -1.17742349639678        0.81400138645229
C            1.79506847962330       -2.58280221683487        0.23456461368617
C            1.80513728448144       -3.64427161577323        1.34190516573578
C            0.32332048648842       -3.82289772136850        1.66557152321958
C           -0.33522950054987       -3.69493131510609        0.29696399053314
C            0.10282058847363       -1.71858725092869       -1.22274486566135
C           -1.33058516633958       -1.75778459429436       -1.77198082188976
C           -1.34789093864632       -1.24009595427821       -3.20605635180539
C           -3.03679675146523       -1.37178065642039       -0.04497161092474
C           -3.85078588636947       -0.30089818956103        0.71357571615277
C           -5.31431767098722       -0.74043370400420        0.76308693492027
C           -2.95264013286244        2.06186772232153        0.50391261655875
C           -1.70129508280348        1.74509102463211        1.33605778389160
C           -1.79990085210153        2.41898071573872        2.69897280293261
C           -0.40061141942800        2.13069411364863       -0.69780378548377
C            0.97552758975168        2.58684094615697       -1.19630458922100
C            1.05829501130961        2.55584439173561       -2.71181530239199
C            2.44794043144447        1.85681794082018        0.59934917908652
C            3.38644495477895        0.76295663282840        1.11839366116213
C            4.83711402916261        1.06949999594112        0.73941638583333
C            4.98877240023464        0.36272076312407       -0.60487603584535
C            4.16243866773910       -0.91238472414834       -0.42860485542732
H            2.53830766798462       -2.78810650010852       -0.53927415249310
H            2.22689777495224       -4.57515727350142        0.95974216426942
H            2.38583953512950       -3.32522620599626        2.20556364411800
H            0.10616281786734       -4.77315869321661        2.14835711296292
H           -0.00986244190898       -3.00640803260626        2.30570652483836
H           -0.23256505021370       -4.62847907268756       -0.27155503645749
H           -1.38959574750128       -3.42987569123205        0.36375103135645
H           -2.05185080981284        0.09413409457589       -1.09334794261988
H           -1.72228356859015       -2.77829377032778       -1.71978756865773
H           -1.00910070989011       -0.20485101959510       -3.21106246536754
H           -2.35726960192810       -1.28735584882596       -3.60628930348048
H           -0.68701532489721       -1.83249845757830       -3.83443404639883
H           -4.51534181676046        1.29642201388051       -0.45925150777759
H           -3.46390815404700       -0.29336771623777        1.73920573346132
H           -5.35661059861411       -1.78962558128100        1.04460535075267
H           -5.77459825540624       -0.62612862673666       -0.21657206659252
H           -5.87017511679109       -0.15248510974475        1.48902486141766
H            0.17576100286311        2.72467209372447        1.15993485076200
H           -1.55642789765072        0.66360311993551        1.44752822238055
H           -0.87021812700056        2.29604223732703        3.23991678600160
H           -2.61526961800272        1.99118043265630        3.27827926023643
H           -1.98820030023748        3.47892141618351        2.56003064300781
H            1.92130591305821        0.73416157800510       -1.03152503143876
H            1.19496328142609        3.58528447709402       -0.80618034010412
H            0.89764477470294        1.53685771876325       -3.05343748049479
H            2.03358259892938        2.89993675127836       -3.04746814721182
H            0.28546462913556        3.18955092110706       -3.13673090884629
H            3.23423215950190        0.71914022134446        2.20105135154006
H            5.51532010764047        0.63849454156842        1.47706800510647
H            5.01883822288111        2.14058150895100        0.68058527882784
H            6.02535086977773        0.14445749255750       -0.84636131085860
H            4.56161539899451        0.97630945593139       -1.39744457757983
H            3.72273656115616       -1.23718280620688       -1.37401139590088
H            4.77805324067776       -1.72286314634970       -0.01825754982884
68
 energy: -106.573904284372 gnorm: 0.006150525209 xtb: 6.7.1-6.fc44.fc44
O            1.13991964355289       -0.67937223198003        1.54015415879540
O            0.91770235520096       -0.87617092951208       -1.58863844985927
O           -3.19824389192893       -2.55435359821382        0.21137724893655
O           -3.19972968031791        3.19364331756131        0.14473774385292
O           -1.22899420903144        1.61556448852537       -1.42913049162777
O            2.24270639573732        2.86124313801946        1.26519713898833
N            0.45540983184699       -2.65945754009316       -0.34091837177100
N           -2.17758243061889       -0.91205963642527       -0.95597645759975
N           -3.76011958260493        1.03049876100001        0.15925407717745
N           -0.56060757408839        2.29086220772221        0.61895030092330
N            1.95338604118210        1.66812424659876       -0.62997548097037
N            3.13183633237274       -0.53898263269855        0.52432315922086
C            1.98182068443311       -1.17547924395718        0.81201556605901
C            1.79440364869391       -2.58192698378258        0.23407152549881
C            1.80634874516314       -3.64370015295584        1.34119501183706
C            0.32551954859218       -3.82200956310486        1.66731626120282
C           -0.33475004271023       -3.69465950249228        0.29873031354882
C            0.10292708616906       -1.72004268775065       -1.22383763968200
C           -1.32971522293383       -1.75920321486783       -1.77253776794631
C           -1.34700545615834       -1.24066090282629       -3.20616960146371
C           -3.03733649932673       -1.37118556983164       -0.04883002410066
C           -3.84977001438324       -0.30161262057837        0.71407189985162
C           -5.31288022005003       -0.74109753205003        0.76344851565248
C           -2.95263931706147        2.06323257026949        0.50343414892435
C           -1.70147016207231        1.74733863394470        1.33559366609767
C           -1.80245906623785        2.42163135428736        2.69804999314058
C           -0.39972210889082        2.13290402429290       -0.69651931065828
C            0.97739366597365        2.58718285212010       -1.19645081370880
C            1.05765139690299        2.55120968157409       -2.71295150768051
C            2.44836417079672        1.85732510723842        0.60171134280541
C            3.38628919272124        0.76162418311358        1.11900583996131
C            4.83765529550826        1.06610079304990        0.74048373651480
C            4.98790294205133        0.36288462565087       -0.60543387918204
C            4.15965360907033       -0.91146782188881       -0.43025799003507
H            2.53674373281159       -2.78832531447507       -0.54069718142809
H            2.22968682114254       -4.57261372068251        0.95864174296109
H            2.38767648415340       -3.32190353658828        2.20328531555737
H            0.10810292226547       -4.77213858005125        2.14999128392363
H           -0.00774297673346       -3.00540068614851        2.30783575883419
H           -0.23159796544032       -4.62907754304894       -0.26858724110910
H           -1.38926034750172       -3.43014648494274        0.36672989934911
H           -2.04702205982365        0.09406131651804       -1.09574771422275
H           -1.72218151572065       -2.77927316988220       -1.72043003546468
H           -1.01319808396414       -0.20591078634864       -3.21347519834388
H           -2.35527844705455       -1.28744950972256       -3.60632330620753
H           -0.68507531862710       -1.83331336290199       -3.83326210026611
H           -4.51680979296276        1.30095086971360       -0.45594511042061
H           -3.45768651859279       -0.29770361595956        1.73586108998117
H           -5.35623316514877       -1.78833307654106        1.05178491657952
H           -5.77024846375863       -0.63315536368857       -0.21844767743664
H           -5.87087713434518       -0.14741384285691        1.48307033725948
H            0.17843014139853        2.72211529949230        1.16192561150198
H           -1.55370384513457        0.66637942641011        1.44950315642297
H           -0.87431017993482        2.28660029480375        3.24942884932309
H           -2.61813586441918        1.99313868420591        3.27418205693837
H           -1.99222834554413        3.48323594957710        2.55986515356859
H            1.92055356372779        0.73431477009494       -1.02808218296700
H            1.19571835579668        3.58545964943360       -0.80391939251400
H            0.89788293558500        1.53377329734082       -3.05998821904320
H            2.03145231343283        2.89702908167317       -3.05053983310355
H            0.28446171139849        3.18534180259650       -3.13589346718202
H            3.23534097394661        0.71660825569483        2.20261948269702
H            5.51612608241544        0.63461064560157        1.47760238504938
H            5.02096167193322        2.13689656078997        0.68419279077345
H            6.02496860466807        0.14510515377142       -0.84995580676371
H            4.56014961239716        0.97864851971444       -1.39668984884659
H            3.71790336373946       -1.23368438599972       -1.37563753654859
H            4.77222031336556       -1.72495257068967       -0.02228678931811
68
 energy: -106.573988846637 gnorm: 0.005096933381 xtb: 6.7.1-6.fc44.fc44
O            1.13425027575236       -0.67484804265101        1.53359067548254
O            0.91831938195027       -0.87946554470516       -1.59062409478900
O           -3.20049413027609       -2.55636299213541        0.19918558163817
O           -3.20270741511734        3.19554946699760        0.14488013710742
O           -1.23233909227497        1.62221160742962       -1.42568656157302
O            2.24326712159622        2.86033085402513        1.26838647788439
N            0.45420436024218       -2.66014202717154       -0.34110430921520
N           -2.17215093584363       -0.90981970217648       -0.95435651057052
N           -3.75958710999174        1.03138470770750        0.16265163451883
N           -0.56015830009269        2.29552092375007        0.62058330225129
N            1.95233986146466        1.66792766522946       -0.62764099105055
N            3.13076824174277       -0.53873589292752        0.52495475002995
C            1.97862503257509       -1.17281665211214        0.80950444164186
C            1.79321216737257       -2.58053111331877        0.23286251074595
C            1.80771648027284       -3.64091749432415        1.34092821555784
C            0.32814449358651       -3.81983237160034        1.66962056478130
C           -0.33401566801816       -3.69485877488706        0.30118929087749
C            0.10258023821726       -1.72285173042214       -1.22629139329204
C           -1.32943204551880       -1.75967993864481       -1.77421979691848
C           -1.34668894191388       -1.24042023815245       -3.20744173019203
C           -3.03714763539809       -1.37169001209750       -0.05318446826444
C           -3.84726025987727       -0.30296481051749        0.71332102002015
C           -5.31016269012882       -0.74171855894574        0.76281544183547
C           -2.95109537256887        2.06469370865370        0.50139694083860
C           -1.70071432153815        1.75074583461132        1.33632527082482
C           -1.80610623442625        2.42256603776441        2.69931250024027
C           -0.40030200349741        2.13720994338668       -0.69416614665168
C            0.97813752071935        2.58737235038839       -1.19628843758707
C            1.05700864741454        2.54754602322964       -2.71309066886657
C            2.44867835941604        1.85737200591251        0.60393890796430
C            3.38696858957479        0.76129359029946        1.12001984039678
C            4.83883620259328        1.06288891711477        0.74205688763495
C            4.98605943008741        0.36245833745895       -0.60582481673054
C            4.15630707314146       -0.91107492898979       -0.43278720132202
H            2.53542826677706       -2.78607814742541       -0.54215804970909
H            2.23194648977913       -4.57083557122677        0.95928767738834
H            2.39083159761722       -3.31530854868390        2.20035681890334
H            0.11182708746963       -4.76995678737961        2.15248593152885
H           -0.00623678157154       -3.00371461976533        2.31011454316113
H           -0.23146004182957       -4.63055084003709       -0.26403782264766
H           -1.38839301358524       -3.43094154806067        0.37088862075510
H           -2.03957886824364        0.09464342117514       -1.09771732037851
H           -1.72487780397591       -2.77838041129851       -1.72157049978979
H           -1.01609349343265       -0.20669866063794       -3.21505856416933
H           -2.35529527468015       -1.29012386851648       -3.60836732698216
H           -0.68354536299308       -1.83285894130961       -3.83292010230482
H           -4.51514121863208        1.29971543962798       -0.45406186416058
H           -3.45350464086606       -0.29892872755910        1.73567004856486
H           -5.35708697710711       -1.78531771080093        1.06480018399609
H           -5.76283628581751       -0.64619042215932       -0.22275244525235
H           -5.87070214068333       -0.13691953844886        1.47141841994005
H            0.18244094524853        2.71766029770431        1.16556833425708
H           -1.54983535238967        0.66986311485384        1.44903794663986
H           -0.87866352645786        2.28641931927638        3.25318967641274
H           -2.62212362874381        1.98979547141337        3.27305507017903
H           -1.99706281114750        3.48485554731692        2.56413307852172
H            1.91616338563326        0.73389217472886       -1.02425355598009
H            1.19999841784997        3.58680589606453       -0.80604557595380
H            0.89786345629117        1.52698156425362       -3.05435772607389
H            2.02957469039867        2.89359344814621       -3.05346027361447
H            0.28227432483669        3.18058580010796       -3.13548757819285
H            3.23708123646544        0.71426080257883        2.20378805509018
H            5.51659106115960        0.62559295977164        1.47704038835635
H            5.02510485843883        2.13330733496236        0.68840183701822
H            6.02264579359102        0.14447291924659       -0.85383694180123
H            4.55738756094137        0.98104745395665       -1.39408189509934
H            3.71181314534232       -1.23000684346893       -1.37801213844828
H            4.76905827010430       -1.72762127972332       -0.02976916316579
68
 energy: -106.574046747959 gnorm: 0.004389480586 xtb: 6.7.1-6.fc44.fc44
O            1.12891103285764       -0.67070610597456        1.52524698334477
O            0.92003949116527       -0.88407139869167       -1.59379758417557
O           -3.20490710674426       -2.55501343521658        0.18669999610341
O           -3.20196560142056        3.19590494282734        0.14456818523887
O           -1.23415023106000        1.62927974760808       -1.42132833877604
O            2.24543295058906        2.85917160563977        1.27225598063801
N            0.45291832344523       -2.66129516601550       -0.34158811425708
N           -2.16555927200966       -0.90671381049420       -0.95242592387315
N           -3.76015374936831        1.03239013785435        0.16833812936986
N           -0.55905256559321        2.30155740650455        0.62311158702981
N            1.95266844947423        1.66831271077560       -0.62458116009582
N            3.13089485653195       -0.53929059429356        0.52579287855639
C            1.97595612727293       -1.17055401912568        0.80565160567657
C            1.79217875714620       -2.57938640623966        0.23106716440360
C            1.80951157136876       -3.63757929001302        1.34090561691212
C            0.33072286468482       -3.81744009803523        1.67163148675458
C           -0.33377475093326       -3.69513378411221        0.30367841457014
C            0.10274685252853       -1.72623352850440       -1.22942762756243
C           -1.32907620501612       -1.76004133449736       -1.77604684616585
C           -1.34762033507312       -1.24098763222589       -3.20933333393735
C           -3.03768387696435       -1.37020138505495       -0.05860741280237
C           -3.84548230250421       -0.30422417803241        0.71290332831929
C           -5.30833728383952       -0.74220481978832        0.76247475459735
C           -2.94985313434862        2.06604015571129        0.50017571794942
C           -1.69980498033414        1.75412474000985        1.33675572884797
C           -1.81087041489165        2.42276411754010        2.70066010936367
C           -0.39949947058120        2.14222803495779       -0.69100330936851
C            0.97983832210814        2.58780690142837       -1.19522797515626
C            1.05641812390680        2.54113201722403       -2.71238771170290
C            2.45011622631878        1.85712629143975        0.60682774742807
C            3.38823846517595        0.76025709474762        1.12151799893623
C            4.84063418643053        1.05909393002210        0.74392724380321
C            4.98357542999709        0.36303704283852       -0.60667025509667
C            4.15293853304561       -0.91009328635957       -0.43665741001486
H            2.53449255246225       -2.78347738359027       -0.54399720318894
H            2.23475002265214       -4.56818758062067        0.96122987954667
H            2.39396495415678       -3.30767235552284        2.19796372629534
H            0.11600096514971       -4.76723550483088        2.15621631095889
H           -0.00437648542733       -3.00156307037077        2.31179412975301
H           -0.23179291935964       -4.63217118496092       -0.25928477593075
H           -1.38819203984690       -3.43136631797256        0.37420502148926
H           -2.03012462963250        0.09625948099225       -1.09994368417114
H           -1.72812511910627       -2.77731221685151       -1.72172966665002
H           -1.01386634993022       -0.20683228138089       -3.21736104379306
H           -2.35583572261273       -1.29185654717099       -3.61128669647009
H           -0.68342676912467       -1.83402970823503       -3.83261066101894
H           -4.51557080721803        1.29783980362850       -0.44967598985741
H           -3.44921137240199       -0.30283807884377        1.73524266914516
H           -5.35859274992720       -1.78038751091569        1.08206996793388
H           -5.75493917615577       -0.66377791336998       -0.22778021685871
H           -5.87246342651816       -0.12337870112528        1.45662211650866
H            0.18702405837488        2.71373537525519        1.17048454845130
H           -1.54941961017741        0.67278070170678        1.44833027419549
H           -0.88518445056352        2.28725394415052        3.25679977843590
H           -2.62805930188590        1.98611580928076        3.27023906233243
H           -2.00296063824279        3.48559575662185        2.56982112431870
H            1.91377188108326        0.73426426231861       -1.02065644392523
H            1.20279610247727        3.58796098331326       -0.80751425735638
H            0.89751678150356        1.52000526287954       -3.05141906306268
H            2.02742269848527        2.88785285161787       -3.05601251151337
H            0.27967977519928        3.17126251657100       -3.13568866465563
H            3.23921713533749        0.71122675038712        2.20548474594407
H            5.51667803835659        0.61594224414610        1.47650042108139
H            5.03034212145226        2.12911669992773        0.69435743707089
H            6.01947540067066        0.14570358515742       -0.85921237321243
H            4.55364959693205        0.98514176556730       -1.39143979547863
H            3.70464460134688       -1.22436880976088       -1.38181935877719
H            4.76542028615027       -1.72925758559007       -0.03893141016098
68
 energy: -106.574078651012 gnorm: 0.003748220945 xtb: 6.7.1-6.fc44.fc44
O            1.12754196119305       -0.66944931332582        1.52153302330560
O            0.92251687595298       -0.88667107226313       -1.59615871731845
O           -3.20996158410254       -2.55592707975669        0.17695019975593
O           -3.20332873202908        3.19766332674273        0.14438389046820
O           -1.23377598626982        1.63024201498637       -1.41914524233247
O            2.24763366608155        2.85843945662668        1.27326265201508
N            0.45283098281321       -2.66189258240327       -0.34226391019127
N           -2.16161344471075       -0.90537683970648       -0.95088576343795
N           -3.76244310575853        1.03391622086653        0.17258855318781
N           -0.55884885538260        2.30428256811271        0.62438683286374
N            1.95415056004095        1.66781404827510       -0.62341763475246
N            3.13202156828126       -0.54053632457477        0.52675636673261
C            1.97530488243483       -1.17016093699562        0.80348736397033
C            1.79220388730702       -2.57950611449665        0.23002873398107
C            1.81009447294325       -3.63587885203402        1.34150501638246
C            0.33087926388053       -3.81600881723255        1.67217020824715
C           -0.33407350158879       -3.69486510563526        0.30437671674803
C            0.10406837042639       -1.72751489973584       -1.23130370799502
C           -1.32807223007997       -1.75960070957368       -1.77704209385771
C           -1.34805238959815       -1.24085890449598       -3.21053335345333
C           -3.03772240245935       -1.36937350399669       -0.06093476026985
C           -3.84475122457617       -0.30407942616252        0.71255726540729
C           -5.30764528311183       -0.74239521575800        0.76300845518249
C           -2.95031659879129        2.06737670268473        0.49967161026822
C           -1.69980707560283        1.75598862754124        1.33629385535783
C           -1.81434659706183        2.42280922233759        2.70086035151447
C           -0.39828146419673        2.14275857595452       -0.68952465637813
C            0.98071619444568        2.58603843687549       -1.19486480932323
C            1.05696177831575        2.53826265238112       -2.71120753391174
C            2.45163014991725        1.85635027515929        0.60799934883847
C            3.38918174633722        0.75909715325880        1.12251612707097
C            4.84181184422160        1.05701366412468        0.74493704305675
C            4.98242833148671        0.36461760265420       -0.60749618049359
C            4.15179620766245       -0.90862890306857       -0.43928666878458
H            2.53419619361045       -2.78344921542407       -0.54540367677836
H            2.23600471712910       -4.56657847678945        0.96358102543678
H            2.39426033306438       -3.30441204282141        2.19839398155485
H            0.11641367811401       -4.76505976198557        2.15808446576115
H           -0.00367224961708       -2.99974807866334        2.31179611792427
H           -0.23269579630756       -4.63236512337109       -0.25771672265363
H           -1.38842113637052       -3.43037256765259        0.37485471316919
H           -2.02408322147324        0.09720105438065       -1.09848210603393
H           -1.72825136907678       -2.77647765783139       -1.72152960218179
H           -1.01488799518414       -0.20646006268185       -3.21918662282015
H           -2.35673096348415       -1.29345423907736       -3.61200177906475
H           -0.68323315443374       -1.83381763613935       -3.83298258595450
H           -4.52039890947088        1.29885725248496       -0.44174544132725
H           -3.44606011066297       -0.30752289564486        1.73403268964591
H           -5.35914538175782       -1.77634048459842        1.09408743825942
H           -5.75110597650846       -0.67606077712018       -0.22962012961418
H           -5.87388013881553       -0.11512879332571        1.44791461867031
H            0.18816702320110        2.71269726452946        1.17274767321497
H           -1.54778308878914        0.67503796444185        1.44742764792114
H           -0.89016356866484        2.28795165708202        3.25891454794875
H           -2.63267938412020        1.98456489014632        3.26714523362864
H           -2.00730046512069        3.48581539413401        2.57226811998352
H            1.91624275707409        0.73415464992901       -1.02030421837175
H            1.20455684678923        3.58756937344669       -0.81202065760503
H            0.89972983193521        1.51513688846836       -3.04482537442434
H            2.02737646196816        2.88522915549694       -3.05624134803971
H            0.27870969670710        3.16538876784720       -3.13637961149028
H            3.23988832189907        0.70966460185098        2.20656282702742
H            5.51612611669827        0.61030714897174        1.47643326177566
H            5.03359756226729        2.12673360014734        0.69839621783665
H            6.01789841262424        0.14788174649976       -0.86294322242311
H            4.55168503208068        0.98891160461450       -1.39040325654530
H            3.70089111236374       -1.21948417310102       -1.38448823111796
H            4.76467123093503       -1.72891532874723       -0.04546952292935
68
 energy: -106.574106188268 gnorm: 0.002884628736 xtb: 6.7.1-6.fc44.fc44
O            1.12852751867654       -0.66943239770084        1.52038700625063
O            0.92535631601182       -0.88762455790188       -1.59834293131151
O           -3.21244663000668       -2.55386391776574        0.17306376874622
O           -3.20274054380063        3.19795179284130        0.14258259776670
O           -1.23119792029598        1.62831009198040       -1.41797497339512
O            2.24996815691078        2.85807149305397        1.27364019593634
N            0.45319803815247       -2.66151800863320       -0.34320487167582
N           -2.16024225033171       -0.90445296326496       -0.95076078496841
N           -3.76521035321636        1.03475022387262        0.17695142352896
N           -0.55899807197410        2.30590512926413        0.62551201903637
N            1.95632230035245        1.66791033864983       -0.62277799482469
N            3.13393254949806       -0.54167463454661        0.52783848941783
C            1.97618195431934       -1.17059979263360        0.80254793428563
C            1.79265183022997       -2.57991643294641        0.22920278349055
C            1.80954572692843       -3.63466811116314        1.34221103128861
C            0.32922540582869       -3.81448659917169        1.67160957727247
C           -0.33493660648047       -3.69357857948205        0.30377772918579
C            0.10578920210377       -1.72682074899347       -1.23252346323259
C           -1.32688038377200       -1.75804116595593       -1.77771932542084
C           -1.34821057005875       -1.24021183989505       -3.21161976067794
C           -3.03979377355342       -1.36845403229295       -0.06420799401592
C           -3.84456531283787       -0.30392820555539        0.71275787022749
C           -5.30764529771085       -0.74306169330650        0.76472873264769
C           -2.95108683717783        2.06774501252151        0.49930870467031
C           -1.70011700372794        1.75616750469396        1.33559376501546
C           -1.81757184085063        2.42166267584859        2.70078139877808
C           -0.39634211866278        2.14190279392325       -0.68845390057289
C            0.98166745329993        2.58494351718966       -1.19397417893404
C            1.05796011188608        2.53337896553588       -2.71039317559646
C            2.45326248934060        1.85558400279190        0.60887563263389
C            3.39017361261799        0.75815949816316        1.12355233993210
C            4.84284206706231        1.05622480275693        0.74567977672822
C            4.98181734853151        0.36710430592215       -0.60833153394417
C            4.15175843349502       -0.90670022673644       -0.44175678616114
H            2.53442842101596       -2.78453399649888       -0.54640285879748
H            2.23550813208412       -4.56595854708757        0.96603320828872
H            2.39242331825167       -3.30339643550089        2.20028292478305
H            0.11430107656087       -4.76264797257706        2.15843192890785
H           -0.00386272917609       -2.99738037215955        2.31064109217228
H           -0.23436924024725       -4.63100942349678       -0.25832699853531
H           -1.38907507618102       -3.42793985884634        0.37367852591767
H           -2.02172058721944        0.09856907939861       -1.09681160935476
H           -1.72680587400015       -2.77502615996411       -1.72111040778641
H           -1.01646495269590       -0.20541900476557       -3.22100420984805
H           -2.35729376150272       -1.29559015340430       -3.61215796212687
H           -0.68269496177513       -1.83271982496529       -3.83377101968099
H           -4.52580098466281        1.30123934431344       -0.43535081575920
H           -3.44461699679448       -0.31236571394050        1.73469491645670
H           -5.35945766162386       -1.77286453533929        1.10662019916178
H           -5.74911520303506       -0.68834080506138       -0.22921172606458
H           -5.87518998882189       -0.10872066235898        1.44158317546249
H            0.18742983299388        2.71395044662825        1.17444001928619
H           -1.54770822370083        0.67540722086767        1.44626182457938
H           -0.89472120404548        2.28953316339414        3.25911288663576
H           -2.63717002684463        1.98263320860026        3.26451517446762
H           -2.01075795453385        3.48454045321958        2.57294548214456
H            1.92131574334554        0.73495347363074       -1.02184042568147
H            1.20578231632074        3.58707635550347       -0.81207618463396
H            0.90345241735534        1.50904481821997       -3.04146540967308
H            2.02788612808772        2.88149720167736       -3.05570922299749
H            0.27841637570259        3.15794581974601       -3.13696860633336
H            3.24000860818661        0.70900310734231        2.20737638776398
H            5.51587254876284        0.60544017631739        1.47565596807853
H            5.03622699464524        2.12573610621249        0.70236344053470
H            6.01681293351691        0.15079424101781       -0.86583491817581
H            4.55047616656600        0.99321969653957       -1.38976205566748
H            3.69855450985527       -1.21442111045734       -1.38696988848949
H            4.76638958984634       -1.72758593040550       -0.05231888490533
68
 energy: -106.574122475167 gnorm: 0.002866178598 xtb: 6.7.1-6.fc44.fc44
O            1.13102072644951       -0.67019221431691        1.52183030250965
O            0.92731734359599       -0.88713211280583       -1.60015308960800
O           -3.21626494000688       -2.55478687047602        0.16885444978125
O           -3.20037788594145        3.19646855258572        0.13867552024457
O           -1.22807215587899        1.62520256023489       -1.41802603795299
O            2.25113071317632        2.85788478939096        1.27342463606747
N            0.45375311013680       -2.66047619163496       -0.34416472418858
N           -2.16010194460425       -0.90376531251536       -0.95037169203501
N           -3.76754796041310        1.03470676146513        0.17982394498362
N           -0.55907360887430        2.30636593438435        0.62566448408002
N            1.95821126317583        1.66736679331428       -0.62255516609269
N            3.13564647193591       -0.54198977450121        0.52825450025040
C            1.97793995940708       -1.17118965666299        0.80294351960230
C            1.79315327114469       -2.58008330033310        0.22923015703485
C            1.80797896611191       -3.63418964415443        1.34281227017590
C            0.32671194059847       -3.81294081282937        1.67068851388416
C           -0.33592197636016       -3.69162761645751        0.30254733978254
C            0.10710099476462       -1.72508195618263       -1.23326948072862
C           -1.32625975139152       -1.75609158492084       -1.77785471947422
C           -1.34849349589113       -1.23923408951812       -3.21209405019989
C           -3.04011968057320       -1.36792097599198       -0.06443517674828
C           -3.84529782621886       -0.30396889094735        0.71354553543313
C           -5.30834568135971       -0.74409828079247        0.76729072585874
C           -2.95156645328143        2.06720327415408        0.49831815930851
C           -1.70051477584153        1.75539132002267        1.33451100258586
C           -1.81934769515139        2.42081763675557        2.69978888728116
C           -0.39452479486497        2.14046340752763       -0.68835872614943
C            0.98284923324716        2.58394351305389       -1.19337541316842
C            1.05958647297290        2.52987602751406       -2.70995204169384
C            2.45442898223491        1.85482395916304        0.60929374124119
C            3.39125117308079        0.75771090547512        1.12446374520539
C            4.84375311224534        1.05653710469369        0.74620675937210
C            4.98183867432941        0.36958345582521       -0.60910458297976
C            4.15237359912791       -0.90491337867512       -0.44359184124296
H            2.53539061230761       -2.78572177911449       -0.54570860544568
H            2.23350493705949       -4.56619783815689        0.96759518705597
H            2.38935407835707       -3.30427121280415        2.20244185127155
H            0.11100904893234       -4.76068426449664        2.15786344846523
H           -0.00499273421473       -2.99476756589654        2.30907448612703
H           -0.23609770310363       -4.62885000069669       -0.25993457151574
H           -1.38979118029603       -3.42503889109349        0.37155406501661
H           -2.02067012675106        0.09991174853018       -1.09285060926328
H           -1.72560214456719       -2.77328496662591       -1.72100132121776
H           -1.01786492608584       -0.20365756391875       -3.22206704305026
H           -2.35687745279964       -1.29452056212944       -3.61236484049782
H           -0.68291570010535       -1.83113615849496       -3.83481775663633
H           -4.53012230753773        1.30198675365023       -0.42975747874728
H           -3.44501078042220       -0.31587220627143        1.73575471243209
H           -5.35927333637232       -1.77136966343467        1.11680776513605
H           -5.74940010170597       -0.69719282228622       -0.22672883474001
H           -5.87608729028121       -0.10561973058944        1.43940985286802
H            0.18624580442229        2.71655926397977        1.17471561140617
H           -1.54966350669240        0.67428661429237        1.44482529630442
H           -0.89730090241351        2.28699673843567        3.26014972035143
H           -2.63997935627996        1.98231839371201        3.26253439815600
H           -2.01214390841252        3.48344039757975        2.57052928153636
H            1.92616331514841        0.73485957576602       -1.02333538715126
H            1.20604046225676        3.58607093683838       -0.81182973512023
H            0.90654215503687        1.50541005711835       -3.04039347423400
H            2.02933216013839        2.87881220696526       -3.05527056360662
H            0.27925417541221        3.15190426406244       -3.13850569669117
H            3.24028689809114        0.70918223312054        2.20787406490292
H            5.51708158073623        0.60401062825556        1.47461152044679
H            5.03767718380679        2.12598182832158        0.70528221986494
H            6.01645357959909        0.15338232795677       -0.86696102911986
H            4.55029330986806        0.99661532752635       -1.38958076501002
H            3.69775177401541       -1.21109676343640       -1.38851741670029
H            4.76785168879528       -1.72570899164613       -0.05615475277606
68
 energy: -106.574132998995 gnorm: 0.002117257108 xtb: 6.7.1-6.fc44.fc44
O            1.13316446194172       -0.67088318020680        1.52443549279278
O            0.92769738276006       -0.88543839522712       -1.60075539475439
O           -3.21580985747562       -2.55408976911567        0.16972567439655
O           -3.20042479615927        3.19504839238071        0.13535244703783
O           -1.22637744566846        1.62280276537752       -1.41874318009713
O            2.25107852416917        2.85778975608258        1.27311131277038
N            0.45391857319757       -2.65884325783112       -0.34449884968183
N           -2.16169355077207       -0.90345217336220       -0.95137243608205
N           -3.76927145972496        1.03389518298363        0.18143045213495
N           -0.55905080188328        2.30582203482785        0.62508195057075
N            1.95906037661548        1.66608983256166       -0.62236619231407
N            3.13635001285083       -0.54188223655375        0.52830299600715
C            1.97913611467555       -1.17140307178931        0.80402524087670
C            1.79311534056319       -2.57972560125543        0.22968400331046
C            1.80613038363751       -3.63427165914295        1.34289993251962
C            0.32452956832468       -3.81157162640542        1.67002343321720
C           -0.33709548278248       -3.68937625941791        0.30153903299467
C            0.10732895916668       -1.72286740924139       -1.23327679570851
C           -1.32611022655106       -1.75451603515624       -1.77796072291567
C           -1.34825362116234       -1.23798953174033       -3.21226477995656
C           -3.04125773225076       -1.36823567784565       -0.06550670692619
C           -3.84537961747674       -0.30520617084733        0.71445253769856
C           -5.30835663794087       -0.74581408932705        0.77004537941730
C           -2.95152601492543        2.06595675505191        0.49699097301365
C           -1.70061892723647        1.75467201234223        1.33323561928764
C           -1.81975117024227        2.42011267621804        2.69862757899179
C           -0.39361035962337        2.13900758012450       -0.68888578419282
C            0.98382446734386        2.58274433478834       -1.19357532376324
C            1.06130370154280        2.52894064443087       -2.70975226758306
C            2.45498460900323        1.85434158581552        0.60937022638442
C            3.39196953486861        0.75745034720136        1.12512865627400
C            4.84436654563840        1.05672047617201        0.74677332979734
C            4.98209462269991        0.37105074560014       -0.60942426570605
C            4.15246710843119       -0.90371823664057       -0.44449441258226
H            2.53593946458000       -2.78634841994653       -0.54439909074986
H            2.23094106652829       -4.56632487787199        0.96745667029301
H            2.38673748287721       -3.30574156408696        2.20346410539284
H            0.10775115761251       -4.75926007588117        2.15699545745544
H           -0.00634032149046       -2.99258435623096        2.30807684393985
H           -0.23762759144997       -4.62651776750322       -0.26131821958644
H           -1.39088084103627       -3.42232666914515        0.36959000302265
H           -2.02255439518952        0.10086387944274       -1.09146650093283
H           -1.72460857539564       -2.77197067294013       -1.72164884040470
H           -1.01924336147396       -0.20193038354798       -3.22241591669849
H           -2.35660484539208       -1.29394352818806       -3.61271899565127
H           -0.68209910615698       -1.82905292263199       -3.83551617368128
H           -4.53259682454116        1.30070537034838       -0.42715695415054
H           -3.44433057842978       -0.31825645634076        1.73589277816637
H           -5.35840077958957       -1.77191661737074        1.12354418652635
H           -5.75007015654722       -0.70289364922764       -0.22346759460617
H           -5.87548749870112       -0.10510526931331        1.44026481155897
H            0.18564950823839        2.71821831772673        1.17400222666338
H           -1.54907910501228        0.67363634935412        1.44299316593229
H           -0.89799260624345        2.28488138727817        3.26012071552964
H           -2.64076867452746        1.98238579670564        3.26145898964943
H           -2.01199350323996        3.48247363358716        2.56783351437821
H            1.92866673243275        0.73365336563798       -1.02351754358838
H            1.20697082800847        3.58492406476862       -0.81296448816589
H            0.90921208228079        1.50388030298760       -3.03888920201325
H            2.03104942570145        2.87814114033332       -3.05494387703615
H            0.28068382199965        3.14969866082513       -3.13948824171515
H            3.24073804006876        0.70946048408301        2.20835075805614
H            5.51860445767886        0.60414472342309        1.47449493088085
H            5.03816942632495        2.12618726741810        0.70703980969576
H            6.01656333464642        0.15447877321315       -0.86685307022963
H            4.55056817119929        0.99876763068268       -1.38912216680748
H            3.69719094161180       -1.20935190122802       -1.38918160779133
H            4.76796492409712       -1.72473511035062       -0.05776458832417
68
 energy: -106.574141777117 gnorm: 0.001700977881 xtb: 6.7.1-6.fc44.fc44
O            1.13474770142306       -0.67126807914594        1.52772868474319
O            0.92754376234421       -0.88317822902311       -1.60100909759129
O           -3.21574837503456       -2.55577802486534        0.16825057744469
O           -3.20018393340660        3.19294440793254        0.13121753017062
O           -1.22497946935740        1.62138428607255       -1.41967066715355
O            2.25065697671790        2.85801721593841        1.27337271770402
N            0.45394314533999       -2.65683021080133       -0.34476855875208
N           -2.16301503806026       -0.90307011523561       -0.95196506220822
N           -3.77097874987830        1.03274231228736        0.18344140044766
N           -0.55877798474020        2.30548926233180        0.62409706984466
N            1.95940641133617        1.66523396954253       -0.62175675342541
N            3.13640399303237       -0.54148828600951        0.52856456945835
C            1.97977315521234       -1.17122036619355        0.80571076206214
C            1.79278212824676       -2.57892461124337        0.23030287019461
C            1.80400366091594       -3.63443253042572        1.34272304985994
C            0.32243431094454       -3.80968890953896        1.66956610989887
C           -0.33829939910717       -3.68671238396401        0.30062723089638
C            0.10725914763448       -1.72055797481141       -1.23341867610454
C           -1.32607928546858       -1.75282854823507       -1.77829399491586
C           -1.34802552435572       -1.23569788512740       -3.21234160282679
C           -3.04137707382681       -1.36931293198277       -0.06563039587245
C           -3.84528499890036       -0.30718634960906        0.71589327234300
C           -5.30792034262574       -0.74836189040603        0.77356971712355
C           -2.95117215578749        2.06433248015976        0.49530111182561
C           -1.70037460064608        1.75368799034385        1.33167848794805
C           -1.81988574617408        2.41897160575185        2.69718881189145
C           -0.39279884409440        2.13852258786982       -0.68966663524140
C            0.98519339925656        2.58246499011749       -1.19405491853009
C            1.06308504826319        2.52684433943189       -2.71043824658003
C            2.45533722591478        1.85439720328239        0.60980006915583
C            3.39256640230988        0.75745806753618        1.12585556486055
C            4.84486446744194        1.05668236655120        0.74754623933237
C            4.98226521135821        0.37206876544156       -0.60941438785905
C            4.15180218950874       -0.90256406468647       -0.44517378676113
H            2.53609050835005       -2.78656409478475       -0.54298405475072
H            2.22768401280102       -4.56658722530355        0.96656172994985
H            2.38434706515415       -3.30707593458345        2.20372610215138
H            0.10398998343689       -4.75729766469269        2.15605061777060
H           -0.00794251703573       -2.98992919554405        2.30719600907521
H           -0.23906427753077       -4.62404908041340       -0.26224214953731
H           -1.39201525675326       -3.41940410902782        0.36793042880184
H           -2.02398409885370        0.10171551990303       -1.08945163371502
H           -1.72378419708190       -2.77054621080337       -1.72328394978882
H           -1.02110785506003       -0.19944810760847       -3.22189728495943
H           -2.35673858676591       -1.29338839195220       -3.61287228034567
H           -0.68106887292334       -1.82535709680104       -3.83630458600612
H           -4.53343824039364        1.29833332450301       -0.42693320748084
H           -3.44307897224645       -0.31981583354141        1.73657284820308
H           -5.35713293822963       -1.77315950174270        1.13141656213952
H           -5.75017808368912       -0.70994128172608       -0.21972985890578
H           -5.87467595119336       -0.10478091058316        1.44142531178695
H            0.18529686190492        2.71975887947429        1.17301478638286
H           -1.54729325688926        0.67283193326544        1.44108862655694
H           -0.89816190092495        2.28436484835456        3.25837497294049
H           -2.64137520557673        1.98217992001124        3.25999055100197
H           -2.01135581822493        3.48117282556573        2.56529828799200
H            1.92960388251498        0.73262898648802       -1.02253889268022
H            1.20888007196046        3.58442011387791       -0.81189738231439
H            0.91209796864884        1.50157204247197       -3.04009997640055
H            2.03260636273335        2.87676247717679       -3.05532200668055
H            0.28237568261466        3.14764412847649       -3.13996666854589
H            3.24153992987093        0.70951903895210        2.20905159311052
H            5.52022441469112        0.60383999940597        1.47465019219104
H            5.03846823493190        2.12617789030755        0.70845968577117
H            6.01665704189379        0.15489407786313       -0.86657344219256
H            4.55076132948160        1.00077511997075       -1.38798585549552
H            3.69579582426098       -1.20751841250190       -1.38970024200146
H            4.76746472541063       -1.72446688688144       -0.05975284516999
68
 energy: -106.574147958408 gnorm: 0.001831762662 xtb: 6.7.1-6.fc44.fc44
O            1.13565264264057       -0.67159930657635        1.53137666190167
O            0.92672736531404       -0.88070444213219       -1.60091554046449
O           -3.21521449704582       -2.55762105869420        0.16684280792829
O           -3.19698722707367        3.18890479426516        0.12437816215387
O           -1.22395365003005        1.62055936544099       -1.42064865194289
O            2.24974186627757        2.85846598679691        1.27410398785301
N            0.45352788547933       -2.65475617828865       -0.34512064329243
N           -2.16441349901155       -0.90298733923976       -0.95257235451497
N           -3.77222278020286        1.03078622715204        0.18592040076822
N           -0.55807786348282        2.30535862153587        0.62233329778310
N            1.95952083869664        1.66436301228097       -0.62056547350929
N            3.13596551575902       -0.54073413665515        0.52931399916022
C            1.97994179826638       -1.17081718582078        0.80792414061893
C            1.79209705452256       -2.57781969932325        0.23090530706079
C            1.80159350226883       -3.63461613833030        1.34235229770511
C            0.32027970732495       -3.80721416375755        1.66922247812558
C           -0.33951114583552       -3.68407764725334        0.29968216282885
C            0.10672946352100       -1.71858003418010       -1.23384764736179
C           -1.32637047347039       -1.75140418305191       -1.77913272217789
C           -1.34822004988156       -1.23242270299631       -3.21250387504195
C           -3.04142219277287       -1.37087619105627       -0.06565570317390
C           -3.84476000550563       -0.30993252809436        0.71804701203728
C           -5.30673535624955       -0.75201958858245        0.77857271311678
C           -2.94975866253228        2.06184240052357        0.49235177846927
C           -1.69936127406139        1.75239931054808        1.32986252149720
C           -1.82006179935326        2.41813640239257        2.69492002745824
C           -0.39197180374969        2.13856615246068       -0.69097983949496
C            0.98694221032890        2.58175255364311       -1.19519844226695
C            1.06587688299217        2.52634255623363       -2.71128350123214
C            2.45536949532082        1.85480469505833        0.61085284801467
C            3.39306098951532        0.75794962111729        1.12691136400867
C            4.84512123937973        1.05663942215390        0.74852561890414
C            4.98194047756253        0.37245680316084       -0.60888856217924
C            4.15031671603642       -0.90167945203011       -0.44570910443627
H            2.53576666614944       -2.78579585567784       -0.54177596912411
H            2.22360614390590       -4.56750169877561        0.96531838902775
H            2.38236853306584       -3.30803246293679        2.20317369096054
H            0.09963066105909       -4.75444590238727        2.15563903850344
H           -0.01004668798380       -2.98677270810758        2.30608024702176
H           -0.24023771105208       -4.62192495626196       -0.26261960389688
H           -1.39314018943988       -3.41676909320256        0.36656295133430
H           -2.02551641698185        0.10217115764721       -1.08804321293762
H           -1.72332765827958       -2.76950064835205       -1.72612173930264
H           -1.02224378727017       -0.19573654352767       -3.22034677629490
H           -2.35643219973595       -1.29076065270936       -3.61355987220032
H           -0.68035406443319       -1.81998193615943       -3.83733292124154
H           -4.53285184792384        1.29440947988755       -0.42729232405845
H           -3.44065128699157       -0.31999738415421        1.73842525031005
H           -5.35542609371319       -1.77485201316963        1.14190813731148
H           -5.74933922478347       -0.71966366314806       -0.21496074461511
H           -5.87367278362602       -0.10450807879658        1.44281363291305
H            0.18513674078416        2.72114709787350        1.17124590069490
H           -1.54606590087075        0.67146592078012        1.43989061735677
H           -0.89879669397890        2.28206653860798        3.25748443341821
H           -2.64222744950037        1.98180129905677        3.25712657883478
H           -2.01073363567305        3.48058165955620        2.56238041978681
H            1.92937971017088        0.73127848976359       -1.01988078612776
H            1.21087084200303        3.58388709505227       -0.81407845684394
H            0.91502600502499        1.50048130287480       -3.03946835682107
H            2.03522191183773        2.87646542583844       -3.05636930838543
H            0.28496346208490        3.14671400119417       -3.14125513449271
H            3.24277611722714        0.70920653703087        2.21026177383522
H            5.52134155151327        0.60338778481340        1.47478479361641
H            5.03849794981030        2.12619105945658        0.70936784571262
H            6.01625621354680        0.15479779369916       -0.86637740301765
H            4.55045332732766        1.00243702959130       -1.38602627995595
H            3.69329420404635       -1.20548029543072       -1.39021787718716
H            4.76576490875727       -1.72483008176447       -0.06200940820115
68
 energy: -106.574152203039 gnorm: 0.001233337357 xtb: 6.7.1-6.fc44.fc44
O            1.13559750768196       -0.67224964715544        1.53223531523269
O            0.92665609656710       -0.88035175046645       -1.60051099447659
O           -3.21609615077956       -2.55824656259617        0.16585033524155
O           -3.19671254724331        3.18794657015268        0.12170743081392
O           -1.22292890106935        1.62053016988348       -1.42154454218602
O            2.24997379317173        2.85875394888482        1.27461406647119
N            0.45317988323466       -2.65458433474263       -0.34528284822205
N           -2.16446055845046       -0.90332808674019       -0.95261205005613
N           -3.77283685644214        1.03012263264404        0.18708183081990
N           -0.55731901449426        2.30516960464240        0.62141494543742
N            1.95993210369309        1.66509293361935       -0.62020332482160
N            3.13562245748327       -0.54071580302281        0.52978229247736
C            1.97963328152697       -1.17102193668698        0.80827522807689
C            1.79176270395526       -2.57784155221829        0.23107676355546
C            1.80082896830471       -3.63476594055539        1.34258428002993
C            0.31931967896911       -3.80666007050623        1.66908768925415
C           -0.33994228991790       -3.68398922975652        0.29924101806103
C            0.10665339267528       -1.71851946293725       -1.23401845205798
C           -1.32632514931068       -1.75116587206055       -1.77984030192521
C           -1.34828930006855       -1.23053829235327       -3.21268779042582
C           -3.04118837581588       -1.37123135679308       -0.06541702446107
C           -3.84411577071046       -0.31078946236432        0.71896857489847
C           -5.30580448536935       -0.75352831530638        0.78102114452010
C           -2.94922124596087        2.06081100952995        0.49091038972387
C           -1.69865781998668        1.75251056525517        1.32872288317650
C           -1.82019889050118        2.41797740095896        2.69375774259541
C           -0.39111785162021        2.13876683751629       -0.69179326747779
C            0.98775600240599        2.58213464657221       -1.19552465229738
C            1.06717632032449        2.52591049269612       -2.71170299308679
C            2.45547230701252        1.85520177503995        0.61150182908804
C            3.39283044849876        0.75810028559364        1.12734319189032
C            4.84480045234549        1.05642911526458        0.74886326640280
C            4.98122518029855        0.37223959278431       -0.60853102101439
C            4.14958953862043       -0.90171144269618       -0.44561091756691
H            2.53550746658752       -2.78505869095322       -0.54167416848965
H            2.22241108756318       -4.56774931402163        0.96558267268775
H            2.38215332333453       -3.30834192792947        2.20315989719990
H            0.09812682172964       -4.75339096898577        2.15645642223683
H           -0.01117498276852       -2.98614202234266        2.30546886548310
H           -0.24025600982132       -4.62198847697519       -0.26265954115826
H           -1.39366743042259       -3.41674202107125        0.36570764276777
H           -2.02535541921537        0.10187782353433       -1.08794039458558
H           -1.72304111865628       -2.76956624618259       -1.72764267651078
H           -1.02258146098473       -0.19350379221371       -3.21929822849914
H           -2.35631496077142       -1.28839004849053       -3.61412303655728
H           -0.67996205489806       -1.81692410920000       -3.83786147670839
H           -4.53385412289244        1.29257436738455       -0.42543526758217
H           -3.43818583666203       -0.32030889578742        1.73828503557563
H           -5.35417467806575       -1.77546188166355        1.14590088889820
H           -5.74894858708873       -0.72315605934654       -0.21236624561964
H           -5.87295134590421       -0.10532116380163        1.44422174275858
H            0.18518674444241        2.72135905751006        1.17046197191005
H           -1.54446090992109        0.67179207475973        1.43879611449169
H           -0.89936984410653        2.28309293746770        3.25613725436972
H           -2.64255834417868        1.98087591639117        3.25535401776015
H           -2.01071273938688        3.48049878482886        2.56251091356945
H            1.92909487207326        0.73181581885683       -1.01910500340994
H            1.21090083778543        3.58435537683855       -0.81450200029178
H            0.91619597237797        1.50063729514465       -3.04088786014656
H            2.03653224538393        2.87613622754466       -3.05654935369759
H            0.28638931422527        3.14604284309391       -3.14224294727816
H            3.24260240618983        0.70890664380232        2.21082174382984
H            5.52015245083374        0.60360629209886        1.47573437077342
H            5.03837764492052        2.12599974099646        0.70937483216459
H            6.01548835124491        0.15468381918838       -0.86650757425365
H            4.54979819194507        1.00252374888331       -1.38548957719063
H            3.69221673456332       -1.20480169963962       -1.39026152329967
H            4.76429515854059       -1.72498826493633       -0.06208249665055
68
 energy: -106.574155169597 gnorm: 0.000913325294 xtb: 6.7.1-6.fc44.fc44
O            1.13486608127296       -0.67269801580938        1.53258471226594
O            0.92703827082486       -0.88030323630976       -1.59990868136708
O           -3.21665310929578       -2.55864954827809        0.16559650901907
O           -3.19461562955889        3.18666106327728        0.11856989359933
O           -1.22183049969780        1.61992405998144       -1.42257346392932
O            2.25024262824518        2.85913124558193        1.27450736524184
N            0.45286593707503       -2.65473726193803       -0.34531568852324
N           -2.16451980873216       -0.90387398280020       -0.95229851370886
N           -3.77336154151940        1.02966930410101        0.18827902452841
N           -0.55657495027773        2.30456231743226        0.62054784679680
N            1.96065082221169        1.66625637972251       -0.62064042600091
N            3.13484248322975       -0.54075452498002        0.53020127531984
C            1.97884153015845       -1.17130005127411        0.80843952671122
C            1.79141514235418       -2.57811074779696        0.23115319630168
C            1.80027525996012       -3.63483815145706        1.34296269319409
C            0.31835153996876       -3.80660090586262        1.66887612544327
C           -0.34028860408590       -3.68449012173153        0.29880147259921
C            0.10682196889350       -1.71854482373816       -1.23392096517922
C           -1.32609618741693       -1.75075924360851       -1.78038932143733
C           -1.34806405930497       -1.22814325207929       -3.21258922268580
C           -3.04130327327933       -1.37162751116269       -0.06507644076654
C           -3.84357772622907       -0.31101559826269        0.72004036794244
C           -5.30503718182227       -0.75445378292081        0.78374616690910
C           -2.94875398808491        2.05995711793190        0.48961231601064
C           -1.69810055637002        1.75204692853878        1.32751078252751
C           -1.82039400063170        2.41771334504250        2.69234141496176
C           -0.39032043489884        2.13849344002169       -0.69281432539480
C            0.98811507967263        2.58256463347178       -1.19604753809140
C            1.06830717967345        2.52616807718004       -2.71210286093901
C            2.45544117206196        1.85567154181863        0.61150451313386
C            3.39195142818524        0.75820026746486        1.12753880227971
C            4.84405865429690        1.05630096852184        0.74910041715459
C            4.98042259411660        0.37222240777871       -0.60813953312923
C            4.14883283813588       -0.90150960276788       -0.44522243484305
H            2.53509040058746       -2.78490677338398       -0.54193588515862
H            2.22158672849324       -4.56770524393781        0.96608957713638
H            2.38210934820945       -3.30873369894281        2.20347052201331
H            0.09702163602391       -4.75281012538368        2.15681299394568
H           -0.01218137500455       -2.98600992606544        2.30497369149562
H           -0.23983063873616       -4.62242606749813       -0.26290114567764
H           -1.39417960618743       -3.41750028184271        0.36447923527435
H           -2.02533005056268        0.10131666717685       -1.08769107323532
H           -1.72244572837186       -2.76947074513809       -1.72907669767300
H           -1.02319387345368       -0.19095018997152       -3.21746414239655
H           -2.35630220978552       -1.28701245616970       -3.61419886015545
H           -0.67895127044841       -1.81331580359123       -3.83803876846710
H           -4.53432724734255        1.29203769917662       -0.42529323136193
H           -3.43622451537567       -0.32068739051165        1.73859935428545
H           -5.35241099742221       -1.77583946283104        1.15024325654732
H           -5.74884015818271       -0.72564560990883       -0.20936234447508
H           -5.87234384205562       -0.10610234033553        1.44638977108023
H            0.18532625834046        2.72134939867851        1.16971400688660
H           -1.54403169552394        0.67143631603999        1.43836582218418
H           -0.90018223720180        2.28241432011104        3.25569377343328
H           -2.64341498863391        1.98091658480497        3.25270784411663
H           -2.01103631172169        3.48043015827381        2.56177108180201
H            1.92937221075439        0.73292959704527       -1.01960115463912
H            1.21079534650835        3.58518512695968       -0.81524281395833
H            0.91820170349924        1.50036127728635       -3.04047753867462
H            2.03793928119554        2.87645104176990       -3.05613035263645
H            0.28770768276652        3.14625490743683       -3.14308481470909
H            3.24126741575882        0.70891054392151        2.21103563098051
H            5.51846994980961        0.60300839281478        1.47646102702994
H            5.03820841458017        2.12580952199477        0.70943545449942
H            6.01463034733619        0.15481707572565       -0.86654644090651
H            4.54920554800511        1.00251709666284       -1.38542785223142
H            3.69131049564782       -1.20379944173029       -1.39012399976049
H            4.76378960638771       -1.72496125686323       -0.06241588030005
