68
 energy: -104.695353276555 gnorm: 2.822753742045 xtb: 6.7.1-6.fc44.fc44
O            1.24322301923899       -0.26131571510738        1.56477360759591
O            0.90775897012996       -0.70018035148187       -1.49049921008276
O           -3.47982644260776       -2.31079234210753       -0.04298873233176
O           -3.31962884195833        2.96681678920325        0.29690470038263
O           -1.22543934009529        1.73012591899698       -1.46863033614786
O            2.52277215299428        2.64311341112090        1.28507313739980
N            0.40899251524364       -2.19676740836358       -0.20664687665382
N           -2.35564187209176       -1.07320735361588       -1.01547987740579
N           -3.82715359424317        1.08172567033217        0.32883598307362
N           -0.55356133397362        2.09941939953947        0.62716716827079
N            1.83922933541784        1.63526789661261       -0.62295730892155
N            3.24883389634912       -0.32549687826858        0.36934323070573
C            1.98926865674549       -1.21111146895379        0.76925084648547
C            1.78518331849943       -2.48385043487016        0.32003918743945
C            1.49423729228819       -3.28077357400296        1.69092366012190
C            0.51261224364101       -4.38760042498381        1.17668114134845
C           -0.40214088199589       -3.32296098515623        0.69677033728762
C            0.23924381850312       -1.56349914225070       -1.17314713625486
C           -1.07593097334725       -1.79734092947755       -1.85745846219082
C           -1.42704371908865       -1.32639736263829       -3.10044745543833
C           -3.01108353204383       -1.51338985557385       -0.15045794354326
C           -3.93983041406042       -0.40860487172619        0.54883710593600
C           -5.45633618872071       -0.89058492232369        0.67492835775137
C           -2.91038032475105        1.75229359500303        0.49245990399138
C           -1.69261977212476        1.54479137894274        1.33772044212147
C           -1.79347689617096        1.92240128937895        3.01704739691482
C           -0.53418467152450        2.13993425937878       -0.58623100026832
C            1.12648686234475        2.55264548961522       -1.09844927223724
C            1.05527352254580        2.66031035276773       -2.70988377894425
C            2.58185295328537        1.98019794787398        0.49605493421700
C            3.45008074582178        0.85941687470942        1.10365509465780
C            4.91098034985946        1.24691282040166        0.54083807480010
C            4.98322135672230        0.36468644234918       -0.93581264197979
C            4.04051539925868       -0.86337550742390       -0.47895023676034
H            2.39082317069643       -2.71884221680185       -0.42053629450849
H            2.24168096598198       -3.73820308943165        1.76553252228962
H            1.18631589515402       -2.56036480307855        2.48716610370329
H            0.62362288611484       -5.13734911686247        0.69890744024459
H           -0.09873251276742       -4.73975770425232        2.35069170695758
H           -1.20831781500541       -3.77353243678605       -0.09051610128467
H           -1.17536411817167       -2.61730877156828        1.45073881462679
H           -2.02648967270871        0.14377879707488       -0.99403686568755
H           -1.72899017131896       -2.74846665985019       -1.84713190889080
H           -0.51915598551878       -1.47339153968778       -3.62913012502028
H           -0.93747783585738        0.05046074700619       -3.36365025620407
H           -2.20646857359032       -1.42245620593118       -3.55348847882098
H           -4.54028295932539        1.28336575880018       -0.47733816281996
H           -3.39717890340673       -0.58249804942127        1.66768729812095
H           -5.70637768193799       -0.59119319743270       -0.47178818341007
H           -6.10008197809428       -0.29706947086330        1.67686443914485
H           -5.55443822988236       -1.95681677876015        0.99833530736077
H            0.34399817061520        2.60795485578569        1.35514358153115
H           -1.56216725491883        0.27574708621513        1.35428041470227
H           -2.43287100643430        1.88965119263707        3.30928513046568
H           -1.76149386055680        3.14854162361728        2.66683739488701
H           -0.88947652222154        1.75862059248581        3.37087877856917
H            1.95211984368685        0.98268273723382       -0.92368346661041
H            0.97493609821993        3.60839619325339       -0.62944310304681
H            0.66958116530895        1.63724881121545       -3.09474180194210
H            2.00506768204068        3.11939505042750       -3.19641694879919
H            0.12235793454751        3.23475329263252       -3.09200517571647
H            3.63065744415187        0.85347816455746        2.09348570613611
H            5.72716038975612        0.72996149041384        1.00600162754354
H            5.22238304683396        2.28805028230612        0.22141930598475
H            5.71590190146059        0.09256822404666       -1.15621651642769
H            4.47360357544885        0.79273097480093       -1.59975900872584
H            3.57172903691127       -1.52045253311566       -1.30773487826919
H            4.70764248897243       -1.84815366612360       -0.26442289087140
68
 energy: -105.774321394138 gnorm: 0.973483647368 xtb: 6.7.1-6.fc44.fc44
O            1.25260555707435       -0.28395200483972        1.55251544220041
O            0.92412657290286       -0.68152410606243       -1.50596927751970
O           -3.53681049445173       -2.44438816544133       -0.01616951261274
O           -3.30679252459073        2.97591511866045        0.29496847694676
O           -1.23461627477573        1.72522139915545       -1.47257582941266
O            2.51101256823894        2.70756224306834        1.33007300471061
N            0.40569748049878       -2.23680821596956       -0.17093628047015
N           -2.30918514589803       -1.02518454405772       -1.04090405971165
N           -3.85933168447249        1.04568320679313        0.31607373077926
N           -0.54696328445972        2.10527663233295        0.65455883001489
N            1.84361032610119        1.69296037355412       -0.58963110390528
N            3.22786369288737       -0.34534759602494        0.38364800309915
C            1.99678332547207       -1.16415688912689        0.78563727695020
C            1.77258940976921       -2.47433500164117        0.33739647274121
C            1.47647812502292       -3.26822035922216        1.68053287629566
C            0.49149107063031       -4.35372257464044        1.21272485254560
C           -0.42834568242622       -3.31498523488746        0.68174312089995
C            0.21875852997431       -1.56164365164935       -1.18534610870086
C           -1.09841729928517       -1.79930444466476       -1.84452898059248
C           -1.39377355878765       -1.30056121589041       -3.10700318130821
C           -2.99432214258128       -1.43972578723932       -0.15413697565538
C           -3.94119273515806       -0.39787337356053        0.57203341750567
C           -5.45302358109538       -0.88154992588932        0.67605171444836
C           -2.89885732807871        1.78571163649518        0.50605848432095
C           -1.68602360441656        1.52885954386975        1.34499540602620
C           -1.70644814489389        1.94768825472386        2.95178762255032
C           -0.51832566095705        2.14125647840734       -0.60142585145492
C            1.09228783089011        2.58778247118579       -1.11048816725589
C            1.04870165061346        2.66024531621499       -2.71095695396276
C            2.58445179664534        1.94897136390294        0.48162003080341
C            3.46809908014462        0.85120992879505        1.07883528790088
C            4.91394492485877        1.24052052168361        0.52420542712657
C            4.93902873930562        0.37084283941674       -0.90238766661203
C            4.05442955824826       -0.87896860568514       -0.49397251092621
H            2.39867124499420       -2.72685487649677       -0.42776184374049
H            2.28351848409302       -3.75961150492278        1.77555391717041
H            1.18446585527423       -2.56383386301027        2.48294308301865
H            0.63123344521779       -5.16097756403292        0.68353091145935
H           -0.09191608762900       -4.73802359718545        2.33715589980323
H           -1.20393799982676       -3.77006778449828       -0.08524475962718
H           -1.16302118367977       -2.62669250363497        1.44289336555619
H           -2.02739338974895        0.13452403494546       -0.99834295063064
H           -1.72067317487746       -2.75040629251433       -1.84410258816588
H           -0.51172470834594       -1.48174449941938       -3.64001230788992
H           -0.94744381795636        0.03964996803417       -3.35640490212295
H           -2.23295319137480       -1.42355654921562       -3.57048847690564
H           -4.53855839269496        1.28311130013787       -0.47102803956758
H           -3.40335036342044       -0.57934901718038        1.66049735118101
H           -5.71121806329725       -0.59606811335124       -0.45780656445994
H           -6.09137112352595       -0.30216547466172        1.66023272764896
H           -5.55304860148501       -1.95084039208876        0.99277663320466
H            0.33164513942089        2.60050907391601        1.34499146831730
H           -1.56081592745938        0.28723053894215        1.35398427355088
H           -2.55606214080932        1.87919378660981        3.35445952620472
H           -1.75845261397471        3.14248968417014        2.67288981535735
H           -0.85753305332964        1.75442393522702        3.37276834660017
H            1.96900009034420        0.88620529415029       -0.96472697032812
H            0.98127460082514        3.60690237434526       -0.63235010216009
H            0.67801351639591        1.64208708928753       -3.09203791230004
H            1.99674706638651        3.11318725741619       -3.19191612212982
H            0.12988575918746        3.23505436151403       -3.08691979952940
H            3.62703827389658        0.85258900347296        2.10220238046885
H            5.72746817519763        0.73147842335933        1.01098778020220
H            5.21783942746984        2.28329378653950        0.22588886125187
H            5.78136553064435        0.06980129195666       -1.16738502193706
H            4.45127562861613        0.81080333111222       -1.61783716228393
H            3.56948902433455       -1.51016455980822       -1.31111457727059
H            4.71071570246305       -1.84129393243945       -0.25682381115892
68
 energy: -106.215534439805 gnorm: 0.544493612428 xtb: 6.7.1-6.fc44.fc44
O            1.26890643894638       -0.32838006124079        1.53117008007536
O            0.93835248911619       -0.67846400467870       -1.52140198592079
O           -3.52984748390350       -2.48975393065666       -0.01410833129283
O           -3.27954462207674        2.99012638873595        0.29106232132700
O           -1.24891620912690        1.71711963039811       -1.46725053372388
O            2.49136159180709        2.76539335515585        1.34768348073325
N            0.39254976637806       -2.28851669704452       -0.13696529475711
N           -2.25847142926364       -0.98601807207724       -1.04766091111993
N           -3.88080230851501        1.00284532967832        0.29983733156696
N           -0.53362648132612        2.11554205695870        0.68489558636946
N            1.86462416170203        1.70604367652760       -0.58028619195549
N            3.20213851715653       -0.38684543694030        0.40545772626886
C            2.01202373942894       -1.08743632528064        0.81059888620592
C            1.75429384682141       -2.44526969379072        0.36716783891183
C            1.48180672558702       -3.26790458343332        1.66586387933182
C            0.44978621869934       -4.31744363051101        1.26194430393051
C           -0.47571994800548       -3.29980148822284        0.65137460095750
C            0.18708077892971       -1.56366092338766       -1.18446597372796
C           -1.14630045518847       -1.78441928242551       -1.82255409595734
C           -1.35373667036381       -1.24726070288225       -3.13355245601501
C           -3.03907144546780       -1.42509890733432       -0.15143584316620
C           -3.94136853183736       -0.40269315924684        0.61785056730441
C           -5.44629941887901       -0.86397434275499        0.68215892450851
C           -2.90746913062074        1.82125274701716        0.53617022992043
C           -1.67577127428886        1.50308339914693        1.36272842460792
C           -1.71426589943910        1.98841561519490        2.90087831669895
C           -0.48973320849141        2.13795474321630       -0.61502377992210
C            1.03831031782561        2.61414364187571       -1.13221002427910
C            1.03260030778078        2.66158145947679       -2.71012187862586
C            2.58219303725565        1.92820528004062        0.50132137357078
C            3.50050363455522        0.84513228852279        1.04434595412205
C            4.92180190409693        1.21656925061887        0.48235435447419
C            4.91797407881997        0.35845736982419       -0.87408295051749
C            4.07327722260351       -0.90610876198293       -0.51102912194576
H            2.40311169850819       -2.73737226757535       -0.42394621884300
H            2.33702981742163       -3.78238068467056        1.79629084695652
H            1.18360352942323       -2.57586585061428        2.47078255858189
H            0.63972516408766       -5.16260170222044        0.68189061916800
H           -0.07408689105522       -4.72979736035367        2.30070659230017
H           -1.20071373974716       -3.76228905125860       -0.07630226755994
H           -1.13563102653025       -2.64979993497899        1.42069167221141
H           -2.03132557330193        0.10699807702310       -1.00846792504246
H           -1.70173841282537       -2.75413437989891       -1.83689726370207
H           -0.49182295036380       -1.50929176073555       -3.67156451872474
H           -0.97669181303146        0.00934515557078       -3.33298531674734
H           -2.25239609986757       -1.41766437059269       -3.59333560120267
H           -4.53406299684475        1.28101464411148       -0.45702867606636
H           -3.42039601878953       -0.57014899473151        1.65086428170221
H           -5.72552346034117       -0.60795539643437       -0.42092097457644
H           -6.06692216835096       -0.31322958750518        1.61451055694715
H           -5.54819704458840       -1.93429242727470        0.97702135501640
H            0.30041977795283        2.57974705748010        1.31942816481658
H           -1.55648170513099        0.31458487290061        1.35325779703998
H           -2.58263441484496        1.87294491426216        3.34138915314424
H           -1.75187717842860        3.12754958987764        2.68817667411324
H           -0.83273271249242        1.74303995825375        3.38017733122763
H            1.97571361225579        0.86149432563811       -0.97017535402439
H            0.99766968558936        3.60635932987836       -0.64173175190307
H            0.70030777902044        1.65143435930157       -3.08530242462115
H            1.97507741717179        3.09687905191460       -3.17900261970303
H            0.14484135236966        3.23994241630601       -3.07565351150492
H            3.61639195706805        0.85173137242725        2.10752156049253
H            5.72752401776228        0.73639857857310        1.02395377460720
H            5.20448614095864        2.27021623187476        0.23661669315554
H            5.82421587697191        0.06046789709693       -1.16965806232474
H            4.42972480507953        0.83485993636893       -1.64136934242346
H            3.56450003175901       -1.48340262639083       -1.32434603443588
H            4.71995550669399       -1.82325795967807       -0.23682712948113
68
 energy: -106.458986663369 gnorm: 0.225747292276 xtb: 6.7.1-6.fc44.fc44
O            1.27977637010774       -0.36816733150901        1.51682907236617
O            0.94427760245931       -0.69554867683149       -1.52911131050158
O           -3.50713648813203       -2.54404612194773       -0.02413320777079
O           -3.24803137640101        3.00408323660469        0.29240011588213
O           -1.25875413335593        1.71204738464714       -1.44877803614570
O            2.46935221104117        2.81535050702224        1.35435898597755
N            0.37468495019827       -2.33761503351106       -0.11740150453258
N           -2.21741757547248       -0.95015224180115       -1.03862526348017
N           -3.88700539773164        0.96802383173115        0.28620162522036
N           -0.51835772366356        2.12597351580705        0.70466482119504
N            1.88934441077789        1.72429311496753       -0.57754560736987
N            3.17942563869340       -0.43083442242932        0.43451002264802
C            2.02994331683454       -1.01593765760417        0.83041987940610
C            1.72837116587129       -2.41972057471427        0.39270612881927
C            1.49849507463678       -3.27629405608052        1.65077184533442
C            0.40861914444769       -4.28981334749936        1.31097146824047
C           -0.50950687833642       -3.27800768190176        0.62605848773135
C            0.15108860363000       -1.56513697561962       -1.17801301848127
C           -1.21078923290664       -1.74300672594625       -1.79810918618875
C           -1.31090819742313       -1.16773094843771       -3.16528827050199
C           -3.08931808268900       -1.41028797468719       -0.16236425319883
C           -3.93772551150367       -0.40886108059262        0.65782112224521
C           -5.43909612445590       -0.84682940259343        0.69662354348914
C           -2.92195014833502        1.85872988997062        0.56146493252828
C           -1.66701990189570        1.48518150694042        1.37450248724347
C           -1.71193467231660        2.02891848462074        2.84980894092594
C           -0.45269224026094        2.13327127224763       -0.62971427869231
C            0.98016344322716        2.62998046013695       -1.14381745543132
C            1.01337527710924        2.66238245593684       -2.70175372547686
C            2.57834600300679        1.91515298905518        0.53302159502935
C            3.53291649094654        0.84490799573725        1.01297296969053
C            4.92812641602197        1.18227614879745        0.43963655854283
C            4.90323912486663        0.34418232270842       -0.85838298951458
C            4.09391711160611       -0.92820054337523       -0.52217190192130
H            2.39908784370392       -2.75035516866220       -0.40867298751410
H            2.38473197374137       -3.80086400948518        1.82332242437008
H            1.18861796433889       -2.59369840276912        2.45923642322643
H            0.65039704164819       -5.14841211696773        0.68307653120764
H           -0.05345864979477       -4.70686053885312        2.25298544832257
H           -1.20002633331996       -3.75258573354482       -0.06543732295736
H           -1.10929813049142       -2.67774117043677        1.38737298942472
H           -2.03402931605819        0.06783695176496       -1.01754425486493
H           -1.67816506977803       -2.75002219208947       -1.83096588905878
H           -0.47218222431807       -1.54907971969485       -3.70700896732354
H           -1.02229734329724       -0.05610901384249       -3.29681273362424
H           -2.25440262771683       -1.40711826760080       -3.60819206793472
H           -4.52717023068184        1.27918690374450       -0.44128383260593
H           -3.44509890117941       -0.55628673786530        1.64281949494743
H           -5.74109862601018       -0.62032544197504       -0.36987895831900
H           -6.03253991193010       -0.32568414112868        1.55087315507624
H           -5.54114536224593       -1.91757358032990        0.95776189960334
H            0.25364675419516        2.54915737865522        1.28364508895057
H           -1.55123340262209        0.35566830361414        1.35640305002803
H           -2.60583793028470        1.84744106876606        3.34204514204057
H           -1.74161839452393        3.11389029563268        2.69800503265874
H           -0.82507089378262        1.73877282721176        3.37373369158363
H            1.97849332525466        0.83722527000574       -0.98291957823941
H            1.01983594200525        3.60953590917982       -0.65282656495891
H            0.72743462578747        1.66101359782246       -3.07650621897169
H            1.94879303974269        3.07658669039058       -3.15894101568340
H            0.15880093861140        3.24779239399138       -3.06451415126731
H            3.60103771224457        0.85096924883353        2.10599653317646
H            5.72673050403678        0.74172024737041        1.03896648076972
H            5.18532206337747        2.24799115637596        0.24556977633323
H            5.85885359751961        0.05958453933523       -1.18100860727974
H            4.41896634129946        0.85159947340847       -1.65710047230722
H            3.56312304587405       -1.44951706807682       -1.33748215517688
H            4.72468618832739       -1.79796363018691       -0.21477253038719
68
 energy: -106.538874161061 gnorm: 0.112084983165 xtb: 6.7.1-6.fc44.fc44
O            1.23084606245898       -0.37847551657421        1.55630363594792
O            0.94534695574164       -0.73172867106118       -1.53668799123706
O           -3.48758038665445       -2.59067038572021       -0.04052334024068
O           -3.20848729247872        3.03141446448270        0.28901303482083
O           -1.27062868942371        1.70128435169701       -1.43026019970706
O            2.44039568435503        2.85579647396518        1.35568971207119
N            0.35444954500600       -2.37152872520777       -0.11375883961248
N           -2.20756189419914       -0.93753018338966       -1.01846279633089
N           -3.87962568962874        0.95454990481144        0.28703108027303
N           -0.51811799997396        2.12222755587579        0.70031063450881
N            1.91301127395926        1.74064777663762       -0.58271560884421
N            3.19440745072535       -0.45444436013202        0.45561636628663
C            2.03376861380459       -0.98600202252340        0.84120497222371
C            1.70579728435298       -2.41341471975822        0.40998797207471
C            1.53157731386109       -3.29142917928441        1.64976897408075
C            0.39364015305193       -4.25820494954060        1.32437727209251
C           -0.53461673838536       -3.26787198190549        0.60970689436276
C            0.11825984054277       -1.56953616652410       -1.16781831482403
C           -1.25836974264957       -1.70162799237575       -1.79248777858126
C           -1.27657515555640       -1.13201945401335       -3.20395062641280
C           -3.12864234667697       -1.41878521600234       -0.17167586476030
C           -3.93634469157065       -0.41873166515845        0.68183580227682
C           -5.42298382227915       -0.84406343217218        0.70898806276882
C           -2.93157159608751        1.88599823743857        0.58558720157195
C           -1.66311861677654        1.49014239375925        1.37757204272166
C           -1.71426725586605        2.04505260095481        2.81044451896042
C           -0.43244682482317        2.11900199919265       -0.64352748198768
C            0.94241019137123        2.63686788864437       -1.14494621980553
C            0.98645076124367        2.66325877840685       -2.68490319699476
C            2.56865125584842        1.92185248523696        0.56287686247293
C            3.55544137090171        0.84960158449820        0.99414687937713
C            4.93773529324403        1.14379997478476        0.41113669951963
C            4.90833111444487        0.32536553875318       -0.87377064875403
C            4.11690005292415       -0.94147989474833       -0.52893633823165
H            2.38911409267000       -2.76869200748365       -0.38238955439344
H            2.43594995421856       -3.81872810097994        1.85710739841387
H            1.20504381449850       -2.61958261003308        2.45444984248479
H            0.66278777752564       -5.11684071546445        0.68012666730588
H           -0.04676985519983       -4.67926075807143        2.22332521206492
H           -1.22317632921210       -3.75408365659548       -0.06726033030253
H           -1.09516847569781       -2.69413821603387        1.35705077850925
H           -2.03762158047181        0.06383416469821       -1.02517610072324
H           -1.65321242121881       -2.73721042894062       -1.82463825798373
H           -0.45722811889793       -1.60443383184025       -3.74805180443736
H           -1.08053918939476       -0.09039442505946       -3.24239103082153
H           -2.24111924913864       -1.38830953751913       -3.63475793780659
H           -4.52589164980864        1.27684993439427       -0.42261872864912
H           -3.47273479076631       -0.53833833843098        1.66277941452528
H           -5.77764161968094       -0.63168560449605       -0.31169450538354
H           -5.99267064875439       -0.32026479498558        1.47733181747573
H           -5.52508748044534       -1.91002219007167        0.93273173886284
H            0.21925864070276        2.52010806633254        1.25749892268011
H           -1.53821838713665        0.39677051276672        1.36299641417334
H           -2.62251779094049        1.81261828715523        3.32986234206728
H           -1.72832234813036        3.13020568478131        2.71134237791218
H           -0.82745325266817        1.73506786863248        3.35978137993787
H            1.98357439331130        0.82709504039459       -0.99310895426326
H            1.05346759079999        3.62403285817353       -0.67318993552582
H            0.76461215027817        1.65913544837440       -3.06348631672368
H            1.92058169138856        3.05102477173567       -3.11988958381908
H            0.16223909766851        3.27058333595270       -3.05210785541093
H            3.58766155555310        0.84963337069169        2.09653132465519
H            5.72780959269643        0.74426858072099        1.05843989355912
H            5.15722580441120        2.21444652041052        0.24916684212512
H            5.89285309750992        0.05808850872069       -1.21014855626142
H            4.41552959540086        0.86071443309326       -1.67445883179314
H            3.56260705638662       -1.39630750932134       -1.36752330270652
H            4.74828003201117       -1.77116251230636       -0.17432470528285
68
 energy: -106.559275566743 gnorm: 0.089037057491 xtb: 6.7.1-6.fc44.fc44
O            1.26412999826858       -0.36444658224259        1.55572882579791
O            0.94493029008219       -0.78112137657124       -1.55439986662282
O           -3.47141509355898       -2.62092324091804       -0.06474223273982
O           -3.17051978481703        3.05639622611837        0.28973919824650
O           -1.28270627815547        1.67505131173105       -1.41689822537511
O            2.40678511827793        2.88683603356871        1.35039795591106
N            0.33770026746828       -2.39595544780145       -0.11986080713134
N           -2.21104900950959       -0.93157275888145       -1.00173562161298
N           -3.86515275862506        0.95426114019179        0.29146197640632
N           -0.53072669659093        2.11410601530667        0.68488336793519
N            1.93547211164791        1.75653839295973       -0.59156146759699
N            3.20058552072566       -0.46202303774926        0.47667149531806
C            2.02669155840596       -0.98060500571214        0.85359702948542
C            1.68338521832979       -2.41313208627578        0.42922017540925
C            1.55810201738773       -3.30784209438721        1.65891018723246
C            0.39453375282105       -4.23473476893533        1.31727340530499
C           -0.55387667697084       -3.27145848206380        0.59978240895473
C            0.09540579895731       -1.58667841733944       -1.16559956366863
C           -1.28513138252364       -1.70051962221281       -1.80095542104751
C           -1.26149009610762       -1.16480444751850       -3.24047705509490
C           -3.15045862908722       -1.43339472653437       -0.18177336016700
C           -3.93234950530312       -0.42530183732843        0.69085450989035
C           -5.40337532761061       -0.85015967755896        0.70658277389132
C           -2.93362578793855        1.90511210228971        0.59695652935036
C           -1.66531142034219        1.50335261714268        1.37342372205306
C           -1.71801172196251        2.05841954148615        2.78640491590552
C           -0.43043781120656        2.10234616566876       -0.65467875200983
C            0.92478511341381        2.64140972568571       -1.14299229838214
C            0.96334745139778        2.66232713497751       -2.66619231722235
C            2.55590993498217        1.93805474656723        0.58242743107714
C            3.56094876038718        0.85706502856004        0.98729486354488
C            4.94398687033872        1.11540086786537        0.39749447856202
C            4.92161378901341        0.30921575599952       -0.89522431173566
C            4.12137794485826       -0.94014215931221       -0.52863583345894
H            2.37584578953016       -2.78586721346483       -0.34467971769027
H            2.47409968114682       -3.83368454371565        1.88454085848644
H            1.23279029832465       -2.65299339214730        2.47054636585662
H            0.68129986511354       -5.08172805947883        0.66639594652389
H           -0.05613066802432       -4.66265505399291        2.21590393124071
H           -1.25732255855144       -3.76679115944457       -0.06379012082028
H           -1.10494755689284       -2.69790487740963        1.34375428446093
H           -2.05703032706646        0.08117433756220       -1.03047415612232
H           -1.63586932456238       -2.74241377927430       -1.81216751382956
H           -0.45074007118838       -1.62358914222107       -3.78487181420792
H           -1.12317351003297       -0.01214246379653       -3.18867539474649
H           -2.23034227339985       -1.40162476758845       -3.67332967568847
H           -4.53255353556695        1.27701069644102       -0.39690928707887
H           -3.50526851443517       -0.52299024553791        1.69524493265331
H           -5.82294038761304       -0.64906096894798       -0.27944840007898
H           -5.96736485485395       -0.28614144815052        1.43986793842094
H           -5.49486238126553       -1.91303929657126        0.90847110830808
H            0.21655938318433        2.50018763643781        1.24968099658285
H           -1.52503645135217        0.41965462089286        1.37108143661004
H           -2.63393052933910        1.78504675787797        3.31260260011708
H           -1.71845478746863        3.14965708205657        2.72790342604247
H           -0.83565970856584        1.73305855290002        3.34309534380247
H            1.99313829716538        0.82871214932963       -1.00136008087340
H            1.08313362671606        3.63799846849286       -0.70065760325210
H            0.79652700684799        1.65149367746652       -3.04487252319943
H            1.90616839388747        3.03422139794223       -3.06265298522314
H            0.15822606152803        3.29241167754935       -3.03460045229233
H            3.57452089096909        0.85132104664347        2.08772370737494
H            5.72490781545790        0.73896441989860        1.06945493121390
H            5.13253916743735        2.18003739261284        0.24010969170448
H            5.91976311600499        0.05295755920878       -1.23936681488136
H            4.41772318534634        0.86395550679972       -1.68687226175246
H            3.56958282558471       -1.34543454578207       -1.39050937551638
H            4.77045272375633       -1.73653941692142       -0.13403799200312
68
 energy: -106.564920662253 gnorm: 0.078492511063 xtb: 6.7.1-6.fc44.fc44
O            1.25615685661911       -0.36411132376487        1.57854857036350
O            0.95227495097510       -0.82193876923903       -1.57335491727377
O           -3.45719717219580       -2.63855399917542       -0.09030331636939
O           -3.13578501397901        3.07674291134956        0.29610298132429
O           -1.28564348415268        1.64363535861488       -1.39984764797298
O            2.37179283259392        2.90933056449086        1.33848852927182
N            0.33682937373951       -2.41708489353212       -0.13521990736766
N           -2.21696747880922       -0.91835025397460       -0.98035650479343
N           -3.84900224990161        0.95715245902255        0.29274060717772
N           -0.54298282741713        2.10723576124805        0.67706017419463
N            1.95761339880466        1.76897133625707       -0.60388863842665
N            3.20514502981706       -0.46318402340408        0.48894253967758
C            2.01875481940297       -0.97365298038375        0.86321400274490
C            1.67870565678889       -2.40784496774382        0.43935333082152
C            1.57497801225543       -3.31919153476679        1.66094593071671
C            0.39629628004293       -4.22491703458659        1.31452724608338
C           -0.56135310782823       -3.27984237070431        0.59398225974268
C            0.08777068484860       -1.60154530465094       -1.17067128640635
C           -1.30580452275654       -1.68596303866983       -1.80090247059134
C           -1.27663417834393       -1.13782869342529       -3.23432054878919
C           -3.16507498421132       -1.44321681199130       -0.18680274953340
C           -3.93434942838389       -0.42760923943141        0.69226555978033
C           -5.39798791411359       -0.84522448352286        0.69765693582046
C           -2.93173469752262        1.91973220582214        0.60091303718555
C           -1.66935622895515        1.51291128923289        1.37018929508101
C           -1.72091562805717        2.07141559598643        2.77776340547682
C           -0.43001041383962        2.09111637660720       -0.65511692640569
C            0.91476976536008        2.64302056184306       -1.14174567643146
C            0.95384877850082        2.66065240540571       -2.65327044542331
C            2.54420377538191        1.95177647304078        0.59239782427812
C            3.56248431766584        0.86296227880970        0.98021860035181
C            4.94920885908909        1.10641820046490        0.38963091982675
C            4.93468122375248        0.30177209439405       -0.90869516460198
C            4.12216917889420       -0.93521652937779       -0.53245638892613
H            2.38145420988974       -2.78935817570064       -0.31479053403845
H            2.49977295994622       -3.84504565682746        1.89593327226285
H            1.26589866583437       -2.69079936862979        2.49718793703863
H            0.69777607851995       -5.05653139520714        0.65750011880342
H           -0.06762604980348       -4.65532795533898        2.20672729619503
H           -1.28133877685500       -3.78392668676497       -0.05303319445179
H           -1.12168024163089       -2.69941862572844        1.33311155739416
H           -2.07558727129578        0.09934911060516       -1.02944735108180
H           -1.63029526342812       -2.72837741391807       -1.79963926725933
H           -0.47801125621461       -1.61059324366311       -3.79466591163692
H           -1.06574601189882       -0.12525960073033       -3.28465107161042
H           -2.24577283795720       -1.34836037085275       -3.67457035666551
H           -4.54604785255011        1.28176869796625       -0.36708869790537
H           -3.53542539005902       -0.51915412092114        1.71491058113621
H           -5.85377377350534       -0.66957171236571       -0.27322800474199
H           -5.94963503643025       -0.27095659707238        1.43746934333793
H           -5.47095433979278       -1.90375554264749        0.90083906146066
H            0.21286037595929        2.48274820936205        1.24696021438658
H           -1.52671716149566        0.42691418293448        1.38191463914572
H           -2.64241537550056        1.76494506762104        3.30341995524352
H           -1.71405663575270        3.15950511681666        2.73616431020065
H           -0.84414761080737        1.73319988553356        3.33865700696813
H            2.00600023369812        0.83248350540494       -1.01407507944925
H            1.09399395774922        3.64075994454697       -0.72180463420870
H            0.81585314381523        1.64948919563329       -3.02934621917603
H            1.90664441795025        3.03091048946763       -3.01057648161263
H            0.15798878481593        3.30253080763590       -3.02031384280301
H            3.56446259915660        0.85194591538707        2.07711843564349
H            5.71861780467112        0.73494885870882        1.06955633082172
H            5.11785677520601        2.16415261971385        0.23050237238088
H            5.94218916563925        0.05238260713576       -1.25779974001704
H            4.42110886262136        0.86955340389298       -1.69229147297643
H            3.57809415657595       -1.31809945389376       -1.39812380570832
H            4.78147845313994       -1.70828167590597       -0.11003648113060
68
 energy: -106.569685540690 gnorm: 0.045019992461 xtb: 6.7.1-6.fc44.fc44
O            1.22896565280049       -0.37165050051037        1.60146872803690
O            0.96461044229108       -0.83932081432850       -1.59196166694084
O           -3.44869925360571       -2.63096295527172       -0.10518289113474
O           -3.12736914639737        3.08092349151663        0.30124579456708
O           -1.27546680307666        1.62924340593407       -1.38961593063841
O            2.36093616751624        2.90785343590411        1.32366140350306
N            0.34459164706418       -2.41833747733942       -0.14491828078989
N           -2.21657003757496       -0.91563958538346       -0.98888367775366
N           -3.84051117049413        0.96351067561734        0.28929644715298
N           -0.54017528550677        2.10359657154892        0.68446805699011
N            1.96225879393824        1.76808514821168       -0.61346587729292
N            3.20140203775702       -0.45840895598405        0.48458659852235
C            2.01625828489699       -0.97215066590824        0.86513275435976
C            1.68667617976413       -2.40373473320525        0.43848195374116
C            1.57145440887024       -3.31904312224512        1.66110088685681
C            0.39446070019880       -4.23282412459689        1.32283908019191
C           -0.55339221956838       -3.28311511630061        0.59839603106550
C            0.09554968335160       -1.60760027274497       -1.18038396972841
C           -1.30095850580792       -1.68690281508889       -1.80901482344498
C           -1.27745958951316       -1.15087142713574       -3.24208705109811
C           -3.15840984246921       -1.44055721710577       -0.19802099290630
C           -3.93436389449122       -0.42291977887891        0.67889777960001
C           -5.40393394682561       -0.83288183643406        0.69577378654714
C           -2.92652673552777        1.92248204038464        0.59724792257987
C           -1.66992075663580        1.51281068026127        1.37211916795184
C           -1.72235790834762        2.07556112411494        2.78711892985664
C           -0.42603167396296        2.08802444292081       -0.64341315646627
C            0.91772453799894        2.63912062477445       -1.14242942092253
C            0.96621869355931        2.65981978240046       -2.65673513692401
C            2.54221422018734        1.95273637602856        0.58248153258576
C            3.55808627498385        0.86386280402928        0.97702380565568
C            4.94758149157160        1.11866436391656        0.38888975920722
C            4.93459290297426        0.30676014707057       -0.90601811422517
C            4.11798588694900       -0.93239263227104       -0.53428876213485
H            2.39337701875220       -2.78295344968377       -0.30787955377439
H            2.49515305985961       -3.84727526534190        1.88555339371510
H            1.28627749990739       -2.70474937461492        2.51994138059016
H            0.69733207607537       -5.05584536121949        0.66441716057877
H           -0.06687928312726       -4.65873895073278        2.20454742606255
H           -1.27346426335080       -3.79056397944023       -0.04456120416407
H           -1.12675931817133       -2.69173775206691        1.32274539760428
H           -2.07456701488326        0.09505611291563       -1.04197777109194
H           -1.63700080958836       -2.72384196928462       -1.79772267172709
H           -0.48448869558155       -1.65694893553421       -3.80937008020870
H           -1.09860741065198       -0.07590445112892       -3.22316064421494
H           -2.24559042363667       -1.34651013379330       -3.68709407373064
H           -4.55543563831076        1.29219490839543       -0.35204810489189
H           -3.53923726345074       -0.52762455124873        1.69934265902219
H           -5.85613325946369       -0.66882942541804       -0.28138505627866
H           -5.95066839237187       -0.28006305281953        1.45329680083894
H           -5.46817105718486       -1.89083091444349        0.91636318889907
H            0.20745676923982        2.47693133101470        1.24888507041017
H           -1.54267872496797        0.42111871892088        1.39192961134869
H           -2.64345529458232        1.76737173315232        3.30490214358683
H           -1.71745184167688        3.15949054123500        2.73622551944432
H           -0.84975510179027        1.73671156934540        3.34706864956219
H            2.01121849700825        0.83510842436781       -1.02527698446571
H            1.08353632068275        3.63269985204467       -0.72116896590645
H            0.82061661295508        1.65174612627201       -3.03277337566324
H            1.92287966653445        3.04198124924581       -3.00166836279620
H            0.16581223145044        3.29281203389826       -3.02719537943894
H            3.56328901337321        0.85417205588358        2.07190091209744
H            5.71223119290674        0.73776435200008        1.06458957912009
H            5.12026028527662        2.17699490019096        0.22637855110797
H            5.93995906010618        0.05528627698502       -1.25228939281805
H            4.42174854481848        0.87093562115356       -1.68918638564531
H            3.57811088194960       -1.32701140183163       -1.39173584806613
H            4.77136804930232       -1.70834827987645       -0.11492480912414
68
 energy: -106.571314706806 gnorm: 0.029263883368 xtb: 6.7.1-6.fc44.fc44
O            1.25684114575566       -0.35505470985673        1.58427847838562
O            0.97132931004298       -0.85361926785075       -1.59948666825628
O           -3.43901132301326       -2.62486356026416       -0.11312614331818
O           -3.12534557328006        3.08481025871254        0.29713908023717
O           -1.26498292631313        1.62024199945456       -1.38424339860132
O            2.35476419625372        2.90668677352967        1.30664677873203
N            0.34464992557977       -2.42022723608365       -0.14414925963281
N           -2.21448247579219       -0.91431473942697       -0.99456152384085
N           -3.83599418055227        0.96781701342968        0.28522523153213
N           -0.53480546241270        2.09843652352592        0.69192096619297
N            1.96494520907855        1.76558284904678       -0.62257767315646
N            3.19376114807700       -0.45616323169379        0.48394710837894
C            2.01974126194417       -0.97967266042155        0.86943309095696
C            1.68300941895349       -2.40911680969811        0.44517288189602
C            1.56372241563687       -3.32071043088153        1.66902284998504
C            0.39118554820619       -4.23610314853186        1.32527038271850
C           -0.55175606368475       -3.28400446302008        0.60018724449393
C            0.09676514079083       -1.61101478221267       -1.17995051786981
C           -1.30007054723236       -1.69035002164707       -1.80840187596372
C           -1.28362031289985       -1.15581846032243       -3.23810844267242
C           -3.15520877123904       -1.43586445421090       -0.20626321501156
C           -3.93432997804658       -0.41910676862849        0.67274040205720
C           -5.40562593059134       -0.83487347112178        0.70049220270939
C           -2.92652023587652        1.92650709512913        0.59604816575768
C           -1.67182292693369        1.51398315981388        1.37512641069620
C           -1.72673251306265        2.07146815317752        2.79248395697489
C           -0.41803676690371        2.08222715321301       -0.63487176073008
C            0.91993539995471        2.63625734602959       -1.14060172169225
C            0.97276384887752        2.66054598896134       -2.65916013569157
C            2.54209514306235        1.94961133269703        0.57233667673733
C            3.55402303312101        0.86390579438194        0.97684144260644
C            4.94361936045128        1.12490634635304        0.38875725151418
C            4.92554153188131        0.31217571113695       -0.90368725889295
C            4.11159311122494       -0.93123012034080       -0.53329199932724
H            2.39261077446035       -2.79323505156843       -0.29446478097621
H            2.48733099612697       -3.85142351942801        1.88231403266778
H            1.30264619859297       -2.70636363718951        2.53514059602715
H            0.70039667967052       -5.04953774315157        0.66055425210328
H           -0.05920977402000       -4.67587453296037        2.21336566369379
H           -1.25714349742382       -3.79281371017292       -0.05445559596647
H           -1.11477579152115       -2.67839800415624        1.31932012885657
H           -2.07826746325898        0.09741510602863       -1.05540029653800
H           -1.64031328139917       -2.73044742758721       -1.79769629012543
H           -0.49275594880818       -1.63767759922621       -3.80515083696368
H           -1.10308841840069       -0.07517658999041       -3.19882489718738
H           -2.24761139546866       -1.34712744498415       -3.69437673810340
H           -4.56333846488501        1.29865750776646       -0.33954133880471
H           -3.52710581918979       -0.53571623897426        1.68323625432332
H           -5.85669785586847       -0.65661653948247       -0.27262960683191
H           -5.95855812490921       -0.26682445640257        1.44407274635737
H           -5.46870720213338       -1.89806438604421        0.92082935598363
H            0.21124400873429        2.47111028996245        1.25792624944055
H           -1.55295991096606        0.42357094220500        1.39898737087180
H           -2.64698784048268        1.75946477712191        3.30429136062671
H           -1.72563944839394        3.16146396629512        2.74976369160762
H           -0.85783005840153        1.73382267859191        3.35346776202789
H            2.01042583297370        0.83526518609591       -1.03698303682589
H            1.08462063140631        3.63012116681080       -0.71290009066548
H            0.83300653315572        1.65077442256746       -3.04091636446211
H            1.92797273315138        3.05088749591499       -3.00153258200132
H            0.17117248495400        3.28446179327496       -3.04194140214978
H            3.56198543943907        0.85824101801517        2.07146617964496
H            5.70709109542645        0.74404094563009        1.06850265293945
H            5.11885151659458        2.18584688161387        0.22470770145149
H            5.92888197252632        0.05867363781566       -1.24866903688854
H            4.41353890962549        0.87213182397252       -1.68743017214647
H            3.57009102559222       -1.32557322490272       -1.39489044492762
H            4.75688752631807       -1.71379505339740       -0.12025204841110
68
 energy: -106.572254027421 gnorm: 0.021141749000 xtb: 6.7.1-6.fc44.fc44
O            1.25468061762580       -0.35547116292934        1.59284319117744
O            0.97954753607592       -0.87243859876843       -1.61036344285927
O           -3.42908467404333       -2.62244552319408       -0.12435292347440
O           -3.12271122057984        3.08966953283938        0.29500467970816
O           -1.25845411321912        1.60909261442964       -1.38037297752963
O            2.34229946794496        2.90969049703482        1.28841577002959
N            0.35147993131041       -2.42793506276553       -0.14774562193546
N           -2.20859396756955       -0.91225944788954       -0.99171903812986
N           -3.82948835598213        0.97003075344074        0.27921587190709
N           -0.53179876944723        2.09286550037218        0.69527616470014
N            1.97171066238801        1.76282564815462       -0.63385720696644
N            3.18968619973368       -0.45310286848908        0.48617848226828
C            2.01649078947796       -0.97683344169485        0.87489958417405
C            1.68646271961688       -2.40635881315107        0.45147675982774
C            1.56628566717935       -3.32021472342262        1.67342762885887
C            0.39693539232902       -4.23452766307080        1.32518153899197
C           -0.54765467376176       -3.28599561255704        0.59943028405452
C            0.10236285572334       -1.61954122672920       -1.18313688205345
C           -1.29896316129785       -1.69358532506326       -1.80556830891797
C           -1.28717606587817       -1.15024790753545       -3.22921423407044
C           -3.15573512002450       -1.43343867279552       -0.21281843537598
C           -3.93299357115228       -0.41661531881907        0.66870882111611
C           -5.40666324816627       -0.82609658885640        0.69605498765529
C           -2.92793667766960        1.93188938250168        0.59651784870282
C           -1.67391708381499        1.51541325996793        1.37758622843704
C           -1.73343779215933        2.07146695918351        2.79582627002160
C           -0.41187074050015        2.07548116778911       -0.63093615374013
C            0.92192516557814        2.63201236366740       -1.13949518727517
C            0.97295040237926        2.66084846327301       -2.65837516262272
C            2.53980791071190        1.94695087695354        0.56566643094112
C            3.55049666033364        0.86589313902762        0.97796117106078
C            4.93963387134535        1.12424762285721        0.38737955710004
C            4.92137926142093        0.31292058245977       -0.90522525224952
C            4.10768929234818       -0.92961714392873       -0.53184616126750
H            2.40378225029616       -2.79027384402996       -0.27904528087419
H            2.49204043986550       -3.85227801607793        1.88027082833689
H            1.31751304196353       -2.71129702373298        2.54572203088663
H            0.71507599935489       -5.03781057260215        0.65520777762488
H           -0.07014628845187       -4.67879737420991        2.20341583396586
H           -1.25773480495494       -3.79949085028467       -0.04680090328580
H           -1.12047870942135       -2.69537668163454        1.32000457992232
H           -2.07570423054401        0.10156988885164       -1.06163608354268
H           -1.64545875531113       -2.73184580276734       -1.79371947434863
H           -0.50264375773807       -1.62719792766412       -3.80330990369847
H           -1.10740141276188       -0.07562774023765       -3.20424113234991
H           -2.24987940067034       -1.33210540861264       -3.69450127708524
H           -4.57150912725488        1.30412701687725       -0.32552796498519
H           -3.52111332002871       -0.53708841071070        1.67848376483539
H           -5.86163942199000       -0.65797878840764       -0.27786348274287
H           -5.94281379312355       -0.26225506005966        1.45124646472312
H           -5.47443148704622       -1.88589643435265        0.92761635940200
H            0.21806724430731        2.46585127273426        1.26623575101463
H           -1.55855456511629        0.42550562531146        1.39792803234428
H           -2.65350531398391        1.75386044639671        3.30109294719621
H           -1.73432003684800        3.15771153934804        2.74931373792588
H           -0.86911274627271        1.73323840865853        3.36113610994581
H            2.01116381347528        0.83376497212173       -1.05055319513175
H            1.08839267051969        3.62631173250457       -0.70879323558287
H            0.84445480869725        1.64936140326772       -3.04204863095575
H            1.92672467161120        3.05578155384448       -2.99730102272116
H            0.17034615927282        3.28119089251804       -3.04544708369467
H            3.55785822213609        0.86399128986102        2.07265281664636
H            5.70331379597023        0.74618371064268        1.06855021090857
H            5.11380693637254        2.18529470799920        0.22060094868509
H            5.92380198319921        0.05782735757867       -1.24971270569375
H            4.40901120710105        0.87102220880169       -1.68874770640727
H            3.56262863744501       -1.32407782224659       -1.39269610194994
H            4.75282434594941       -1.71342988953505       -0.11907784502550
68
 energy: -106.572753914801 gnorm: 0.016740126042 xtb: 6.7.1-6.fc44.fc44
O            1.24157854644810       -0.36203698136838        1.61199134603131
O            0.98970594240416       -0.89504943626171       -1.62466398691930
O           -3.41207291133852       -2.62132818576398       -0.13558091916171
O           -3.12350088733075        3.09272965432575        0.29518551102802
O           -1.25107347193900        1.59918579694648       -1.37900487676309
O            2.32588877766959        2.91369367183858        1.26342140204435
N            0.35650755923500       -2.43677393735612       -0.15292750289041
N           -2.19868825111308       -0.90829063338969       -0.98185676668961
N           -3.82033564183609        0.96893901855214        0.26833171250146
N           -0.52961441952095        2.08868257761848        0.69660848092190
N            1.98171128381386        1.75762239876797       -0.64961319201528
N            3.18377142194676       -0.45069662139650        0.48962892318553
C            2.00762232955293       -0.97337914267117        0.88175069872131
C            1.68647248078759       -2.40342498889708        0.45752532324825
C            1.56774870767865       -3.32212123909686        1.67785983879482
C            0.40158820155534       -4.23603630162223        1.32473803632188
C           -0.54421436742851       -3.29159034445098        0.59364672215999
C            0.10746828465564       -1.62762420442730       -1.18800556197556
C           -1.29868809152157       -1.69218759320905       -1.80428295411576
C           -1.28985407470481       -1.13855046324960       -3.22186271795463
C           -3.15439676667839       -1.43134100366370       -0.21633181528065
C           -3.92973105536414       -0.41629427585489        0.66546003096264
C           -5.40332404004902       -0.81857992081248        0.70121761144641
C           -2.93041299417400        1.93596467880063        0.59485685031914
C           -1.67611656121203        1.51486712545371        1.37731302308313
C           -1.74259818732234        2.07020330224508        2.79522863258510
C           -0.40621576482392        2.07126573419273       -0.62934665427776
C            0.92659463385053        2.62538434089599       -1.13966625815712
C            0.97114341380210        2.66075046681105       -2.65771402173631
C            2.53713587889733        1.94220733235689        0.55753999631592
C            3.54662023369640        0.86796646323031        0.97933671316962
C            4.93465520711565        1.12327777197147        0.38569380724976
C            4.91591587082990        0.30959520919666       -0.90602083429032
C            4.10020580117923       -0.92948319602443       -0.53057391441639
H            2.41425173180385       -2.78483562541868       -0.26214622189601
H            2.49655962545252       -3.85599364187468        1.87625328900306
H            1.32740293555709       -2.72123599037956        2.55648618499810
H            0.73170059873986       -5.02779675852383        0.65119909223289
H           -0.05679674679707       -4.68388727773887        2.20257340879838
H           -1.25361158950506       -3.80885812763618       -0.05174233578333
H           -1.10580599488649       -2.68547222213981        1.31613525428337
H           -2.06187603740776        0.10440307939779       -1.05858632949597
H           -1.65580322445224       -2.72618349796610       -1.79163291287424
H           -0.51434114763462       -1.62684281562963       -3.80763937440032
H           -1.08480231412389       -0.07726609638020       -3.19366186190201
H           -2.25239789674933       -1.30672675092132       -3.69766202667146
H           -4.58202311604095        1.30752352934820       -0.30857117986397
H           -3.51858671041464       -0.53575840964498        1.67835164089721
H           -5.86051940021667       -0.65582600438233       -0.27152374336395
H           -5.95255800097599       -0.23537807518392        1.44406706663285
H           -5.47462286909178       -1.87787696274939        0.93613639390401
H            0.21560745155609        2.46753102961731        1.27077974592149
H           -1.56357454266553        0.42389634328799        1.39417569383881
H           -2.66144459407254        1.74154354660631        3.29127510263967
H           -1.74751263195608        3.15900263257451        2.76163526426793
H           -0.88390978126016        1.73028795518856        3.36626779890471
H            2.01155429040043        0.83061786503408       -1.06915328468591
H            1.09161809841173        3.61851930848101       -0.70609381066059
H            0.85066469900642        1.65090104330441       -3.04204101593725
H            1.92215709745508        3.06282238990721       -2.99469482530066
H            0.16376549375053        3.27831467011368       -3.03910698576520
H            3.55341345944981        0.87158404819917        2.07419276968190
H            5.70030778381408        0.74711696836070        1.06297491112795
H            5.10848434236563        2.18345055942082        0.21561982482017
H            5.91668219858728        0.05160419042605       -1.24968589031810
H            4.40452658157991        0.86714134252274       -1.68954684044302
H            3.55085934596173       -1.32692291854049       -1.38637820918104
H            4.74883799987317       -1.71260675792464       -0.11765983030325
68
 energy: -106.573010921828 gnorm: 0.011288744933 xtb: 6.7.1-6.fc44.fc44
O            1.24301631410423       -0.36145479122437        1.61007131181035
O            0.99516267407598       -0.90138085743239       -1.62896846382099
O           -3.40745287747845       -2.62028148388254       -0.13571409749580
O           -3.12811575930997        3.09318513584972        0.29315957895750
O           -1.24967117983239        1.60232594783633       -1.38134241338806
O            2.32433231006563        2.91565967722488        1.25474866723354
N            0.35889923335743       -2.43903064195310       -0.15218817274357
N           -2.19217805751374       -0.90617826261909       -0.97266516161727
N           -3.81915467506087        0.96796016105331        0.26071293867321
N           -0.52980760886996        2.08994013983684        0.69645737720087
N            1.98381777348157        1.75551626118308       -0.65394873897199
N            3.18118174546091       -0.45086547015522        0.49136876182999
C            2.00763413108127       -0.97521341818501        0.88404973094400
C            1.68614743409078       -2.40590235961200        0.45926288309632
C            1.56947308890093       -3.32297096902978        1.68132288049892
C            0.40344757143711       -4.23845138320720        1.32680740617432
C           -0.54158123475302       -3.29136271756383        0.59745391094591
C            0.11107110558670       -1.62999602822035       -1.18906877712130
C           -1.29677354457976       -1.68972837186033       -1.80172222973735
C           -1.28554969388155       -1.13287504148740       -3.21923579575655
C           -3.15449527675437       -1.42940641036407       -0.21281970044899
C           -3.93027674138838       -0.41518227622841        0.66523533813484
C           -5.40357015066357       -0.81496130372434        0.69898402629797
C           -2.93285489667239        1.93654726865813        0.59225755863813
C           -1.67806762559879        1.51599476981171        1.37605318397472
C           -1.74599533982773        2.06500615308173        2.79489518252581
C           -0.40523602508896        2.07188372311537       -0.63043324128689
C            0.92911813217789        2.62416096729160       -1.14061560477897
C            0.96807055555585        2.66199726480007       -2.65899031970702
C            2.53791230148313        1.94055394800611        0.55469018830688
C            3.54654083343251        0.86886998142349        0.97962874889226
C            4.93366681900201        1.12247638679375        0.38464166424181
C            4.91187687979721        0.30668576898161       -0.90613794750700
C            4.09620055922543       -0.93090876482749       -0.52950444396426
H            2.41646511419652       -2.78663448315133       -0.25892644190267
H            2.49849481515152       -3.85816035290013        1.87651220830270
H            1.32464373142382       -2.72290131799206        2.55846008133095
H            0.73665572635285       -5.02667919117609        0.65053430814262
H           -0.05823899207934       -4.69409360957017        2.19972979968788
H           -1.25171336943171       -3.80399354543593       -0.04837164846911
H           -1.11133981162880       -2.69153931770600        1.31483290001358
H           -2.05354572261338        0.10559864348025       -1.04784934292422
H           -1.65827712494739       -2.72294951834992       -1.79258453774587
H           -0.51323532508301       -1.62532379533572       -3.80866661729822
H           -1.07095508824914       -0.07023929671608       -3.18316724220877
H           -2.24938967035840       -1.29404598556716       -3.69669023163704
H           -4.58245328900651        1.30689012511003       -0.31008988230673
H           -3.51860807686819       -0.53018536617776        1.67782256163869
H           -5.85954997456128       -0.65510335294223       -0.27550848092475
H           -5.93571142612368       -0.23851316648633        1.44906142730498
H           -5.47815651743868       -1.87102198546328        0.94142121937898
H            0.20935635324931        2.47334748660457        1.26824028023063
H           -1.56493527092033        0.42540359030473        1.39602354678394
H           -2.66296811680029        1.73356380560287        3.28876109490718
H           -1.75673480253207        3.15133593934337        2.75694286181184
H           -0.88755066484483        1.72846846781096        3.36778501588905
H            2.00870533598073        0.82960206605591       -1.07431006970243
H            1.09453148999234        3.61688946604471       -0.70649338605887
H            0.84892508647180        1.65333066582315       -3.04555352342717
H            1.91598764466618        3.06912722562448       -2.99950215087365
H            0.15582002576696        3.27683867038417       -3.03351468189231
H            3.55416963316731        0.87516286996260        2.07484272909233
H            5.70104714118605        0.74687462417867        1.06085289364729
H            5.10887203694450        2.18216843140233        0.21354114288864
H            5.91148960028448        0.04692335926484       -1.24994541660147
H            4.40193804522948        0.86468154094073       -1.69041697092516
H            3.54502999222333       -1.32834906988320       -1.38423071304530
H            4.74414692043318       -1.71474698401205       -0.11750951658603
68
 energy: -106.573148740022 gnorm: 0.008320522037 xtb: 6.7.1-6.fc44.fc44
O            1.24212450034663       -0.36272709215997        1.60902418628633
O            0.99918264671666       -0.90255741184124       -1.62700146296704
O           -3.40245591602736       -2.62134591698667       -0.13359968450323
O           -3.13340373632876        3.09102081025578        0.29627452887690
O           -1.25148658622684        1.61002793123508       -1.38447954993280
O            2.32728094701168        2.91713148029128        1.25009214425731
N            0.36178710656712       -2.44030274028800       -0.14843694720060
N           -2.18467006854573       -0.90733464041586       -0.96560385741904
N           -3.81829209607555        0.96507139040914        0.25537780546546
N           -0.53036626261323        2.09196927797854        0.69571236295532
N            1.98199856127272        1.75397632167205       -0.65462336630994
N            3.18031123960045       -0.45178960738427        0.49295344564425
C            2.00916212490283       -0.97743739336831        0.88671593276482
C            1.68803201017204       -2.40885643925198        0.46100533952804
C            1.56977120577319       -3.32462347727129        1.68361328227693
C            0.40439924373761       -4.24228704445464        1.32561150869882
C           -0.54103008243302       -3.29254629360709        0.60058887423233
C            0.11600311228668       -1.63179659367124       -1.18738646666862
C           -1.29115756851571       -1.68904397141993       -1.79800087317981
C           -1.27729685503184       -1.12821847351393       -3.21520270068319
C           -3.15160721719817       -1.42992613140955       -0.20897403239492
C           -3.92850421898944       -0.41616849532771        0.66559217427710
C           -5.40186407587700       -0.81532741839155        0.70104299478497
C           -2.93360417322425        1.93357326870803        0.59086963200589
C           -1.67775339686952        1.51394913082826        1.37406007737749
C           -1.74928037749266        2.06435158596669        2.79324309371122
C           -0.40663509850092        2.07414266572106       -0.63196734068944
C            0.93024779543526        2.62457480308244       -1.14172627774290
C            0.96406974695164        2.66481174871092       -2.66126132667957
C            2.53908304002575        1.94029471028552        0.55293101384941
C            3.54659164119361        0.86925047025393        0.97972077669213
C            4.93322061358914        1.12033103836326        0.38311205662636
C            4.90913646665824        0.30383873629024       -0.90715745989244
C            4.09383579636322       -0.93301746235702       -0.52768136677799
H            2.41886896698963       -2.78770941297052       -0.25840389986816
H            2.49756123850288       -3.86103378474179        1.87761556968247
H            1.31674588797909       -2.72301344580828        2.55726729806518
H            0.73746510351662       -5.02987724367683        0.64846914377907
H           -0.06243809923129       -4.69802681200641        2.19457520085614
H           -1.25361792260017       -3.80448425825905       -0.04400996758107
H           -1.11123172755637       -2.69724553577755        1.32141277225380
H           -2.05005721223577        0.10607489308112       -1.04013948393257
H           -1.65519801711248       -2.72261102605615       -1.79484128840054
H           -0.50685482224255       -1.61764004550728       -3.80584426211808
H           -1.07253018926787       -0.05957579112266       -3.18022608791994
H           -2.24242810024632       -1.28178684574704       -3.69172662998651
H           -4.58188936962681        1.30580620957925       -0.31332503839102
H           -3.51652623534088       -0.52499668068428        1.67746889129785
H           -5.85652881734787       -0.65531779224649       -0.27487669767049
H           -5.93932665466755       -0.23307799280057        1.44377127581362
H           -5.47901093031550       -1.87075614366864        0.94543120643400
H            0.21006108665482        2.47750392842251        1.26641467085547
H           -1.56196276694603        0.42366887974263        1.38737697365592
H           -2.66373356171986        1.72961410300603        3.28562823832411
H           -1.76509290647946        3.15180770619637        2.75949675064313
H           -0.88949558946100        1.72968037879023        3.36569556117257
H            2.00260283265903        0.82930793315670       -1.07499362643472
H            1.09814971342361        3.61776422690897       -0.70839090757173
H            0.84727228645727        1.65560805207078       -3.05110537843999
H            1.90822895944558        3.07708519968357       -3.00753206373664
H            0.14660836038666        3.27560989135883       -3.03137931862159
H            3.55601984621491        0.87750098758216        2.07500577460925
H            5.70196227216531        0.74483512137029        1.05988432500933
H            5.11018210979918        2.17973115564527        0.21072782760698
H            5.90739661980870        0.04272071722231       -1.25138809263639
H            4.40029595223744        0.86173269365644       -1.69220574141082
H            3.54146341172550       -1.32912688448033       -1.38298370011769
H            4.73991243005310       -1.71844150640793       -0.11682836593784
68
 energy: -106.573237205959 gnorm: 0.007465601236 xtb: 6.7.1-6.fc44.fc44
O            1.23992201309672       -0.36503523861845        1.61259374434720
O            1.00263065106000       -0.90483292965563       -1.62467244041795
O           -3.39875144191160       -2.62210797836123       -0.13428118378972
O           -3.13903095364227        3.09184594669160        0.30068546270871
O           -1.25556416824305        1.61704302347231       -1.38634824877841
O            2.32919232408568        2.91995055177170        1.24422216939186
N            0.36168409798733       -2.44148381350073       -0.14456931718824
N           -2.17933235055203       -0.90760018472539       -0.96037436802375
N           -3.81689336873668        0.96405048413614        0.25036412571292
N           -0.53171461684026        2.09723388659154        0.69387591783149
N            1.97949229869393        1.75210317643689       -0.65593021098850
N            3.17976325727894       -0.45330885794059        0.49491619041484
C            2.00832453928675       -0.97844567160877        0.88981309310862
C            1.68762061294543       -2.41113910798338        0.46417192857484
C            1.56858156148243       -3.32799028306999        1.68615319724175
C            0.40391160471390       -4.24666611893634        1.32371974460030
C           -0.54156801930878       -3.29502162616442        0.60108036639878
C            0.11853028887208       -1.63332709675247       -1.18517881602055
C           -1.28780184257403       -1.68657575768790       -1.79521612492146
C           -1.27195144522404       -1.12164805086210       -3.21149921429239
C           -3.14992601149381       -1.43044342967688       -0.20727305115969
C           -3.92643960490805       -0.41575539248121        0.66571182615848
C           -5.40009080573819       -0.81541302955600        0.70049134458909
C           -2.93466330405523        1.93356623599915        0.59008576544086
C           -1.67754841984490        1.51637942480024        1.37168939856794
C           -1.75198894914706        2.06084653157931        2.79226044830472
C           -0.40895592676276        2.07789659095601       -0.63410946274143
C            0.92954320475403        2.62456431849352       -1.14416862644860
C            0.96032570900928        2.66723257130227       -2.66399798242686
C            2.53918653035861        1.94080546854046        0.55056419032854
C            3.54608065971138        0.86952618615844        0.97856359786981
C            4.93267580356475        1.11823157964185        0.38103895776884
C            4.90781297290653        0.30026662981593       -0.90776053772695
C            4.09145076014651       -0.93552392030857       -0.52634050172129
H            2.41873900494337       -2.78857988401737       -0.25624570849718
H            2.49527458879592       -3.86537543840983        1.87981505041694
H            1.30929890269108       -2.72591586068015        2.55815076773688
H            0.73763801061542       -5.03342283454571        0.64568148935638
H           -0.05594986061365       -4.70453424121043        2.19628008172615
H           -1.25411498743356       -3.80482529340240       -0.04581809759231
H           -1.10312583893992       -2.69416098514570        1.32558806515047
H           -2.04666429333264        0.10525476223923       -1.03507187112109
H           -1.65284213736140       -2.71996197114523       -1.79692044958653
H           -0.50358861853291       -1.61060847795124       -3.80323787716660
H           -1.06127395468813       -0.05391349844773       -3.16704886742572
H           -2.23841453478475       -1.26919415359214       -3.68681777865190
H           -4.58246965066864        1.30639325349439       -0.31587861095279
H           -3.51488649206117       -0.52079961642841        1.67790604784628
H           -5.85207634183817       -0.66022867238848       -0.27751400768700
H           -5.93723189866492       -0.22905466901156        1.44152758777277
H           -5.47832448375710       -1.86982436194406        0.94852851194929
H            0.21196283922377        2.48122786295016        1.26405731700404
H           -1.55869082430761        0.42664036499359        1.38576885298547
H           -2.66349149105995        1.72015845303051        3.28403006284183
H           -1.77556159896109        3.14667431830335        2.75622536715232
H           -0.88962222259165        1.73177416649825        3.36363648042159
H            1.99521023910569        0.82817305394979       -1.07608113826410
H            1.10031018981184        3.61774247588115       -0.71240329918554
H            0.84595428223084        1.65822364539908       -3.05588293039047
H            1.90096959601317        3.08453077909860       -3.01434159040173
H            0.13828926817489        3.27497675593065       -3.02992959584191
H            3.55646794630001        0.87944810771400        2.07382300719137
H            5.70177397545327        0.74183717240154        1.05748044807919
H            5.11093189414912        2.17729787489876        0.20770234111197
H            5.90537560302239        0.03824757173216       -1.25263506994305
H            4.39955840659871        0.85807024559109       -1.69357173929422
H            3.53825411078874       -1.33038643240760       -1.38132196807684
H            4.73751693498347       -1.72076894943204       -0.11528281482514
68
 energy: -106.573311171550 gnorm: 0.006809138034 xtb: 6.7.1-6.fc44.fc44
O            1.24002827020106       -0.36691253305797        1.61714969900309
O            1.00904858022750       -0.91021580611452       -1.62342970182514
O           -3.39314428428111       -2.62254744995216       -0.13731313485798
O           -3.14428369873880        3.09394040053781        0.30853944177602
O           -1.26050137292069        1.62432575355242       -1.38705611226011
O            2.33160758349640        2.92460549990610        1.23526122556522
N            0.36230351702372       -2.44350975693981       -0.14104702873042
N           -2.17299771010987       -0.90639814997530       -0.95488830015389
N           -3.81440305849088        0.96357624722992        0.24513467940290
N           -0.53355132739446        2.10435338485946        0.69176881159196
N            1.97624102079974        1.74969422188914       -0.65843786413115
N            3.17931026800628       -0.45475909433868        0.49711601389025
C            2.00786138186359       -0.97950836013428        0.89349284062104
C            1.68796799357545       -2.41395488168248        0.46906973251311
C            1.56827995133873       -3.33224411497516        1.69005134904050
C            0.40454310577442       -4.25187645034595        1.32398238569836
C           -0.54012412041784       -3.29750701216782        0.60346364080029
C            0.12263620592125       -1.63665885389520       -1.18362736444095
C           -1.28370213586868       -1.68335285161173       -1.79297594001912
C           -1.26718921277124       -1.11116843444870       -3.20633556555354
C           -3.14688886356846       -1.43070020006964       -0.20655332599622
C           -3.92380522609910       -0.41487437108052        0.66470385788998
C           -5.39716124552132       -0.81639238876741        0.70041660952871
C           -2.93547689983772        1.93421719381488        0.59052625069842
C           -1.67636949209925        1.51816954513558        1.36849634356817
C           -1.75459967335993        2.05944535338424        2.78997310230707
C           -0.41184065835621        2.08359489788480       -0.63610205512668
C            0.92780309340113        2.62483103930768       -1.14790939699142
C            0.95622483790746        2.66897513699399       -2.66748651025545
C            2.53917038789258        1.94204678000315        0.54637848169941
C            3.54524357077379        0.87003641023084        0.97609409285758
C            4.93230894701306        1.11657743109261        0.37857609138553
C            4.90647796681760        0.29635845937622       -0.90857414595359
C            4.08837225880285       -0.93817064795242       -0.52566346710181
H            2.41947604984359       -2.79057916491146       -0.25179306526378
H            2.49367611828864       -3.87056451817749        1.88441586793597
H            1.30401064738514       -2.73086204817577        2.56155832635954
H            0.73946743191317       -5.03677631850529        0.64407323384615
H           -0.05610512659570       -4.71326480207440        2.19489976269562
H           -1.25438229073786       -3.80179816338354       -0.04480552497557
H           -1.10236432831566       -2.69949059864061        1.32789176012503
H           -2.04418114999916        0.10584966576795       -1.03135699053946
H           -1.65050575038976       -2.71518235519883       -1.79884622544328
H           -0.50302249728156       -1.60606054076218       -3.80171507179331
H           -1.04337099044500       -0.04847048432630       -3.15415902999871
H           -2.23625063744971       -1.25092732032525       -3.67855692964582
H           -4.58196601814625        1.30688466172964       -0.31851398202935
H           -3.51324240204584       -0.51749104342712        1.67782869914939
H           -5.84755044814871       -0.66583035243384       -0.27854972672432
H           -5.94073921186898       -0.22712337217357        1.43550517610714
H           -5.47418553971770       -1.87021173175218        0.95249728223347
H            0.21031062705507        2.48547579198322        1.26137792628495
H           -1.55395283834697        0.42836933925384        1.38028711941076
H           -2.66201851001958        1.70628026998047        3.28118287752733
H           -1.78869913255612        3.14854456651921        2.76425187226048
H           -0.88830068481440        1.73633727873963        3.35871433146914
H            1.98521232737260        0.82622945722863       -1.07836868175045
H            1.10145120096567        3.61710972500599       -0.71717468602964
H            0.84491787495585        1.66106809086378       -3.06114615334276
H            1.89353308567676        3.09238525519727       -3.01977750167732
H            0.12945990931519        3.27362892064390       -3.02899237953821
H            3.55590928708176        0.88188577153228        2.07131336372329
H            5.70069044004980        0.73840866355257        1.05433566461032
H            5.11226400738373        2.17512825902597        0.20436309400496
H            5.90353738679363        0.03347201935223       -1.25458632314189
H            4.39818935107592        0.85343038031036       -1.69524945871619
H            3.53405477810842       -1.33276718486746       -1.37884674569158
H            4.73499129688891       -1.72274487279734       -0.11437317132949
68
 energy: -106.573369095182 gnorm: 0.005995963978 xtb: 6.7.1-6.fc44.fc44
O            1.24141137682963       -0.36853670614332        1.62163520896464
O            1.01487107487808       -0.91404295904805       -1.62030148695032
O           -3.38757024206681       -2.62243707126042       -0.13962030080701
O           -3.14969758184208        3.09620354178623        0.31504381466767
O           -1.26452928435910        1.62849741535505       -1.38592932177647
O            2.33534043923232        2.92889572107051        1.22725507433788
N            0.36306800302685       -2.44454038458791       -0.13756869379394
N           -2.16815859833074       -0.90473273494722       -0.95138964696461
N           -3.81326003908794        0.96382051470167        0.24186619161624
N           -0.53577291815301        2.11056754805605        0.69100700707204
N            1.97238823142364        1.74762588776063       -0.66024809387447
N            3.17886949009411       -0.45579779537345        0.49890038560340
C            2.00874677787253       -0.98119909027069        0.89760494058675
C            1.68898554594013       -2.41656352155363        0.47407249045661
C            1.56697516603782       -3.33636722559392        1.69316965769690
C            0.40421344976441       -4.25572150959291        1.32412888327000
C           -0.54011736954986       -3.29994259481124        0.60451823660512
C            0.12632489401578       -1.63875701192422       -1.18104344683831
C           -1.27938600626077       -1.68123008051738       -1.79178731644679
C           -1.26301122739005       -1.10223201733716       -3.20192352578561
C           -3.14315833406942       -1.43040729084110       -0.20631643997771
C           -3.92236108829380       -0.41402519749378        0.66296616401827
C           -5.39472851588725       -0.81890610255691        0.69935203260608
C           -2.93734432291078        1.93571210212712        0.59207963344190
C           -1.67668964789741        1.52113484495451        1.36729343369105
C           -1.75488230818829        2.05947525413124        2.79088038035389
C           -0.41415215540819        2.08766870688439       -0.63658459763140
C            0.92576187302542        2.62620107203235       -1.15068650454824
C            0.95324411187337        2.66953583833688       -2.66991971498539
C            2.53933134657007        1.94315005635483        0.54206279968839
C            3.54398003392217        0.87003866643540        0.97388383072485
C            4.93182280292785        1.11474769460803        0.37685917942822
C            4.90459978985155        0.29391373004787       -0.91002149037467
C            4.08594304767318       -0.94001526913907       -0.52545511897397
H            2.42035608467533       -2.79309885386812       -0.24689747946061
H            2.49118929899912       -3.87526058900558        1.88959847976314
H            1.30168629554914       -2.73617090050467        2.56520437136315
H            0.73990680735389       -5.03929655653433        0.64316739853479
H           -0.05819856669790       -4.71716451146875        2.19183307601865
H           -1.25486906943398       -3.80295776955659       -0.04489322116472
H           -1.10023245882101       -2.70174475017816        1.33192145909954
H           -2.04509071845699        0.10812572354237       -1.03173587932894
H           -1.64663462501201       -2.71265987607720       -1.80088334401688
H           -0.50276181842621       -1.59948863772701       -3.80075154342741
H           -1.03520197439006       -0.04212922105989       -3.15042244386517
H           -2.23423809957013       -1.23552503205922       -3.67098518021908
H           -4.58059795042121        1.30551127014521       -0.32166501290099
H           -3.51155103399135       -0.51498012704151        1.67639178052621
H           -5.84569006138803       -0.67239999071932       -0.27985387981948
H           -5.93998288096881       -0.22595040641478        1.43026673528450
H           -5.46793998278697       -1.87248878388124        0.95529357324310
H            0.20757684365429        2.48872937276795        1.26040547836013
H           -1.55177662610596        0.43129840770155        1.37728833679257
H           -2.65793807642664        1.69662036617765        3.28274016316099
H           -1.79828722072542        3.14517933763742        2.76119632125209
H           -0.88404351144942        1.74305071251374        3.35656005722672
H            1.97489884755273        0.82404851456892       -1.08000505202783
H            1.10295152679309        3.61777903454844       -0.71980603745467
H            0.84676008380259        1.66168338513108       -3.06440119832150
H            1.88889460988006        3.09714760414204       -3.02126988290760
H            0.12385781117070        3.27103639940129       -3.03085425341098
H            3.55419331113903        0.88373940648042        2.06911522908553
H            5.69869304187405        0.73568601016513        1.05361840417880
H            5.11330313267078        2.17283494988217        0.20196190950481
H            5.90137519772313        0.03059211742668       -1.25751569055939
H            4.39533792948578        0.84963836362938       -1.69710295156869
H            3.53020945692805       -1.33394996448815       -1.37790753199073
H            4.73249080483285       -1.72482939448397       -0.11491638949854
68
 energy: -106.573423080939 gnorm: 0.005133357095 xtb: 6.7.1-6.fc44.fc44
O            1.24347254125421       -0.37083005333967        1.62878828633628
O            1.02096207358515       -0.91553346427697       -1.61470619567324
O           -3.38297476699511       -2.62207601263782       -0.14317032357680
O           -3.15747625476403        3.09831627360849        0.32292312950490
O           -1.26906567100956        1.63246958913609       -1.38503698080848
O            2.34171378914979        2.93360785239637        1.21786038659434
N            0.36363995935942       -2.44297401581385       -0.13287177279800
N           -2.16422456138931       -0.90322636019005       -0.95010831606917
N           -3.81296655896415        0.96402672286235        0.23956796317839
N           -0.53889659062978        2.11844745120369        0.68947419519836
N            1.96626714559789        1.74430675699464       -0.66173691933878
N            3.17839812807351       -0.45670300467999        0.50053297007128
C            2.01048807099214       -0.98326786033697        0.90330978320680
C            1.69014163254259       -2.41869316032409        0.48016595653283
C            1.56466164527343       -3.34033902756578        1.69688160222034
C            0.40295313707224       -4.25816695766994        1.32385972170013
C           -0.54085575991515       -3.30070883670856        0.60574479866488
C            0.13004455455195       -1.63842046586782       -1.17677092118725
C           -1.27397286635906       -1.67826874458886       -1.79140664939844
C           -1.25773723024891       -1.09397374823943       -3.19868593067064
C           -3.13908435194683       -1.43030355466479       -0.20766936912134
C           -3.92102544842629       -0.41371384270483        0.66061028319726
C           -5.39265377898401       -0.82110184067896        0.69678584199329
C           -2.94048853189446        1.93745159634226        0.59439895514222
C           -1.67752507478999        1.52463957873540        1.36582634169690
C           -1.75392124122890        2.05967055036819        2.79111409460411
C           -0.41719600264370        2.09274049637814       -0.63777943508499
C            0.92308776444743        2.62809673252931       -1.15368618494318
C            0.95136391131712        2.66944204372764       -2.67267329550503
C            2.53948089801700        1.94390203390782        0.53635960124774
C            3.54226393598047        0.86980196946455        0.97126107485245
C            4.93084798149970        1.11244512183280        0.37442549951948
C            4.90188292276012        0.29140500375069       -0.91217858745027
C            4.08330306233217       -0.94202660267751       -0.52556526910117
H            2.42061681449582       -2.79548542001430       -0.24107241745034
H            2.48764711338877       -3.87943930997627        1.89639230177372
H            1.30041323861086       -2.74224203755866        2.57047706362408
H            0.73950241675516       -5.03975192147010        0.64089370592418
H           -0.05967338993737       -4.72459531109661        2.19043336645774
H           -1.25561097781497       -3.80336712640442       -0.04458421327397
H           -1.10170689531171       -2.70521176195782        1.33546537158128
H           -2.04491455193692        0.10953562989646       -1.03449379218400
H           -1.64098598981124       -2.71028064840526       -1.80383094505590
H           -0.50150701474433       -1.58920269831924       -3.80065771249507
H           -1.02601713622690       -0.03475422075234       -3.14381276469534
H           -2.23094863994648       -1.22104050448059       -3.66429015548950
H           -4.58086423300426        1.30366820351700       -0.32434846629795
H           -3.50921882732832       -0.51328221159157        1.67389101389698
H           -5.84392662773176       -0.68301170634728       -0.28384388739637
H           -5.93540505124679       -0.22920170082249        1.42826218716274
H           -5.46242510642704       -1.87321167383211        0.95933613681903
H            0.20695937972100        2.49334506901475        1.25994057485647
H           -1.54971477494116        0.43514490473217        1.37251105289707
H           -2.65053880895953        1.68318394503860        3.28498387795391
H           -1.80896703874935        3.14639902671265        2.76775999344863
H           -0.87632304306135        1.75079597931863        3.35093776461442
H            1.96094297982658        0.82019941983976       -1.08102740200928
H            1.10491482518989        3.61917408104063       -0.72237999318810
H            0.85160905221808        1.66033088503042       -3.06602975193043
H            1.88546090986899        3.10035732406413       -3.02297728302294
H            0.12009422659257        3.26626802479996       -3.03648526935523
H            3.55160860195307        0.88638234959675        2.06650817813427
H            5.69589475731948        0.73282462884899        1.05274117699682
H            5.11399161012872        2.17021907515879        0.19900302999758
H            5.89821287577363        0.02772146033493       -1.26161719594317
H            4.39114255474189        0.84560616831799       -1.69922684669358
H            3.52516201581716       -1.33506465117908       -1.37766403513530
H            4.72937049543663       -1.72811584888391       -0.11655955270516
68
 energy: -106.573455073030 gnorm: 0.004884978822 xtb: 6.7.1-6.fc44.fc44
O            1.24720346104595       -0.37272160096285        1.63472283439933
O            1.02524377889971       -0.91507595815574       -1.61010408479006
O           -3.38150691420366       -2.62176789417417       -0.14686934949518
O           -3.16419068908117        3.09929671841245        0.32709016969668
O           -1.27190521268038        1.63527571803854       -1.38496893038200
O            2.34764521256997        2.93646729708938        1.21159361173747
N            0.36413553311607       -2.44053749247799       -0.12930897215169
N           -2.16223136190422       -0.90142669632961       -0.95084865132577
N           -3.81333879600577        0.96363175022118        0.23982743658847
N           -0.54150421948725        2.12446506392199        0.68820998294380
N            1.96102196740381        1.74074052489199       -0.66212413105627
N            3.17803400217100       -0.45716670598761        0.50123837241065
C            2.01231825531784       -0.98510540669300        0.90772794410956
C            1.69085946445870       -2.41979989678570        0.48434300591961
C            1.56337080598996       -3.34231369319316        1.69971138816146
C            0.40221563146862       -4.25863453802994        1.32414659437744
C           -0.54081173916893       -3.29972725003350        0.60720366995002
C            0.13263878710136       -1.63679047288477       -1.17342049163735
C           -1.27018977677217       -1.67527926988878       -1.79130359766739
C           -1.25289670161028       -1.08879322342642       -3.19762963273455
C           -3.13684449636438       -1.43005892002963       -0.20989603164353
C           -3.91954674214184       -0.41471140070859        0.66034101984924
C           -5.39044457024405       -0.82416684683282        0.69681654286633
C           -2.94352232070192        1.93880504087567        0.59682304167015
C           -1.67863395010666        1.52808132089991        1.36611739525311
C           -1.75223848421451        2.05782491541257        2.79300984035534
C           -0.41957526580963        2.09683581783545       -0.63906768944251
C            0.92120797868758        2.62899206610860       -1.15544783797099
C            0.95218719411731        2.66856222507167       -2.67446420790563
C            2.53949115475404        1.94359959392933        0.53230685870218
C            3.54141254830770        0.86965110658695        0.96939021753218
C            4.92992308137674        1.11136320906758        0.37211455364084
C            4.89949963775150        0.28972705769110       -0.91364581058994
C            4.08125759363368       -0.94331866144589       -0.52633333361501
H            2.42034899906243       -2.79722840087527       -0.23720788511675
H            2.48613933202409       -3.88086980513933        1.90202394943694
H            1.29993620636336       -2.74552611433796        2.57411793806170
H            0.73914847141816       -5.03874142727120        0.63936622679377
H           -0.06485454140106       -4.72613205615207        2.18809185253114
H           -1.25421670176304       -3.80041884723409       -0.04506131547600
H           -1.10721931928034       -2.70915543800383        1.33438827864484
H           -2.04364069593591        0.11135986378903       -1.03518302913289
H           -1.63824014426963       -2.70686077222027       -1.80550554406400
H           -0.50014051512690       -1.58692057338064       -3.80257486765985
H           -1.01803278921791       -0.02948605462323       -3.14061737812840
H           -2.22799250365773       -1.21111603592762       -3.66021601446323
H           -4.58245836472573        1.30172716794715       -0.32450507932920
H           -3.50723605778388       -0.51481077562228        1.67323626989166
H           -5.84055585140555       -0.69002353644299       -0.28424218745412
H           -5.93841909467561       -0.22999411550461        1.42458120670306
H           -5.45975416507473       -1.87559441975883        0.96188258068509
H            0.20622818961576        2.49901242020012        1.25894314845784
H           -1.54903772921155        0.43913382218990        1.37184186553664
H           -2.64276107974325        1.67273911059907        3.29011734352051
H           -1.81623707278084        3.14260079623897        2.76830777353892
H           -0.86843967036159        1.75591564753921        3.34736860517248
H            1.95016074018941        0.81589280401756       -1.08082322939473
H            1.10534314021497        3.61939669297915       -0.72392109567207
H            0.85626930288417        1.65830000120034       -3.06543632109290
H            1.88525670537437        3.10132429946067       -3.02466873593200
H            0.12002536908231        3.26185476291482       -3.04155946375345
H            3.54999378780846        0.88910298893924        2.06466022400758
H            5.69452867470660        0.73135562103676        1.05007366224152
H            5.11384217105579        2.16906901455744        0.19643042334570
H            5.89542155082480        0.02579561490820       -1.26462356761478
H            4.38786381462384        0.84383364660428       -1.70012991824818
H            3.52094887496786       -1.33655922029339       -1.37723659315804
H            4.72720034280008       -1.73056053790561       -0.11874140408238
68
 energy: -106.573483006308 gnorm: 0.004097226728 xtb: 6.7.1-6.fc44.fc44
O            1.25056926679941       -0.37459683928342        1.64028032216827
O            1.02708024787814       -0.91362163168157       -1.60716040361876
O           -3.38265059171308       -2.62147091290340       -0.15000912750312
O           -3.16755061090243        3.09909153175010        0.32869652097742
O           -1.27284566666423        1.63676313942949       -1.38602338199257
O            2.35237937495680        2.93796676322403        1.20821995316620
N            0.36412371541779       -2.43836148181533       -0.12715218726036
N           -2.16169334116669       -0.89961024884879       -0.95167754714043
N           -3.81402622933949        0.96279579050053        0.24119571423363
N           -0.54336476242240        2.12694161464029        0.68716045136735
N            1.95778570672635        1.73785699893375       -0.66172147633326
N            3.17769052398715       -0.45747245551066        0.50175013690324
C            2.01341347099191       -0.98642225170432        0.91095137352040
C            1.69065111071656       -2.41998161306151        0.48657854128697
C            1.56160008248388       -3.34298004088976        1.70115350038214
C            0.40019544194191       -4.25832455018092        1.32457874520228
C           -0.54170568735082       -3.29870966745720        0.60689120801275
C            0.13373095087620       -1.63479612879051       -1.17134208354309
C           -1.26840334069324       -1.67313521597824       -1.79103873282813
C           -1.24897556788431       -1.08641698440891       -3.19771860788816
C           -3.13697734016104       -1.42957002255709       -0.21192455513748
C           -3.91937364328559       -0.41624844396771        0.66063410814864
C           -5.38974991374603       -0.82675750753914        0.69644498174727
C           -2.94570141417070        1.93875509537990        0.59886748847599
C           -1.67915591395663        1.52817825660755        1.36676071726581
C           -1.75095885081119        2.05737302527097        2.79403861320164
C           -0.42108148614905        2.09916730440796       -0.64037939463305
C            0.92067759997804        2.62930739120558       -1.15583524328073
C            0.95390669333878        2.66700343133035       -2.67507960228578
C            2.53969216309600        1.94290298733824        0.53037172999576
C            3.54133670352044        0.86960507200687        0.96863627076937
C            4.92930744276618        1.11077618232039        0.37045906145756
C            4.89730928353485        0.28872328772875       -0.91495570578946
C            4.07965151956752       -0.94401551457316       -0.52703992498719
H            2.41966809452938       -2.79816932792409       -0.23499456596413
H            2.48482726491162       -3.88076191558060        1.90553203307909
H            1.29788102178048       -2.74631720659594        2.57540480031429
H            0.73715919334696       -5.03787124363766        0.63938246718236
H           -0.06726406193284       -4.72410527103636        2.18763305577833
H           -1.25240061181435       -3.79934740396934       -0.04843059532820
H           -1.10750283730794       -2.70672108481365        1.33407472113421
H           -2.04308892882466        0.11398687761669       -1.03335862220983
H           -1.63709389228704       -2.70452809986408       -1.80654133225751
H           -0.49852809691409       -1.58734073843400       -3.80437221737018
H           -1.01188046694399       -0.02668815946314       -3.14218559938327
H           -2.22510834361440       -1.20586111097344       -3.65901510759576
H           -4.58349639584287        1.30019276833574       -0.32342768168473
H           -3.50612081563752       -0.51744074262955        1.67289891493875
H           -5.83948618902808       -0.69369791633944       -0.28489120071174
H           -5.93560593151546       -0.23296892557012        1.42483495922804
H           -5.45955650581554       -1.87740969199696        0.96337251116362
H            0.20226916010244        2.50458020631798        1.25673053069705
H           -1.54828454174997        0.43932408519035        1.36881487592848
H           -2.63610562308519        1.66568892921358        3.29463612922050
H           -1.82171940092527        3.14254793370981        2.77355547614006
H           -0.86225187572257        1.75979513292360        3.34343142462101
H            1.94333603125056        0.81230604196364       -1.07970225603084
H            1.10608106992111        3.61922356427059       -0.72451694850065
H            0.86005943268441        1.65605833263962       -3.06474862156896
H            1.88691010775108        3.10117217111316       -3.02456429250304
H            0.12130851104978        3.25837663230546       -3.04444666011791
H            3.54951921936631        0.89148347538370        2.06385379747324
H            5.69467582951041        0.73098728255481        1.04749811955168
H            5.11320520332490        2.16839010142458        0.19421930175057
H            5.89276289093906        0.02460208677438       -1.26708639582495
H            4.38510307165886        0.84353598366822       -1.70057452224036
H            3.51778114003458       -1.33756273067252       -1.37660920808418
H            4.72576456291469       -1.73183675438544       -0.12053930833369
68
 energy: -106.573503923450 gnorm: 0.003682170448 xtb: 6.7.1-6.fc44.fc44
O            1.25230850085345       -0.37663607152412        1.64664645203358
O            1.02801014690889       -0.91193366536613       -1.60699925479121
O           -3.38429848955967       -2.62122956477318       -0.15247658227360
O           -3.17032955473891        3.09858507420262        0.32939619425604
O           -1.27290330134374        1.63732572500358       -1.38775910359762
O            2.35644702393388        2.93939910298329        1.20601939286048
N            0.36435544301437       -2.43616741248551       -0.12673144494975
N           -2.16126098882645       -0.89873603332148       -0.95281094082253
N           -3.81469110815985        0.96178549310498        0.24283150195714
N           -0.54495918416928        2.12813849172886        0.68618436974095
N            1.95600294791550        1.73572328598215       -0.66098993546151
N            3.17731834682163       -0.45741206971795        0.50220873943260
C            2.01398360430760       -0.98673798705358        0.91376437125743
C            1.69022712150630       -2.41890891018988        0.48781493219412
C            1.55925447633999       -3.34197267452706        1.70224245335698
C            0.39747601114244       -4.25700959111104        1.32504408028694
C           -0.54286482716630       -3.29677598177203        0.60582309688662
C            0.13455610494313       -1.63283594312471       -1.17135318448077
C           -1.26723767076154       -1.67178894662396       -1.79169910136977
C           -1.24555009803060       -1.08642202175412       -3.19921563211400
C           -3.13724837168016       -1.42936343665417       -0.21376182324886
C           -3.91880327068378       -0.41807349997671        0.66040254527326
C           -5.38900255218399       -0.82836235190505        0.69792408281235
C           -2.94780403506599        1.93863016963598        0.60015525214520
C           -1.67991211816812        1.52846902779261        1.36733664954300
C           -1.74903747528867        2.05582422362104        2.79520149307452
C           -0.42199815526603        2.10026815407150       -0.64170948069517
C            0.92125455046021        2.62951744613157       -1.15557099681870
C            0.95570041570644        2.66545134013747       -2.67501527262902
C            2.54016850477904        1.94265544360162        0.52961819852355
C            3.54161484341211        0.86980515127871        0.96856743203184
C            4.92891552923204        1.11038716771612        0.36904984645511
C            4.89504219720198        0.28843653643211       -0.91684315955556
C            4.07805010653506       -0.94406910018617       -0.52771228851306
H            2.41956234488660       -2.79811877688052       -0.23310765613575
H            2.48325420654239       -3.87896666332814        1.90793983067065
H            1.29400486418704       -2.74502793532095        2.57610405351139
H            0.73484188835133       -5.03589919156428        0.63960979694902
H           -0.06878272255486       -4.72613892939155        2.18861040917037
H           -1.25316710038976       -3.79816391752659       -0.04986710962140
H           -1.10998464126564       -2.70562514312470        1.33332295989807
H           -2.04093426971952        0.11498694931079       -1.03124585058563
H           -1.63580890159643       -2.70352668669332       -1.80800223712648
H           -0.49662908920493       -1.58742501887840       -3.80617654098422
H           -1.00579453474175       -0.02714540747381       -3.14252456222589
H           -2.22186318713152       -1.20401133801778       -3.66101608600190
H           -4.58440426666089        1.29854851352604       -0.32126555205941
H           -3.50463024158336       -0.52001682929605        1.67213621268249
H           -5.83978255051612       -0.69460565668906       -0.28344463268147
H           -5.93587317758564       -0.23367681562716        1.42475481492508
H           -5.45848230139840       -1.87913104691308        0.96479051374123
H            0.19831060471038        2.50980629725975        1.25424062193921
H           -1.54821514462434        0.43959144707617        1.36853068092345
H           -2.62829814157880        1.65812962243463        3.29999272970282
H           -1.82712938141117        3.14069774440100        2.77708918960007
H           -0.85543550441817        1.76341074645958        3.33957168116892
H            1.93877000730918        0.80952232123903       -1.07782388150647
H            1.10844898234296        3.61937866677822       -0.72506389347644
H            0.86350506656972        1.65397291443377       -3.06402812082176
H            1.88914898324446        3.10039715916207       -3.02337888206075
H            0.12276648612726        3.25565343006358       -3.04592654966509
H            3.54993154604622        0.89356939256383        2.06359963466208
H            5.69565547424545        0.73117260119750        1.04540793829605
H            5.11246277256551        2.16791702991048        0.19214582160134
H            5.88985528898896        0.02405551438496       -1.26999978797358
H            4.38209493067423        0.84397701880983       -1.70143244501102
H            3.51492937055902       -1.33700816417281       -1.37665608261008
H            4.72459188938540       -1.73192677702784       -0.12199045514298
68
 energy: -106.573522317984 gnorm: 0.003225253676 xtb: 6.7.1-6.fc44.fc44
O            1.25387394684069       -0.37757683109290        1.65097653694136
O            1.02849405267042       -0.91218316797722       -1.60805126385630
O           -3.38598329990023       -2.62119135531045       -0.15446677326821
O           -3.17188658021892        3.09826683481251        0.33094758216350
O           -1.27252005260897        1.63810780474561       -1.38906083744534
O            2.35899451387923        2.94100483940780        1.20444940937902
N            0.36411398802848       -2.43578822017417       -0.12668535945800
N           -2.16091101064055       -0.89903983749005       -0.95400367362086
N           -3.81475879948398        0.96097626944976        0.24417686291423
N           -0.54596218650797        2.12892227165327        0.68580266120249
N            1.95513565410435        1.73431501194803       -0.66028188653861
N            3.17654630675370       -0.45731428557731        0.50265090212020
C            2.01417720566072       -0.98719203349012        0.91628901897765
C            1.68926033320156       -2.41849027183099        0.48938965416124
C            1.55659891500787       -3.34084957312186        1.70432819102054
C            0.39580023553382       -4.25628728921673        1.32517538425086
C           -0.54386425797418       -3.29608769109482        0.60491011211222
C            0.13495893525743       -1.63284503652727       -1.17214078027055
C           -1.26671417671605       -1.67173333084883       -1.79263389581178
C           -1.24298737427356       -1.08685626826281       -3.20043211689371
C           -3.13754713049202       -1.42958386556241       -0.21542983474578
C           -3.91803588832800       -0.41952986875075        0.65978648343120
C           -5.38862675422636       -0.82911014750524        0.69892825837516
C           -2.94903497141679        1.93849054878112        0.60099357159983
C           -1.68018470150184        1.52867109332510        1.36751958391273
C           -1.74711787651786        2.05417845519728        2.79585082842252
C           -0.42243033555210        2.10129694023077       -0.64226986926541
C            0.92184571881145        2.62928905167302       -1.15535120862597
C            0.95725432962259        2.66489348015714       -2.67480517842891
C            2.54045446661534        1.94307680912904        0.52957906371722
C            3.54163954128088        0.86996458180978        0.96878966450915
C            4.92833629148307        1.11060266480939        0.36802077606996
C            4.89298700112658        0.28887966119666       -0.91818672511600
C            4.07605813981502       -0.94362134285425       -0.52846929457811
H            2.41931185343975       -2.79911471868486       -0.23039238944430
H            2.48123237282350       -3.87706946986703        1.91113394052667
H            1.28895471180375       -2.74281434300847        2.57697102489711
H            0.73394634579919       -5.03490899125669        0.64013818184388
H           -0.07171378901075       -4.72339060699330        2.18785035891097
H           -1.25362159972297       -3.79677414970718       -0.05179866548814
H           -1.11114601766754       -2.70272947096270        1.33050471666594
H           -2.03911026956724        0.11453492996983       -1.03105911697250
H           -1.63546753071007       -2.70322121562307       -1.80915836522910
H           -0.49554406190933       -1.59082593860647       -3.80733649094254
H           -1.00094195104640       -0.02899158641797       -3.14320944106046
H           -2.21935570918802       -1.20201860692718       -3.66323732387174
H           -4.58540475928947        1.29807660044775       -0.31848128634564
H           -3.50288093121032       -0.52234964022318        1.67114779585426
H           -5.83911959661638       -0.69503133627270       -0.28256803002338
H           -5.93396320248157       -0.23381588560226        1.42666269698995
H           -5.45797309304601       -1.88024307873266        0.96503008564231
H            0.19735103016798        2.51297721378470        1.25364606936652
H           -1.54802217357029        0.43980135966651        1.36843802182676
H           -2.62057281829812        1.64967764610004        3.30469889454599
H           -1.83295720095541        3.13904465123409        2.78028650288425
H           -0.84888900379501        1.76744447145138        3.33577156758245
H            1.93600561855376        0.80763527385623       -1.07567639183476
H            1.11035614541151        3.61897682264770       -0.72560573161986
H            0.86589127984378        1.65322924175512       -3.06311278181800
H            1.89057758411031        3.09990650186021       -3.02305413271602
H            0.12405700971602        3.25429861653365       -3.04642935210619
H            3.55059951152768        0.89449038865146        2.06359179478826
H            5.69632821752042        0.73117761923602        1.04305647092678
H            5.11180218892799        2.16817863744535        0.19106267122103
H            5.88721924762247        0.02426589191740       -1.27215707325559
H            4.37928776290195        0.84492969471412       -1.70190030775992
H            3.51226214151790       -1.33561666649254       -1.37727302184194
H            4.72324073133886       -1.73104611508896       -0.12335729294801
68
 energy: -106.573551259416 gnorm: 0.001506736450 xtb: 6.7.1-6.fc44.fc44
O            1.25361184965239       -0.37654792818766        1.65036581861375
O            1.02757486337330       -0.91210946003351       -1.60894026537329
O           -3.38654925481301       -2.62129299928363       -0.15535014708570
O           -3.17039173247358        3.09833200352653        0.33073210261497
O           -1.27214047898055        1.63726001858284       -1.38879891037355
O            2.35852064912917        2.94255353835185        1.20390043762494
N            0.36388393794005       -2.43637702004470       -0.12735691757949
N           -2.16117777341436       -0.89978933492534       -0.95483256656380
N           -3.81441591546278        0.96108268880950        0.24437080033049
N           -0.54539368599086        2.12887267750293        0.68584991147562
N            1.95589715978963        1.73522112264839       -0.65998614519411
N            3.17642871461729       -0.45682514484497        0.50268858264808
C            2.01386525461639       -0.98637680178188        0.91593594948757
C            1.68875322335765       -2.41817035859344        0.48936748092699
C            1.55556421620451       -3.34011599667646        1.70477992538954
C            0.39526712233677       -4.25606316021802        1.32517149263070
C           -0.54420644812350       -3.29621737162480        0.60461678200792
C            0.13455406555956       -1.63368054388169       -1.17313043954737
C           -1.26727808226316       -1.67283419044166       -1.79344083582065
C           -1.24397785591069       -1.08737312011232       -3.20062714190469
C           -3.13747561060232       -1.42978714482041       -0.21570347075461
C           -3.91763713592039       -0.41939085783333        0.65993877674397
C           -5.38836793365454       -0.82902265825231        0.69893104544132
C           -2.94798802425209        1.93840601027580        0.60077836868748
C           -1.67937836229582        1.52869863893792        1.36720850650885
C           -1.74715741956735        2.05467120224103        2.79532275206979
C           -0.42198227253442        2.10067627698982       -0.64196927636742
C            0.92182668538291        2.62877070119621       -1.15543966766639
C            0.95710333880898        2.66501630143113       -2.67481697259806
C            2.54090749616691        1.94441424035824        0.52994666635662
C            3.54166839776403        0.87040703674559        0.96912672865399
C            4.92843314445725        1.11089552975528        0.36827585519942
C            4.89305163882537        0.28960421883912       -0.91801878381518
C            4.07574823967875       -0.94291849177834       -0.52849020052171
H            2.41925066483959       -2.79904949840515       -0.22963583613389
H            2.47927171195903       -3.87700853303877        1.91161040371516
H            1.28734716667497       -2.74176741211986        2.57703363591178
H            0.73409223812762       -5.03519857874436        0.64082762233430
H           -0.07304796282682       -4.72315377015005        2.18777792972018
H           -1.25402068274683       -3.79705653472601       -0.05178570021200
H           -1.11159879070911       -2.70347279154978        1.33041678840984
H           -2.03995932129470        0.11372278791964       -1.03284273520873
H           -1.63546413306146       -2.70440590406962       -1.80945330384843
H           -0.49590206956681       -1.59201747794563       -3.80595853794210
H           -1.00111210743790       -0.02960914642377       -3.14421297377831
H           -2.21965855096456       -1.20219504014167       -3.66495734954927
H           -4.58500908521438        1.29850284476326       -0.31820449670444
H           -3.50232815703973       -0.52264950044909        1.67125855094147
H           -5.83971559545723       -0.69442434980483       -0.28191244360015
H           -5.93354478408781       -0.23441437203331        1.42741008081539
H           -5.45802946494538       -1.88016781869536        0.96446456109624
H            0.19812223967742        2.51244054696263        1.25382909037123
H           -1.54666351648694        0.43994386201299        1.36828715746276
H           -2.61334872257602        1.64252005848811        3.30858448712991
H           -1.83797795765941        3.13857966641863        2.77934392115623
H           -0.84655708379981        1.77278016827831        3.33451144583575
H            1.93804251000993        0.80789954875703       -1.07318387312734
H            1.10989619877083        3.61852709650775       -0.72541696392019
H            0.86548630360734        1.65348409122011       -3.06361510020350
H            1.89038295907269        3.09992121233539       -3.02285476664061
H            0.12423638127131        3.25491101935339       -3.04610772732872
H            3.55110369780023        0.89350254894230        2.06407408224196
H            5.69615783767324        0.73066648233264        1.04314869210390
H            5.11220272736779        2.16847562926448        0.19189280070079
H            5.88727310451237        0.02509549200177       -1.27201275504778
H            4.37900351041626        0.84550358050622       -1.70163830742980
H            3.51190408329404       -1.33502639200839       -1.37716437708383
H            4.72272686367451       -1.73050949617433       -0.12344079788120
68
 energy: -106.573580421165 gnorm: 0.002191786112 xtb: 6.7.1-6.fc44.fc44
O            1.25161715503530       -0.37355464895004        1.64846576802195
O            1.02515985979528       -0.91222805003858       -1.61095275288113
O           -3.38822431228546       -2.62185021270450       -0.15718284929044
O           -3.16573823856521        3.09754224101472        0.33027893931142
O           -1.27072759385451        1.63505231302384       -1.38803823061560
O            2.35848148189164        2.94618242409624        1.20363635164176
N            0.36268618829117       -2.43752076143679       -0.12916170431592
N           -2.16230305703903       -0.90169560956015       -0.95709409132842
N           -3.81330513242781        0.96093597839596        0.24521964233221
N           -0.54360331525041        2.12858867722753        0.68609388098123
N            1.95804353844298        1.73791014712554       -0.65934442309429
N            3.17522249105541       -0.45539782868846        0.50256253065393
C            2.01188787776787       -0.98403137612053        0.91478776559151
C            1.68673837516909       -2.41717162809069        0.48940136176718
C            1.55245440847659       -3.33775596142200        1.70622888213235
C            0.39316604055652       -4.25484123953539        1.32556052134373
C           -0.54580800898469       -3.29638729691885        0.60322373762647
C            0.13293567347212       -1.63487526422510       -1.17516131258495
C           -1.26899659713915       -1.67533073694954       -1.79592938660725
C           -1.24502699758593       -1.09038621282373       -3.20251135736484
C           -3.13804392158348       -1.43048312861673       -0.21685227978646
C           -3.91681120347146       -0.41940266236112        0.66029265166759
C           -5.38776844981589       -0.82866323007370        0.69986600852845
C           -2.94483230656984        1.93729275410427        0.60062236476398
C           -1.67666870266457        1.52765290588802        1.36683924466283
C           -1.74539676754473        2.05464211959144        2.79446566531145
C           -0.42052169507629        2.09918317923643       -0.64127509356430
C            0.92215515100439        2.62817807063210       -1.15552784352408
C            0.95714330011803        2.66553452857568       -2.67472156278994
C            2.54171170414363        1.94728068141768        0.53163102284190
C            3.54148996722912        0.87143179086703        0.97021515718016
C            4.92854825445747        1.11135001981317        0.36935880125955
C            4.89241023987876        0.29161676625182       -0.91756768013425
C            4.07434452592299       -0.94105513759513       -0.52870023696620
H            2.41874276535530       -2.79859728405290       -0.22748627804303
H            2.47478349770101       -3.87523990548344        1.91394644319775
H            1.28241053512797       -2.73833240371037        2.57708016143186
H            0.73406039782046       -5.03519431826689        0.64331105134985
H           -0.07682235458948       -4.72174790993461        2.18795799799173
H           -1.25560457982551       -3.79763998157690       -0.05278100652654
H           -1.11348468821915       -2.70399076920488        1.32878685026839
H           -2.04215024379177        0.11171000531998       -1.03701907568462
H           -1.63633112188454       -2.70699049982941       -1.81099977350965
H           -0.49571580457921       -1.59594890435210       -3.80557071669308
H           -1.00103152241137       -0.03277308228148       -3.14698880635607
H           -2.21953015658786       -1.20448144047800       -3.66937315152666
H           -4.58362015202648        1.29954534624753       -0.31701888251446
H           -3.50088163775805       -0.52380392051309        1.67127874826958
H           -5.84072357424744       -0.69156071045535       -0.27961082390590
H           -5.93194958785250       -0.23585934037627        1.43079538256137
H           -5.45778516364564       -1.88027751894194        0.96306568064400
H            0.20037714363265        2.51094207913121        1.25437764696800
H           -1.54274036817898        0.43907481740071        1.36832247609468
H           -2.59231639166127        1.61920501422233        3.31918215828372
H           -1.85795856449873        3.13564374530323        2.77692482821942
H           -0.83374459492859        1.79251112518685        3.32808030468353
H            1.94359882214509        0.80878897911856       -1.06729602761399
H            1.10877849055941        3.61825119480381       -0.72492214889920
H            0.86421758186462        1.65439078736812       -3.06454104626135
H            1.89068047912086        3.09966048030869       -3.02242353361388
H            0.12505748993754        3.25691035822311       -3.04498319869932
H            3.55175406484887        0.89152813766254        2.06539047009572
H            5.69567785881369        0.72892696336252        1.04368638286660
H            5.11346577785598        2.16893572922335        0.19464837073462
H            5.88643695615464        0.02714903953058       -1.27188185990447
H            4.37792317567495        0.84787667802861       -1.70070226908846
H            3.51062440651536       -1.33296565990635       -1.37749418949418
H            4.72108535498402       -1.72905079978586       -0.12399221154484
68
 energy: -106.573592199663 gnorm: 0.001742869637 xtb: 6.7.1-6.fc44.fc44
O            1.25050539724828       -0.37274504202150        1.64772071542463
O            1.02485130212391       -0.91221015617052       -1.61098412181912
O           -3.38869169528645       -2.62212002636469       -0.15766573729055
O           -3.16470148984289        3.09686482941245        0.33064041407452
O           -1.27004311131484        1.63457827982206       -1.38808584948132
O            2.35902880798984        2.94629059709156        1.20435953155117
N            0.36230988176449       -2.43756892666878       -0.12950620818587
N           -2.16260366153660       -0.90202636766362       -0.95780759405586
N           -3.81282296352712        0.96059441559419        0.24557830356731
N           -0.54307498120413        2.12843350192557        0.68602204384278
N            1.95866950814094        1.73872686441301       -0.65951515766860
N            3.17455159663777       -0.45513823717572        0.50245217367448
C            2.01098969418490       -0.98355327405171        0.91452401916467
C            1.68607263784217       -2.41679179537300        0.48951902225010
C            1.55137999018020       -3.33681339379072        1.70670478346396
C            0.39238907978183       -4.25431572962238        1.32603610428583
C           -0.54637326334443       -3.29626514478827        0.60285059339089
C            0.13268668618344       -1.63500664816662       -1.17555820674442
C           -1.26920281569426       -1.67570809983798       -1.79654323373769
C           -1.24489266919970       -1.09128780619590       -3.20340743992448
C           -3.13837710242875       -1.43078091980139       -0.21747991317458
C           -3.91654168492306       -0.41979055786012        0.66020542534930
C           -5.38757909283860       -0.82857896501138        0.70044316796428
C           -2.94405673584099        1.93656697793418        0.60097509131065
C           -1.67574568382802        1.52680142605250        1.36701299678962
C           -1.74412244084554        2.05368953675441        2.79468051778781
C           -0.42003098068341        2.09905607960232       -0.64141608392799
C            0.92252745504621        2.62869577118245       -1.15553896266718
C            0.95743940570740        2.66588543730133       -2.67472971733364
C            2.54203425603110        1.94761183772599        0.53188879730539
C            3.54122400815649        0.87147269589985        0.97050394647914
C            4.92838765496892        1.11111606032068        0.36984324798841
C            4.89190979889378        0.29186064051700       -0.91742301166755
C            4.07373537797062       -0.94079636748624       -0.52882722990613
H            2.41846879336349       -2.79839250876829       -0.22694281570937
H            2.47400315067524       -3.87375933506720        1.91520264864192
H            1.28087688220942       -2.73704603436698        2.57715548788779
H            0.73364748386920       -5.03475993603354        0.64414204770359
H           -0.07772638313120       -4.72093206128976        2.18840899577227
H           -1.25581959705939       -3.79791483323370       -0.05326544649292
H           -1.11442870389392       -2.70333405199277        1.32778980863096
H           -2.04208468953232        0.11138341973552       -1.03737765853282
H           -1.63668949870461       -2.70735691103159       -1.81152174765137
H           -0.49567465430280       -1.59696053054081       -3.80655844503655
H           -1.00092475910557       -0.03365602314778       -3.14799941539466
H           -2.21944551308166       -1.20559624367901       -3.67012725152899
H           -4.58306763182427        1.29958957097724       -0.31650251372293
H           -3.50014462073753       -0.52451106730780        1.67093510632668
H           -5.84096300526708       -0.69034716465488       -0.27874022742529
H           -5.93109896386435       -0.23623917991192        1.43221574944900
H           -5.45761345250332       -1.88046818693110        0.96268158663019
H            0.20086256785692        2.51083238543132        1.25427710475083
H           -1.54158374476918        0.43822340578763        1.36831234500411
H           -2.58655748680500        1.61213156572751        3.32170594391353
H           -1.86605927519717        3.13384558862059        2.77732855236397
H           -0.82834118956718        1.79949255595087        3.32500745605851
H            1.94456632833618        0.80939405983504       -1.06720068535822
H            1.10874533035234        3.61887066359035       -0.72500442350468
H            0.86394114693156        1.65477336883234       -3.06440457547169
H            1.89122830770658        3.09950109009394       -3.02254346880527
H            0.12553654662891        3.25761833008347       -3.04493695435032
H            3.55125062515577        0.89160408979123        2.06563951067407
H            5.69539333056822        0.72826868628280        1.04407624863289
H            5.11367045655554        2.16871258303182        0.19551429551091
H            5.88580919344934        0.02726487760331       -1.27202669662614
H            4.37755042823414        0.84866303591287       -1.70024457959059
H            3.51004464934528       -1.33246929256180       -1.37777286826790
H            4.72050000587069       -1.72883376782559       -0.12421609600868
68
 energy: -106.573606209094 gnorm: 0.002171181554 xtb: 6.7.1-6.fc44.fc44
O            1.24493775256949       -0.36860343775812        1.64386239221240
O            1.02342957743963       -0.91180805057078       -1.61114919711872
O           -3.39101808203048       -2.62365164674554       -0.16156959792558
O           -3.16030104897453        3.09355923214721        0.33365597769564
O           -1.26610961797617        1.63230370167650       -1.38876385110007
O            2.36104295406312        2.94610531313217        1.20806776067195
N            0.36014435761053       -2.43738755973490       -0.13095806504251
N           -2.16395556623746       -0.90355820299901       -0.96196581428899
N           -3.80995540134069        0.95859617036023        0.24735248330165
N           -0.54030027401422        2.12799251125791        0.68534475999124
N            1.96164266773639        1.74290960268272       -0.66059039269898
N            3.17114678833000       -0.45405090572227        0.50198761198520
C            2.00634443704259       -0.98117657989224        0.91304630216648
C            1.68251564016876       -2.41475061871338        0.49038997919406
C            1.54576438764091       -3.33148630825343        1.70961333646728
C            0.38847079439051       -4.25103311282994        1.32894473764558
C           -0.54949509206084       -3.29549186888215        0.60108325283182
C            0.13129602021371       -1.63507614613364       -1.17728321775651
C           -1.26994194505596       -1.67751187396114       -1.79980005666020
C           -1.24463113468210       -1.09556040557022       -3.20815173375286
C           -3.13953508818956       -1.43254626813883       -0.22108390566095
C           -3.91464490142875       -0.42228531281555        0.65945705562600
C           -5.38615737507814       -0.82858921187800        0.70349199627726
C           -2.94033221361933        1.93293293033612        0.60320696780211
C           -1.67084815585197        1.52285077445673        1.36787631205012
C           -1.73743387689878        2.04818153183793        2.79608237996170
C           -0.41737543502857        2.09888634551118       -0.64246039596318
C            0.92462075076990        2.63198115498450       -1.15587130375405
C            0.95932857769086        2.66833792591097       -2.67514203836216
C            2.54283847158692        1.94875966514164        0.53293408168564
C            3.53965434138964        0.87150956706321        0.97162839534503
C            4.92764080332402        1.10942598889164        0.37245131117226
C            4.88942469017195        0.29260074203093       -0.91653591622410
C            4.07046452613124       -0.93977187802009       -0.52945432961717
H            2.41668024683142       -2.79762566593511       -0.22389588812126
H            2.46968027300404       -3.86568749186257        1.92281254220131
H            1.27256451095790       -2.72966554141114        2.57781277778132
H            0.73158913485916       -5.03207569867648        0.64898438541836
H           -0.08241972223817       -4.71580138358585        2.19133618114917
H           -1.25662991340349       -3.79963269164132       -0.05575756032933
H           -1.12004336456267       -2.70027334184855        1.32258779649701
H           -2.04066687859983        0.10984677407792       -1.03848800227790
H           -1.63788028198770       -2.70919438526875       -1.81408154083602
H           -0.49598108754074       -1.60205728263374       -3.81151268380214
H           -1.00087861010458       -0.03787055441066       -3.15368936593601
H           -2.21958474047705       -1.21103711179114       -3.67384448034096
H           -4.57996471318097        1.29933987904121       -0.31395996202412
H           -3.49547930853514       -0.52894947585912        1.66876800350627
H           -5.84247869373751       -0.68418255318964       -0.27372545734045
H           -5.92578118624153       -0.23881661725595        1.44004562543337
H           -5.45669639098492       -1.88189012046878        0.96040114880151
H            0.20318703204703        2.51145816668223        1.25325188049023
H           -1.53495748233568        0.43441560557742        1.36774176289007
H           -2.55558795632937        1.57381431219694        3.33548583371133
H           -1.90817952046102        3.12373478680950        2.78017539789075
H           -0.80122418162804        1.83530245111250        3.30910860179652
H            1.94808780710249        0.81327129244734       -1.06846194967487
H            1.10883252970704        3.62248773955947       -0.72562109593555
H            0.86274634298068        1.65727195178169       -3.06382758736386
H            1.89448449614534        3.09901160243954       -3.02353984681067
H            0.12877936209743        3.26207283973058       -3.04558359832055
H            3.54813701198390        0.89212677057659        2.06657164104317
H            5.69387549205123        0.72421236952144        1.04624103768317
H            5.11499434652740        2.16703552398053        0.19999905813858
H            5.88266458442751        0.02733704768951       -1.27265956652736
H            4.37560385677776        0.85221690903166       -1.69766568230809
H            3.50657902242792       -1.33021357593627       -1.37891478073513
H            4.71697987689324       -1.72823665684112       -0.12531245735228
68
 energy: -106.573613241851 gnorm: 0.000884426454 xtb: 6.7.1-6.fc44.fc44
O            1.24592601203569       -0.36923923801243        1.64448400531574
O            1.02383824022423       -0.91174404939204       -1.61103723004405
O           -3.39054050262754       -2.62345674867180       -0.16151482593375
O           -3.16157927677617        3.09416723451155        0.33372737307940
O           -1.26678248077545        1.63283610768891       -1.38882508778449
O            2.36023597506996        2.94583319238760        1.20730571266299
N            0.36045159067585       -2.43721923035107       -0.13058839135578
N           -2.16368071098742       -0.90315469044751       -0.96143246096441
N           -3.81031176461160        0.95877412514045        0.24702625995914
N           -0.54084430630240        2.12819410738404        0.68532868556450
N            1.96095874114321        1.74207868011498       -0.66059194534011
N            3.17179149918397       -0.45432004848427        0.50215868560157
C            2.00716805347941       -0.98157816982102        0.91329368127023
C            1.68308978532006       -2.41501473994620        0.49036078562986
C            1.54658837522150       -3.33213801967301        1.70929993718671
C            0.38909309877146       -4.25138366577113        1.32868885131748
C           -0.54902756245827       -3.29554528882501        0.60141217411550
C            0.13161693138459       -1.63493040182382       -1.17696795388558
C           -1.26961925774931       -1.67701287330876       -1.79925963688088
C           -1.24462695163544       -1.09462442172550       -3.20739482187947
C           -3.13925636028547       -1.43230443074739       -0.22077199170454
C           -3.91475542474447       -0.42210109474101        0.65952357941426
C           -5.38616484602964       -0.82883910039872        0.70314054358924
C           -2.94115719581358        1.93356995440566        0.60302935892286
C           -1.67169652492152        1.52359510118268        1.36769301791382
C           -1.73841117113094        2.04877537560671        2.79596230406021
C           -0.41793142096688        2.09919083703902       -0.64242398910671
C            0.92421947734751        2.63164098203116       -1.15595110150604
C            0.95909757758271        2.66813696279582       -2.67522550855484
C            2.54250301020716        1.94843422012509        0.53241024440526
C            3.53984394964581        0.87147653303718        0.97129139926128
C            4.92774665246981        1.10955283157667        0.37199538908084
C            4.88993691521668        0.29216994820763       -0.91661792596583
C            4.07102982443349       -0.94015002533012       -0.52925252378186
H            2.41683180261226       -2.79789463659267       -0.22429560264423
H            2.47024243348694       -3.86675279851599        1.92193659091956
H            1.27376476443883       -2.73050824393659        2.57777643704944
H            0.73192359156593       -5.03239644629918        0.64849658008037
H           -0.08172462340729       -4.71633552248591        2.19112241586480
H           -1.25628405495162       -3.79948108764834       -0.05542162962277
H           -1.11943149148409       -2.70084900585569        1.32334102929112
H           -2.04051272319247        0.11023905481348       -1.03796992219377
H           -1.63739852281817       -2.70870622110989       -1.81369605178013
H           -0.49599228623250       -1.60097622841129       -3.81083564457500
H           -1.00093591984739       -0.03694017845579       -3.15279387227990
H           -2.21963390660509       -1.20992065357937       -3.67299628545049
H           -4.58046989718893        1.29907039106863       -0.31437475200818
H           -3.49586732675925       -0.52849076469102        1.66900755927161
H           -5.84219215199568       -0.68540226119615       -0.27428396095143
H           -5.92627481678608       -0.23869009237504        1.43903820484974
H           -5.45663294335294       -1.88190863270892        0.96085003784470
H            0.20258614549529        2.51196503181137        1.25317293022601
H           -1.53606337326580        0.43514821112246        1.36747880781609
H           -2.56115732516283        1.58165520361264        3.33264342183540
H           -1.89888094530518        3.12462206128009        2.78051745103372
H           -0.80729148605486        1.82752937391742        3.31232984773410
H            1.94676263191785        0.81284884176400       -1.06923528469549
H            1.10891633731582        3.62202690304468       -0.72565397737306
H            0.86301738225579        1.65705431609580       -3.06407020481548
H            1.89407566249091        3.09924067946408       -3.02344695500578
H            0.12845036370484        3.26159676095846       -3.04578707545171
H            3.54841232671752        0.89225006295750        2.06627645310980
H            5.69396022381693        0.72473414750146        1.04601567218895
H            5.11485341209967        2.16712203753504        0.19912706907580
H            5.88330703005710        0.02697864171285       -1.27239482543867
H            4.37606239774489        0.85124850042716       -1.69810090554415
H            3.50708524557537       -1.33077437376236       -1.37857100873853
H            4.71744631579294       -1.72863338478499       -0.12499969673212
68
 energy: -106.573615172749 gnorm: 0.000269282360 xtb: 6.7.1-6.fc44.fc44
O            1.24617202227524       -0.36899293767563        1.64447133366153
O            1.02398461321125       -0.91158107184446       -1.61114788522650
O           -3.39042878329798       -2.62354109023434       -0.16278716822495
O           -3.16251138245751        3.09440679155238        0.33468989987910
O           -1.26701513024880        1.63306802438337       -1.38894839996360
O            2.35908481656712        2.94584144152110        1.20655685113486
N            0.36034187397837       -2.43702751515708       -0.13048404507815
N           -2.16354586355024       -0.90304267132080       -0.96174337266430
N           -3.81014209445244        0.95854556729649        0.24699081171956
N           -0.54111400416371        2.12885635069026        0.68515977383257
N            1.96054902588507        1.74175698545124       -0.66073114710015
N            3.17206277943686       -0.45438690493928        0.50242535592741
C            2.00735806910241       -0.98142523712505        0.91330409032763
C            1.68301971795596       -2.41490154023053        0.49057098896518
C            1.54623902324123       -3.33174165778484        1.70970173207024
C            0.38894327652062       -4.25110217581435        1.32895839295708
C           -0.54914933027376       -3.29550943976151        0.60135014959712
C            0.13170329994191       -1.63486777627820       -1.17708477147806
C           -1.26938515131816       -1.67686280478077       -1.79943186375194
C           -1.24470748338898       -1.09411450975152       -3.20733156770235
C           -3.13895941959699       -1.43239034707170       -0.22117408627754
C           -3.91433513677734       -0.42239930251752        0.65955734445805
C           -5.38570713665152       -0.82932679223182        0.70338946210852
C           -2.94151051472430        1.93376350630184        0.60340058649930
C           -1.67170923049767        1.52405377031291        1.36751157881898
C           -1.73838032642217        2.04865759431732        2.79601478144115
C           -0.41823116087377        2.09965896454209       -0.64248402183355
C            0.92394724733483        2.63166555114192       -1.15620983359709
C            0.95906878677081        2.66843873221082       -2.67546644082646
C            2.54208779791530        1.94846129029272        0.53191405246417
C            3.53983370133168        0.87159400563286        0.97105496135106
C            4.92781737043484        1.10944129832958        0.37185655006242
C            4.89029815251157        0.29169521979126       -0.91647259428861
C            4.07112511474291       -0.94043558205350       -0.52896607797830
H            2.41661780205646       -2.79820817145414       -0.22392590814972
H            2.46946859752746       -3.86660826201677        1.92253980130755
H            1.27316461635688       -2.72980901236898        2.57792933173181
H            0.73202382294112       -5.03243961893752        0.64917282901583
H           -0.08225699902697       -4.71590799265377        2.19142444507514
H           -1.25602439718343       -3.79971082294768       -0.05565182907013
H           -1.11999573225122       -2.70134446763042        1.32320818094922
H           -2.04016279927675        0.11032207258453       -1.03794403327373
H           -1.63685814201743       -2.70860260775661       -1.81385399763317
H           -0.49605170260570       -1.60056437525494       -3.81056222960902
H           -1.00088514638251       -0.03645835800123       -3.15285108651470
H           -2.21968926159291       -1.20917463919125       -3.67302621801928
H           -4.58049599916302        1.29853086757221       -0.31436682142545
H           -3.49517264524307       -0.52887833771377        1.66895552877200
H           -5.84217849840911       -0.68594786690432       -0.27374860739807
H           -5.92570173324330       -0.23936256629994        1.43955313844516
H           -5.45614707039353       -1.88236122707399        0.96105215831120
H            0.20213940430516        2.51341455444464        1.25279453261629
H           -1.53555576818911        0.43569195440837        1.36684437525252
H           -2.56130746491182        1.58208488181985        3.33235553962748
H           -1.89566707596451        3.12445728256749        2.78082963351367
H           -0.80863593531899        1.82457753679487        3.31325889051331
H            1.94574622378284        0.81298433090462       -1.07013526823679
H            1.10900465647153        3.62193949832507       -0.72580078549181
H            0.86299706504291        1.65742384989401       -3.06460522450537
H            1.89411203987703        3.09952475022336       -3.02336674825443
H            0.12870293040388        3.26212676071648       -3.04615283625627
H            3.54838015662025        0.89236399203409        2.06610628909156
H            5.69372116240385        0.72449890575633        1.04614612111971
H            5.11515367940655        2.16691870746787        0.19882374648671
H            5.88375411943703        0.02644356950561       -1.27190852221619
H            4.37643260607587        0.85039095209751       -1.69824728043124
H            3.50703289786782       -1.33110678147254       -1.37814256049864
H            4.71723427440980       -1.72912545419206       -0.12464055957654
