68
 energy: -105.517940864895 gnorm: 1.684601510478 xtb: 6.7.1-6.fc44.fc44
O            1.03043398142379       -0.35625479413234        1.24868510576262
O            0.85777385545458       -0.70162981147406       -1.60902504056878
O           -3.03390790969112       -2.54330141974865        0.01685568606857
O           -3.44603903774424        3.25841094701175        0.34035148429298
O           -1.28007654309596        1.45507999855048       -1.51046846958124
O            2.31856681022857        2.76678144782420        1.21856978324545
N            0.51494632442767       -2.57089974025523       -0.47116567063652
N           -2.24742844641216       -0.96425190896717       -1.08682338499647
N           -3.71985757512275        1.13435156694915        0.25625078635105
N           -0.38717681721638        2.27672663255351        0.56622027670525
N            1.97141349057934        1.73616344327552       -0.69424897774386
N            3.30459570950188       -0.57759212905372        0.39873322646718
C            2.13537687216813       -0.97667946435316        0.69968012022459
C            1.65852447075415       -2.54009441549321        0.23641925053351
C            1.79569793347928       -3.48914165782030        1.33103493612639
C            0.31455554832319       -3.61532857469195        1.68357438738731
C           -0.46653838907340       -3.74779158146166        0.46672558407006
C            0.00144616853423       -1.77529871211065       -1.37590936660868
C           -1.37112880734787       -1.76800698535420       -1.93332118251676
C           -1.45395676790594       -1.22387092502071       -3.28141420125526
C           -3.13390834933934       -1.32035771559425       -0.09172158177838
C           -3.96430579978401       -0.42663661995907        0.78425713478281
C           -5.26076913017593       -0.79406884863860        0.91520923790998
C           -3.00561554586751        1.90797468712780        0.55466133129829
C           -1.76871661706202        1.83809583573169        1.17164519802856
C           -1.85569505505817        2.18279613742354        2.63019039604463
C           -0.44703927973779        2.11674507911839       -0.62373707865431
C            1.01600541055121        2.74551588586953       -1.22763674417591
C            0.99360679752217        2.65800827954330       -2.68908592415677
C            2.42384233600090        2.00422456421004        0.63036306836562
C            3.40768953208119        0.85155363613574        0.90009397244172
C            5.21910279205538        1.10133300039107        0.12015745278571
C            5.45262765885586       -0.23164875753172        0.29813389807469
C            4.31635184762605       -1.07116113985791       -0.21888523646124
H            2.48244502298553       -2.68319158765117       -0.69086636628299
H            2.29163877008875       -4.31950108485940        1.00454738287073
H            2.56475117595562       -3.20499929118815        2.10751119953923
H            0.14780338044470       -4.52689129753848        2.10531985612989
H            0.06254747745186       -2.84304864838176        2.20321178734747
H           -0.14224934594419       -4.41171178922668       -0.27945675249001
H           -1.35058350975721       -3.42416514139497        0.36463414612912
H           -2.12743065659099        0.05138072197504       -1.02142245899086
H           -1.80695132166448       -2.61250271602612       -1.73027505738535
H           -2.48091279920808       -1.27866258261223       -3.66589782192745
H           -0.46774908297271       -1.85026903907647       -3.92409500059484
H           -1.26392700056818       -0.08083531257060       -3.17063698791608
H           -4.51475366999743        1.20926525892362       -0.30015083148265
H           -3.73571595531510       -0.44167743631058        1.81296377504023
H           -6.01874693680133       -0.07072406865416        1.51526190603772
H           -5.40570311171103       -1.84750816505829        1.05924046034716
H           -5.90461314443275       -0.64794967387268       -0.16428106768296
H            0.14859444750717        2.84115245862983        1.25794693992365
H           -1.76715149905693        0.69344141508076        1.47477577744492
H           -2.76696888053538        1.84833235190181        3.32438604605812
H           -2.05370718880650        3.48311020314267        2.62105770500693
H           -1.02595576231578        2.29839439184988        3.07119545943833
H            1.89156985380115        0.86918258977041       -1.17979755054144
H            1.23901003198388        3.59817569844868       -0.91098651199154
H            0.05358320363365        3.11220578653268       -3.30515716824878
H            0.74368985852735        1.48590331952468       -2.94748322369872
H            2.01806935474373        3.02157095083717       -3.22381230281318
H            3.39381571651080        0.76065023035097        2.24380058902284
H            5.30239257073758        1.86448807123062        0.83644152851488
H            4.59936767912536        1.56319608139389       -0.84672838253802
H            5.89325132725601       -0.42159466332051        1.27415362589158
H            6.24857775915993       -0.27525962451594       -0.52137359990143
H            4.09406183259338       -1.16721205152487       -1.13989948824765
H            4.53936060953755       -2.03886373263520        0.08509060594233
68
 energy: -106.092429951489 gnorm: 0.675791215746 xtb: 6.7.1-6.fc44.fc44
O            1.06009668039117       -0.36588737977592        1.24223119549667
O            0.84364760549744       -0.72565219067365       -1.61273410752651
O           -3.05469812673606       -2.55827880698671        0.03416014915283
O           -3.43327575200146        3.24011439833541        0.34169968381813
O           -1.25791636989000        1.47938841279803       -1.48302035949863
O            2.29926239557857        2.85968672742431        1.28889831963122
N            0.49389538032317       -2.57368729702981       -0.46001851420143
N           -2.25271092939856       -0.93995541959431       -1.07956067254221
N           -3.76702691167986        1.08532077364006        0.24081061397182
N           -0.41873026545702        2.27675136958092        0.58821760954962
N            1.97186813546661        1.73739083466460       -0.70747974495014
N            3.27049243934232       -0.55369948282065        0.42850492141893
C            2.08485180423137       -0.98168237584105        0.70366254117184
C            1.69031993979338       -2.51836346743319        0.21438467087518
C            1.80226315642634       -3.48269465132026        1.33136708984468
C            0.32820216669772       -3.63025196216825        1.67965636270366
C           -0.42899751105543       -3.72890957172774        0.44047118722846
C            0.01876115651789       -1.74478788058857       -1.36560283969203
C           -1.36903986884981       -1.75090163545678       -1.92095793593960
C           -1.43792589457104       -1.21746388427693       -3.29286811819696
C           -3.11373285800270       -1.33472501036662       -0.09914138871753
C           -3.94267167877243       -0.41678297357264        0.77588609909870
C           -5.30745513786587       -0.78456972326771        0.88671393560490
C           -2.98168954230963        1.97388403231291        0.55916764104575
C           -1.74552882902155        1.81750912304500        1.20627709551927
C           -1.88691877850595        2.23059498095712        2.63510670068513
C           -0.44155388487718        2.11155366754656       -0.66735261141979
C            0.99909809007013        2.70886182895270       -1.24091469987854
C            0.98796386210064        2.64245059027770       -2.71897771187270
C            2.44142947136315        1.92909678621055        0.57087192434168
C            3.42929693998255        0.83632795989199        0.91872127227707
C            5.15267950786542        1.12804385939420        0.12745767492668
C            5.48168917267932       -0.23641525857637        0.27703042003485
C            4.33162622222007       -1.07781786351275       -0.20246897126391
H            2.47903127256145       -2.68570465433560       -0.67858343363933
H            2.29246154449731       -4.34126698159259        0.99546416817328
H            2.55232078113873       -3.19752830020894        2.10959720793556
H            0.14617407466194       -4.54802967260986        2.12281491927020
H            0.05291263143736       -2.81783286404116        2.22201143922738
H           -0.14088783768518       -4.43373469548429       -0.28208828730014
H           -1.38281183015428       -3.41275846100378        0.36366985701225
H           -2.12033423792672        0.06283360682775       -1.02953576352035
H           -1.81630953061122       -2.64749440640834       -1.73077029643380
H           -2.47069789388658       -1.28450117747644       -3.67052121992456
H           -0.49647914477340       -1.83097996573771       -3.91450654317175
H           -1.25925551563976       -0.09477283402415       -3.17731727831508
H           -4.54284763960900        1.20535272942391       -0.31461526433978
H           -3.71585773741127       -0.43929589224605        1.81928912008880
H           -6.00410714669625       -0.08499377352413        1.51540350629529
H           -5.41046344960299       -1.84621921016488        1.06545112888987
H           -5.89604201694294       -0.65234599919137       -0.15608092436494
H            0.14282293545805        2.83522866104776        1.25135678088170
H           -1.75420140064061        0.69203213635298        1.46157066993639
H           -2.75270035596735        1.84920792091247        3.30870310610853
H           -2.05804034555567        3.46649104590342        2.62130267866847
H           -0.99412038588596        2.29022646362253        3.09489433932816
H            1.88998990590189        0.86340311924642       -1.18083616364082
H            1.24109133620385        3.62931422004591       -0.89555189854810
H            0.07093078725234        3.11190168839765       -3.29031060584484
H            0.75447570808887        1.50306650159149       -2.94670129003320
H            1.99782146379376        3.01320112499626       -3.21459443681613
H            3.39910362096552        0.76314599054561        2.21493314954027
H            5.31228314396146        1.87715986003259        0.84256274202092
H            4.61661574775910        1.55473278068819       -0.83735737943855
H            5.89156832478680       -0.42711243613222        1.27027268391183
H            6.25878408290089       -0.28774791713576       -0.51902217718499
H            4.09721017354648       -1.16381875750513       -1.18312599253598
H            4.54379482181960       -2.06198079748309        0.09560970085040
68
 energy: -106.398426412797 gnorm: 0.342072544293 xtb: 6.7.1-6.fc44.fc44
O            1.09913763446516       -0.38296493709729        1.23252278008542
O            0.82450911533916       -0.75830516449390       -1.61980140908096
O           -3.08676853518673       -2.57411970385423        0.05921175946887
O           -3.41085553504308        3.19288627958271        0.34030142779074
O           -1.21973129377877        1.52041100410597       -1.44254482887996
O            2.29359034121528        2.85716170769327        1.28269097504490
N            0.46317902542958       -2.57858687044052       -0.43598865175877
N           -2.25903308001612       -0.91294863502191       -1.06726516539077
N           -3.79266303512145        1.05040478712931        0.24361881037970
N           -0.47073002883143        2.27419494738797        0.60375623475620
N            1.96833726380479        1.75432199944710       -0.70207098947519
N            3.23397503639512       -0.52403867968658        0.45912645272220
C            2.02505711579033       -0.99090787768405        0.70082325872215
C            1.73064510881568       -2.49120752177815        0.18622860783728
C            1.81406189009240       -3.47609781071556        1.32621221154790
C            0.34337031891591       -3.64151500552039        1.67833975569612
C           -0.38293341717235       -3.68072203341936        0.39290074882269
C            0.03643849050580       -1.70397724426518       -1.34347671183421
C           -1.37231534764941       -1.73678262788482       -1.89858703512214
C           -1.41568953726928       -1.21444613561780       -3.30151515374688
C           -3.09013111280544       -1.35213641399939       -0.10344075777053
C           -3.92194563656456       -0.38986782224817        0.75988710098090
C           -5.35321198405009       -0.76906684647795        0.84258994630965
C           -2.99028782294666        2.02475839310278        0.55334759215953
C           -1.73279082459552        1.78484944120727        1.24257668056319
C           -1.90889214704748        2.30547265390393        2.64878877183758
C           -0.42983468346151        2.10816591155198       -0.70001582803666
C            0.97637259816750        2.68269842006526       -1.24790967195113
C            0.98100215058852        2.62001168067681       -2.74960493418849
C            2.45579992225713        1.90105958000694        0.54605050384309
C            3.45260982210785        0.83634622724353        0.94628478639031
C            5.03274797291817        1.14948168038525        0.15478537498480
C            5.51044350036106       -0.23589353625246        0.24723255258908
C            4.34001989295232       -1.08566674088355       -0.18542365154972
H            2.47311648054907       -2.68608654594290       -0.65719289085078
H            2.28902268451422       -4.36932772462450        0.98182904752901
H            2.53199100387469       -3.18413985442191        2.11331350200867
H            0.14359735210522       -4.56979102830649        2.14675250569960
H            0.04382638068548       -2.79927717017492        2.23990880228577
H           -0.14418400859273       -4.47110169250137       -0.28310989317560
H           -1.40405694262525       -3.40628597859152        0.36483239535153
H           -2.11121645523193        0.08222856211030       -1.04212539222477
H           -1.81990642566556       -2.68404696282125       -1.73584473925672
H           -2.44933418414016       -1.29610538078707       -3.67973285304402
H           -0.54955419186240       -1.79320618036112       -3.89721703897161
H           -1.24759489933780       -0.11663522601624       -3.19216499352719
H           -4.57078989826227        1.21149308684464       -0.32958711949684
H           -3.68713728124941       -0.43528715340203        1.81928367394088
H           -5.97969592925635       -0.10897323599263        1.51206176796534
H           -5.41522197081875       -1.83751243086409        1.07518681707473
H           -5.88248247751905       -0.65815833869759       -0.14284783690780
H            0.13461952261757        2.82153659728771        1.23506690544714
H           -1.73107464740765        0.68849757351795        1.44251814321131
H           -2.72743880587311        1.85567154991655        3.28267148150764
H           -2.06936545404856        3.43730871193275        2.62020610690321
H           -0.96539917684135        2.27097982358844        3.12207459866147
H            1.89352958898793        0.85969854686277       -1.17047883313961
H            1.23253682860332        3.64725754968970       -0.88360023735797
H            0.10014763082838        3.11113164637866       -3.26655425490189
H            0.77393234998840        1.52777647355600       -2.95329116598443
H            1.96228021243479        2.99644173451709       -3.20182701109656
H            3.41392667055203        0.77243377442106        2.15956445918414
H            5.33428052269521        1.89892433143248        0.85089915963762
H            4.64187750801729        1.54397950778769       -0.82135772919196
H            5.88813347853548       -0.43365335138851        1.25809094699754
H            6.27652583563170       -0.30112980653783       -0.51647851809272
H            4.10575399941819       -1.15327932846610       -1.21679544211697
H            4.54367919541041       -2.09070762272294        0.10990176796900
68
 energy: -106.529470304936 gnorm: 0.135109005792 xtb: 6.7.1-6.fc44.fc44
O            1.11286965855962       -0.38958427306417        1.23740292698136
O            0.81628552148721       -0.78167896769546       -1.63337063219142
O           -3.12319241388023       -2.58274378344984        0.08684668649714
O           -3.39088175495622        3.17086046632359        0.32532166652179
O           -1.20291671859044        1.55193564791715       -1.41984591682770
O            2.28762576354031        2.85781653743341        1.27701715407191
N            0.42757094542125       -2.58657821158058       -0.40163019775174
N           -2.26551336955507       -0.89371973377979       -1.05152148821203
N           -3.81041414795861        1.01343061818620        0.25003564867354
N           -0.51970253969906        2.27466574399853        0.62004404762480
N            1.96431342432954        1.76236787268868       -0.70359138340633
N            3.21382421637679       -0.51147156955451        0.47672814035291
C            1.98689641486427       -1.01028932495284        0.68572944882230
C            1.75930821673787       -2.46955399624343        0.16667610820067
C            1.82742213936337       -3.47430761479136        1.31791655575846
C            0.35648954291119       -3.64851488899294        1.67400022459953
C           -0.33413388332691       -3.61808346205756        0.33347750896501
C            0.04321487273929       -1.67156311096590       -1.31055332775798
C           -1.38212640943890       -1.72974674847534       -1.86998407051523
C           -1.39914137985983       -1.21608044990723       -3.29887756263233
C           -3.07476676639919       -1.36920876185965       -0.10198918594923
C           -3.90846520734503       -0.36519158222572        0.74366147157731
C           -5.38215905325789       -0.76297811393376        0.80851311101550
C           -3.00747492083735        2.05916181157374        0.55027116418642
C           -1.72926381427092        1.75878048534134        1.27409826677684
C           -1.90809295762479        2.35664331621168        2.66558220361555
C           -0.40994543025632        2.11911562708194       -0.71195287540809
C            0.95714820275248        2.66859694819506       -1.24539753300544
C            0.97379198247330        2.59941915212684       -2.76503188740220
C            2.46946012112773        1.88576408029340        0.53090629019903
C            3.49134190558139        0.83549527438469        0.94525015844159
C            4.88466071949355        1.15454476801622        0.21974360264641
C            5.51957878769060       -0.23000244925223        0.22796339436894
C            4.34622007213178       -1.10200047282682       -0.17425577412778
H            2.46832702750748       -2.68064447677992       -0.63688460897776
H            2.28135790298217       -4.39512886969186        0.96572502137678
H            2.50818167683368       -3.16614819095600        2.11856281744310
H            0.14142368339255       -4.58219125986098        2.16511348170991
H            0.03762406458229       -2.79228327397794        2.25265020677496
H           -0.15350356693555       -4.51379637237562       -0.27529945741829
H           -1.40669027014740       -3.40188928478526        0.36261446527213
H           -2.10424660732868        0.10243178468984       -1.05759436694659
H           -1.81839160463869       -2.71538149006511       -1.74297794924334
H           -2.42127217149524       -1.31375259485438       -3.69330529948280
H           -0.61504530509822       -1.74390567637768       -3.87592139850924
H           -1.22610552286672       -0.13748908857585       -3.21426172294044
H           -4.59195707572224        1.21820310791343       -0.33945779150928
H           -3.65054202430409       -0.43110739919608        1.80895204106849
H           -5.95366692736997       -0.13351808558655        1.50681329097345
H           -5.42026002829060       -1.82615794306659        1.08477345409645
H           -5.87266617985714       -0.66177175326229       -0.14384089261675
H            0.12540011584478        2.80459627695524        1.21686320183857
H           -1.69934242169464        0.68033453899081        1.42584603354974
H           -2.70044960410686        1.86994326443427        3.25675050064157
H           -2.08795516858296        3.41270949024191        2.61378442600670
H           -0.94364001950445        2.25238803706670        3.15174526774193
H            1.90240640690993        0.85454526111007       -1.16169187700461
H            1.21788916450564        3.65978463228179       -0.87201002862676
H            0.12807873951878        3.11518625762764       -3.23961254310999
H            0.79986646232756        1.54378386767743       -2.97323992887669
H            1.92293018065867        2.97336675267765       -3.18838613385473
H            3.44932674796990        0.79763821805250        2.07689939120226
H            5.36600709157538        1.91918362730445        0.85722526048041
H            4.65805309774398        1.53649364654964       -0.79704110691089
H            5.88366934931280       -0.44236900557201        1.24017770743814
H            6.29555959356526       -0.30132617738117       -0.51309491601648
H            4.12257943709459       -1.14235920523453       -1.24023237573984
H            4.53902969059218       -2.12104188676533        0.12475956124446
68
 energy: -106.561556897039 gnorm: 0.070585207990 xtb: 6.7.1-6.fc44.fc44
O            1.10616125783154       -0.39342118621423        1.25548416885178
O            0.83449728843733       -0.79079632799093       -1.66742936676127
O           -3.16531468447565       -2.58880273560006        0.12025115810876
O           -3.37321492169303        3.19657088069749        0.27464086799748
O           -1.22203841950363        1.58652387749593       -1.41844357160430
O            2.27653920845621        2.85604423961350        1.25955107030318
N            0.41371731554887       -2.56691079961763       -0.37673063453944
N           -2.27165592172402       -0.88651234397948       -1.03174562243840
N           -3.82423579281088        0.99912996082134        0.25012104812764
N           -0.55592490281081        2.28481987841894        0.63039631532685
N            1.95783526144696        1.76071735949166       -0.71252746467495
N            3.20327511410089       -0.51740800349011        0.47407139127813
C            1.97246786976461       -1.02371373577296        0.67062654631936
C            1.76885661015809       -2.45526800985213        0.16199987093720
C            1.83220425101790       -3.47880828128797        1.30448633668700
C            0.36105896062103       -3.65554449824362        1.66909405108743
C           -0.31557219248420       -3.60471910051803        0.30460188311577
C            0.03199370607872       -1.64430949543676       -1.27459126466778
C           -1.39501507900998       -1.72639339709218       -1.83956048973049
C           -1.40429854372222       -1.21064356505769       -3.27423387864558
C           -3.07597866544393       -1.38067161381716       -0.08950386020467
C           -3.90317811729358       -0.35874055765452        0.73425497589348
C           -5.38632734734050       -0.76775894492928        0.79101307932424
C           -3.02160894050688        2.05996365613796        0.55718279754165
C           -1.73404938178022        1.74214750132491        1.30043546950844
C           -1.88026261868545        2.36168749171159        2.68869944435463
C           -0.40816582934313        2.14351406380962       -0.70231391317181
C            0.94028203351462        2.66112403199818       -1.23956802802702
C            0.96275640056860        2.57957736151318       -2.76180223317199
C            2.46608021596572        1.88681608938599        0.51761902913272
C            3.49796291871353        0.83617246272602        0.91450692505021
C            4.82980428247357        1.15926550078949        0.27410691454767
C            5.51204400325320       -0.22038569526897        0.22237559537204
C            4.34757720084280       -1.11859739566381       -0.17287562587273
H            2.47797065384048       -2.67675856805246       -0.63642293849312
H            2.26915403975109       -4.41455651485187        0.94608579444738
H            2.47468593071277       -3.14418885931033        2.12559917343819
H            0.14387062623921       -4.58800153231947        2.18014552685091
H            0.03505865597840       -2.79642700508482        2.25609025147703
H           -0.16434161577621       -4.55307362921385       -0.25883161224664
H           -1.39514799933474       -3.40082217315953        0.35308434838727
H           -2.10646407275504        0.11891394403504       -1.07356200122825
H           -1.81073526660156       -2.73606888150890       -1.74133082003705
H           -2.39954014161076       -1.33749370555841       -3.70868235671708
H           -0.66163777645157       -1.71028994812344       -3.87717256658669
H           -1.19337471922879       -0.14252434789570       -3.24168790595416
H           -4.60691948386626        1.23225373142785       -0.34733426964316
H           -3.60051838320845       -0.42615729911958        1.79036895956712
H           -5.92566293753185       -0.15479816379707        1.51598744937451
H           -5.42983906393337       -1.81755242813888        1.09182085163032
H           -5.86645795980910       -0.67002302294181       -0.18335284515310
H            0.11495271448867        2.78586793058903        1.20938980618383
H           -1.64538169177564        0.65342227129690        1.40493122942270
H           -2.67471030710745        1.87481973981666        3.24533947589701
H           -2.11613662703084        3.43187478009873        2.59895856027809
H           -0.92238958273725        2.24438086491732        3.19279515380182
H            1.91239116534844        0.84576036570581       -1.15622173806659
H            1.18848376791790        3.66190017029340       -0.86345709955687
H            0.13894437558609        3.14077399654147       -3.20480107637901
H            0.83553170039632        1.52975131065886       -3.01518378229498
H            1.89693201586317        2.95118620027903       -3.17164824019352
H            3.53459349735396        0.84525948456044        2.01260144124815
H            5.36531136049131        1.92147243084487        0.86862876688604
H            4.65199618804226        1.53222497595175       -0.73706619674606
H            5.87810386900254       -0.46165475536166        1.22161594174681
H            6.31702806710223       -0.28651435137899       -0.50203851623424
H            4.14912641221320       -1.13785325472881       -1.25550417014535
H            4.52865772356376       -2.14614486154826        0.14025009546777
68
 energy: -106.569468994104 gnorm: 0.041673649300 xtb: 6.7.1-6.fc44.fc44
O            1.09180360579662       -0.42039192683235        1.24962611274709
O            0.82653477570119       -0.78973121693531       -1.65238976238344
O           -3.19528439377003       -2.58299997710024        0.15052456804993
O           -3.34282131985718        3.19140488941367        0.25078953239021
O           -1.25779318684493        1.62393540030952       -1.41739115616341
O            2.24247939458421        2.85427434923180        1.25036385717289
N            0.41250988337226       -2.55976758037240       -0.37742716090070
N           -2.27086568285544       -0.88448122003404       -1.01589871112874
N           -3.83204400462105        1.00346113815841        0.23513521401154
N           -0.58807792799746        2.29780497313848        0.62592224590251
N            1.94707410201623        1.74720910931912       -0.71242073456595
N            3.19628110195414       -0.51446093664821        0.47943958787501
C            1.97047417367977       -1.03405690190793        0.67264170603398
C            1.76763459338612       -2.45139133677029        0.15791765922584
C            1.82675301146158       -3.48266399013159        1.29474569839804
C            0.35671366870826       -3.66451223095266        1.66436409183463
C           -0.31927038436537       -3.61220418196630        0.29504972842540
C            0.03479439509195       -1.64203219847121       -1.27514180032672
C           -1.39771205072181       -1.71983441150462       -1.82411852543720
C           -1.41529969050094       -1.20086932440659       -3.25783954863033
C           -3.08151073680224       -1.38263441310955       -0.08236872968348
C           -3.89773688974851       -0.35129649345168        0.72556653449240
C           -5.37612972413986       -0.77750345107650        0.78444119665904
C           -3.02535109200177        2.05956640924090        0.54707361050485
C           -1.73984210523487        1.73787657101581        1.31293268478955
C           -1.85930490136399        2.36381844853172        2.70141401639975
C           -0.42734351051033        2.16409432888518       -0.69934917233281
C            0.92419814825676        2.64352482411016       -1.23633168361912
C            0.95700960448756        2.56530364674654       -2.75710345700888
C            2.44666785311511        1.88719679927578        0.51969277421154
C            3.48171255873255        0.83745465969507        0.92923427643384
C            4.84568478125314        1.16931810620159        0.27279281663450
C            5.50990161562455       -0.20618647679135        0.21594126957415
C            4.34731309157276       -1.11726448626882       -0.16722348872983
H            2.48449340586047       -2.66544900427255       -0.63825326720099
H            2.25591251803935       -4.42263031131052        0.93352828594837
H            2.43806468412941       -3.12677545694305        2.13022545884310
H            0.14880273966245       -4.59335903937023        2.19164313432785
H            0.02710206582833       -2.80827602023076        2.25725433864073
H           -0.16903673370818       -4.55958250276326       -0.25323427180124
H           -1.39305240205842       -3.40580104574117        0.34804152384574
H           -2.11258590456580        0.12789895699645       -1.09215168051432
H           -1.79296506783024       -2.74401334784040       -1.74614422411278
H           -2.39707478753237       -1.34692791529674       -3.70397396263756
H           -0.68198697633448       -1.71873916572880       -3.86995007634459
H           -1.17655413892810       -0.13896820039792       -3.25242408980201
H           -4.61691816452068        1.25822123284482       -0.35781413542817
H           -3.54503910218282       -0.41174102983829        1.76798354641758
H           -5.91058097559796       -0.16722135148201        1.49945127364004
H           -5.42855812744382       -1.81873675254792        1.08853162328291
H           -5.85378544344835       -0.67468245708497       -0.18881971168415
H            0.11139202392695        2.76885456956783        1.19253440932630
H           -1.60038647206973        0.64528031397474        1.38798054021802
H           -2.65161216396370        1.87194369970107        3.25182766582643
H           -2.10586350337674        3.41765848175436        2.60318291229452
H           -0.91176606804977        2.24937134339222        3.22167160153071
H            1.92169755769000        0.82728096096496       -1.14482488983673
H            1.15440081703474        3.64852957805215       -0.85765092484535
H            0.13792716845532        3.14180917934563       -3.17696505402534
H            0.84172392366985        1.52525786907798       -3.05839286999265
H            1.89679294882852        2.94426206885409       -3.14552093302313
H            3.56263075740058        0.87147425275761        2.02119752789445
H            5.37415295791816        1.92020909947559        0.85054555782358
H            4.70382822688392        1.54990408158837       -0.74514918976490
H            5.87539192982794       -0.47085929463955        1.20740893960491
H            6.33596671836925       -0.27711771504737       -0.49263933749920
H            4.17261295803451       -1.12760370117390       -1.25684642098364
H            4.51752754789158       -2.14780471180904        0.16072912496014
68
 energy: -106.571531338770 gnorm: 0.036440297072 xtb: 6.7.1-6.fc44.fc44
O            1.09330233124596       -0.42334962507385        1.26120160813523
O            0.84327002403228       -0.80324932710946       -1.67813190372650
O           -3.21444447578626       -2.57005425422169        0.16745164950259
O           -3.30009244379047        3.18520848073998        0.21280202698384
O           -1.29706525458797        1.64934866031535       -1.41838144181018
O            2.22017079002745        2.85268077929673        1.24054327625518
N            0.41432830920039       -2.55351019077518       -0.37685478972689
N           -2.26714055730882       -0.88234910596202       -1.00608888823463
N           -3.83505501584792        1.01033352942091        0.22024842625309
N           -0.60967455352340        2.30223992243681        0.61535324953697
N            1.93089911715552        1.73365630813325       -0.71189392236226
N            3.20060327593554       -0.50337758286955        0.48672011063969
C            1.97727105662185       -1.02707077678186        0.68301402406111
C            1.76895700921862       -2.44943019947964        0.15524447855728
C            1.82384242264286       -3.48230413981277        1.29026955614085
C            0.35290619710165       -3.66721748057404        1.65719737936141
C           -0.32732056752677       -3.61349114801327        0.29065243196404
C            0.03759609898109       -1.64046287208300       -1.27661158801908
C           -1.39706983296575       -1.71322774533372       -1.81726866513574
C           -1.42244646729251       -1.19985779613104       -3.25275856215434
C           -3.08751825682798       -1.37779069501914       -0.08073562077066
C           -3.89732138671885       -0.34300963339722        0.71848866321807
C           -5.36767244503828       -0.78428349232614        0.77994710791442
C           -3.02060272566964        2.05434344824895        0.53494023822371
C           -1.74083348668314        1.72939898702296        1.32214207822569
C           -1.84654847977119        2.36002311642654        2.71011848977961
C           -0.44848334414773        2.16411221405794       -0.70124618064180
C            0.90841767399659        2.62740833986905       -1.23753916398458
C            0.94820717351619        2.56407180968225       -2.75634100539446
C            2.43813839218087        1.88939043994426        0.51764405543557
C            3.49421096387291        0.85629250959654        0.91859484002610
C            4.84880053657608        1.16660586493690        0.28124803253687
C            5.51208128675337       -0.20425596157841        0.21397706318721
C            4.34830101487120       -1.11694586235681       -0.16201798356159
H            2.48356914052815       -2.66732107954452       -0.64614664734725
H            2.24751451507080       -4.42243046299192        0.92702362261175
H            2.41814071550710       -3.12107219745994        2.13027860142964
H            0.15445687548937       -4.59400459584191        2.19227562789051
H            0.02083563966301       -2.81751087314322        2.25755557811618
H           -0.17486740950501       -4.55163385620339       -0.25268744513741
H           -1.39402878030602       -3.40013173012924        0.34692438743154
H           -2.11914497215330        0.13111934975631       -1.10884517513219
H           -1.77626646408942       -2.74373785582184       -1.75014569606564
H           -2.40242681703019       -1.34660771733534       -3.69208146007839
H           -0.68277766854405       -1.73654326341238       -3.84754594829832
H           -1.17460147486663       -0.14220255929683       -3.25404006119631
H           -4.61778192834629        1.28109167680101       -0.36839795922115
H           -3.50378953815629       -0.38844415348426        1.74737477348202
H           -5.90121797182625       -0.17532831579905        1.50485247657938
H           -5.41954211879755       -1.82353269448714        1.08446791043314
H           -5.83325054648835       -0.68810647541412       -0.19848891452082
H            0.11868462641241        2.74728427030613        1.16946982701841
H           -1.58151731636837        0.64472282269741        1.39345487861885
H           -2.63356642816304        1.86254416585388        3.27125350116135
H           -2.08557103823502        3.41060442906856        2.60580395023740
H           -0.90607899981432        2.24921265300617        3.24217339810126
H            1.92376010831870        0.81106996758554       -1.13739621197300
H            1.12511722432149        3.63396162585075       -0.85628604042868
H            0.13206469259196        3.14787105543963       -3.16707748919664
H            0.82724572051546        1.53185624148554       -3.07461008876682
H            1.89778891845872        2.95053648484367       -3.12429537516483
H            3.56310028807400        0.88247027983293        2.01078554764680
H            5.41168289087215        1.90645660904559        0.85522747002618
H            4.65320755812470        1.54924504234742       -0.69166956591400
H            5.89137978420902       -0.48632182881818        1.19590673199731
H            6.33115031198558       -0.26177877996049       -0.50017408692246
H            4.18941409808100       -1.12347106741771       -1.25320140195506
H            4.50710965932198       -2.14611612521725        0.17991988990649
68
 energy: -106.571221865482 gnorm: 0.047571381664 xtb: 6.7.1-6.fc44.fc44
O            1.09096343521039       -0.42860428545462        1.27879931574880
O            0.85822686008052       -0.81696165046450       -1.70007033017640
O           -3.22821017406483       -2.55799912062190        0.17700090130882
O           -3.25864320824288        3.18254821024442        0.17290634708107
O           -1.32270423122342        1.65840984755946       -1.42254564528775
O            2.19930913724985        2.84710001802991        1.23956935321815
N            0.41665169683182       -2.55461692661935       -0.37904917887258
N           -2.25967774936680       -0.88295175237177       -0.99678436883218
N           -3.83526083755176        1.01650653094122        0.21031128152561
N           -0.62145801022521        2.30026356911881        0.60742951242288
N            1.91879888961724        1.71968035778207       -0.70515752302670
N            3.19713633025001       -0.49720599035868        0.49121477220984
C            1.97605861479398       -1.02431629804692        0.68639861602187
C            1.76859678861300       -2.45538912422637        0.15241459798472
C            1.82222430203687       -3.48474099532710        1.28851282373046
C            0.34953936877551       -3.66741219766045        1.65083209284540
C           -0.33450392836024       -3.60718886223744        0.28831889501301
C            0.04076682436002       -1.64457336232293       -1.28105559636621
C           -1.39523030180379       -1.71030738336838       -1.81441550526471
C           -1.42671874150151       -1.20350050823987       -3.25171422209723
C           -3.09042655140012       -1.37174328225254       -0.07761666084314
C           -3.89708033495768       -0.33477880396416        0.71735420394748
C           -5.35798162636744       -0.78858756792951        0.78077781987130
C           -3.01242220158625        2.04566864099588        0.52551073046372
C           -1.73873611196770        1.71874664573585        1.32963317680950
C           -1.83466764570175        2.34988443435309        2.71641814047840
C           -0.46434459510672        2.15395582594681       -0.70187140142254
C            0.89848866042275        2.61196388188595       -1.23489162971541
C            0.93894010839543        2.56647665714495       -2.75218711736365
C            2.43437399762848        1.88964857871150        0.52292046519747
C            3.49448875017700        0.86251182612925        0.92962468446531
C            4.82829975924386        1.16604536176344        0.29180883950035
C            5.50087342757743       -0.19921632031784        0.22045966923797
C            4.34224851134988       -1.11477729222531       -0.15978021838150
H            2.48123307561778       -2.66907504194686       -0.65309667126474
H            2.24227005021693       -4.42345654961148        0.92482262827010
H            2.40826634995108       -3.12391545692009        2.12865061062901
H            0.15608041855758       -4.59300775158040        2.18796208432482
H            0.01786453783989       -2.82496255084429        2.25857941668415
H           -0.18716573845900       -4.54808813722150       -0.24892067772680
H           -1.39424937980421       -3.38482747350817        0.34899977379248
H           -2.12205721984683        0.12857460163299       -1.11981385958561
H           -1.76210908056871       -2.74235785674220       -1.75433815336607
H           -2.40921081079453       -1.34462013022760       -3.68150062616821
H           -0.68591674762549       -1.74234363884300       -3.84076886697301
H           -1.17492010716651       -0.14791329927186       -3.25703986196452
H           -4.61412765857981        1.29796791697352       -0.37458365658775
H           -3.47359649385697       -0.36132920713505        1.73380330060163
H           -5.90287256403166       -0.17913621669200        1.50147714665123
H           -5.40527163044726       -1.82855367384560        1.08718452510070
H           -5.81474195108726       -0.69903028429529       -0.20406029541384
H            0.12825257713911        2.72330797512332        1.15100662641326
H           -1.57139044411632        0.64223016797521        1.40469100770906
H           -2.62138568014851        1.86681440206310        3.29180271626642
H           -2.07503493372378        3.40798085253207        2.61048808550481
H           -0.89915125874356        2.24330693554756        3.25654976314004
H            1.92634129495661        0.79667342087044       -1.12766113286907
H            1.10465072328859        3.61840445957500       -0.85222513286919
H            0.12726529466084        3.16388475357854       -3.15912628311049
H            0.81680448239843        1.53771334521604       -3.08071515536380
H            1.89126715840205        2.95413390738576       -3.11267599499255
H            3.54797631205971        0.88947060193894        2.02672649183009
H            5.40771442085981        1.90000313659496        0.86117729746792
H            4.73326824202362        1.57468237846618       -0.75811761715248
H            5.88690019463720       -0.48839333162739        1.19901116001513
H            6.31725755340486       -0.23669750843199       -0.49661710175004
H            4.19914533998293       -1.11809822012209       -1.25053416280912
H            4.49453213511678       -2.14025362556834        0.19137344991974
68
 energy: -106.573269489113 gnorm: 0.015413671639 xtb: 6.7.1-6.fc44.fc44
O            1.09425892236820       -0.43342968016271        1.27405479182554
O            0.84733640567666       -0.81135051448598       -1.68132761733111
O           -3.22329027560885       -2.55967195310513        0.17052299870903
O           -3.26692479659252        3.18237227266780        0.18738749876469
O           -1.30748417330981        1.64185908386335       -1.42704170038909
O            2.19442007761145        2.84343399883505        1.24226603182070
N            0.41851525777773       -2.56008476806721       -0.38224951593477
N           -2.25411767775747       -0.88595472573597       -0.99778747087848
N           -3.83221793431023        1.01826096996063        0.21162443840191
N           -0.61248603700578        2.29350314733978        0.60942478579827
N            1.91666505130032        1.72067129346216       -0.70487046810173
N            3.19740978601607       -0.50051794840813        0.48717065811182
C            1.97699074766892       -1.02969083085221        0.68144977086944
C            1.76789468946944       -2.45830028231656        0.15423615297270
C            1.82217939262924       -3.48543568451093        1.29180114280778
C            0.34919103842813       -3.66488528040924        1.65312408581698
C           -0.33283656818845       -3.59797914936101        0.29024880598448
C            0.04521795822138       -1.65044413267319       -1.28763712212504
C           -1.39171982155045       -1.71459901754855       -1.81864719636421
C           -1.42325317381464       -1.20613605000516       -3.25509461762193
C           -3.08540490746920       -1.37045356665905       -0.07712816860889
C           -3.89413048933459       -0.33118148297938        0.72112494643936
C           -5.35489284964475       -0.78313366633627        0.78434969608013
C           -3.00885167281566        2.04719842532990        0.52447989655920
C           -1.73633658375101        1.72028287402431        1.32568166417517
C           -1.83615514654068        2.34768758522181        2.71163929394690
C           -0.46150521092644        2.14701921058333       -0.70366663082130
C            0.89880900278815        2.61456153706429       -1.23466622598941
C            0.93774648435154        2.57059497452155       -2.75266949433831
C            2.43104117482485        1.88649112609509        0.52273145491379
C            3.48615684911834        0.85631870475491        0.93208328695397
C            4.84469801255717        1.17164264352476        0.28538666728041
C            5.50663701182324       -0.19765377943252        0.21798117869361
C            4.34429432342797       -1.11175280106866       -0.16316230811585
H            2.48207960877814       -2.66373196368946       -0.64684371001796
H            2.24443065777931       -4.42327172571362        0.92912901546042
H            2.41546998572600       -3.13004529451719        2.13044785325639
H            0.15066506791847       -4.59234714876902        2.18344294898874
H            0.01937551533326       -2.82290742587119        2.26155628094049
H           -0.19383272244468       -4.55010868802421       -0.24663122274186
H           -1.39483302267748       -3.37509590976166        0.35338631766063
H           -2.11710991287916        0.12307382329427       -1.11585773171674
H           -1.76256424365108       -2.74322293655025       -1.75513843402357
H           -2.41030422552174       -1.34432836860406       -3.68257101024684
H           -0.69376602747997       -1.73567961347387       -3.85964037103623
H           -1.17485236715587       -0.14818369190110       -3.25972130017347
H           -4.61087880145385        1.29522061198001       -0.37266597998265
H           -3.48324165233498       -0.35523934220275        1.73956107531825
H           -5.91315712399573       -0.17319427459294        1.48499994901898
H           -5.39732180824827       -1.82518107558405        1.09348691987337
H           -5.81619937983166       -0.69538285659466       -0.19734487649215
H            0.12979265332954        2.71981577729966        1.15505537164599
H           -1.57635412703797        0.64067055024195        1.40252865001263
H           -2.62612746234493        1.87714278981994        3.28811231199492
H           -2.07411737080371        3.40760200641620        2.61481880748646
H           -0.89651264483766        2.23577203973726        3.24744781238672
H            1.92118481596011        0.80000402988985       -1.13198085405112
H            1.10902403884108        3.61940575686570       -0.85130339851708
H            0.12731401255903        3.16907516242720       -3.16298409829455
H            0.81761729062140        1.54008219313120       -3.08003450382418
H            1.88510196788481        2.95096063245505       -3.12217432803107
H            3.55966812357417        0.89600359475678        2.03071950257757
H            5.39947287186142        1.89778694669600        0.86644647093139
H            4.68593698349378        1.56538826973472       -0.72514924125771
H            5.89198792004205       -0.48097826409631        1.19867622475725
H            6.31869977765722       -0.23954962029486       -0.50298028911954
H            4.19728155345457       -1.12000886901721       -1.25153947562513
H            4.50002285574539       -2.13516208524681        0.18551227832121
68
 energy: -106.573454319725 gnorm: 0.012003395670 xtb: 6.7.1-6.fc44.fc44
O            1.09274438652400       -0.43426706156041        1.27064178844226
O            0.85442889644752       -0.81229457299028       -1.69052713650192
O           -3.22416766488489       -2.56075385126767        0.16684728472766
O           -3.26912934278042        3.18376125320293        0.19183406965751
O           -1.30375072006726        1.63527897094344       -1.43010348931731
O            2.18395841247111        2.83940653668080        1.24468257010086
N            0.41777543986278       -2.55452003757500       -0.37824906901465
N           -2.25039584978284       -0.88656615814739       -0.99662357116603
N           -3.83230785692403        1.02086070733467        0.21154770410449
N           -0.60926553296619        2.29096923945856        0.61036909006950
N            1.91768578855390        1.72162289570058       -0.70542747621402
N            3.19635628442312       -0.50026665300845        0.49063180911982
C            1.97717697576019       -1.03186993979879        0.68694290091475
C            1.76895108472179       -2.45467682905690        0.15674030915369
C            1.82201515990255       -3.48442547693276        1.29230962478226
C            0.34934189577368       -3.66726470842894        1.65509841071981
C           -0.33294874918200       -3.59864281718132        0.29243019638620
C            0.04678875643556       -1.64549353980332       -1.28617371829550
C           -1.39008296335443       -1.71550651414255       -1.81904856653510
C           -1.42453883320408       -1.20418227617975       -3.25475493881764
C           -3.08391806652795       -1.37046812902921       -0.07768878434102
C           -3.89245380036388       -0.32790894784964        0.72199270000995
C           -5.35344237277234       -0.77878927609845        0.78342423625980
C           -3.00790552090283        2.04954478744102        0.52292787259504
C           -1.73641040238328        1.72224308614811        1.32444555076110
C           -1.83709279480296        2.35079308312643        2.70875168536263
C           -0.46019582786273        2.14418861981726       -0.70523549114317
C            0.89914576972092        2.61513219460962       -1.23436094275452
C            0.94042935582657        2.57233170468977       -2.75304139412654
C            2.42679294789335        1.88450428897431        0.52375305856550
C            3.48360664025387        0.85645543013408        0.93321539992861
C            4.84003976907562        1.17589609877304        0.28627548145983
C            5.50570205315161       -0.19388439552624        0.21672936306404
C            4.34292394988374       -1.11062682362619       -0.16042821033463
H            2.48329632879888       -2.66673055461549       -0.64377949646277
H            2.24522674429178       -4.42205058901191        0.92889340811329
H            2.41732017646773       -3.13051712131626        2.13246903332936
H            0.15124023868462       -4.59717987210325        2.18133407152277
H            0.01813321233469       -2.82745219871072        2.26655266891211
H           -0.19620325486619       -4.54414361751050       -0.24983215091038
H           -1.39675500350434       -3.37564746455751        0.35998802789750
H           -2.11561479699420        0.12198355111296       -1.11612911992592
H           -1.76083594257232       -2.74406631366676       -1.75533268149913
H           -2.41489042182370       -1.34105688822528       -3.67891939824654
H           -0.70380435791104       -1.74546513340213       -3.86544956952468
H           -1.17533605382813       -0.14548093362613       -3.25947102097954
H           -4.61057659950366        1.29732690582491       -0.37345562601655
H           -3.48543598997739       -0.35315823674444        1.74099333739546
H           -5.91087160682375       -0.17155425348459        1.49293400584420
H           -5.39289934354743       -1.81998469611963        1.09445616410462
H           -5.81152424677270       -0.70007038327028       -0.20187651216350
H            0.13587005559485        2.71180057795578        1.15591490452503
H           -1.57662808759315        0.63887875415684        1.39946463189546
H           -2.62586874915178        1.86490250460749        3.28266542096181
H           -2.05588690993019        3.41045889360164        2.60959816356357
H           -0.89512744602441        2.23057015560884        3.24242381668961
H            1.92378912289806        0.80267536750203       -1.13639833958474
H            1.10922778479468        3.61952570806032       -0.84952125584308
H            0.12765656520611        3.16321363659635       -3.16117631182778
H            0.80949148418115        1.54508847779693       -3.08424752819610
H            1.88866755118418        2.95509315504190       -3.12121602710481
H            3.54052354234229        0.87563412674618        2.02377824039129
H            5.40975019586939        1.90455204920833        0.86401653605263
H            4.67610233215753        1.56997138913079       -0.71433871618526
H            5.89554832453767       -0.47309985150916        1.19582806477328
H            6.31520733229385       -0.23620392593775       -0.50814400101381
H            4.19437513945698       -1.12204345511405       -1.24776828302226
H            4.50078308710950       -2.13272308948535        0.18940490069720
68
 energy: -106.573659405042 gnorm: 0.006987803185 xtb: 6.7.1-6.fc44.fc44
O            1.09324979348794       -0.43434283039426        1.27321037258552
O            0.85680158159984       -0.81440829543938       -1.69350325465246
O           -3.22645539013837       -2.56032344304493        0.16540634390843
O           -3.25793642506194        3.18277655271632        0.18433423140897
O           -1.30705846219081        1.63400281963361       -1.43220675538566
O            2.17349455199045        2.83565840271566        1.24390748032780
N            0.41847875794607       -2.55358293330199       -0.37813971233559
N           -2.24632922103768       -0.88799548382205       -0.99417125269982
N           -3.83144223273177        1.02229983747818        0.21113346558181
N           -0.60763968354095        2.28819096610100        0.60822690028032
N            1.91599405936483        1.71924189079998       -0.70681636369234
N            3.19560993723174       -0.49937803390814        0.49012823936824
C            1.97703341792467       -1.03190702604045        0.68717495259791
C            1.76974091905013       -2.45513011188103        0.15696948410190
C            1.82176152325208       -3.48564116868731        1.29192276118398
C            0.34902272493287       -3.66882491181519        1.65484741379115
C           -0.33474617463269       -3.59731806207731        0.29348473845515
C            0.04916551169745       -1.64628599462012       -1.28877376788852
C           -1.38867985599531       -1.71662242427625       -1.81969662875062
C           -1.42825585637678       -1.20434749277015       -3.25496912295820
C           -3.08368211800212       -1.37057017944232       -0.07804566864570
C           -3.89147734114478       -0.32653787555181        0.72246676967515
C           -5.35072628480983       -0.77928738436515        0.78386725011667
C           -3.00383985849853        2.04740166911201        0.52155062523556
C           -1.73375256015183        1.71815957077428        1.32469231578935
C           -1.83178760423909        2.34801435360048        2.70805737019745
C           -0.46213596440298        2.14098801739469       -0.70763359322684
C            0.89777201043660        2.61259652267711       -1.23612145334369
C            0.93828795008881        2.57389538790493       -2.75473030011862
C            2.42246925657555        1.88246374657797        0.52348097330771
C            3.48225629780442        0.85798439378496        0.93270593947804
C            4.83369487935090        1.17663636806465        0.29250724406322
C            5.50361744368422       -0.19274364345970        0.21735789628453
C            4.34187036092415       -1.10997848162930       -0.16104432660640
H            2.48392306637159       -2.66888319492028       -0.64387810004734
H            2.24480388217029       -4.42318232276518        0.92825261148873
H            2.41749620553932       -3.13275906328176        2.13237904569310
H            0.15116723460582       -4.60021613810979        2.17864845599293
H            0.01799593702329       -2.83133974578035        2.26948166302945
H           -0.20150462329996       -4.53976335057648       -0.25145852629353
H           -1.39739306373964       -3.37026480708642        0.36392606364485
H           -2.11457331777164        0.12022119622926       -1.11781923808176
H           -1.75753027009190       -2.74537668775208       -1.75688559153384
H           -2.42208328152580       -1.33665132348886       -3.67310565618575
H           -0.70733040484638       -1.74600768782738       -3.86412296047951
H           -1.17527927505142       -0.14676897858521       -3.25992010387974
H           -4.60850959537210        1.30047670767992       -0.37437676891893
H           -3.48178480575013       -0.34966445164334        1.74010415252782
H           -5.91178035946326       -0.17036007283224        1.48872530524601
H           -5.38856552441178       -1.81976787854904        1.09647380122510
H           -5.80850786330773       -0.70138692271463       -0.19988370267926
H            0.14397658734662        2.70065875051103        1.15229372970846
H           -1.57653293233439        0.63537949256353        1.40212538395787
H           -2.62500051649749        1.87755159958466        3.28293054873454
H           -2.05350520592786        3.40595262664718        2.61086336042883
H           -0.89005076892383        2.22711267225415        3.24131115016652
H            1.92482098885538        0.80132347499094       -1.13978070419662
H            1.10663294132090        3.61654965231555       -0.84997208456402
H            0.12591287065135        3.17320266286267       -3.15748071198058
H            0.80719225053482        1.54680057805482       -3.08743108731560
H            1.88807589202238        2.95757980675716       -3.12034025730201
H            3.54845976672092        0.88868958277800        2.02848513868281
H            5.39970078706352        1.90095851165572        0.87290181626949
H            4.67443180850549        1.57390612221264       -0.70942866056627
H            5.89553406554101       -0.47252962735766        1.19555918325051
H            6.31215268928340       -0.22959404272098       -0.50918591514501
H            4.19566518133825       -1.12212354745781       -1.24811592784653
H            4.49942138433310       -2.13118075308521        0.19073169532068
68
 energy: -106.573745474127 gnorm: 0.005786914784 xtb: 6.7.1-6.fc44.fc44
O            1.09293818037261       -0.43537027503428        1.27845731405543
O            0.85931158053846       -0.81861435538603       -1.69665274252670
O           -3.23058615200028       -2.55973936361763        0.16423015583286
O           -3.24682092372812        3.18090002779649        0.17600194821878
O           -1.30940286980057        1.63297225101743       -1.43365912371012
O            2.15941100228620        2.83001631134065        1.24613197712963
N            0.41922489355905       -2.55409963981625       -0.37790609094825
N           -2.24126193156628       -0.88939077096203       -0.98941650506998
N           -3.83015284131281        1.02299636458812        0.21092204965697
N           -0.60618099366282        2.28443209316656        0.60727779731144
N            1.91554199042880        1.71725436618740       -0.70720798037847
N            3.19443118703034       -0.49725596801999        0.49073796884460
C            1.97632817044111       -1.03175178031185        0.68715734940847
C            1.77036391371483       -2.45664730284472        0.15781619856039
C            1.82166239361957       -3.48835129686637        1.29177904188046
C            0.34869680294309       -3.66963648424855        1.65422890641786
C           -0.33645882167611       -3.59210973026453        0.29383903365168
C            0.05189412645923       -1.64907519780844       -1.29170005509366
C           -1.38743122243220       -1.71807786252434       -1.81900347906936
C           -1.43249613714133       -1.20501959610689       -3.25401648143365
C           -3.08389185401376       -1.37060689391292       -0.07763509934834
C           -3.89121017031441       -0.32534661755125        0.72307820233108
C           -5.34858780276830       -0.78033160752385        0.78408881697456
C           -2.99908224419610        2.04450639506565        0.51973163599594
C           -1.73117455050049        1.71425115871802        1.32559955634482
C           -1.82645461894150        2.34724275801972        2.70790585831986
C           -0.46342302462983        2.13690083681519       -0.70876035620747
C            0.89645411720731        2.60995592027017       -1.23669315611187
C            0.93602483592574        2.57697662515856       -2.75535866363296
C            2.41796265781136        1.88010980224626        0.52546148797596
C            3.47985858388737        0.85933277537043        0.93650847892468
C            4.83255148655896        1.18003941111135        0.29447765980305
C            5.50189794377674       -0.18882271109214        0.21705384962234
C            4.34081799736035       -1.10721541610412       -0.16040019860341
H            2.48462835881233       -2.66697794847739       -0.64296678258424
H            2.24395567990577       -4.42594919633728        0.92733050704302
H            2.41778256272278       -3.13684093701815        2.13225225098122
H            0.14940270179956       -4.60279721826196        2.17485364080477
H            0.01922728166643       -2.83469659727941        2.27273865736835
H           -0.21188250323339       -4.53916074359654       -0.25039530851205
H           -1.39673675813050       -3.35830204819216        0.36749285320735
H           -2.11241211068936        0.11858981959924       -1.11803726754062
H           -1.75443776273827       -2.74698683509286       -1.75755917845094
H           -2.42967134432580       -1.33071506124973       -3.66589542571538
H           -0.71682109906591       -1.74340035941218       -3.86873177678384
H           -1.17330916956654       -0.14928948168678       -3.26078698065566
H           -4.60573772815239        1.30241894489328       -0.37560097686386
H           -3.47847124318461       -0.34615264472175        1.73928476004299
H           -5.91311746604822       -0.16887847056603        1.48254731087132
H           -5.38471396081131       -1.81958073167211        1.10107157766802
H           -5.80472343869243       -0.70457087001993       -0.20064479633902
H            0.15163540880965        2.68675083117489        1.14961123401709
H           -1.57515424865769        0.63263285191216        1.40638862032486
H           -2.62077861718220        1.87929230191139        3.28459570083282
H           -2.04766122757520        3.40916816038700        2.60286725959375
H           -0.88526668623164        2.22486904085180        3.24036053564078
H            1.92852872879041        0.80077862226333       -1.14333953864703
H            1.10292873767464        3.61342577049866       -0.84859393154906
H            0.12649644958622        3.18143281736687       -3.15608474673295
H            0.80729187818796        1.55056863701046       -3.09195157627317
H            1.88543172545187        2.95779787513834       -3.12147894002410
H            3.53780604094035        0.88951205640137        2.03319998375774
H            5.39786992374807        1.90097591755227        0.87650279798711
H            4.67760439737807        1.58031501623917       -0.70882078002155
H            5.89695131419957       -0.46893881555652        1.19395492453387
H            6.30881013042004       -0.22377625958634       -0.51132894311598
H            4.19724459934886       -1.12078036266045       -1.24727468206012
H            4.49835141490617       -2.12753074531681        0.19395133785395
68
 energy: -106.573806128269 gnorm: 0.004419462349 xtb: 6.7.1-6.fc44.fc44
O            1.09225857659949       -0.43653677476370        1.27835650555784
O            0.86331335197029       -0.82298033178645       -1.70236102145403
O           -3.23412700665543       -2.56036702446146        0.16079594514522
O           -3.24447284665437        3.17842779040703        0.17735034579634
O           -1.30918660105744        1.63073021515033       -1.43629026467738
O            2.14786447990305        2.82564413854270        1.24662662787416
N            0.41928903243434       -2.55341984236697       -0.37694861332758
N           -2.23662096449532       -0.89009569226838       -0.98519733246325
N           -3.82950628660815        1.02318984460205        0.21098933410637
N           -0.60395541265440        2.28068926375787        0.60579984941657
N            1.91627091427070        1.71748930915992       -0.70995593688943
N            3.19376862992492       -0.49658197114275        0.49240496487877
C            1.97660410357270       -1.03296819357114        0.68966282971434
C            1.77055779602793       -2.45701559543622        0.15926908799998
C            1.82134821331846       -3.49038068866133        1.29171200977602
C            0.34853005858824       -3.67149064848321        1.65439002563239
C           -0.33848083948610       -3.58901480928429        0.29528843235604
C            0.05409969390573       -1.65053035715291       -1.29395592586461
C           -1.38628961658406       -1.71875171588101       -1.81869983816064
C           -1.43587705905091       -1.20317593656624       -3.25278501466698
C           -3.08414926779948       -1.37104745280075       -0.07796607276071
C           -3.89118651623318       -0.32506801210935        0.72345190755626
C           -5.34794430577986       -0.78032193237306        0.78387866239341
C           -2.99586620878237        2.04292063556740        0.51758602985233
C           -1.72953461381402        1.71253583122083        1.32391301231003
C           -1.82292048838500        2.34733582748338        2.70544726478708
C           -0.46354579080953        2.13389363775768       -0.71116260888555
C            0.89578471362292        2.60943015219451       -1.23876675348762
C            0.93600762486415        2.57999779338601       -2.75748732564362
C            2.41419822654404        1.87857751539731        0.52500272396087
C            3.47653479916111        0.86030510066363        0.93764546817930
C            4.83134721713295        1.18327873688198        0.29976039978583
C            5.50063188716981       -0.18553615530025        0.21839539713026
C            4.34049302907643       -1.10526735617784       -0.15840870423009
H            2.48501595228771       -2.66549050838460       -0.64149183357211
H            2.24363169370211       -4.42756388018907        0.92592276285899
H            2.41890146810222       -3.14068456211023        2.13211926074821
H            0.14864808948281       -4.60703001889983        2.17085211145898
H            0.02012764392441       -2.83911870853991        2.27678817226206
H           -0.22070872959513       -4.53595054364743       -0.25111449041021
H           -1.39753504084589       -3.34996567061314        0.37236197968419
H           -2.10922635230211        0.11751754418427       -1.11575689806675
H           -1.75326141617911       -2.74745567470718       -1.75808829457759
H           -2.43656912053206       -1.32227277481810       -3.65858873660854
H           -0.73073739263568       -1.74939380188123       -3.87462094151974
H           -1.17161782404406       -0.14875972851243       -3.25896450438038
H           -4.60462573847016        1.30230143927601       -0.37588585373519
H           -3.47877426861998       -0.34613368568847        1.73957142865728
H           -5.91348285098630       -0.16705103719517        1.48080878507068
H           -5.38296752739698       -1.81817780435970        1.10497165443733
H           -5.80214009711250       -0.71009151609648       -0.20298520338314
H            0.15745981550136        2.67477424213215        1.14771303182414
H           -1.57411104471535        0.63040720637879        1.40631190026807
H           -2.61896487887638        1.88450326245190        3.28322050323592
H           -2.03970376503968        3.40919845805498        2.60336243320862
H           -0.88166350361953        2.22163617607362        3.23639767696827
H            1.93200583198937        0.80259823215816       -1.14952051063488
H            1.10082759938133        3.61237835925060       -0.84877282985777
H            0.12786387834037        3.18441326149250       -3.15740362384699
H            0.80334168085699        1.55552520818518       -3.09705032803319
H            1.88604901398436        2.96026003218572       -3.12274658523071
H            3.53967520729852        0.89051378890403        2.03440213133833
H            5.39857619154995        1.90210340549016        0.88382051504950
H            4.67914574708494        1.58704825524194       -0.70408995587366
H            5.89866513106275       -0.46597397978418        1.19400941216356
H            6.30566769117052       -0.21855617115950       -0.51213553556371
H            4.19764228431715       -1.12096425029101       -1.24508059485072
H            4.49941378299590       -2.12481229279596        0.19750922499969
68
 energy: -106.573842748376 gnorm: 0.004107651736 xtb: 6.7.1-6.fc44.fc44
O            1.09228242827279       -0.43564975768540        1.27707585332602
O            0.86645579632863       -0.82640899266318       -1.70787567359724
O           -3.23837379561367       -2.56251233582466        0.15602443873432
O           -3.24149887709769        3.17722434341465        0.17196759410775
O           -1.30927716528124        1.62992483460957       -1.43915085616569
O            2.13924792548008        2.82121237770568        1.24718160442245
N            0.41961611952997       -2.55116972180829       -0.37553392429763
N           -2.23186805679103       -0.89076385896790       -0.98009884300882
N           -3.83026918300368        1.02260169778470        0.21319429482620
N           -0.60186185837746        2.27683684368582        0.60433084575901
N            1.92010520463205        1.71833987650002       -0.71308974665085
N            3.19421416905948       -0.49575706923935        0.49460037098624
C            1.97755439274508       -1.03311700798580        0.69277182418955
C            1.77130016374741       -2.45561338369478        0.16095382019790
C            1.82141080583636       -3.49169790633169        1.29100241988576
C            0.34910018404388       -3.67421750631115        1.65487239590457
C           -0.34045052333976       -3.58665612714345        0.29737702662884
C            0.05644000929680       -1.65123494614602       -1.29632119309465
C           -1.38530431674249       -1.71920160014661       -1.81800229249549
C           -1.44076875277804       -1.20072986905006       -3.25095514305112
C           -3.08465018498290       -1.37254541836401       -0.07834657557759
C           -3.89147187474992       -0.32633799143670        0.72383060955506
C           -5.34847155956796       -0.78105040324965        0.78366513236980
C           -2.99416619772778        2.04168530489116        0.51698488286577
C           -1.72876715049614        1.71140352006291        1.32226854589749
C           -1.82016244448056        2.34890169363323        2.70293044776320
C           -0.46278655682074        2.13163388614375       -0.71379292717785
C            0.89665524968911        2.60850844528372       -1.24084396680999
C            0.93686905245253        2.58138576439367       -2.75963564575598
C            2.41367298707004        1.87725305002112        0.52422356741370
C            3.47591536740716        0.86142153228934        0.93948052600003
C            4.82992202072713        1.18631582491786        0.30292597393015
C            5.50067997946943       -0.18205078709653        0.21840207159102
C            4.34117452587140       -1.10373817293728       -0.15568740660409
H            2.48569992508310       -2.66500917185224       -0.64010096746724
H            2.24377943212922       -4.42826120205959        0.92303220086815
H            2.42029873975647       -3.14418597551446        2.13191350128420
H            0.14961005085168       -4.61293024106007        2.16621028307944
H            0.02143605662152       -2.84495120583898        2.28198613169016
H           -0.22917023164896       -4.53025310451057       -0.25296736982022
H           -1.39897421942315       -3.34311840574304        0.37863047618595
H           -2.10514862577753        0.11673783850589       -1.11144304614786
H           -1.75288714460637       -2.74788439500594       -1.75782819327813
H           -2.44573790203002       -1.31157010677988       -3.64950472141586
H           -0.74544769046307       -1.75366950297311       -3.87770020584781
H           -1.16809791076645       -0.14821075635370       -3.25784175212535
H           -4.60405248551986        1.30010277195002       -0.37622670283749
H           -3.48089991540948       -0.34942996932465        1.74074745401383
H           -5.91480814468760       -0.16480234774710        1.47700007622228
H           -5.38362645254488       -1.81695348177420        1.10934789229309
H           -5.80221741696307       -0.71621519873197       -0.20327014863742
H            0.16329244922969        2.66210613511571        1.14654553548188
H           -1.57391030742997        0.62831572476227        1.40662209540734
H           -2.61749756072539        1.88815462536622        3.28095850127646
H           -2.02853740568874        3.40995845844371        2.60057367996324
H           -0.87866117642535        2.21802663685916        3.23205921800728
H            1.93846174116924        0.80504303657497       -1.15607205343551
H            1.10036553328238        3.61120500104787       -0.84925230267873
H            0.12972286460659        3.19133467246241       -3.15603219766073
H            0.80018619731135        1.55863921910722       -3.10288883791680
H            1.88802146330357        2.96240380727407       -3.12297407892110
H            3.53155545757049        0.89020088395393        2.03453212047815
H            5.39528571066489        1.90319741974994        0.89000380237562
H            4.67593251468442        1.59220953034413       -0.69760960547150
H            5.90161307628763       -0.46190373260706        1.19289297139215
H            6.30422146178327       -0.21388472428621       -0.51393081052530
H            4.19756034179529       -1.12222434759799       -1.24229815000107
H            4.50197136547040       -2.12274646763955        0.20174282788780
68
 energy: -106.573861495302 gnorm: 0.002595086762 xtb: 6.7.1-6.fc44.fc44
O            1.09247074452872       -0.43416298334860        1.27822601963750
O            0.86728784143550       -0.82806653461317       -1.71034577302142
O           -3.24061199870940       -2.56355977091977        0.15351882260043
O           -3.24331629310029        3.17570771072083        0.17348452379365
O           -1.30868168751691        1.63093563289193       -1.44056457245915
O            2.13759288760455        2.82002074149081        1.24735489833806
N            0.41981574742295       -2.55025047681240       -0.37501986722598
N           -2.23062859962391       -0.89053694430826       -0.97768730650021
N           -3.83131988546288        1.02145275838458        0.21426190870800
N           -0.60175194105925        2.27603954219610        0.60313151270737
N            1.92169921213889        1.71924587636645       -0.71423468580710
N            3.19444058695689       -0.49563185465569        0.49530826596215
C            1.97734626830194       -1.03227462019232        0.69294516732241
C            1.77164655709190       -2.45515851489818        0.16130468704588
C            1.82187327960148       -3.49238969567318        1.29022646883486
C            0.34984871726948       -3.67527874123628        1.65490258005139
C           -0.34103385358415       -3.58545577167285        0.29825208917039
C            0.05686990230796       -1.65163567936910       -1.29703000041348
C           -1.38538673696540       -1.71876570108011       -1.81719643928739
C           -1.44320453200343       -1.19968853901374       -3.24978250307155
C           -3.08578292768008       -1.37334208959259       -0.07882081395518
C           -3.89256451320197       -0.32804285917576        0.72345014436827
C           -5.35023553765397       -0.78204259281749        0.78339991510287
C           -2.99439243193514        2.04087398136332        0.51678590643405
C           -1.72899125222434        1.71083505280982        1.32129096713611
C           -1.81933340200135        2.34885977794106        2.70209079406414
C           -0.46189404593612        2.13178358785577       -0.71499486082585
C            0.89758511713911        2.60898794912438       -1.24181126177453
C            0.93800886107159        2.58239315912174       -2.76052436846840
C            2.41345386558214        1.87687313257056        0.52406437765085
C            3.47587140267301        0.86184384618418        0.94009257444530
C            4.83078441292741        1.18650721529256        0.30394216139992
C            5.50125905928287       -0.18148879817519        0.21855131736814
C            4.34171882063074       -1.10347122949810       -0.15437363355964
H            2.48584048939796       -2.66440978790892       -0.64020648946375
H            2.24393835567695       -4.42860173279413        0.92087546913936
H            2.42090580326392       -3.14585982031570        2.13142220029483
H            0.15076708072868       -4.61516239513905        2.16438634706388
H            0.02285732377082       -2.84718604316057        2.28385575902782
H           -0.23274373945384       -4.52886131051111       -0.25280004227496
H           -1.39906417416113       -3.34001566249671        0.38061381631326
H           -2.10337396589343        0.11717646572701       -1.10848713704729
H           -1.75388667417657       -2.74736366432312       -1.75685822143924
H           -2.44997371149569       -1.30555178050665       -3.64486468124902
H           -0.75069199895128       -1.75306849650826       -3.87866227613241
H           -1.16540640477941       -0.14854716763004       -3.25756167254315
H           -4.60496763844743        1.29808881634918       -0.37604781873891
H           -3.48288886835772       -0.35249169970329        1.74107565501648
H           -5.91588103542497       -0.16360468873606        1.47562333842134
H           -5.38645751124723       -1.81701389185438        1.11187003889655
H           -5.80340971312789       -0.71939011960472       -0.20384306854876
H            0.16411539524165        2.65892444415835        1.14594685171734
H           -1.57501207026533        0.62777814983016        1.40666337699780
H           -2.61753634656506        1.88904949002211        3.28000505356572
H           -2.02597776458610        3.41104617716016        2.59559359927490
H           -0.87825245737436        2.21628744821385        3.23111839099520
H            1.94085721975436        0.80646067389016       -1.15800133009483
H            1.10072743649060        3.61166360532644       -0.84963736465082
H            0.13141170389382        3.19133349384250       -3.15745638790998
H            0.80034126642717        1.56011843644844       -3.10420016074343
H            1.89003700658554        2.96097369230739       -3.12374771684510
H            3.53265261178695        0.89282380695509        2.03613783551444
H            5.39787015965133        1.90386152207932        0.89207168802454
H            4.67646436739650        1.59451549649173       -0.69554587510224
H            5.90336645442610       -0.46176527714363        1.19251002111601
H            6.30420600404523       -0.21331753495759       -0.51435679106967
H            4.19723301632333       -1.12280409859077       -1.24125335175236
H            4.50329640943761       -2.12257555080666        0.20314960424143
68
 energy: -106.573874777744 gnorm: 0.002006208721 xtb: 6.7.1-6.fc44.fc44
O            1.09346196757670       -0.43291000475603        1.27813619499851
O            0.86782114391574       -0.82979864056837       -1.71258941514353
O           -3.24368848301156       -2.56439464357180        0.15091167622344
O           -3.24465841075453        3.17428650622691        0.17260007402555
O           -1.30761325384021        1.63196981790411       -1.44243827344131
O            2.13749670491681        2.81904191110458        1.24755672201236
N            0.41991884690114       -2.54942916302025       -0.37448292975756
N           -2.23001820372416       -0.88981251586054       -0.97472107529978
N           -3.83330083178723        1.01980002076613        0.21531594159861
N           -0.60239127107732        2.27469893675238        0.60147211510685
N            1.92315071604880        1.71982434034961       -0.71496342732057
N            3.19612617254400       -0.49558075558108        0.49605232177473
C            1.97836168633123       -1.03131413020947        0.69263460124193
C            1.77190930039697       -2.45466061600937        0.16133054235960
C            1.82286232310765       -3.49282695518521        1.28914833464195
C            0.35106939213144       -3.67569595761705        1.65473186303972
C           -0.34128163943506       -3.58310786588206        0.29898871568235
C            0.05680866074810       -1.65198838670628       -1.29736681127272
C           -1.38586430361273       -1.71747225667375       -1.81585924231801
C           -1.44529452148026       -1.19763204241148       -3.24796001039780
C           -3.08782956472320       -1.37398952546218       -0.07915853026942
C           -3.89456350948483       -0.33014212787323        0.72315241698198
C           -5.35310303015411       -0.78346936299083        0.78352583387792
C           -2.99537661476252        2.03965564767877        0.51625066624199
C           -1.72958658069026        1.70945509146296        1.31989663596085
C           -1.81860329518275        2.34856927995250        2.70076797782416
C           -0.46070769071781        2.13148613106112       -0.71618095034771
C            0.89865927712081        2.60904133732452       -1.24260889854846
C            0.93936765203936        2.58257092252998       -2.76118102214745
C            2.41376898928595        1.87650994559144        0.52401454962509
C            3.47714219145143        0.86237229795210        0.94013253126057
C            4.83263657401000        1.18666058140300        0.30439641227675
C            5.50326561584093       -0.18060636819517        0.21887728970139
C            4.34395757388139       -1.10333304889420       -0.15279765346205
H            2.48589830670784       -2.66193344381760       -0.64059183699147
H            2.24420661959969       -4.42861115711433        0.91800120302268
H            2.42182299809141       -3.14734544311413        2.13046322085243
H            0.15255594275675       -4.61653755414268        2.16270833355395
H            0.02510683903171       -2.84879184134954        2.28558401148723
H           -0.23641574597743       -4.52798646865999       -0.25159978605953
H           -1.39851129908487       -3.33571931723377        0.38207608865528
H           -2.10194396423057        0.11817689604234       -1.10458869158555
H           -1.75563822430099       -2.74599899702347       -1.75561279459090
H           -2.45363795284408       -1.29785671242081       -3.63965858626182
H           -0.75842257492036       -1.75515261550378       -3.88044396277108
H           -1.16248487116161       -0.14815459995550       -3.25583606628152
H           -4.60664049395631        1.29564671307358       -0.37614898758806
H           -3.48529810898424       -0.35560535530491        1.74143368509545
H           -5.91800535268363       -0.16205592456758        1.47376149614185
H           -5.39087015063304       -1.81746150885879        1.11549307457440
H           -5.80508919855875       -0.72313115893566       -0.20468089685534
H            0.16346214556501        2.65654904013434        1.14499635254055
H           -1.57662079886533        0.62681596904308        1.40613936159373
H           -2.61879760232814        1.89285577738841        3.27835607836718
H           -2.02520576243955        3.41141676386520        2.59476896100396
H           -0.87848137585380        2.21406806536209        3.23071877389562
H            1.94356787248215        0.80729680092675       -1.15888465068128
H            1.10099678865236        3.61188347030229       -0.85013834917329
H            0.13428559667321        3.19245994519260       -3.15920591589847
H            0.80181626679413        1.56015837891634       -3.10470435801026
H            1.89169891819085        2.95946290534402       -3.12451927341528
H            3.53274380896101        0.89128059759999        2.03600951912607
H            5.39658198464694        1.90421884991119        0.89417383804629
H            4.67873932947297        1.59568624687043       -0.69537810015701
H            5.90583519066880       -0.46135526497259        1.19262648187382
H            6.30600590241446       -0.21236130174967       -0.51417735311314
H            4.19832012016717       -1.12359493149252       -1.24003421031823
H            4.50632293743600       -2.12247366097516        0.20489583897870
68
 energy: -106.573881528648 gnorm: 0.001676678148 xtb: 6.7.1-6.fc44.fc44
O            1.09427993947348       -0.43245408307121        1.27660958516667
O            0.86762335450446       -0.83036362963997       -1.71336715751741
O           -3.24631095907845       -2.56485440677210        0.14892660102518
O           -3.24544540802198        3.17387382190089        0.17007769899554
O           -1.30687088891785        1.63148663244479       -1.44402108991248
O            2.13823699306435        2.81829908364203        1.24780273926962
N            0.41998665190198       -2.54889623004391       -0.37436514063185
N           -2.22961123685080       -0.88946911885955       -0.97257931735377
N           -3.83521330417053        1.01919892178162        0.21583276121248
N           -0.60319331487063        2.27334489458460        0.60034702471729
N            1.92382952955881        1.71942009173125       -0.71490565548514
N            3.19743373629203       -0.49635345910249        0.49657973261852
C            1.97938564011786       -1.03148143405315        0.69257106030656
C            1.77215951409906       -2.45457047071218        0.16069991850888
C            1.82377690930387       -3.49295194673282        1.28803872350403
C            0.35212669027634       -3.67582524778923        1.65458011308968
C           -0.34162581713024       -3.58144310019621        0.29981317428769
C            0.05675913738810       -1.65210851560103       -1.29789827677825
C           -1.38628188529491       -1.71663855260750       -1.81505612603959
C           -1.44700623005771       -1.19627022318717       -3.24679494794482
C           -3.08936669396071       -1.37417940939404       -0.07914225852009
C           -3.89598162236656       -0.33094171289645        0.72341379654589
C           -5.35490190818495       -0.78410243731207        0.78409715345225
C           -2.99663006384149        2.03922585473319        0.51548600422795
C           -1.73055181551611        1.70890809592807        1.31881530683000
C           -1.81910466839763        2.34835263620583        2.69952868367927
C           -0.46041594608204        2.13060891305930       -0.71693967602854
C            0.89930690653745        2.60829386961645       -1.24267489152369
C            0.94062963940831        2.58188153018505       -2.76120087094056
C            2.41445990239793        1.87604387022823        0.52410066130013
C            3.47788284644110        0.86182375129843        0.94028673782274
C            4.83306641710214        1.18715639693345        0.30500010746535
C            5.50446966175286       -0.17962437992373        0.21929171616703
C            4.34578961175119       -1.10364439525223       -0.15173461437112
H            2.48581181779547       -2.66119611206511       -0.64166609222522
H            2.24449254672100       -4.42846240772584        0.91577412432067
H            2.42318056902172       -3.14826282818167        2.12911937935319
H            0.15433805251375       -4.61729438381312        2.16157822619878
H            0.02693583873570       -2.84991817787859        2.28697600440388
H           -0.23864946607640       -4.52616959164836       -0.25111718063138
H           -1.39841338602927       -3.33294439753019        0.38372291482029
H           -2.10142342943116        0.11859735326467       -1.10207578471607
H           -1.75678461673048       -2.74502870184994       -1.75473886047741
H           -2.45674541755343       -1.29243074193856       -3.63603825876951
H           -0.76398137993298       -1.75614110143114       -3.88027552041891
H           -1.16023952796884       -0.14791579984924       -3.25505651658980
H           -4.60806268635882        1.29439387481354       -0.37650827791767
H           -3.48697203469854       -0.35638103695751        1.74191117160291
H           -5.92055142157322       -0.16041711734996        1.47112622691880
H           -5.39355773521517       -1.81739561067908        1.11827282923723
H           -5.80642765227686       -0.72562903073084       -0.20430959070961
H            0.16241733511292        2.65530221807922        1.14424896512646
H           -1.57780427924184        0.62625324860907        1.40501933874083
H           -2.62030076876023        1.89238703904613        3.27681616183806
H           -2.02147776960318        3.41189694266030        2.59401601181475
H           -0.87972146178006        2.21149957422798        3.23051435698355
H            1.94539013827931        0.80697942048207       -1.15880385844251
H            1.10119744579378        3.61125308265799       -0.85020716856105
H            0.13657116911907        3.19378592691494       -3.15959231025273
H            0.80221942255810        1.55940876319104       -3.10466672123399
H            1.89333257534138        2.95879744172264       -3.12400986107567
H            3.53513658443437        0.89335297094326        2.03650492354758
H            5.39635477309547        1.90528164505161        0.89554386355418
H            4.67993013015389        1.59661574483162       -0.69517924880677
H            5.90796526289260       -0.46031933546492        1.19270633962969
H            6.30656470617995       -0.21074222295214       -0.51444142662357
H            4.19935207753364       -1.12481900107421       -1.23902974406668
H            4.50903894461925       -2.12245569512984        0.20623398206921
68
 energy: -106.573886824927 gnorm: 0.001738078743 xtb: 6.7.1-6.fc44.fc44
O            1.09570930850752       -0.43122771814928        1.27488003207413
O            0.86807958354812       -0.83044827797382       -1.71576072393559
O           -3.25017668710570       -2.56507304987859        0.14651543745949
O           -3.24597563414523        3.17331356599560        0.16804273016298
O           -1.30576342826198        1.62955568419393       -1.44642813365627
O            2.13840097897266        2.81705786982120        1.24926030821205
N            0.42026647772333       -2.54712432907580       -0.37384806641658
N           -2.22907505789446       -0.88907624392984       -0.96972918387253
N           -3.83763411656589        1.01925306287402        0.21584340700443
N           -0.60389987571152        2.27127508236077        0.59886301987084
N            1.92451536627308        1.71829106418359       -0.71378586629760
N            3.19934733880236       -0.49701696102563        0.49714971479408
C            1.98080972871552       -1.03128840168709        0.69194834110729
C            1.77310071393669       -2.45393058097704        0.15927508460998
C            1.82548012063483       -3.49277385471282        1.28596566189425
C            0.35407951575099       -3.67577750920413        1.65450764650186
C           -0.34192411949607       -3.57960723542525        0.30131677389360
C            0.05675540981328       -1.65100634936860       -1.29820918416819
C           -1.38683157924202       -1.71572456897038       -1.81375486505491
C           -1.44968576673729       -1.19493174875162       -3.24517428799566
C           -3.09151711273396       -1.37397785840629       -0.07891123706270
C           -3.89800932604902       -0.33064449240512        0.72391129275882
C           -5.35706751054671       -0.78380758943798        0.78468667635765
C           -2.99798081204508        2.03881404895947        0.51393703999809
C           -1.73153872188015        1.70761657236705        1.31725886419274
C           -1.81939065257351        2.34594739017827        2.69781953988373
C           -0.46029921271995        2.12906588704376       -0.71808583878069
C            0.90031012703743        2.60687462313551       -1.24202143929093
C            0.94299236548515        2.58078429780006       -2.76059125967134
C            2.41511616071197        1.87525518330159        0.52515518636170
C            3.47909287402796        0.86105595790473        0.94124092657195
C            4.83308779717466        1.18812010746577        0.30486802829658
C            5.50628108631114       -0.17793391087419        0.21940272859493
C            4.34837652158442       -1.10377034833052       -0.15058466755742
H            2.48576322920862       -2.66171268234414       -0.64411144075111
H            2.24509909020626       -4.42819172792071        0.91251394093005
H            2.42608721325952       -3.14910439733981        2.12658782822048
H            0.15748194485139       -4.61800303978423        2.16046911734408
H            0.02989840507864       -2.85125697829526        2.28911768872269
H           -0.24108552366460       -4.52311858731533       -0.25071540197736
H           -1.39843724052952       -3.33012126442034        0.38703697311292
H           -2.10165654724664        0.11904194035217       -1.09972457989931
H           -1.75769610741724       -2.74393566356359       -1.75302700922748
H           -2.46167959394277       -1.28556338188936       -3.63082368009178
H           -0.77151450850249       -1.75698043492601       -3.88072268322010
H           -1.15696677637756       -0.14797169391715       -3.25490654971124
H           -4.60996633419834        1.29433962797035       -0.37708647026871
H           -3.48917633958449       -0.35517544189020        1.74229000195749
H           -5.92373820217732       -0.15787456292071        1.46916348444180
H           -5.39625339523768       -1.81599398614724        1.12196857544624
H           -5.80757556880583       -0.72929046898661       -0.20433188777491
H            0.16117319956017        2.65424989230581        1.14308976886156
H           -1.57926153477193        0.62446319604384        1.40248644079087
H           -2.62383022156481        1.89581311507682        3.27408600877707
H           -2.01842202300648        3.40959583755143        2.59247903402715
H           -0.88140550160077        2.20634929766424        3.23063013150498
H            1.94817035017241        0.80602683028818       -1.15796193487841
H            1.10157865352409        3.60990845809820       -0.84954074461645
H            0.13941268279349        3.19309325074405       -3.15933109247267
H            0.80280804337104        1.55864432840823       -3.10438386809578
H            1.89685880503104        2.95630472504040       -3.12235483343955
H            3.53419542537438        0.89312306455333        2.03697895700823
H            5.39461493128755        1.90699413596526        0.89600950007487
H            4.67987219567999        1.59693155801929       -0.69477097839103
H            5.91119023672158       -0.45766983315721        1.19241535761169
H            6.30753019841029       -0.20814663139648       -0.51542533417371
H            4.20116063406238       -1.12636796443537       -1.23769083330962
H            4.51254599403268       -2.12191232306113        0.20821050241323
68
 energy: -106.573890331665 gnorm: 0.001483591800 xtb: 6.7.1-6.fc44.fc44
O            1.09652757242213       -0.43105596542838        1.27382556884550
O            0.86749593299621       -0.82967988959636       -1.71609397362488
O           -3.25209410711459       -2.56485714176544        0.14575017457165
O           -3.24448654314818        3.17300040715394        0.16522011041818
O           -1.30532456863416        1.62794363173273       -1.44719345880609
O            2.13683603068759        2.81629201637206        1.25051578521008
N            0.42043679431638       -2.54616640804454       -0.37388623355200
N           -2.22892686551966       -0.88894446859101       -0.96820855704334
N           -3.83883448365863        1.01969602843770        0.21530505568434
N           -0.60409530892312        2.27010489662212        0.59852480467991
N            1.92367994195363        1.71733103825293       -0.71273359656507
N            3.20050337676532       -0.49690127797649        0.49710538289710
C            1.98166942296078       -1.03099832465140        0.69068321493038
C            1.77360824758041       -2.45342508422514        0.15803190384291
C            1.82677696660375       -3.49281901759699        1.28429198687926
C            0.35566927395740       -3.67540107138134        1.65453258667020
C           -0.34168241249561       -3.57838969528003        0.30214608651438
C            0.05669467988811       -1.65015076206247       -1.29848837801362
C           -1.38726762786411       -1.71533147796306       -1.81307974576101
C           -1.45127708143055       -1.19376650327633       -3.24416384091638
C           -3.09283601200797       -1.37373128548193       -0.07868126817249
C           -3.89940073084284       -0.32981459943554        0.72424412664448
C           -5.35809812706212       -0.78329583281054        0.78492767182446
C           -2.99842606563608        2.03842580642934        0.51260313544050
C           -1.73205488537196        1.70631930396774        1.31661611526118
C           -1.82039187302999        2.34501729327779        2.69686662462723
C           -0.46035117437414        2.12770754441628       -0.71835569058109
C            0.90023802643536        2.60596481054467       -1.24172334099511
C            0.94409042659091        2.57983180984745       -2.76031566696407
C            2.41380366567035        1.87461487633165        0.52617234346907
C            3.47928112091712        0.86119741223716        0.94122212592133
C            4.83327695170124        1.18838893873231        0.30569148238300
C            5.50754410732546       -0.17732271915829        0.21977063368029
C            4.34997538693753       -1.10341722162063       -0.15029748766180
H            2.48587972792845       -2.66054350789000       -0.64572096355012
H            2.24561001014982       -4.42840082015064        0.91040632769116
H            2.42858858537908       -3.14949804080083        2.12441613282228
H            0.15934813150062       -4.61780604327549        2.16033307844359
H            0.03243934227836       -2.85134284875741        2.29023254089942
H           -0.24230343820523       -4.52200259842493       -0.25027296116481
H           -1.39797153277084       -3.32822384280101        0.38921371138989
H           -2.10242769951695        0.11909808883781       -1.09905487440423
H           -1.75781783029608       -2.74357408536258       -1.75239465587924
H           -2.46458697845303       -1.28111874307263       -3.62740831037848
H           -0.77702101471145       -1.76035935507527       -3.88240470392717
H           -1.15607203155551       -0.14766186064122       -3.25357712225192
H           -4.61080905532386        1.29528269526711       -0.37779003688479
H           -3.49018290377537       -0.35326514545102        1.74221577325650
H           -5.92533438480290       -0.15651091015906        1.46861012662026
H           -5.39697845931707       -1.81473405468604        1.12430985151485
H           -5.80795082658493       -0.73074290314984       -0.20428626824360
H            0.16027855547903        2.65478650108727        1.14267157027698
H           -1.58080562292640        0.62323314554349        1.40181613858332
H           -2.62633956233222        1.89511477022526        3.27196474244743
H           -2.01605198029164        3.40951175538985        2.59003067226051
H           -0.88345895885246        2.20288935855959        3.23116293846767
H            1.94857319073237        0.80527710048680       -1.15724163512168
H            1.10127807035576        3.60897413865924       -0.84926035258754
H            0.14102441321627        3.19292167705380       -3.15917598947831
H            0.80427018511920        1.55758825339128       -3.10401910136098
H            1.89855624460304        2.95448835197145       -3.12115994211023
H            3.53671516258331        0.89062637326553        2.03699378548039
H            5.39425222262276        1.90752137823787        0.89680221708637
H            4.67984577362205        1.59699027816434       -0.69381825432904
H            5.91299378722034       -0.45666635934956        1.19262967762786
H            6.30853854236526       -0.20674402663830       -0.51550599459903
H            4.20301006485252       -1.12662721208511       -1.23722421041630
H            4.51415788641133       -2.12122101300767        0.20926808586748
68
 energy: -106.573892974074 gnorm: 0.001130854096 xtb: 6.7.1-6.fc44.fc44
O            1.09642604934697       -0.43182289045945        1.27325492476349
O            0.86693999605962       -0.82961935468583       -1.71651737370727
O           -3.25209001305622       -2.56446484888293        0.14687064580922
O           -3.24404331840055        3.17294241671890        0.16455975142768
O           -1.30499662790710        1.62762918494075       -1.44660185817653
O            2.13767678156525        2.81633752782969        1.25130510431591
N            0.42007914890989       -2.54638757592608       -0.37418745783589
N           -2.22979191167594       -0.88891719079204       -0.96826099451964
N           -3.83893120524832        1.01993416793706        0.21453944241077
N           -0.60414932956460        2.27010791445012        0.59901114552156
N            1.92355635558250        1.71693740273549       -0.71178298810969
N            3.20062953538821       -0.49697997253786        0.49698771058806
C            1.98184491396494       -1.03129252050549        0.69018160078248
C            1.77349713031174       -2.45342769745980        0.15709171191694
C            1.82746809861171       -3.49300931233895        1.28330988156589
C            0.35660560436110       -3.67475722614543        1.65437553269944
C           -0.34118686728304       -3.57794377424730        0.30200506952259
C            0.05586950037462       -1.64999789848071       -1.29819175207773
C           -1.38813539230086       -1.71561892634412       -1.81277544744601
C           -1.45200891516338       -1.19433213936699       -3.24403674026749
C           -3.09327574245654       -1.37358903840783       -0.07835295468663
C           -3.89999288062902       -0.32932871552885        0.72433770926827
C           -5.35834856419667       -0.78306285736122        0.78509635649832
C           -2.99849254659571        2.03839812047470        0.51174266273052
C           -1.73233808416934        1.70605922897277        1.31626362733833
C           -1.82154758446696        2.34512896986806        2.69655903387341
C           -0.46011377395371        2.12749987991952       -0.71796622169577
C            0.90029704038818        2.60559902945990       -1.24131010840190
C            0.94472061414130        2.57890414286171       -2.75989988034230
C            2.41404963860505        1.87442728329324        0.52690649321077
C            3.47957859308368        0.86097519083295        0.94150371778096
C            4.83393724194049        1.18833272638116        0.30539370836329
C            5.50767567532322       -0.17742889331675        0.21974957975337
C            4.35019924270023       -1.10343084365546       -0.15046212505134
H            2.48567215771596       -2.65921033401661       -0.64684198772571
H            2.24587249427430       -4.42883336335304        0.90939664416041
H            2.43006177045240       -3.14950037204709        2.12285933635989
H            0.15981370682141       -4.61676915155856        2.16085191087244
H            0.03411279230475       -2.85013215303998        2.28977351379841
H           -0.24206140624120       -4.52251108735944       -0.25001248707030
H           -1.39725832993298       -3.32757042561300        0.38936866507236
H           -2.10325967511491        0.11906683516495       -1.09961149502259
H           -1.75810424074482       -2.74400421711623       -1.75201422488383
H           -2.46488867012722       -1.28183739769307       -3.62769126259092
H           -0.77679289059986       -1.75957469880159       -3.88086469566531
H           -1.15703456184054       -0.14840415869506       -3.25347354174970
H           -4.61116815040477        1.29599977066525       -0.37801786538492
H           -3.49015033085609       -0.35247711567676        1.74206801129823
H           -5.92563743142326       -0.15627247256904        1.46835190058488
H           -5.39685702288697       -1.81431823037177        1.12486904980069
H           -5.80817983065809       -0.73020217770635       -0.20429713362658
H            0.15914848194974        2.65662769170003        1.14322881197996
H           -1.58103784922725        0.62314521311476        1.40126769974502
H           -2.62798728355142        1.89484779443848        3.27077399406398
H           -2.01735162717336        3.40961443469921        2.59181278899963
H           -0.88527961939781        2.20221290156632        3.23162926838542
H            1.94805200857568        0.80491792883825       -1.15623752123524
H            1.10134477943736        3.60867201019789       -0.84901871863207
H            0.14228845869546        3.19137122413834       -3.15989247388821
H            0.80534626917494        1.55660011443229       -3.10338843705870
H            1.89865889612357        2.95470987883912       -3.12053133769380
H            3.53668666900565        0.89061231131578        2.03758507975180
H            5.39635276778449        1.90790559978782        0.89557090814666
H            4.68000647270549        1.59701416302040       -0.69423992782550
H            5.91298290229821       -0.45682497988381        1.19265476130981
H            6.30894472250203       -0.20722846171703       -0.51513343867118
H            4.20380699797545       -1.12653136023846       -1.23737110266090
H            4.51409584409248       -2.12128966132288        0.20946347501970
68
 energy: -106.573894676015 gnorm: 0.000848279707 xtb: 6.7.1-6.fc44.fc44
O            1.09643466231850       -0.43179447022128        1.27357995195798
O            0.86594902498451       -0.82936318302105       -1.71613758104252
O           -3.25229683018605       -2.56445130352935        0.14780081064754
O           -3.24466422365004        3.17295816971690        0.16432902109172
O           -1.30489651609425        1.62808405306586       -1.44623254597580
O            2.13935578674529        2.81664626808770        1.25143698189719
N            0.42030531615670       -2.54664972759067       -0.37466756063056
N           -2.23009948013079       -0.88892515222345       -0.96785380319225
N           -3.83903033063035        1.02004075180143        0.21443989435913
N           -0.60410609451311        2.27025617085605        0.59920977321093
N            1.92434828137711        1.71715390245349       -0.71153365748644
N            3.20064346002430       -0.49711696363666        0.49729026127933
C            1.98185197145516       -1.03130884987366        0.69043376400100
C            1.77386152120335       -2.45338507691693        0.15621286129080
C            1.82828947577118       -3.49315155179786        1.28226641672909
C            0.35765466955459       -3.67438265261995        1.65409056686652
C           -0.34104695548787       -3.57782621610600        0.30210625289790
C            0.05560421647659       -1.65030197083187       -1.29837340559771
C           -1.38859919427170       -1.71579718080506       -1.81239174602817
C           -1.45270217961260       -1.19466557125718       -3.24372481645477
C           -3.09343793960256       -1.37359652954116       -0.07788122121162
C           -3.90039088499218       -0.32924496875149        0.72434604551687
C           -5.35876894013198       -0.78271684839602        0.78509366102395
C           -2.99867635623997        2.03865967448058        0.51141592668746
C           -1.73272420023774        1.70669281169240        1.31595560719694
C           -1.82255581273132        2.34469962285871        2.69667406710587
C           -0.45986709668900        2.12788305593365       -0.71788387553572
C            0.90074294913937        2.60564768407263       -1.24119753118157
C            0.94535330208293        2.57850410750568       -2.75975073506457
C            2.41533060353860        1.87466296203609        0.52700349020276
C            3.48005003148250        0.86079695463298        0.94203373220434
C            4.83392537242874        1.18827764660680        0.30554700876444
C            5.50756188711420       -0.17750105776430        0.21987019668254
C            4.35014477174730       -1.10357986051235       -0.15026651292828
H            2.48563807161202       -2.65940913592865       -0.64824020034642
H            2.24630855052725       -4.42904580178029        0.90800119001588
H            2.43162510142043       -3.14992094208353        2.12133897682289
H            0.16069040276751       -4.61621720018943        2.16088006592326
H            0.03583936434395       -2.84933715052411        2.28931627330806
H           -0.24207621434313       -4.52224442040409       -0.25005680166609
H           -1.39704834316224       -3.32734750318405        0.38996860758218
H           -2.10308826390350        0.11899713967185       -1.09917121352943
H           -1.75839404202774       -2.74423784522962       -1.75147521974733
H           -2.46550591532486       -1.28202154551658       -3.62727536031496
H           -0.77830259760099       -1.75971255370087       -3.88170566586514
H           -1.15709923793641       -0.14878570127196       -3.25350601518979
H           -4.61152961879526        1.29590608845804       -0.37785557583527
H           -3.49068665108314       -0.35263209730770        1.74220270190911
H           -5.92588159856356       -0.15566238126797        1.46829577427815
H           -5.39732459919659       -1.81381461150139        1.12512475115197
H           -5.80857789763644       -0.73055527971175       -0.20455405348580
H            0.15868060559121        2.65746705772105        1.14386159752592
H           -1.58084695485779        0.62365679739812        1.40060775147884
H           -2.62963029163840        1.89480273572288        3.27021048829178
H           -2.01808248427051        3.40936536186174        2.59092312651104
H           -0.88687301351769        2.20144267763726        3.23210570311783
H            1.94818973586890        0.80513964032263       -1.15594965054063
H            1.10187087238415        3.60877159373789       -0.84903531606560
H            0.14275340729464        3.19036944051682       -3.16027498106657
H            0.80623278992579        1.55614561953150       -3.10288102432626
H            1.89951813678398        2.95372795358675       -3.12035557146812
H            3.53697300436402        0.89144402359694        2.03794216555836
H            5.39555899852507        1.90776641637484        0.89568585721701
H            4.67969849550575        1.59692718311095       -0.69449559339192
H            5.91261818504252       -0.45699708499860        1.19290525149052
H            6.30908380206947       -0.20736642023555       -0.51464709607295
H            4.20387676397607       -1.12664983495152       -1.23721792674089
H            4.51405484275570       -2.12154935649417        0.20967335997303
