68
 energy: -105.358274185101 gnorm: 2.344855403992 xtb: 6.7.1-6.fc44.fc44
O            1.19202015039782       -0.18692066756110        1.58622627045800
O            1.07157091092401       -1.05773738448409       -1.71322131599154
O           -3.59201032683460       -2.53850555000943       -0.19143005709258
O           -3.10242186403817        3.01985382710912        0.54338645688915
O           -1.23383682342408        1.57430999201422       -1.39737567933159
O            2.25031439608105        2.91313827369433        1.11203292858755
N            0.41783491051560       -2.29444878169094       -0.36208896566710
N           -2.20293176279625       -0.90991003161801       -0.95496794548015
N           -4.01748498727162        0.79363954163787        0.30827956069142
N           -0.60008119199682        2.22161053924910        0.66159382114297
N            1.93323711416102        1.82610313676563       -0.88628901448633
N            3.15715775523425       -0.60112665090170        0.51828299025863
C            2.21909113941567       -0.73404359593037        0.62748207281722
C            1.63182935161079       -2.29203732374107        0.49225902160642
C            1.51848186149617       -3.28314187595906        1.79282449643106
C            0.28232333023761       -4.08833516334306        1.45612069432265
C           -0.61104058729240       -3.15573757430211        0.72633460782599
C           -0.01861621694778       -1.50507741178209       -1.15173831015391
C           -1.26131980041620       -1.60885853695869       -1.81717057496920
C           -1.28940900783217       -1.10752951917593       -3.28183180779615
C           -3.21146504611644       -1.42856514575190       -0.22604887904647
C           -3.95545712705788       -0.73330394090586        0.50367152691498
C           -5.52616890973930       -0.81098721858998        0.67487627293848
C           -2.99011913026454        2.04640055458713        0.71566939535134
C           -1.66280323885679        1.47518845619821        1.39648968376389
C           -1.63506972861993        1.90257348031894        2.76899440090218
C           -0.50568156618810        2.15805898704723       -0.47892207722432
C            0.80876775322988        2.68998263505108       -1.12807986567505
C            0.82998572947906        2.78523605741507       -2.65569032373216
C            2.51421648473922        1.89476044413434        0.53119298998171
C            3.57697280678341        0.92060810269831        0.91746073198582
C            4.72454593150274        1.06998966353332       -0.05590715210406
C            5.43798642011709       -0.23054068878387       -0.26524146538830
C            4.15659101066725       -1.12773913637026       -0.12676328607057
H            2.23432637141292       -2.96478276929702       -0.19685418096362
H            2.43165067719084       -3.80864726144203        2.00245014727877
H            1.42075869368999       -2.51663645990062        2.52854333756595
H            0.49304144388193       -4.85976842850620        0.87669809663687
H           -0.02942760949029       -4.41718516190699        2.44458168232038
H           -1.25352532493210       -3.72336976844868        0.25207666640380
H           -1.19703611791861       -2.45653649230819        1.46814511265065
H           -2.14474326431229        0.30233062747955       -1.04118052127609
H           -1.67760043106261       -2.73460051623311       -1.94330351506167
H           -0.71221091838935       -1.45333778012955       -3.71795603571109
H           -1.16017410861559        0.15946366750032       -3.31461506375713
H           -2.10115476018894       -1.09376757812238       -3.66027788180580
H           -4.72848471962485        1.30121425663783       -0.33610137588454
H           -3.63738497171228       -0.46380186569075        1.50932934669639
H           -6.02066634619731       -0.15741166726931        1.50667416997233
H           -5.56827457084708       -1.83631533348258        0.82724182958895
H           -5.67347510531296       -0.76413304065468       -0.47095486127834
H            0.10042449883546        2.37789131084852        1.28822665717407
H           -1.49963706734061        0.29402680663507        1.40606797534021
H           -2.40996702968411        1.39418608321056        3.21680143267588
H           -1.96257201374555        2.96050897671969        2.84834867527461
H           -0.89465611225525        1.64148252037325        3.31450671811583
H            1.99817143112350        0.89444318953881       -1.29312006409378
H            0.82017200659200        3.78545024279910       -0.73464329573555
H            0.01492172467876        3.42397141777752       -3.06116720929648
H            0.85078983868007        1.65055964596467       -2.90882688205730
H            1.85493289282841        3.28090995985469       -2.95679465554826
H            3.92439593479980        1.07861781518766        1.99459456123849
H            5.51144015306756        1.80121388169076        0.34939526583138
H            4.54411288651640        1.38859764280810       -1.14711655548441
H            5.97765603355605       -0.48514546645496        0.70016009862469
H            6.10141381419170       -0.37367344003292       -0.90255735367361
H            4.06868955575439       -1.41557821125350       -1.31443806873215
H            4.40017919898987       -2.16070276137931        0.10855737022228
68
 energy: -106.111507848370 gnorm: 0.720223243603 xtb: 6.7.1-6.fc44.fc44
O            1.19679371328652       -0.18473773759024        1.57311004114529
O            1.06942236413713       -1.04268352869472       -1.71831052303019
O           -3.58673284985531       -2.57149495687542       -0.19965653236122
O           -3.12149848067067        3.09099657069374        0.52786291449981
O           -1.23823146625463        1.57656675023801       -1.39386875265643
O            2.25024214488311        2.91215731131102        1.11810355162199
N            0.40602676069976       -2.32354340605911       -0.30856955399678
N           -2.20274390601994       -0.89880324573677       -0.95888582505749
N           -4.00832502758508        0.82742428274497        0.30465798258615
N           -0.61074415991692        2.21298107160742        0.68916352419479
N            1.94079995477869        1.82637096520789       -0.86349919158604
N            3.25716072430604       -0.56843532899773        0.50801631654751
C            2.06503460845044       -0.76833187286423        0.67456311056290
C            1.63327096418358       -2.30854585243225        0.48210476711495
C            1.52162776104042       -3.26489530701340        1.78188694627610
C            0.28704504686925       -4.07539293790862        1.46946217190496
C           -0.60708908445367       -3.14046003412154        0.73479681536067
C           -0.00255687133937       -1.50522727231157       -1.17190504265820
C           -1.28062246621630       -1.60993202397321       -1.82033705350137
C           -1.30583512069986       -1.06126227304550       -3.23765514483230
C           -3.19944538311622       -1.43168162395778       -0.24640425634068
C           -3.97846306870170       -0.67589561424084        0.53360817607612
C           -5.52273655881626       -0.81582487551737        0.66634262960715
C           -2.98394970107550        1.96249890623665        0.72043883739524
C           -1.66345568956636        1.45968742332194        1.39127814236303
C           -1.65336487476435        1.91242600009177        2.76866855825930
C           -0.50084193215315        2.14696608415920       -0.53135094518490
C            0.81283252795656        2.69879611603202       -1.13268856726705
C            0.83583356291083        2.78264579363185       -2.65750392686991
C            2.50698068605346        1.89695468064781        0.51799349831160
C            3.58885144728739        0.92743245795787        0.90793300232955
C            4.73906175840532        1.08527425006738       -0.06233115455663
C            5.42582155128064       -0.23411151019247       -0.22992688549958
C            4.19712213207311       -1.14419567678090       -0.16337705292547
H            2.24057642215412       -2.95883135210343       -0.19699693609975
H            2.43211751949283       -3.80919206354463        1.99863949943600
H            1.41597915354767       -2.51570912007714        2.53636195266836
H            0.49879832378254       -4.87455134360433        0.86635163195798
H           -0.03574185250676       -4.41814724609847        2.44544640480286
H           -1.26914874028266       -3.73005520691836        0.23774580215029
H           -1.18904815846241       -2.45877932315740        1.45940108146211
H           -2.14257755899560        0.28716516142551       -1.04010590529935
H           -1.67218087297083       -2.72453317291209       -1.93835757433541
H           -0.63609600692590       -1.48864026219119       -3.75919533028836
H           -1.15723126002978        0.14704993464915       -3.31017240471613
H           -2.16092832346512       -1.09274654324829       -3.67191343356769
H           -4.72083951992568        1.29319304558718       -0.33164802425575
H           -3.63243269482117       -0.47026063369032        1.52298301300464
H           -6.01307280470103       -0.16494788315912        1.49079106054355
H           -5.57643356195609       -1.84811596797962        0.83318485667154
H           -5.68443292477342       -0.75843543098468       -0.46055330488377
H            0.11237223215212        2.38359260216372        1.30242761695630
H           -1.49891858170784        0.30554927304534        1.40106153688247
H           -2.42575437701066        1.38706492916985        3.22534606393675
H           -1.95913971961503        2.96259409890806        2.84879399555913
H           -0.86805314798703        1.63936789360131        3.32753389655807
H            1.99356711134776        0.89783999229521       -1.29247033070351
H            0.82783223510949        3.77659961283305       -0.73445434257014
H            0.01876733139078        3.41658020438584       -3.06021551435957
H            0.84792276924651        1.66388390317387       -2.91414207452558
H            1.84384486428299        3.27447891713269       -2.95441787562760
H            3.91938181253416        1.07453450673907        1.98568593432652
H            5.50648637737392        1.80141253354634        0.34678695195973
H            4.53895592377482        1.39065877836303       -1.13764485904209
H            5.97939854232456       -0.48314221419767        0.70312506315448
H            6.11856304393067       -0.37763106625866       -0.92789888121606
H            4.05880597633037       -1.41013514039044       -1.30898718230480
H            4.40446582502417       -2.16505346603153        0.11668985984359
68
 energy: -106.398120890318 gnorm: 0.373675360231 xtb: 6.7.1-6.fc44.fc44
O            1.23915511584039       -0.19725551801730        1.51117262840873
O            1.06007187482912       -1.02028527865767       -1.71440222522037
O           -3.57256938032229       -2.59439522720100       -0.20968059816894
O           -3.14412500355396        3.07558869733198        0.52179971617125
O           -1.24888772657037        1.57846222172223       -1.38649024203218
O            2.25167732453150        2.90439486071173        1.13350281160389
N            0.36806871684281       -2.35712565564940       -0.22728823550254
N           -2.20930640437924       -0.88010526837643       -0.96279293074817
N           -3.97023951940005        0.89683753936902        0.30030754764766
N           -0.61971537891538        2.19051826478886        0.69745873104928
N            1.94713724281404        1.82766330073246       -0.82008428537247
N            3.24290854255794       -0.54021771453867        0.53212084685604
C            2.02215570099936       -0.79895591156025        0.74354783143337
C            1.64620206147952       -2.31983270377064        0.46608092290402
C            1.53014617797893       -3.22807448182773        1.76088707736245
C            0.29891306250393       -4.05964291796887        1.48349171675643
C           -0.60781296393205       -3.12485581758282        0.73830685237494
C            0.02506064008351       -1.53268304086012       -1.19222589195886
C           -1.30187794825587       -1.60612635207939       -1.82643309597553
C           -1.30057889743056       -1.01803137598460       -3.22476925514620
C           -3.20208075459501       -1.42297014338704       -0.26570162672062
C           -3.99334142087038       -0.59017160206225        0.56488135420622
C           -5.50851326427916       -0.82732133049577        0.65197550879513
C           -2.99417253341306        1.91296354241714        0.70233787394166
C           -1.67629112156441        1.44838206337994        1.37814772553986
C           -1.67926174308983        1.91724511765965        2.77953677639231
C           -0.49156951255701        2.12577394308351       -0.57670447921001
C            0.82090432541119        2.71018384312062       -1.13672087534954
C            0.84638759970895        2.77910455935147       -2.65784556194155
C            2.50065861542037        1.90531181324356        0.49363404321879
C            3.59133347506889        0.91806459899146        0.87608024381321
C            4.76802526065513        1.10626540936892       -0.07131368199818
C            5.42236678130233       -0.24622018377069       -0.18956198907754
C            4.20676960639914       -1.16558838743340       -0.20615054458267
H            2.26196575842830       -2.93967049356547       -0.20209060964728
H            2.43026703853796       -3.80457034704141        1.98615987913836
H            1.40486040443962       -2.51311865483992        2.55529012892010
H            0.50985483985635       -4.88938862572395        0.85702492327110
H           -0.05098897700392       -4.41888063810487        2.44572775450297
H           -1.29155209045315       -3.73004853272672        0.21373682434587
H           -1.17131526888870       -2.45832909771500        1.43909240095922
H           -2.13623225446709        0.25042605314256       -1.03840619720721
H           -1.66202134642713       -2.69773374542345       -1.92602923127235
H           -0.60027286776131       -1.49607740456350       -3.77612066529690
H           -1.14649495537891        0.11501884274273       -3.29233270247847
H           -2.21151630368904       -1.10666775419013       -3.68927490338678
H           -4.70238900770205        1.28652564469304       -0.32034665439389
H           -3.61642318593621       -0.48705759230540        1.56057157096008
H           -5.99723638585803       -0.18382958901447        1.44916339355299
H           -5.59335592401616       -1.87029099463833        0.84569803322008
H           -5.71851160886745       -0.74460484239750       -0.43952902157393
H            0.12912130671870        2.39374458794135        1.31308384474479
H           -1.49925814794411        0.33005831473311        1.38606604192732
H           -2.45792927930521        1.37424651296472        3.24888989498144
H           -1.95057387757297        2.96761383466970        2.84930044592178
H           -0.83477812922200        1.64309327314836        3.33671715590653
H            1.98450422099789        0.90986317721910       -1.28518387820764
H            0.85024530008859        3.75732911041945       -0.73071229152049
H            0.02740967858947        3.39746890327498       -3.05862486452484
H            0.84096551800708        1.69333558650705       -2.93290890500753
H            1.82154711808123        3.25948821224405       -2.95212635179507
H            3.90394320782683        1.06163707590155        1.95516711026412
H            5.50217042721185        1.81040927321754        0.34061464567814
H            4.52713377316491        1.39913551180977       -1.11779787945684
H            5.98584138790309       -0.47909667538414        0.71702772187710
H            6.12592854834282       -0.38048499919017       -0.95280747928101
H            4.03413770215617       -1.39575483970783       -1.30561837559325
H            4.41645125390361       -2.17430841603758        0.13637637691336
68
 energy: -106.526045495970 gnorm: 0.143991269084 xtb: 6.7.1-6.fc44.fc44
O            1.24433134793219       -0.19203431732962        1.47023466305243
O            1.04134577661865       -1.00952715810499       -1.70522658081731
O           -3.55079311642150       -2.59860796778780       -0.22332889806638
O           -3.17356302439753        3.05747217261182        0.51147347974160
O           -1.26576857072370        1.58130625395858       -1.38002953835465
O            2.25484204028272        2.89252411306616        1.15852997059093
N            0.31602296467042       -2.38346945135327       -0.14938929765466
N           -2.21777902445616       -0.86152292082151       -0.96418931264324
N           -3.91861331782907        0.95054262314917        0.29408182377936
N           -0.62378698788084        2.16481273134728        0.70115475901034
N            1.94870116407000        1.82583176533329       -0.77078056249164
N            3.24130564981501       -0.51275084167308        0.53843426965083
C            1.99652193683036       -0.84832402605404        0.80238014989580
C            1.64530004983948       -2.34242869553512        0.45957570355076
C            1.53992588076353       -3.19762708613611        1.74502481324211
C            0.31104854673826       -4.04844256873146        1.49447702073269
C           -0.60226880152323       -3.10982281682996        0.72963552466817
C            0.05778141956248       -1.56472126343458       -1.20398238975093
C           -1.31610721920783       -1.59873450332912       -1.82777326644071
C           -1.29976534812721       -0.98379688648347       -3.22290036043090
C           -3.20970464296574       -1.41412639285372       -0.27709916253551
C           -3.99918623977870       -0.50456337257729        0.59465474046918
C           -5.48484238032788       -0.83194245257878        0.63700060840988
C           -3.01410757332843        1.86818343617865        0.68127802293140
C           -1.68928050063209        1.43748729582529        1.36749544352239
C           -1.70776854405922        1.91368840778798        2.79450464052746
C           -0.47841464962864        2.10720312449391       -0.61017352760471
C            0.82873893466289        2.71604663818830       -1.13875346595729
C            0.85922889888359        2.77656962925790       -2.65637746690403
C            2.49731025704633        1.91806077120008        0.46592909290416
C            3.59243395266288        0.90507758606345        0.83775373759573
C            4.79811137264108        1.11701834277331       -0.08047443320620
C            5.43016947087655       -0.25959702132282       -0.16155520272942
C            4.22358284699530       -1.18025488600760       -0.24518283754137
H            2.28748708325542       -2.90661903969829       -0.21658568467709
H            2.43004800038076       -3.79549837026134        1.97071051092147
H            1.39231603275911       -2.51252520517517        2.57400032841733
H            0.52375356337730       -4.89895288657782        0.85493162113099
H           -0.07018333745933       -4.41884611877863        2.44279661338324
H           -1.30959462362331       -3.71818343660569        0.18802950380897
H           -1.15219471980571       -2.45462252678326        1.41624842986988
H           -2.13152058195807        0.19278423832683       -1.03602070301238
H           -1.65524328018755       -2.65993825675252       -1.91201748750313
H           -0.57716059795701       -1.50338226543498       -3.79670998026923
H           -1.13168885062619        0.08485811053516       -3.26304280167893
H           -2.24598754130112       -1.12586661844501       -3.69997545273139
H           -4.67720055831128        1.28826863129178       -0.29983486088027
H           -3.59533100629825       -0.51659148213361        1.60273225502250
H           -5.98939952259716       -0.20545347010832        1.39700947473624
H           -5.60098569604938       -1.88227571254948        0.85969781132469
H           -5.76410589328879       -0.72760391311420       -0.41652588764919
H            0.14162798303509        2.40615798158598        1.31191112973706
H           -1.50111202976893        0.34994363169822        1.36832658003161
H           -2.49116973923293        1.36375013994862        3.27912761709513
H           -1.94055190807528        2.97076496023014        2.84933595573448
H           -0.81089405961407        1.65114624984083        3.33462623816102
H            1.97592401120174        0.92737728739522       -1.27383349092254
H            0.88212038397821        3.73251561841785       -0.72127256067983
H            0.03505880059149        3.37428614855280       -3.05541908888166
H            0.83234694134325        1.72437997349162       -2.96023190237969
H            1.80297875826742        3.24350890534398       -2.95502133953303
H            3.88213000728947        1.04711988249221        1.91413704480416
H            5.49974508249621        1.82519632121650        0.33552006464147
H            4.51713284765567        1.40906251264632       -1.09757956435533
H            5.99148353159413       -0.47741665427832        0.73585344347799
H            6.12892449515259       -0.38028447670814       -0.97627099712231
H            4.00016040725904       -1.37404710140378       -1.29794660291647
H            4.42922987197291       -2.17616178438861        0.15979444765968
68
 energy: -106.559776651665 gnorm: 0.082515945562 xtb: 6.7.1-6.fc44.fc44
O            1.20144760843002       -0.15103500339441        1.42896093833313
O            1.03087100753818       -0.97996775566442       -1.68712169690838
O           -3.52639780117013       -2.59898190075951       -0.23606831636100
O           -3.17599714962872        3.06943422762318        0.50030866019746
O           -1.29086950899689        1.59033193510289       -1.38177690175299
O            2.26659819826207        2.87386899301313        1.20305171551972
N            0.30031302297572       -2.39045689372089       -0.11900113227651
N           -2.22032867345039       -0.86318735767026       -0.96618934695220
N           -3.90362043378757        0.95514987682737        0.28178284018582
N           -0.61552259470422        2.14091332469836        0.70003143863111
N            1.93660114717343        1.81984278801106       -0.74333558294696
N            3.24660851456469       -0.51066109013331        0.53542058730692
C            1.99886655590402       -0.89509423174349        0.82269801949929
C            1.63965461261849       -2.35376939594622        0.46798164823555
C            1.53842076161142       -3.18337035720555        1.74713876633282
C            0.31275119622028       -4.04971092069120        1.50175779001186
C           -0.61206828205635       -3.11569424930476        0.72449763649476
C            0.07807811763881       -1.58694551055054       -1.20474912347491
C           -1.31628455062021       -1.59716290846547       -1.82736844986031
C           -1.30472512484096       -0.98921837234220       -3.23000963402560
C           -3.21069775131006       -1.41450644396000       -0.27640643797291
C           -3.99249229021791       -0.46679524965855        0.61904259276918
C           -5.46808226340686       -0.84021950089522        0.62730738140481
C           -3.00498231730426        1.87590073323246        0.67015655429395
C           -1.69476481078785        1.43907120680580        1.37090708290675
C           -1.73192682246013        1.90336852932323        2.81525894132241
C           -0.47000281007663        2.09250250368367       -0.62415740173562
C            0.83219667015060        2.70830908809300       -1.14224867959908
C            0.86534800132963        2.77392979949056       -2.65726623229604
C            2.50269607691903        1.92614159161266        0.46491297673753
C            3.59675549304008        0.89389874876259        0.79990083498124
C            4.82505353315437        1.11826854810987       -0.08750124465958
C            5.45064572159219       -0.26869844996073       -0.15341695932844
C            4.24585269034569       -1.19345975785333       -0.25284133753385
H            2.32274437333525       -2.84328435587599       -0.24001014920543
H            2.43343710248822       -3.77502427652842        1.94983558280191
H            1.37328193944681       -2.51516505815680        2.59460558275076
H            0.54452976088880       -4.90474989972540        0.86180954022998
H           -0.10013876629547       -4.42097611694301        2.43821423717113
H           -1.33711871611347       -3.70432712224061        0.16272662399741
H           -1.14682593471876       -2.44240118649550        1.40138609773261
H           -2.12064096901547        0.15026252787405       -1.03189093431878
H           -1.65849586442444       -2.63632394662462       -1.89169394573583
H           -0.56654321832383       -1.51260696387678       -3.81714413582804
H           -1.10248997188551        0.07923812046124       -3.21247764556508
H           -2.26789707439838       -1.14600031639603       -3.70784359533520
H           -4.66610730119612        1.29873729109036       -0.28562166170165
H           -3.57922352905904       -0.54989263171097        1.63721462393328
H           -6.00183153697456       -0.22328165562680        1.34589612319635
H           -5.59460523552902       -1.89143768776125        0.87328046659321
H           -5.83472780350525       -0.71041165053378       -0.39809157056068
H            0.15604568785581        2.41214497016334        1.30184386158908
H           -1.50780060926565        0.35955458995117        1.34037372595259
H           -2.52454211981411        1.36244885783453        3.31908040103005
H           -1.93113625817105        2.97119666800918        2.85435779458397
H           -0.80218074354779        1.65840818669798        3.33328176720107
H            1.96393280630380        0.93777862171814       -1.25742557564599
H            0.93808094616611        3.70342501840287       -0.69590771312616
H            0.03458595889932        3.35323025599712       -3.04981704961848
H            0.81685976065593        1.74765287998915       -3.01920267505359
H            1.79727051859621        3.23115363344344       -2.97232381030925
H            3.85636437174761        1.02619417807865        1.86871242935747
H            5.50209368818444        1.85447614208126        0.32974700485498
H            4.51111955337297        1.42648361975206       -1.08512015548480
H            6.00565250022821       -0.47534891483653        0.75688399660902
H            6.13940825409311       -0.38293121570000       -0.99176021606357
H            3.94833237208962       -1.34389092777274       -1.30241773274332
H            4.45166673829540       -2.17994664310135        0.18074360514269
68
 energy: -106.566935362673 gnorm: 0.090981644611 xtb: 6.7.1-6.fc44.fc44
O            1.20579581921790       -0.25193266556484        1.41669484107398
O            1.01738840925560       -0.94529208162715       -1.67445410246755
O           -3.50384515362897       -2.60465494772987       -0.24376992141830
O           -3.18040398495509        3.08011763036529        0.47896418332637
O           -1.30917879752247        1.61431025406999       -1.38434053560050
O            2.27806828804834        2.85358624616748        1.23784562740566
N            0.30015896647732       -2.38223229970292       -0.11041807718860
N           -2.22058106368094       -0.87527878392377       -0.96818299731001
N           -3.88460907434251        0.95283590283980        0.27392655387849
N           -0.60487302988867        2.12423083300426        0.69816985242043
N            1.92715798102560        1.80432867895756       -0.72419484591724
N            3.23765232736858       -0.48444327090421        0.51307499754276
C            1.98653986208694       -0.89485061318607        0.79923391245267
C            1.63247356906234       -2.33974419670941        0.47887418943318
C            1.53073017417217       -3.17841060234769        1.74983067469608
C            0.30618505697664       -4.05480345735660        1.50578335354921
C           -0.62179588378316       -3.12180045618375        0.72127365364187
C            0.08938684577904       -1.59693297583452       -1.20327354293795
C           -1.31483610138643       -1.61002239762898       -1.82421671110382
C           -1.30459567974630       -1.00410783228732       -3.22868554437394
C           -3.21058794485816       -1.42109193881414       -0.27144804126237
C           -3.98863205818834       -0.44561840152526        0.63477939016461
C           -5.46124323522226       -0.84256546591398        0.62232202339198
C           -2.99426774509473        1.88974995593449        0.66241578933935
C           -1.69897259418498        1.44450339415978        1.37204204273450
C           -1.74832376826721        1.89574338970121        2.82791462258625
C           -0.46616938345320        2.09115955657526       -0.63182164879500
C            0.84063313334588        2.68987317007736       -1.14673351439634
C            0.86964091912833        2.76993734618536       -2.66168850815278
C            2.50316239693689        1.92360948808640        0.47879547030508
C            3.60586891130748        0.89590698234888        0.78373075460847
C            4.84329887795050        1.12267392311972       -0.09155995784175
C            5.46786224196240       -0.26805145047157       -0.15300589120450
C            4.25248213737825       -1.18107660521377       -0.26182018722390
H            2.34670826302362       -2.76909579020869       -0.24676565092195
H            2.43303602992475       -3.75871854201885        1.93572505277621
H            1.35263936795088       -2.52132638838226        2.60642077055028
H            0.56066660280696       -4.90998925755020        0.87105591092987
H           -0.13531493519855       -4.42277656689556        2.43136886404204
H           -1.36065953312740       -3.68314645376801        0.13864652730808
H           -1.14944442583938       -2.43905822104219        1.39618903837288
H           -2.10388826589141        0.13430239810442       -1.02389753907051
H           -1.66415862045563       -2.64278170050641       -1.86601675634832
H           -0.55368495643977       -1.51755649884131       -3.82936016845343
H           -1.08417899930430        0.05972610975786       -3.17059100489375
H           -2.27563688968106       -1.15824214692520       -3.70534521686187
H           -4.65330294764817        1.31234631919900       -0.27114433340255
H           -3.57731698736800       -0.57306610790418        1.65517225898468
H           -6.02738544763630       -0.23051166830779        1.31332242736090
H           -5.57889287201776       -1.89214579011177        0.88634858907053
H           -5.87443626568039       -0.69997329789192       -0.38017224998345
H            0.17088409015078        2.41381721402531        1.28807518220304
H           -1.52703966435655        0.36438306340457        1.31322230504119
H           -2.54967561761760        1.37138847605606        3.34897143290079
H           -1.92411390047168        2.96924008070600        2.86211603919848
H           -0.80054116421656        1.66288019826104        3.32704614319176
H            1.95416148889912        0.93013050281068       -1.23397089268169
H            0.99823421183779        3.66845903168583       -0.67500759614839
H            0.03008977568917        3.34293421807411       -3.03706250228944
H            0.80062766662072        1.76210833101953       -3.07426159402647
H            1.79705199362783        3.22412827527913       -2.99467521879603
H            3.84003005923104        1.01100754015386        1.84806521017297
H            5.50620448564641        1.87631942281917        0.32602792184784
H            4.51875487072025        1.44242907385490       -1.08074635584285
H            6.01217440718031       -0.47407604532957        0.76953938430883
H            6.14927247846201       -0.38329546226279       -1.00083854503972
H            3.91853986077798       -1.30921123611476       -1.30064222058016
H            4.45212184618344       -2.16390385370924        0.18002970763544
68
 energy: -106.571849853137 gnorm: 0.029710152835 xtb: 6.7.1-6.fc44.fc44
O            1.17641911518367       -0.17168321899964        1.37228678072398
O            1.00686473657039       -0.92246535490589       -1.66440995514354
O           -3.49053318582075       -2.61148913896971       -0.24166554670262
O           -3.18709623133245        3.07925439339753        0.46019965035318
O           -1.31623486467913        1.63406563952222       -1.38349242841798
O            2.27908971424603        2.83727013568434        1.24909525810880
N            0.30699317556563       -2.37642842529250       -0.11968077080092
N           -2.21910162823604       -0.88389640158585       -0.96730691105946
N           -3.87387925835118        0.95178717228980        0.27344105571848
N           -0.59927654256028        2.11857752117832        0.69883626520512
N            1.92334369187333        1.78528549984067       -0.71752374630864
N            3.23507509065592       -0.47902581464436        0.51282459690284
C            1.98771760314607       -0.89575597084300        0.80138101777082
C            1.63969974845318       -2.34347098585132        0.46820434933144
C            1.52521932646691       -3.18064393521286        1.74603697594998
C            0.30043886921203       -4.05787917765648        1.49691342458303
C           -0.62275417341704       -3.12410518789677        0.71110672281585
C            0.08837279015420       -1.59679581610373       -1.19800547524365
C           -1.31431012646542       -1.62486210730074       -1.81882397198874
C           -1.30039323904154       -1.01768578870772       -3.22098239807168
C           -3.20998972356512       -1.42605765795587       -0.26534806387936
C           -3.99004425544307       -0.44330156547390        0.63837079975143
C           -5.46465509361500       -0.84292838890385        0.62359834559198
C           -2.99034917081461        1.89704068109494        0.65860839986342
C           -1.70238181562866        1.44887082184717        1.37241839481268
C           -1.75176039942950        1.89217629960935        2.83126726539892
C           -0.46869047994094        2.09764153123861       -0.63031919553858
C            0.84883410144893        2.67279086315737       -1.14664180477084
C            0.86757121902428        2.76718907122308       -2.66294435778673
C            2.50705860771993        1.91552433250608        0.48775454939748
C            3.61452949823078        0.89914500591948        0.78417480389950
C            4.84852541584275        1.12557400895593       -0.09360418788482
C            5.47243377892363       -0.26563812228350       -0.15684306374629
C            4.25495953083700       -1.18011070427864       -0.25178278988472
H            2.34658190239391       -2.76646563132190       -0.25601614054543
H            2.42998018123812       -3.75512675403967        1.93183519651415
H            1.34285195113437       -2.52093615619930        2.59737004526158
H            0.56685758642790       -4.91348341623509        0.87071014732586
H           -0.15566264151517       -4.41935545975348        2.41779010010214
H           -1.36729991598889       -3.66599388044159        0.11834365583144
H           -1.14739514423522       -2.44120975074825        1.38931276628041
H           -2.09272702728752        0.13781651902692       -1.01778324112297
H           -1.66604286453179       -2.66337034513793       -1.84953525374828
H           -0.54444780047659       -1.51740091796061       -3.82707254496784
H           -1.08013925243431        0.04061869076294       -3.15286078029229
H           -2.27099568350344       -1.16062461994406       -3.69658911896742
H           -4.64724644947888        1.32151857684944       -0.26339526723252
H           -3.58736623581602       -0.57681078218695        1.65609184729081
H           -6.03954305163291       -0.23280608584184        1.31438813515892
H           -5.56676792561601       -1.89093458769454        0.89319517187657
H           -5.87670747832522       -0.70266194474321       -0.37206609017763
H            0.17726919052302        2.41366264972342        1.28165263767536
H           -1.54892152270259        0.36483721654047        1.30169244577677
H           -2.55782162072628        1.37966804095912        3.35757119315165
H           -1.92225139863823        2.96532279635027        2.87200416455206
H           -0.80459879677084        1.65923969952672        3.32371165190531
H            1.94984699626633        0.90728513816887       -1.21620091806635
H            1.03028033283972        3.64580735588527       -0.66950709096775
H            0.02292953358373        3.34845467547340       -3.01768101297008
H            0.78977331196581        1.76696171347323       -3.09537309941129
H            1.79346899201761        3.22525063655255       -3.00390373244219
H            3.84533424437435        1.00798113284201        1.84821271225886
H            5.51029385054191        1.88159373478834        0.32262134758576
H            4.52906281363304        1.44760840147868       -1.08438872123528
H            6.01619598803981       -0.47028509102624        0.76782999999825
H            6.15037134438803       -0.38447661127725       -1.00344433899398
H            3.92081218092724       -1.30145349899989       -1.28677632747134
H            4.45542500923034       -2.16181912334070        0.18401929702809
68
 energy: -106.572867185706 gnorm: 0.015751904270 xtb: 6.7.1-6.fc44.fc44
O            1.17999330523470       -0.16647132752713        1.36759294467304
O            1.00078666788791       -0.92953808531570       -1.66634208051986
O           -3.47637278752062       -2.61400650310316       -0.23555780805835
O           -3.19053455103226        3.07866326940249        0.44496814586021
O           -1.32047671575341        1.63886890579623       -1.38015339973278
O            2.26878648143429        2.83034428040151        1.25271185899830
N            0.30478653695456       -2.37032839144750       -0.12032419550177
N           -2.21754719967542       -0.88172676580171       -0.96728833131305
N           -3.87599827174325        0.95501047744360        0.26823014403833
N           -0.59484783110969        2.11159406194788        0.70094085194569
N            1.92720507831739        1.77559372037010       -0.71502069771313
N            3.23410166259792       -0.47374200282100        0.51020396712879
C            1.98831820367235       -0.89009568809607        0.79976785127790
C            1.63822690063805       -2.34043324946208        0.46789442025455
C            1.52216064303768       -3.18205416080322        1.74386239394031
C            0.29775342506978       -4.05606531486047        1.48372184240698
C           -0.61983265384250       -3.11914642731531        0.70071400085335
C            0.08567540385169       -1.59467493598286       -1.19513389548202
C           -1.31563435241465       -1.63240377913760       -1.81438357540630
C           -1.29782218123580       -1.03203314846461       -3.21601065427746
C           -3.20804351089612       -1.42424011162127       -0.26205810178412
C           -3.99294823590266       -0.43958447730732        0.63664288021504
C           -5.46694199142382       -0.83946107393893        0.62665103398534
C           -2.98880291357394        1.90078974302477        0.65428489233754
C           -1.70424130632536        1.45115243441141        1.37179648251617
C           -1.75029381794221        1.89334601334784        2.82955609864784
C           -0.46897863164973        2.09559899328877       -0.62714535189287
C            0.85530130738922        2.66248134786014       -1.14366948149774
C            0.86503187606658        2.76285367760491       -2.66047348481450
C            2.50739660086159        1.91333114273978        0.48979067641188
C            3.61779217357593        0.90445117050474        0.78806126928278
C            4.84966574663394        1.13033415113198       -0.09134716582050
C            5.47231333807599       -0.26082662948726       -0.15784822509390
C            4.25368974240871       -1.17631645570550       -0.25218131360443
H            2.34017391528763       -2.76665193212831       -0.25139916910840
H            2.42572487917087       -3.75728140980086        1.93501689061224
H            1.33675475157118       -2.52154061837112        2.59280907321938
H            0.56822064071173       -4.91212244735902        0.86245295464927
H           -0.16435612553010       -4.41528338654699        2.40134792823492
H           -1.36537372285926       -3.64983124444304        0.10312010399316
H           -1.14257235682360       -2.43808294100265        1.38096899070827
H           -2.09525348862756        0.13442304093123       -1.02566059680696
H           -1.66895492375571       -2.67125721446152       -1.84035672260542
H           -0.54096443693115       -1.52709804291177       -3.82346629277869
H           -1.06994336647295        0.02854164026220       -3.14490116026793
H           -2.26718967273583       -1.16464964474053       -3.69122773762039
H           -4.65124077244861        1.32626785632959       -0.26650880022861
H           -3.59644304774204       -0.57166567365979        1.65204020189292
H           -6.02979098431170       -0.23468894228215        1.33093008218474
H           -5.55830900450696       -1.88708992130676        0.89668609661295
H           -5.88311605584904       -0.70420857463937       -0.37009928987506
H            0.18148936455102        2.41089939130159        1.27947021838868
H           -1.56051967977261        0.36623533083633        1.30356589307756
H           -2.55845335466378        1.38679066910845        3.35508515719261
H           -1.91970267024099        2.96618620113832        2.87536048735577
H           -0.80718614523945        1.65622917487128        3.32013230241227
H            1.95339362845931        0.88919344336514       -1.20241340197370
H            1.03531016426774        3.63556086018348       -0.67511338716326
H            0.01684755823681        3.35108322132709       -2.99944226789213
H            0.78698588954767        1.76582512262228       -3.08865455904730
H            1.78683843281704        3.22722807982079       -3.00240465635640
H            3.85607471996138        1.01041137717654        1.85303199903597
H            5.51579107473272        1.88053364359513        0.32635805405141
H            4.53484839603688        1.45139893669089       -1.08488859318029
H            6.01924203144900       -0.46681157193379        0.76353915586891
H            6.14825456673892       -0.38118954563142       -1.00332405207967
H            3.92244921061403       -1.29318095640286       -1.29048130706524
H            4.45439886774987       -2.15905724690812        0.17887523820896
68
 energy: -106.573237741350 gnorm: 0.009794205050 xtb: 6.7.1-6.fc44.fc44
O            1.18526385960878       -0.16780316616706        1.36715406080203
O            0.99720286084098       -0.91085865720130       -1.65906622519983
O           -3.46303631017414       -2.61749118709462       -0.23011522138941
O           -3.19663764991672        3.08012755413196        0.42591839323945
O           -1.32355182575105        1.64508910400914       -1.37766475195388
O            2.25800146377296        2.82436640800725        1.25745237034282
N            0.30717358595595       -2.36301912789276       -0.12282733033308
N           -2.21617596266841       -0.88344951339316       -0.96880607363147
N           -3.87269867384658        0.95675366236921        0.26724489045204
N           -0.59059005493720        2.10247116527477        0.70299634014686
N            1.93048496497057        1.76859634590117       -0.71323793123700
N            3.23517782272874       -0.46887321292556        0.50920155104094
C            1.99177998044643       -0.88606920323208        0.80163167624021
C            1.63809517264588       -2.33594742875591        0.47013344357544
C            1.51467073160516       -3.18269715646628        1.74168367972484
C            0.29272495011764       -4.05784425918461        1.47101097979925
C           -0.62037063433555       -3.11681262162819        0.69312467045446
C            0.08579221605322       -1.59352249436065       -1.19509647874317
C           -1.31517873266517       -1.64153436881982       -1.81236016200642
C           -1.29531780023618       -1.04548868940408       -3.21330309761571
C           -3.20601596270881       -1.42491453053149       -0.25869653273191
C           -3.99331066039793       -0.43646508381452        0.63620211967963
C           -5.46703399913882       -0.83546797588937        0.63303591444565
C           -2.98723930791149        1.90697409325777        0.64684162499620
C           -1.70789587464796        1.45457036140529        1.36998253101355
C           -1.75010817283374        1.89676870648451        2.82639010993232
C           -0.46918749521427        2.09306545550304       -0.62391595248597
C            0.86076053130462        2.65421684144572       -1.14017666670367
C            0.86138916976803        2.76013150405127       -2.65759353551694
C            2.50606962199193        1.91106992562018        0.49276732819921
C            3.62091166872307        0.90928434920658        0.79047726762506
C            4.85132277728125        1.13380061025658       -0.08993803338698
C            5.47350936137674       -0.25735906083205       -0.15906189263767
C            4.25406944815182       -1.17305170252082       -0.25133507132493
H            2.34298320984243       -2.75826694978717       -0.24963556388652
H            2.41764510709475       -3.75765877759832        1.93705992201750
H            1.32347497280002       -2.52479276006907        2.59165352056474
H            0.56863222108351       -4.91218452609748        0.85221624686336
H           -0.17347108875023       -4.41908717623805        2.38437705160616
H           -1.36626729511067       -3.63681375566789        0.09144610108674
H           -1.14470469931752       -2.44521858876475        1.38230557437876
H           -2.09564661523537        0.13073208778656       -1.03329542126511
H           -1.66913964887329       -2.67916427157980       -1.83387430776096
H           -0.53679582349373       -1.53424413622754       -3.82192991334873
H           -1.06894451123045        0.01443873585863       -3.15058835284606
H           -2.26466356876880       -1.17182426612163       -3.68677020224992
H           -4.64771129857032        1.33006147735847       -0.26574770745630
H           -3.60021487691055       -0.57301478171297        1.65160290781499
H           -6.02963619717999       -0.23635228683049        1.34550541827246
H           -5.55140153755032       -1.88405644383284        0.89954801431566
H           -5.88595568112693       -0.70170512785585       -0.36267568389223
H            0.18451255193306        2.41025783493761        1.27718442039829
H           -1.57233205079909        0.36848869690100        1.30569020021022
H           -2.55981420718191        1.39572546908452        3.35202900561031
H           -1.91609656420842        2.97054087719770        2.87579593248641
H           -0.80935224509617        1.65526685783108        3.31339618927013
H            1.95668472816514        0.87334662235950       -1.18952607076491
H            1.04118702920022        3.62712730294865       -0.67263393503257
H            0.01195723111124        3.35529115991025       -2.98169669271845
H            0.77665342449651        1.76689699484722       -3.09289089306209
H            1.77981332456989        3.22671466321518       -3.00436693201802
H            3.86801470963309        1.01190371682629        1.85535027606826
H            5.52080551785311        1.88043083663804        0.32890629215250
H            4.53935766385474        1.45645404322966       -1.08468875443581
H            6.02483677838869       -0.46473567197610        0.75865915916326
H            6.14594435939257       -0.37950251462172       -1.00491202287091
H            3.92749376449718       -1.29032854962481       -1.29113744403496
H            4.45519667058725       -2.15696190302636        0.17649249646376
68
 energy: -106.573338484468 gnorm: 0.006590887177 xtb: 6.7.1-6.fc44.fc44
O            1.18770326980294       -0.16877654691293        1.37239627691017
O            0.99800817436771       -0.91600494902336       -1.66422920851114
O           -3.45645575999160       -2.61781374556781       -0.22675646468992
O           -3.19846007256269        3.08040665438845        0.42002871171011
O           -1.32473613094281        1.64885732101515       -1.37739382213843
O            2.25488092383526        2.82362099963309        1.26006115103288
N            0.30638804174213       -2.35726769836505       -0.12005012779756
N           -2.21603462880586       -0.88261154413041       -0.97063478135219
N           -3.87259870051274        0.95714967240400        0.26592156901699
N           -0.58807417058271        2.09826671492328        0.70364440786282
N            1.93167099198540        1.77039682516720       -0.71324972263447
N            3.23625571397553       -0.46834476445579        0.51080323719454
C            1.99444368995959       -0.88665072681344        0.80669108886976
C            1.63811602355123       -2.33531276703856        0.47317786092033
C            1.51159719467398       -3.18426725033994        1.74216108489059
C            0.29154671275931       -4.06144323227858        1.46672641509523
C           -0.62065004408367       -3.11835555083788        0.69114299111784
C            0.08797722989859       -1.59073797362615       -1.19618680805815
C           -1.31377980833948       -1.64139437344270       -1.81285584521175
C           -1.29616358990825       -1.05119599096966       -3.21602905484076
C           -3.20410348350563       -1.42461069322685       -0.25727105608204
C           -3.99183028401081       -0.43470248738788        0.63629287067951
C           -5.46559338849575       -0.83532264562460        0.63550067688074
C           -2.98613182620241        1.90876467181549        0.64459373917338
C           -1.70834493255122        1.45633720812333        1.36969776449868
C           -1.75029111253262        1.89992252340724        2.82555788467233
C           -0.46876389742565        2.09228491281811       -0.62309926460518
C            0.86110045852282        2.65432385442817       -1.13956902543554
C            0.85944807225557        2.76181474766663       -2.65673307248495
C            2.50463719350640        1.91069821468513        0.49469380261334
C            3.62121531527411        0.90989544659264        0.79097603723601
C            4.85146638492524        1.13460460731632       -0.08980291077345
C            5.47380235656759       -0.25655257835548       -0.15987089827021
C            4.25437948020164       -1.17233855260299       -0.25034771398452
H            2.34175237873106       -2.75902589950851       -0.24741364910635
H            2.41449365987471       -3.75869523099559        1.93949817434763
H            1.31640350902917       -2.52840049049107        2.59295682724548
H            0.56988388715233       -4.91377140950835        0.84646803533903
H           -0.17554483395958       -4.42673914186769        2.37798519793749
H           -1.36689488923908       -3.63454581232955        0.08816233235133
H           -1.14406528625582       -2.44538578519040        1.38053852852895
H           -2.09634291825710        0.13268807061696       -1.03670172375860
H           -1.66810134477109       -2.67852530658016       -1.82984287706179
H           -0.53744044055468       -1.53873296563122       -3.82439150620141
H           -1.06804472369024        0.00975886577466       -3.15137739788978
H           -2.26656758971013       -1.17659253905168       -3.68781333808155
H           -4.64850069160409        1.32805017787579       -0.26785543112910
H           -3.59752222364965       -0.57261465913006        1.65161259401570
H           -6.02696287863040       -0.23779748124779        1.34987126434450
H           -5.54889715293882       -1.88520831558520        0.89913056830287
H           -5.88801350581843       -0.69861116101052       -0.35851930697770
H            0.18617529432504        2.41183770707105        1.27612391240883
H           -1.57673444942745        0.36940966022531        1.30718895447997
H           -2.56006233839326        1.39965482249003        3.35154590133164
H           -1.91439926547878        2.97421767473464        2.87440267404890
H           -0.80899828083385        1.65709032774056        3.31087919437767
H            1.95788732929983        0.87289417759138       -1.18663049397180
H            1.04068050242887        3.62728699703145       -0.66955198940761
H            0.00978946486811        3.35694444770096       -2.97847472415597
H            0.77061693555688        1.76932262404180       -3.09180703045228
H            1.77804788564313        3.22606566693321       -3.00600689522183
H            3.87049786005252        1.01209708287211        1.85545205291682
H            5.52126964627873        1.88126697282484        0.32935400146960
H            4.53941965646860        1.45922723746174       -1.08377454728770
H            6.02792282891579       -0.46397372433494        0.75623445457951
H            6.14400261939593       -0.37881943026392       -1.00747450352746
H            3.92812300798817       -1.29114410066070       -1.29034060866402
H            4.45659737491186       -2.15648782687571        0.17748638727592
68
 energy: -106.573415447037 gnorm: 0.005088902942 xtb: 6.7.1-6.fc44.fc44
O            1.19184691354690       -0.17004304765977        1.38280698943526
O            0.99890713983769       -0.91237986360054       -1.66468107022599
O           -3.45144319852280       -2.61878840083369       -0.22230182245328
O           -3.19989814772322        3.08067912093164        0.41534900833443
O           -1.32595044431804        1.64965724751499       -1.37743301039658
O            2.25349076963833        2.82387208515069        1.26134705064946
N            0.30576934719771       -2.35246023110108       -0.11647837860631
N           -2.21696320382199       -0.88316554021094       -0.97321363576625
N           -3.87129652352173        0.95698049836040        0.26432653076180
N           -0.58637316285502        2.09392587725529        0.70352336718853
N            1.93278872710560        1.77271156711203       -0.71354970806792
N            3.23734123477128       -0.46886334164275        0.51320666180173
C            1.99764464752395       -0.88814993382747        0.81445300358965
C            1.63791753081086       -2.33517224460754        0.47791504091817
C            1.50941707995982       -3.18679505737502        1.74417847710167
C            0.29183575315768       -4.06504154638061        1.46070941102603
C           -0.62041954333224       -3.11831113289278        0.69002690013772
C            0.08976321637958       -1.58918110944556       -1.19712591449636
C           -1.31271289071817       -1.64164947763939       -1.81412890315009
C           -1.29731663287167       -1.05438855012319       -3.21947196992650
C           -3.20234476682794       -1.42557810342491       -0.25587132035728
C           -3.98943986205003       -0.43390895649996        0.63642703884860
C           -5.46318314572808       -0.83475299335920        0.63782017591974
C           -2.98543382359270        1.91009073358614        0.64273215723610
C           -1.70884589043581        1.45813516841476        1.36974201415462
C           -1.75092171362017        1.90514854774409        2.82476348716370
C           -0.46910525290012        2.09094475237933       -0.62317495893505
C            0.86002015280414        2.65469847285000       -1.13948894653199
C            0.85748174435149        2.76357986797157       -2.65595582829396
C            2.50427230412406        1.91062828435651        0.49621590437465
C            3.62138367516233        0.90942924729870        0.79210865686011
C            4.85131155891128        1.13493882773113       -0.08961829797179
C            5.47341184088116       -0.25630435435694       -0.16135039180929
C            4.25405209792100       -1.17230497098134       -0.24946088705445
H            2.34039585569679       -2.76175152749880       -0.24286424819262
H            2.41228485304986       -3.76049071262642        1.94412152697806
H            1.30847185983855       -2.53383659419716        2.59585698796041
H            0.57252439048335       -4.91321638121257        0.83551645218465
H           -0.17603848621636       -4.43847845336061        2.36882803494801
H           -1.36578685341144       -3.63133296571479        0.08424421624781
H           -1.14468236918250       -2.44933862143729        1.38278725678285
H           -2.09858984219954        0.13253026005102       -1.04016247356048
H           -1.66482710036510       -2.67920212095392       -1.82872444341385
H           -0.53860328493350       -1.54177277883363       -3.82664391494030
H           -1.07042839315494        0.00740866865129       -3.15823398142604
H           -2.26923951657538       -1.18175207711773       -3.68900050729194
H           -4.64665270463257        1.32514514029279       -0.27164339721922
H           -3.59198320747933       -0.57169280579222        1.65106684044814
H           -6.02076549305704       -0.23942631331783        1.35553798990508
H           -5.54698900910264       -1.88635520470724        0.89687251367307
H           -5.88952057133365       -0.69273384095638       -0.35396870180809
H            0.18621247909962        2.41549216637780        1.27449807047762
H           -1.58066335179584        0.37045235757548        1.31031601932652
H           -2.56018754277887        1.40495334790804        3.35167920336297
H           -1.91353788985861        2.97961126705919        2.87149094917077
H           -0.80843030555407        1.66147910267423        3.30871786118317
H            1.95905179996520        0.87408844786330       -1.18523658921373
H            1.03700205961338        3.62823551525462       -0.66850000433520
H            0.00879711867724        3.35964736253759       -2.97681619483745
H            0.76485754193144        1.77117688789724       -3.08991370439093
H            1.77700314002753        3.22487583836352       -3.00594242974024
H            3.87110124412548        1.01288326131136        1.85634597834263
H            5.52138789642223        1.88131110989239        0.33009395096182
H            4.53839112622839        1.46131845427421       -1.08248063935299
H            6.03085410583638       -0.46372086841481        0.75282659864812
H            6.14087125150835       -0.37810427252149       -1.01165860634084
H            3.92617731308129       -1.29272221497819       -1.28948350150940
H            4.45763077986058       -2.15648134093000        0.17902888142469
68
 energy: -106.573473493191 gnorm: 0.004683659519 xtb: 6.7.1-6.fc44.fc44
O            1.19851589603253       -0.17143912192159        1.39867726982651
O            1.00026917353014       -0.90890386766313       -1.66447571626050
O           -3.44645492902394       -2.62027271673785       -0.21697637501739
O           -3.20059203161384        3.08110760126325        0.41088115617790
O           -1.32685780893389        1.64913492615461       -1.37778100297011
O            2.25316319950406        2.82520387698956        1.26135879021936
N            0.30564151366199       -2.34623796452614       -0.11138188907118
N           -2.21800150454018       -0.88382189165222       -0.97610231103150
N           -3.86842722740170        0.95649617099742        0.26283095845100
N           -0.58487674441763        2.08918123192625        0.70318784845019
N            1.93400124818843        1.77434469714888       -0.71367160260220
N            3.23787717195663       -0.46890615927607        0.51513508841359
C            2.00115564668388       -0.88889371083716        0.82394270547960
C            1.63832394375325       -2.33436568094660        0.48372475100668
C            1.50524424028356       -3.19022187505711        1.74653546101979
C            0.29181235957406       -4.07058510802304        1.45238636002154
C           -0.62123600520686       -3.11915605464855        0.68841977078656
C            0.09197691298447       -1.58633483407813       -1.19606101836483
C           -1.31074369316422       -1.64130928752946       -1.81448813638576
C           -1.29761353799819       -1.05755145916319       -3.22223729177608
C           -3.19996094493349       -1.42704062091903       -0.25452912429035
C           -3.98598657428651       -0.43403239529233        0.63638743305221
C           -5.45992368172975       -0.83413655887688        0.64086884966669
C           -2.98462009514533        1.91126240564628        0.64012238172965
C           -1.70964881743520        1.46004046359325        1.37028791312149
C           -1.75214653934507        1.91275930521322        2.82399386147903
C           -0.46957976126860        2.08950627221460       -0.62350957682143
C            0.85887487948837        2.65488411730467       -1.13895732307178
C            0.85561919105816        2.76447150393736       -2.65494003284395
C            2.50455024646640        1.91134805777678        0.49723492692010
C            3.62134313008051        0.90943048273468        0.79355416103232
C            4.85072628709870        1.13569213658162       -0.08951491184557
C            5.47223826202923       -0.25565979626336       -0.16442068491473
C            4.25270174592320       -1.17179011573430       -0.24914191510183
H            2.34021092526299       -2.76309103682741       -0.23790315377920
H            2.40880747868522       -3.76171993661599        1.94946573679185
H            1.29647370487979       -2.54129917692167        2.59923695497831
H            0.57633103408011       -4.91192371878031        0.81900189999216
H           -0.17620369295500       -4.45553090020463        2.35605814852762
H           -1.36533826654535       -3.62910390084164        0.07890031991748
H           -1.14661588694189       -2.45702659453288        1.38686030293301
H           -2.10115395432132        0.13181252844395       -1.04339254564236
H           -1.65982918715682       -2.67991894981575       -1.82859506270775
H           -0.53895851424621       -1.54565227670380       -3.82727510543542
H           -1.07398770532524        0.00477343510027       -3.16527376457807
H           -2.27110838582777       -1.18872239459948       -3.68884374345477
H           -4.64201489944574        1.32255541670774       -0.27646085608817
H           -3.58507746771845       -0.57042097222314        1.65017566495677
H           -6.01636398387593       -0.24356201146046        1.36389628182169
H           -5.54408536615883       -1.88783810622011        0.89231175682940
H           -5.88872667015243       -0.68433900872099       -0.34800063969792
H            0.18462607173876        2.42006451555239        1.27293876347734
H           -1.58422932709225        0.37173424786073        1.31541923725971
H           -2.56103255087010        1.41342901383155        3.35248650898656
H           -1.91351318808464        2.98720175918623        2.86696498910254
H           -0.80892178960633        1.66865472902175        3.30753161607665
H            1.95936369223927        0.87528687173544       -1.18439955497380
H            1.03361739203940        3.62916937038895       -0.66777607056277
H            0.00932319510786        3.36424365124573       -2.97496797027775
H            0.75923756423264        1.77221724914435       -3.09073187915282
H            1.77650875420649        3.22239305384076       -3.00556572582590
H            3.87018825054595        1.01451499711943        1.85783068898557
H            5.52144572919144        1.88091943654064        0.33104842381447
H            4.53629899461879        1.46389782141365       -1.08109616790781
H            6.03304924612044       -0.46397775823068        0.74743282094695
H            6.13643536465052       -0.37654654835481       -1.01780701513998
H            3.92317755499021       -1.29434315030909       -1.28810769447164
H            4.45779715694077       -2.15567414999947        0.18019888572497
68
 energy: -106.573512385456 gnorm: 0.003999214529 xtb: 6.7.1-6.fc44.fc44
O            1.20393802465749       -0.17240570954206        1.41299986743804
O            1.00013487682410       -0.90426148141158       -1.66187440077297
O           -3.44507042346908       -2.62166813830942       -0.21381232941879
O           -3.19967647101551        3.08088131769807        0.40911505971986
O           -1.32698087879759        1.64798999986978       -1.37791396446345
O            2.25382611753721        2.82665637257212        1.26070901120082
N            0.30489578003636       -2.34161140696706       -0.10763142950211
N           -2.21978842610165       -0.88515156383053       -0.97885460850569
N           -3.86669574635718        0.95590686966739        0.26046063951639
N           -0.58350351040395        2.08581937802662        0.70305152622565
N            1.93389085553064        1.77410368538442       -0.71318050211658
N            3.23721659682930       -0.46825106284709        0.51586408871820
C            2.00326077908828       -0.88888973134022        0.83197258455583
C            1.63720911583652       -2.33276710349516        0.48855514720908
C            1.50206980522183       -3.19310207196598        1.74844368314863
C            0.29300006938596       -4.07603858659236        1.44520390863444
C           -0.62109147589238       -3.12072029527025        0.68699667554803
C            0.09231424687409       -1.58431322926836       -1.19382680847017
C           -1.30983862586214       -1.64174721937848       -1.81446215540591
C           -1.29633907562982       -1.05960628256162       -3.22337632491322
C           -3.19937614597525       -1.42849107465134       -0.25454069913429
C           -3.98413764412219       -0.43448267900422        0.63550814506144
C           -5.45791975400858       -0.83396464932152        0.64306662560495
C           -2.98385679341254        1.91123555041510        0.63905775831256
C           -1.70976720380929        1.46110032405493        1.37161962313356
C           -1.75292265795110        1.91977127585580        2.82384897779466
C           -0.46967075230957        2.08870561881302       -0.62377709576350
C            0.85823411428348        2.65464725970964       -1.13884087858851
C            0.85573487040442        2.76424112522813       -2.65485273725101
C            2.50476949359060        1.91224633783374        0.49751142616069
C            3.62108331699405        0.90995930596982        0.79440790325911
C            4.85000470161237        1.13651106481164       -0.08944725728925
C            5.47072797303989       -0.25502459053340       -0.16774726337755
C            4.25060922892192       -1.17097719071772       -0.24967137874522
H            2.33913945724589       -2.76165445835255       -0.23342341342796
H            2.40680636767947       -3.76167202117593        1.95404602207880
H            1.28606921530083       -2.54748545417623        2.60154969552076
H            0.58166560770506       -4.91050746420508        0.80399366575249
H           -0.17518430023946       -4.47072669332304        2.34452586532257
H           -1.36420147191206       -3.62807769671174        0.07379471265495
H           -1.14775358626738       -2.46396943081789        1.38937234918661
H           -2.10239959344935        0.13065131603752       -1.04498558047701
H           -1.65650245380330       -2.68131600868949       -1.82923116397816
H           -0.53748321512051       -1.54911971213354       -3.82617181235610
H           -1.07436700857734        0.00310562919035       -3.16873988145616
H           -2.27032772387023       -1.19368715172024       -3.68824406862502
H           -4.63915811076505        1.32087050434634       -0.28151312547152
H           -3.58117160603288       -0.56934859126171        1.64876062016642
H           -6.01057311822845       -0.24832073868036        1.37289970339274
H           -5.54121405423914       -1.88931516847508        0.88774363602506
H           -5.89122587210150       -0.67683113440460       -0.34320528842050
H            0.18290219720891        2.42369297418261        1.27216973223442
H           -1.58581714316609        0.37248911569708        1.32100431823986
H           -2.56223028882869        1.42274008066029        3.35407665534699
H           -1.91344137558264        2.99433369453692        2.86237904575621
H           -0.80997372003688        1.67617810345726        3.30833851988490
H            1.95794887406071        0.87534346170843       -1.18401547401150
H            1.03290874185689        3.62913496924617       -0.66798485330615
H            0.01120988977297        3.36676790363166       -2.97534608232983
H            0.75695473722580        1.77237477770654       -3.08991592347418
H            1.77816517845304        3.21962280725595       -3.00519959321323
H            3.86883242479381        1.01545700284411        1.85873025661255
H            5.52146328405570        1.88057839150909        0.33166264647358
H            4.53428863263952        1.46654043157566       -1.07990837600491
H            6.03394707582208       -0.46456030125600        0.74228556193443
H            6.13218942623005       -0.37486876048680       -1.02343393553053
H            3.91854284745332       -1.29397262530168       -1.28768026242437
H            4.45680272822584       -2.15436763520841        0.17998583631202
68
 energy: -106.573549128816 gnorm: 0.003017294331 xtb: 6.7.1-6.fc44.fc44
O            1.20958618752637       -0.17365944121745        1.42957980560718
O            1.00008728426804       -0.90274491670790       -1.65850614229699
O           -3.44529359004228       -2.62276873082905       -0.21192538045495
O           -3.19770467010746        3.08065490508418        0.40875870691062
O           -1.32665426876311        1.64595401743341       -1.37788085022983
O            2.25531131332133        2.82892608717281        1.25985286264602
N            0.30358435875170       -2.33721072343608       -0.10288195948589
N           -2.22134996936860       -0.88647007061329       -0.98128689982237
N           -3.86451851672349        0.95525884591630        0.25844451146557
N           -0.58266446788669        2.08297872992109        0.70308442408268
N            1.93234646366486        1.77259245179770       -0.71147642113049
N            3.23517749114098       -0.46652023363582        0.51508976931066
C            2.00459709015612       -0.88840705115146        0.84074509631925
C            1.63575432244322       -2.33076726613545        0.49357780295419
C            1.49855859328357       -3.19572850769125        1.75022087233405
C            0.29509358376044       -4.08209572190245        1.43652270906691
C           -0.62169609447411       -3.12341556234861        0.68538926010905
C            0.09248753351538       -1.58262817947964       -1.19007786744791
C           -1.30863399901256       -1.64236418929610       -1.81370284186148
C           -1.29286048457255       -1.06176766176991       -3.22340250354899
C           -3.19905258480101       -1.42966680266975       -0.25494625818740
C           -3.98262989254282       -0.43493836077072        0.63450675769869
C           -5.45649431099629       -0.83400419354611        0.64517346552740
C           -2.98325960132823        1.91071025456491        0.63862380773483
C           -1.70997058735750        1.46179007883104        1.37368749042827
C           -1.75360743171850        1.92826998113266        2.82371520102848
C           -0.46998385408566        2.08829768285940       -0.62400493673492
C            0.85764176875283        2.65420902621592       -1.13849613584145
C            0.85718193215822        2.76304342836576       -2.65482363210173
C            2.50476310715146        1.91362290218244        0.49767144061156
C            3.62052968080789        0.91103267271062        0.79508289078992
C            4.84873684820355        1.13779231101388       -0.08952351916657
C            5.46817993116319       -0.25406640702254       -0.17241435282504
C            4.24717103123807       -1.16949778511157       -0.25193857899661
H            2.33727489189146       -2.75855325257942       -0.22887398903490
H            2.40511590543159       -3.76027781228493        1.95865527965214
H            1.27431591300386       -2.55392127631882        2.60375082623133
H            0.58935082924177       -4.90781978514756        0.78604304265135
H           -0.17325203729049       -4.48797592722236        2.33031009048230
H           -1.36348690828447       -3.62843662630979        0.06814498122395
H           -1.15030084989140       -2.47400513577564        1.39283621235238
H           -2.10322240827055        0.12898215697495       -1.04591034488020
H           -1.65379710605227       -2.68258701356506       -1.82918095890172
H           -0.53354274159586       -1.55382312879024       -3.82341095041419
H           -1.07146574128604        0.00083281785759       -3.17095881436949
H           -2.26648312544086       -1.19814854809496       -3.68739325895484
H           -4.63492069102765        1.32007924153450       -0.28654815942730
H           -3.57890340294278       -0.56848967541399        1.64765210974168
H           -6.00651631354740       -0.25472641031922        1.38268648037075
H           -5.53787616019539       -1.89122585345908        0.88169987549746
H           -5.89321774630663       -0.66893971546936       -0.33746933667839
H            0.17997336650389        2.42777204055031        1.27214011191713
H           -1.58613031631008        0.37304599666026        1.32847839966090
H           -2.56406136682590        1.43549572398034        3.35632530968573
H           -1.91323058259386        3.00316618145176        2.85604473688233
H           -0.81163062883396        1.68618376510756        3.31047700397025
H            1.95482058406976        0.87439477200657       -1.18290666094674
H            1.03332900002690        3.62845019203621       -0.66834223430702
H            0.01549040406488        3.36931043172443       -2.97661792946709
H            0.75532315797378        1.77167215850856       -3.09049351678111
H            1.78164709159216        3.21565565963016       -3.00354551330738
H            3.86753175201226        1.01596117566906        1.85942105783415
H            5.52150679791863        1.88004694593226        0.33236767143351
H            4.53195753028759        1.47030541337426       -1.07878488221462
H            6.03390470059101       -0.46565764468786        0.73550652136116
H            6.12656809204863       -0.37239773440782       -1.03045491384640
H            3.91242871999565       -1.29204054344389       -1.28882115846059
H            4.45418161757517       -2.15235862346833        0.17763714246266
68
 energy: -106.573569122026 gnorm: 0.002489776797 xtb: 6.7.1-6.fc44.fc44
O            1.21166684601879       -0.17446846114769        1.43868649947720
O            1.00004565331814       -0.90196627841201       -1.65493225090156
O           -3.44722448792187       -2.62290927954197       -0.21284643859888
O           -3.19571151308114        3.08032915142543        0.40970465536329
O           -1.32670040701731        1.64521106650829       -1.37768206137880
O            2.25691477283264        2.83149051588668        1.25887443684996
N            0.30238947480042       -2.33540361857264       -0.10021741640121
N           -2.22200148537076       -0.88713565434458       -0.98255925309212
N           -3.86400047908187        0.95493697652151        0.25734788446851
N           -0.58248057640087        2.08254543741687        0.70335271977495
N            1.93021016560927        1.77110915144005       -0.70967219653820
N            3.23258468025009       -0.46470423305641        0.51311066647787
C            2.00421513434266       -0.88778623968996        0.84534135692667
C            1.63437881900993       -2.32954546469511        0.49636554736953
C            1.49688763617074       -3.19727350964225        1.75110558389810
C            0.29726376035524       -4.08662787383197        1.43232761451411
C           -0.62135623833976       -3.12693365024813        0.68460175339245
C            0.09200373631731       -1.58226133972060       -1.18741820343448
C           -1.30795543577861       -1.64304708731115       -1.81333101165666
C           -1.28917972089227       -1.06322510310257       -3.22299729337997
C           -3.19957230451480       -1.42984321127285       -0.25604817256464
C           -3.98249891732322       -0.43512832817432        0.63370459665779
C           -5.45640905396028       -0.83408330442669        0.64633580027355
C           -2.98284518113581        1.90985983978512        0.63890330924556
C           -1.70977422620165        1.46215880979928        1.37544435485116
C           -1.75362269797191        1.93372571442966        2.82368382202647
C           -0.47030731269328        2.08870056771207       -0.62388972668174
C            0.85742585859857        2.65409762318666       -1.13819552342337
C            0.85898555747977        2.76187071832173       -2.65480881469740
C            2.50452625428427        1.91499974618133        0.49773757845576
C            3.61977227989617        0.91201666660402        0.79514764940302
C            4.84757965603495        1.13872010261082       -0.08961511514981
C            5.46575342358708       -0.25354787603135       -0.17571591003888
C            4.24400331659844       -1.16821173132867       -0.25470637645993
H            2.33593846989932       -2.75493322037828       -0.22705625090823
H            2.40484355105431       -3.75894087653950        1.96118518922741
H            1.26811826489959       -2.55746294195991        2.60476017780516
H            0.59545685987786       -4.90689973406320        0.77705853482544
H           -0.17113598900856       -4.49849148425279        2.32274667608575
H           -1.36234964686510       -3.63087600905307        0.06537871071638
H           -1.15136856728360       -2.48076732827455        1.39385149655806
H           -2.10301296181608        0.12828473222239       -1.04599517198633
H           -1.65304172082789       -2.68328849850719       -1.82940227192554
H           -0.52909475647611       -1.55701018884030       -3.82116574539520
H           -1.06634962796934       -0.00088577666477       -3.16961596575230
H           -2.26152279058613       -1.19930709648413       -3.68822289064811
H           -4.63395160770011        1.32001895192766       -0.28864579056336
H           -3.57912366232696       -0.56798825372635        1.64688603856763
H           -6.00409588893919       -0.25909838863534        1.38889397740649
H           -5.53615460011281       -1.89241943329520        0.87783378051779
H           -5.89763583286541       -0.66446304733436       -0.33403453386740
H            0.17827288468704        2.42973579109439        1.27286744160906
H           -1.58520849840025        0.37340813576774        1.33338196264702
H           -2.56533428995867        1.44467013126516        3.35766155086583
H           -1.91281634404500        3.00894549072917        2.85149111916700
H           -0.81281280048177        1.69328627129617        3.31284513565721
H            1.95206781545484        0.87290470553263       -1.18103255875987
H            1.03433535468371        3.62803734181387       -0.66860311710060
H            0.01898360932745        3.36982524950172       -2.97821380522728
H            0.75625563977098        1.77074893986902       -3.08994570724541
H            1.78498858837430        3.21230519414933       -3.00253312099954
H            3.86700771903945        1.01549942191784        1.85955570710821
H            5.52163856794177        1.87940177519892        0.33302507196937
H            4.53082018080522        1.47325834310895       -1.07827875597062
H            6.03278110296284       -0.46706541814700        0.73089946356764
H            6.12243212421464       -0.37082619739192       -1.03481770811801
H            3.90841934618068       -1.28975024618575       -1.29117337805876
H            4.45077894372973       -2.15114464283257        0.17417749910863
68
 energy: -106.573581070774 gnorm: 0.001989514829 xtb: 6.7.1-6.fc44.fc44
O            1.21198826325970       -0.17538680721564        1.44359802331345
O            1.00039527199654       -0.90378724419832       -1.65263060660372
O           -3.44910915822098       -2.62244766740785       -0.21509090078283
O           -3.19482716787012        3.08048465642476        0.41096484652752
O           -1.32693775968605        1.64524072590281       -1.37754582136108
O            2.25871188518336        2.83435617507803        1.25818292174181
N            0.30131364712377       -2.33539567706685       -0.09818062355477
N           -2.22161379421175       -0.88722725395161       -0.98275401849733
N           -3.86407164224014        0.95497154787970        0.25742239618228
N           -0.58293696181391        2.08336007026042        0.70347167319762
N            1.92821850384232        1.77051436976673       -0.70795854036379
N            3.23014543292866       -0.46318602285963        0.51069745234122
C            2.00332245718322       -0.88764663285457        0.84783598864573
C            1.63349063418107       -2.32928354147530        0.49809426715083
C            1.49647579180494       -3.19811668889075        1.75177553925151
C            0.29923176554772       -4.08951094874039        1.43027403354553
C           -0.62130283482557       -3.13010970561101        0.68452969886029
C            0.09179880252403       -1.58311663058101       -1.18579681550416
C           -1.30736419193027       -1.64379302672985       -1.81299279523157
C           -1.28575983961290       -1.06395011092154       -3.22234951210715
C           -3.20006300388971       -1.42943397977132       -0.25707465904036
C           -3.98286369809139       -0.43503365971824        0.63345829927580
C           -5.45691886448727       -0.83420317799757        0.64676303814563
C           -2.98308475544359        1.90954680372295        0.63973568437371
C           -1.70979494024824        1.46272580477257        1.37656375311339
C           -1.75366974471906        1.93739485207470        2.82348306758464
C           -0.47091253248869        2.08944828662226       -0.62382614362305
C            0.85718433732511        2.65427446347969       -1.13796457943824
C            0.86042733984302        2.76102645438190       -2.65468477981107
C            2.50444603757414        1.91650847249889        0.49793108882899
C            3.61894915293868        0.91259142514189        0.79474445453718
C            4.84680119577888        1.13929057624189       -0.08967600443544
C            5.46374055563022       -0.25343358856489       -0.17807423833312
C            4.24135320410972       -1.16713414585321       -0.25772161800356
H            2.33468984031501       -2.75298735126766       -0.22601479438461
H            2.40539378043347       -3.75802749787070        1.96258680171945
H            1.26545930148331       -2.55940130087005        2.60565876173296
H            0.60019615236440       -4.90655474826113        0.77284770653754
H           -0.16913628649905       -4.50494394631106        2.31874609870627
H           -1.36141001081087       -3.63375456549247        0.06410228948102
H           -1.15277253944649       -2.48649774915911        1.39507008544433
H           -2.10208783168530        0.12814732926764       -1.04588075793198
H           -1.65334299473921       -2.68369853201392       -1.82867707130589
H           -0.52478088827903       -1.55880617939167       -3.81932166146511
H           -1.06137731117125       -0.00205244267583       -3.16897342328641
H           -2.25673216001548       -1.19876710862987       -3.68994401789791
H           -4.63369721775744        1.32050410496066       -0.28869672923477
H           -3.58012259271811       -0.56819914010437        1.64683521774399
H           -6.00358344394447       -0.26157404627262        1.39175483642456
H           -5.53561218900254       -1.89330889176765        0.87521033261399
H           -5.89903800399386       -0.66204331357852       -0.33198219136348
H            0.17733405237633        2.43063430237751        1.27358623784685
H           -1.58419838828288        0.37400878875309        1.33623597986013
H           -2.56636756911588        1.45107801700539        3.35826921175593
H           -1.91240074145446        3.01291378829503        2.84820722091755
H           -0.81357753730904        1.69835626177584        3.31447433973237
H            1.95028659487221        0.87176406016555       -1.17844538169095
H            1.03480209719561        3.62804337792767       -0.66852793177400
H            0.02151588972208        3.36959881390393       -2.97948620834525
H            0.75698399648621        1.76974093700987       -3.08918376604319
H            1.78743925020072        3.21025960003714       -3.00130316319239
H            3.86668652597266        1.01421384502362        1.85926504386150
H            5.52185057397717        1.87870388877473        0.33382658044172
H            4.53048393519117        1.47574699530856       -1.07791440443968
H            6.03152285250116       -0.46870250320563        0.72765515561285
H            6.11943023775961       -0.36988870575066       -1.03782593445307
H            3.90519229537093       -1.28702178219161       -1.29449306063219
H            4.44730336606770       -2.15064094350400        0.17003685299375
68
 energy: -106.573590187676 gnorm: 0.001881191440 xtb: 6.7.1-6.fc44.fc44
O            1.21144333811252       -0.17660043140934        1.44776147225499
O            1.00147453603269       -0.90566670514661       -1.64975651308693
O           -3.45045320430355       -2.62134906604898       -0.21895102796158
O           -3.19504695733543        3.08110360846766        0.41160494914203
O           -1.32805384293864        1.64663898328819       -1.37753354985345
O            2.26179785736162        2.83900432656528        1.25665273282718
N            0.30042593974895       -2.33633404513932       -0.09604316576065
N           -2.21997253109728       -0.88663918751554       -0.98254172241243
N           -3.86459218096997        0.95536155679797        0.25832041811068
N           -0.58382102156246        2.08531350212497        0.70345994829012
N            1.92608333766715        1.77075867882928       -0.70617218147357
N            3.22684104681434       -0.46144503054549        0.50698237404048
C            2.00192165822931       -0.88786053533606        0.84985523422773
C            1.63285759653230       -2.32983428863085        0.50008493326893
C            1.49644974752147       -3.19945478708003        1.75291205810117
C            0.30150872964292       -4.09326879317163        1.42931465297200
C           -0.62088841831130       -3.13491637795068        0.68462108099285
C            0.09198407683568       -1.58477055994340       -1.18450812706238
C           -1.30627002468245       -1.64447450796474       -1.81287814924081
C           -1.28175527295246       -1.06484249489158       -3.22186872680304
C           -3.20015426214414       -1.42837653398161       -0.25862950317927
C           -3.98291281604522       -0.43479551393263        0.63352558012702
C           -5.45704927647375       -0.83419169342515        0.64753961127738
C           -2.98363573448514        1.90986771591177        0.64022057010693
C           -1.71010318875188        1.46425889631204        1.37744953279643
C           -1.75421561831157        1.94158294735468        2.82303680645373
C           -0.47201530415233        2.09065265761231       -0.62373240107711
C            0.85675258711294        2.65474925324162       -1.13770636481904
C            0.86135470708402        2.76032829592567       -2.65436638018679
C            2.50477116749150        1.91874218090942        0.49825956064789
C            3.61769380882924        0.91297047271528        0.79417788559030
C            4.84606482047091        1.13966368711616       -0.08944229517902
C            5.46122812184461       -0.25372361830050       -0.18046982054373
C            4.23789615251615       -1.16571528928452       -0.26189546524971
H            2.33361191472830       -2.75225398944058       -0.22489449050252
H            2.40629661987440       -3.75778763992473        1.96427194760811
H            1.26379319428840       -2.56160909691103        2.60716407632283
H            0.60553972568582       -4.90789521554591        0.77111459934869
H           -0.16653335922640       -4.51177106754075        2.31651885550540
H           -1.35961777537072       -3.63855135159471        0.06293740647160
H           -1.15429703007088       -2.49358584350952        1.39598450047209
H           -2.10027977752206        0.12874950508108       -1.04602807179975
H           -1.65397193258280       -2.68365113922860       -1.82839045791661
H           -0.51931139349508       -1.55991682878006       -3.81768635088457
H           -1.05536134869743       -0.00314500061442       -3.16646942699231
H           -2.25096253434093       -1.19724315227683       -3.69366692005924
H           -4.63481671133550        1.32103490795477       -0.28694433043033
H           -3.58001337061441       -0.56858890196815        1.64667001052011
H           -6.00277103670168       -0.26420214126773        1.39508007528529
H           -5.53519859991242       -1.89420186435619        0.87254906692193
H           -5.90228202370443       -0.65901424786497       -0.32997065033157
H            0.17717055298296        2.43048694955989        1.27426166073018
H           -1.58358069321763        0.37550861244585        1.33844803259694
H           -2.56791027679627        1.45774537897737        3.35820981459259
H           -1.91224258242105        3.01738833030686        2.84491628370947
H           -0.81476615026272        1.70382424613943        3.31593062093226
H            1.94897323999452        0.87056302346491       -1.17433611761170
H            1.03421367017657        3.62871943963167       -0.66846077246528
H            0.02332101680416        3.36899424939022       -2.98068283368072
H            0.75785921356369        1.76851300066586       -3.08821711696698
H            1.78912851581524        3.20830370355309       -3.00053504968489
H            3.86596947088676        1.01217373414153        1.85894765849831
H            5.52220526425341        1.87730225470435        0.33571680679448
H            4.53088223857770        1.47867610651032       -1.07723826143288
H            6.02944398805189       -0.47146783346840        0.72439738609878
H            6.11619806900813       -0.36925261631029       -1.04076185119099
H            3.90266542676239       -1.28362783296277       -1.29905548556323
H            4.44213132454712       -2.15057344632783        0.16383820367792
68
 energy: -106.573595526418 gnorm: 0.001516818026 xtb: 6.7.1-6.fc44.fc44
O            1.21161851243651       -0.17762134012307        1.44899938307811
O            1.00189824677875       -0.90611259542291       -1.64905114144944
O           -3.44974642118224       -2.62079474574670       -0.22003843134325
O           -3.19653410458651        3.08171302650753        0.41098332493790
O           -1.32907553052724        1.64810009946146       -1.37761677076772
O            2.26338715296240        2.84078129540568        1.25573753124106
N            0.30050719343324       -2.33729561194460       -0.09540380250770
N           -2.21878306431101       -0.88600961177907       -0.98173452341363
N           -3.86522695082519        0.95579213612690        0.25886632219124
N           -0.58406642028139        2.08625250518039        0.70328692731627
N            1.92598672256480        1.77160559016004       -0.70631615515853
N            3.22607588422598       -0.46140947241533        0.50561555591610
C            2.00195584052595       -0.88868014433862        0.85043299760775
C            1.63300357568203       -2.33072994402360        0.50085726241784
C            1.49655815337786       -3.20031685563046        1.75365478194957
C            0.30191589109189       -4.09465259571341        1.42981664937138
C           -0.62051671842804       -3.13680633023118        0.68450984214365
C            0.09236608715722       -1.58558484303730       -1.18416833023611
C           -1.30582864366659       -1.64440573028625       -1.81249195302822
C           -1.28071379126889       -1.06413266142474       -3.22131000330739
C           -3.19972905565407       -1.42785458056759       -0.25877605706268
C           -3.98273776059837       -0.43461516563319        0.63391742903610
C           -5.45680467346039       -0.83430738099660        0.64760161919374
C           -2.98418763466658        1.91076622297010        0.64020571186688
C           -1.71048079506846        1.46560719999201        1.37731980186470
C           -1.75504965214725        1.94299602576034        2.82290950208931
C           -0.47251786959032        2.09111121180300       -0.62382355557851
C            0.85643913039693        2.65501031063017       -1.13794530108287
C            0.86073295824040        2.76035062017549       -2.65452346109272
C            2.50545213953808        1.91962413346328        0.49796199669811
C            3.61719718794141        0.91263462280520        0.79376789444688
C            4.84638558763966        1.13948791033207       -0.08894169368431
C            5.46077239527163       -0.25418790329281       -0.18077680274698
C            4.23691775122512       -1.16529156741582       -0.26355246321556
H            2.33398544153737       -2.75353935291083       -0.22420003352209
H            2.40648436757654       -3.75852274378879        1.96505891928264
H            1.26370335761400       -2.56257598510956        2.60800858414244
H            0.60663376855140       -4.90980085620933        0.77244190802298
H           -0.16584708184369       -4.51319974857690        2.31741596083102
H           -1.35848322705469       -3.64059439535961        0.06211306436270
H           -1.15467143312760       -2.49573298822301        1.39551477970895
H           -2.09921503279506        0.12943730278552       -1.04595345235361
H           -1.65425421853719       -2.68337373776334       -1.82794938696602
H           -0.51765637244289       -1.55849986332115       -3.81690457448749
H           -1.05530359950776       -0.00257148206669       -3.16701039975425
H           -2.24966537782996       -1.19640100172443       -3.69479611131705
H           -4.63583225147619        1.32092293475593       -0.28605076323883
H           -3.57897954206634       -0.56875566586499        1.64660051591331
H           -6.00271653542557       -0.26427407463013        1.39502617387626
H           -5.53518396019336       -1.89452083729454        0.87209131078213
H           -5.89983042209585       -0.65866558130363       -0.32975276629694
H            0.17816611928161        2.42925696881084        1.27397160480594
H           -1.58425372498133        0.37682371450132        1.33840151996816
H           -2.56881931262270        1.45895834801577        3.35780620329645
H           -1.91268408444624        3.01878807889287        2.84478682140163
H           -0.81553094282752        1.70495346805217        3.31589494366838
H            1.94904886435895        0.87070460431587       -1.17326173674886
H            1.03336978806745        3.62937014571310       -0.66880200977952
H            0.02219027708982        3.36826512433125       -2.98095719861326
H            0.75785036167144        1.76826147801791       -3.08758331052141
H            1.78822540686651        3.20853822702912       -3.00115825858800
H            3.86478544015243        1.01093432792813        1.85878955450395
H            5.52248247861883        1.87651605499490        0.33730931673029
H            4.53172340344798        1.47955749754856       -1.07649443763913
H            6.02862589939033       -0.47300334289406        0.72405039121716
H            6.11590870147896       -0.36934055917260       -1.04116207299313
H            3.90126742976390       -1.28161247385514       -1.30127132366803
H            4.44040111463896       -2.15094588026758        0.16095500219397
68
 energy: -106.573599765721 gnorm: 0.001300931093 xtb: 6.7.1-6.fc44.fc44
O            1.21271587942930       -0.17918672488974        1.45130975428920
O            1.00283874984477       -0.90636056660501       -1.64836108548398
O           -3.44828324861847       -2.62027012103745       -0.22122476183374
O           -3.19893742619737        3.08253379343398        0.40966560862401
O           -1.33000411756347        1.64964978920511       -1.37779508339501
O            2.26517012150353        2.84228316122156        1.25408241142013
N            0.30122252015960       -2.33858051240205       -0.09507989421081
N           -2.21705909084561       -0.88514143586750       -0.98089407233218
N           -3.86524194864536        0.95610672720417        0.25970242653585
N           -0.58456367056484        2.08744991280726        0.70293912612763
N            1.92606059777845        1.77216042005079       -0.70704254334478
N            3.22537854646236       -0.46163789234309        0.50391390189001
C            2.00244532364016       -0.88983792084541        0.85115138765939
C            1.63343562152012       -2.33195131816027        0.50173464899797
C            1.49645506385112       -3.20133361241914        1.75466820780902
C            0.30196419805087       -4.09570551201808        1.43018025521127
C           -0.62043054936503       -3.13840171286015        0.68406604565638
C            0.09332944436422       -1.58635125460995       -1.18381315201054
C           -1.30492687736224       -1.64378493074306       -1.81215103353590
C           -1.27981594448082       -1.06279471601364       -3.22075502916643
C           -3.19867326502135       -1.42740176383026       -0.25913035473043
C           -3.98173704814606       -0.43468822364029        0.63419880158574
C           -5.45543050964898       -0.83475413878486        0.64827551221026
C           -2.98498394487354        1.91211829978569        0.63968054857756
C           -1.71125537328394        1.46743209027625        1.37689717009334
C           -1.75652221638498        1.94497155702464        2.82266325318480
C           -0.47318581974382        2.09181521206524       -0.62412469586388
C            0.85599165978323        2.65514425918079       -1.13850782935175
C            0.85970239428693        2.76015066796018       -2.65508848505064
C            2.50607402432538        1.92014869585338        0.49715883480499
C            3.61654194344978        0.91208823796690        0.79342609108310
C            4.84687522061369        1.13919492478014       -0.08796735980527
C            5.46040600484683       -0.25473553713724       -0.18092060135374
C            4.23589130357823       -1.16476600511928       -0.26557881343663
H            2.33438755385320       -2.75636409221400       -0.22251438134945
H            2.40629049316471       -3.75954581727631        1.96646068102386
H            1.26311488511568       -2.56365016421844        2.60884953967712
H            0.60711069150186       -4.91183720618089        0.77372270446106
H           -0.16565584434003       -4.51395353794483        2.31829236050142
H           -1.35702010381406       -3.64284953393684        0.06051498174386
H           -1.15616647608647       -2.49889152900518        1.39523337634828
H           -2.09786980501031        0.13036362106799       -1.04557696896084
H           -1.65425030107987       -2.68250148166993       -1.82828021561577
H           -0.51636703099243       -1.55614872917397       -3.81634381471172
H           -1.05519168307709       -0.00074290482690       -3.16533745851055
H           -2.24874655953523       -1.19532979308925       -3.69537404596043
H           -4.63612935296000        1.32059237029530       -0.28497967075829
H           -3.57630189689512       -0.56923510177590        1.64624904227612
H           -6.00108424873916       -0.26536866738879        1.39636154050676
H           -5.53417699687329       -1.89512000036156        0.87189462609707
H           -5.89971921343654       -0.65798903320778       -0.32926906625437
H            0.17918090975221        2.42770298742568        1.27336267142484
H           -1.58534859192400        0.37861283380293        1.33854477132874
H           -2.57028976247187        1.46029827410714        3.35714552494376
H           -1.91383884401701        3.02066809601874        2.84485429361785
H           -0.81700524384422        1.70619137930354        3.31565777997885
H            1.94857726080800        0.87084980543742       -1.17319552190841
H            1.03249310244293        3.62998512320918       -0.66979799038071
H            0.02057076242378        3.36744653445351       -2.98131848692208
H            0.75719001648043        1.76770609072469       -3.08818203306560
H            1.78658077414218        3.20940798007433       -3.00192372941273
H            3.86259198361878        1.00976689817942        1.85879779139914
H            5.52275896744654        1.87536150081062        0.33990877112342
H            4.53306335910823        1.48055337790430       -1.07525457551858
H            6.02722298395826       -0.47506948404985        0.72415421880394
H            6.11616401538676       -0.36931737568828       -1.04107177305469
H            3.90085751245226       -1.27951028626422       -1.30338948742175
H            4.43865554175804       -2.15126444792405        0.15742817960669
68
 energy: -106.573602780149 gnorm: 0.001093344953 xtb: 6.7.1-6.fc44.fc44
O            1.21385145954113       -0.18051232077026        1.45328368879620
O            1.00346412310845       -0.90570374562977       -1.64695658572631
O           -3.44760746886416       -2.61993368405789       -0.22160329158350
O           -3.20000586819987        3.08263969976066        0.40906652020304
O           -1.33100240087156        1.65077963039613       -1.37759484147127
O            2.26594491957804        2.84260322597464        1.25274020868975
N            0.30180621936668       -2.33932865279808       -0.09501939282299
N           -2.21604705714976       -0.88443560807983       -0.98002976596785
N           -3.86566647950352        0.95622190701329        0.25970232219767
N           -0.58477676877472        2.08837578773243        0.70302808881779
N            1.92550416915750        1.77152303326420       -0.70760587376772
N            3.22475041353845       -0.46174011885004        0.50231145697870
C            2.00286125951918       -0.89067758664397        0.85163776484587
C            1.63370465534042       -2.33276615274987        0.50229177726302
C            1.49610297307756       -3.20205213822721        1.75534030281386
C            0.30197570642534       -4.09675553386022        1.43067640515697
C           -0.61985612691025       -3.13999369478024        0.68314971225728
C            0.09389111536643       -1.58633134135547       -1.18295502088980
C           -1.30424074516478       -1.64290049770636       -1.81163844967003
C           -1.27866017244057       -1.06117965294057       -3.21986271873295
C           -3.19803305921030       -1.42702028715103       -0.25906557656050
C           -3.98134935481192       -0.43463959230488        0.63434316988223
C           -5.45484027457311       -0.83538059046655        0.64867039520277
C           -2.98529933028874        1.91252003602018        0.63940608965859
C           -1.71156948612281        1.46854573548336        1.37706852506427
C           -1.75732745882395        1.94660527919414        2.82278267688508
C           -0.47351557115864        2.09242066042972       -0.62413557221869
C            0.85570828756464        2.65504594183300       -1.13902630189884
C            0.85911346242825        2.75970446859613       -2.65573346965334
C            2.50612078993862        1.92006280350232        0.49613934537175
C            3.61607865309596        0.91172102498840        0.79304325145649
C            4.84722993194146        1.13903616117065       -0.08712133283298
C            5.46008255101910       -0.25510003266492       -0.18109207388156
C            4.23507723942312       -1.16438301343268       -0.26759960777498
H            2.33506943146708       -2.75717415137315       -0.22175913930486
H            2.40592292324120       -3.75999850418489        1.96776646966995
H            1.26206943671777       -2.56427130739175        2.60918036968385
H            0.60741126353216       -4.91355732214896        0.77505142828640
H           -0.16625117684144       -4.51408877582402        2.31885683985548
H           -1.35554867135129       -3.64500966090728        0.05883853355223
H           -1.15661632565144       -2.49997685711635        1.39292690169146
H           -2.09737681648662        0.13096528371352       -1.04486106324816
H           -1.65401216732113       -2.68145891910872       -1.82864502164534
H           -0.51497979799935       -1.55394639074006       -3.81550017930863
H           -1.05483800019417        0.00079227563148       -3.16370934855793
H           -2.24736543457664       -1.19416599645106       -3.69487106056542
H           -4.63695398886889        1.32014771103767       -0.28501673949773
H           -3.57546659061540       -0.56900683344082        1.64602184843341
H           -6.00109118552340       -0.26632683427453        1.39671877013898
H           -5.53294922605879       -1.89571422430580        0.87229088567719
H           -5.89903521470194       -0.65899859038812       -0.32873102914854
H            0.18000238226552        2.42651814903666        1.27325751316103
H           -1.58563065313098        0.37973806592679        1.33933668124024
H           -2.57141441453014        1.46205665236815        3.35699824545958
H           -1.91452791413867        3.02231044372871        2.84475794980093
H           -0.81818057642170        1.70749982423810        3.31620746187253
H            1.94713875108639        0.87027508248432       -1.17384994910352
H            1.03287153791692        3.62992724768438       -0.67082147776053
H            0.01941728160832        3.36627918781782       -2.98199460784847
H            0.75773135978003        1.76727395027313       -3.08875191330052
H            1.78555472166027        3.20944129957630       -3.00312321299575
H            3.86093381484366        1.00883537029914        1.85869755909677
H            5.52311971027196        1.87437093135344        0.34210010026525
H            4.53437165139343        1.48152742800173       -1.07432044364189
H            6.02588733692037       -0.47668491375883        0.72432479520326
H            6.11656621029693       -0.36911584900394       -1.04071732621657
H            3.90047615206869       -1.27759325785450       -1.30553302453252
H            4.43732030783945       -2.15146012968057        0.15413418341156
68
 energy: -106.573605377820 gnorm: 0.000767098339 xtb: 6.7.1-6.fc44.fc44
O            1.21575301340605       -0.18277722367869        1.45605059711012
O            1.00470768329067       -0.90583938083761       -1.64560767062615
O           -3.44702792217212       -2.61974803822121       -0.22222972603332
O           -3.20166364046310        3.08292039604559        0.40835905706611
O           -1.33202217298668        1.65217058710057       -1.37728376232292
O            2.26607538667942        2.84228739440918        1.25115692045200
N            0.30287480579331       -2.34052092223290       -0.09527259632689
N           -2.21468580633276       -0.88380531592075       -0.97882885031864
N           -3.86571319455854        0.95600695174995        0.25984447657910
N           -0.58541482925860        2.08989182781920        0.70306682592055
N            1.92444301181001        1.77022158151737       -0.70845258930955
N            3.22423947993311       -0.46207663279862        0.50013599841579
C            2.00394408418718       -0.89214248631156        0.85245092640866
C            1.63434132792397       -2.33413883045734        0.50291269655199
C            1.49529660501311       -3.20268521530088        1.75628679910530
C            0.30146545080632       -4.09750493656130        1.43121909870151
C           -0.61957163378193       -3.14152143268887        0.68171745227904
C            0.09506723539221       -1.58625888426556       -1.18203274120077
C           -1.30302722651100       -1.64175057567795       -1.81100365643461
C           -1.27693323922439       -1.05848326210783       -3.21855122619643
C           -3.19723897908980       -1.42682149385724       -0.25892561732410
C           -3.98090155552485       -0.43482497619593        0.63446803268991
C           -5.45401538026589       -0.83670192213255        0.64941634007128
C           -2.98601505097091        1.91319480161674        0.63924048752315
C           -1.71221252325820        1.47011643299807        1.37720940424530
C           -1.75840927641117        1.94904692971794        2.82269963841126
C           -0.47409488779819        2.09357251765163       -0.62426614366579
C            0.85530350915592        2.65482870784574       -1.13988308000990
C            0.85828001551995        2.75891010663139       -2.65674354226129
C            2.50574785895497        1.91955044937356        0.49457461429846
C            3.61547179559753        0.91111845784442        0.79227985332959
C            4.84790030206351        1.13886834317864       -0.08577072680897
C            5.45991124721911       -0.25554054320382       -0.18120906407016
C            4.23438453191450       -1.16388918582260       -0.27067765482545
H            2.33616880213144       -2.75865893369056       -0.22046867923263
H            2.40493581624128       -3.76044934707848        1.96990828840404
H            1.26035104520901       -2.56441182877388        2.60942371769629
H            0.60714240568060       -4.91520715784864        0.77684396138717
H           -0.16819700342343       -4.51345652582260        2.31919919793848
H           -1.35359152540140       -3.64759561488239        0.05613622500017
H           -1.15846485766568       -2.50194845727742        1.39028775599332
H           -2.09666189815920        0.13176639944159       -1.04356025755347
H           -1.65324781694206       -2.68019287227932       -1.82876931738474
H           -0.51314550291816       -1.55043736535803       -3.81455074044035
H           -1.05372711038898        0.00353123588084       -3.16173227652253
H           -2.24530969539353       -1.19198740969611       -3.69344886776330
H           -4.63684772569293        1.31959465838876       -0.28521235980485
H           -3.57482269766420       -0.56925310100082        1.64609306152338
H           -5.99994450163458       -0.26773154433903        1.39757201978602
H           -5.53082577053946       -1.89694032757676        0.87363639412618
H           -5.89859004806599       -0.66133634046980       -0.32786500142158
H            0.18067106668360        2.42567089976373        1.27304672482742
H           -1.58584023356549        0.38129928129424        1.34053413972453
H           -2.57301483193595        1.46502138453979        3.35668968653866
H           -1.91543779134967        3.02481000414483        2.84419207781990
H           -0.81979143828617        1.70968259731093        3.31675331709495
H            1.94480533119815        0.86911863404607       -1.17498130886954
H            1.03390515456077        3.62954683823128       -0.67221856306491
H            0.01763954181482        3.36427827710239       -2.98285636289556
H            0.75804839219302        1.76637723225718       -3.08921682867998
H            1.78409226778133        3.20985190384867       -3.00424741527551
H            3.85857874568640        1.00726094293517        1.85840002127495
H            5.52384587563852        1.87298401937525        0.34547933608124
H            4.53669567286484        1.48321328065484       -1.07290945132860
H            6.02418653592315       -0.47900079811402        0.72475561423440
H            6.11766256629902       -0.36864061130033       -1.03988646140175
H            3.89966741744900       -1.27412331137783       -1.30935411689888
H            4.43590021067909       -2.15192873344895        0.14887872357467
