68
 energy: -105.438438993215 gnorm: 2.033690684259 xtb: 6.7.1-6.fc44.fc44
O            1.01401298907178       -0.54289781478877        1.51524314030377
O            0.79054869912671       -0.98172622487415       -1.52832607590266
O           -3.27909238577954       -2.50047643354988        0.20914064149167
O           -3.42056320866983        3.30379241595409        0.16240269174862
O           -1.03919439034142        1.60250702134061       -1.46127071803229
O            2.30556850831331        2.86150587034201        1.11628754612448
N            0.45087666361510       -2.67346315595376       -0.21246449806849
N           -2.14145799068564       -0.99004735758347       -0.74999456015065
N           -3.75813978968436        1.01794035070208        0.04839183349325
N           -0.53621579844752        2.54916500272397        0.58219147974423
N            1.92469826773459        1.70431914698730       -0.67222234869425
N            2.86642561515795       -0.54043915285867        0.58558877756291
C            1.68900216948075       -1.03149474851635        1.05041279593824
C            1.59288551343129       -2.43101903317689        0.45678108502471
C            1.44694027875896       -3.43528505865898        1.57558217202392
C            0.61721757116980       -4.49001101688873        0.81814233118448
C           -0.31443901921527       -3.78689454806469        0.18500677715450
C            0.01787437189496       -1.86637496472694       -1.24920382812289
C           -1.37244228100736       -1.72880585271697       -1.81557342576263
C           -1.22075214305375       -1.20142365143477       -3.34211808361736
C           -2.93468824142402       -1.51449295627898       -0.01079483715599
C           -3.89447899780698       -0.31566575064939        0.74650794638078
C           -5.29911470397047       -0.83553084579814        0.90072738438566
C           -2.99449367745439        2.19647132906657        0.57416020263509
C           -1.81312502492949        1.99402428771521        1.39764222218208
C           -1.66884113015863        2.64552731779212        2.56979789965136
C           -0.66487831816162        2.44188789697669       -0.67343546486471
C            0.99043293654745        2.61551598196544       -0.93505978940901
C            1.13863508392059        2.74633235691245       -2.81077113058491
C            2.37636348837506        2.00663686114712        0.54127689082751
C            3.30390921975405        0.81028957107454        1.19371972418170
C            4.71909961227926        1.15877196347945        0.65301755320644
C            4.87425069704070        0.45397291534557       -0.71177635094818
C            3.98876428278193       -0.86875532868021       -0.49272781574207
H            2.23995526020267       -2.83248615940906       -0.20952281675739
H            2.31176280381732       -3.63413541851084        2.21831439253592
H            0.83624697022830       -2.75747768776916        2.45109664750284
H            1.20514364885317       -5.23612774394162        0.62703214003299
H            0.06450680428118       -5.16409492865569        1.74795071836825
H           -0.63209462667369       -4.31054730786159       -0.70430780794537
H           -1.26320513067429       -3.52522894593372        0.60499483913043
H           -1.97085160502784        0.10845288287991       -1.05567702155793
H           -1.65754642135476       -2.73678640929905       -1.87838908537885
H           -0.95973752702630       -0.00583294623901       -3.16220252685612
H           -2.40440287754548       -1.30169039330158       -3.55944823468760
H           -0.58730675187988       -1.89323714437919       -3.80981049013774
H           -4.35433046600446        1.27919493042821       -0.33962514457084
H           -3.27022980126025       -0.35714660254188        1.82403017304756
H           -5.80452880264471        0.02063094293281        1.58403683604068
H           -5.14601393795072       -1.80333888967225        1.39996588857217
H           -5.76169356142499       -0.80484522891348        0.02845189210330
H            0.15824480212921        2.72223134897994        1.07947657578882
H           -1.61495798759999        0.76591457036622        1.28083157950919
H           -2.70862847183741        1.89577710600249        3.12644751338388
H           -1.91410682110067        3.62936700346649        2.53396939616561
H           -0.76263083683428        2.63424454592713        3.29936741088539
H            1.86575829757959        0.83535124774323       -1.12339461186468
H            1.15528794105522        3.87536814456015       -0.84861415308387
H            1.96814131134708        2.91278867381698       -3.03764749839909
H            0.30332089135691        3.18810200095641       -3.05929712277495
H            0.86238410443595        1.49278982574573       -3.11398154077231
H            3.20073177203640        0.83480628137061        2.12360266243947
H            5.37228993211844        0.69696924695028        1.27024763894179
H            5.12056135893550        2.14886524660630        0.67191171064577
H            6.10517018868093        0.01887198724261       -1.06290611083254
H            4.36716225753430        0.79303588837194       -1.51467735271529
H            3.54484061008988       -1.33067781271525       -1.36646286801214
H            4.80986920346510       -1.64248201411121       -0.06211026780611
68
 energy: -106.113984075091 gnorm: 0.653823632247 xtb: 6.7.1-6.fc44.fc44
O            0.92618807184829       -0.48069248175204        1.58258232079379
O            0.80547122960334       -0.97004219358507       -1.53480690038452
O           -3.29561711335931       -2.55950721689884        0.22562815970230
O           -3.41590754956026        3.29139459763811        0.16618363914363
O           -1.06314816511842        1.60126579310642       -1.46724631674382
O            2.29966365297830        2.92502047219210        1.16037842377622
N            0.42257862984010       -2.66253420967530       -0.22821032258058
N           -2.11634027328705       -0.96013159324572       -0.78473608441391
N           -3.68824254361849        0.99826158107226        0.10360636464915
N           -0.57435289179293        2.54476363717299        0.57521368843124
N            1.92017670528794        1.70355943005622       -0.67506438804624
N            2.90978829957184       -0.53248380509796        0.57098375073124
C            1.75553057648423       -1.07065388046039        0.99368828159800
C            1.60063016888572       -2.44619252329694        0.45782284287721
C            1.44003951512019       -3.42408938655634        1.59597423336068
C            0.61616971935015       -4.50250406726581        0.87205114418878
C           -0.33407252332639       -3.78233758047127        0.16933481276658
C            0.02302622859472       -1.85332194292190       -1.24266993550796
C           -1.36088523219949       -1.73534659718823       -1.81619380658347
C           -1.24282683914207       -1.18900771830858       -3.31597869892066
C           -2.94840031793242       -1.48016913095790       -0.01161973001993
C           -3.86904301482692       -0.31381658727673        0.75786904813879
C           -5.28765843657518       -0.81978240874953        0.92103274428368
C           -3.00386504166326        2.19417090531777        0.56657060155137
C           -1.79582527453884        1.97187281647052        1.37497879506518
C           -1.68588502206342        2.62959461058788        2.60615611059959
C           -0.62533677180756        2.41941113390275       -0.68997741628487
C            0.98508874695394        2.65210966661269       -0.98980499871600
C            1.10296567078031        2.70711923324674       -2.78252116294527
C            2.38975781090383        1.95802810995141        0.52767713032284
C            3.30592676919620        0.80835415803746        1.15357738529834
C            4.72136965201669        1.15178881364777        0.64337899537763
C            4.87892839745232        0.43027900976606       -0.70661438190377
C            3.99860481975350       -0.87633404457609       -0.47842806384581
H            2.26548688919030       -2.83653925723748       -0.21979961421883
H            2.31411570285271       -3.63934470712730        2.21164427063936
H            0.83721553939363       -2.77037795511520        2.43925164506225
H            1.22592216720669       -5.25631794119405        0.61417306858498
H            0.06709413766781       -5.15794767220894        1.74296167149270
H           -0.63588790269490       -4.31522622477182       -0.71449995548915
H           -1.26991171302568       -3.52246709347726        0.61238205230086
H           -1.97164911480962        0.10173580498772       -1.05130382259535
H           -1.66908772892258       -2.74615756919610       -1.87839247648578
H           -0.96187258169233       -0.02675154143837       -3.17052586216662
H           -2.38774436873546       -1.29761310916959       -3.56580495535886
H           -0.58962935971304       -1.88613090279717       -3.81137245105145
H           -4.42970024789319        1.30910603687882       -0.39051802791408
H           -3.28122648929185       -0.35202554085405        1.81190501065649
H           -5.80248276673718        0.00632191330371        1.58000144461220
H           -5.15237201819894       -1.79861431975191        1.39965895390236
H           -5.77033216252948       -0.80695833548519        0.01369522754690
H            0.18072717044855        2.73142336147389        1.10551129048484
H           -1.61503732616680        0.78055709941432        1.28694230431873
H           -2.69219967982627        1.91425250325200        3.12987565740565
H           -1.92244362635847        3.64169223140931        2.53589668896974
H           -0.77039992692762        2.62696824275098        3.29095865927660
H            1.86392945953358        0.82756444869122       -1.12749781628387
H            1.16026139077748        3.85679905229429       -0.84280364173497
H            2.01787689874269        2.91922705335422       -3.04546895452476
H            0.27802563044126        3.19978143063810       -3.06497848475065
H            0.86776833613547        1.51208613005152       -3.10989849962955
H            3.19833881652188        0.83451630674200        2.15288316161315
H            5.38491313725380        0.68434114494794        1.28328157591472
H            5.11224230302853        2.15550389521003        0.66819811085440
H            6.07983706045974        0.03060672225026       -1.05417178111822
H            4.36690027331060        0.80649467841022       -1.52607525373563
H            3.54552691072116       -1.32640759073751       -1.36370900284547
H            4.79599893499927       -1.63766226057479       -0.06328093036156
68
 energy: -106.401097133357 gnorm: 0.345570012255 xtb: 6.7.1-6.fc44.fc44
O            0.93903071680384       -0.47489189450183        1.58201872897732
O            0.83708365608302       -0.94828329548298       -1.54731820655314
O           -3.29372044672433       -2.58372197561626        0.23257387325048
O           -3.41053418575956        3.26952500860918        0.17254324251133
O           -1.10908366411190        1.59992741079964       -1.47620861012189
O            2.29510342725045        2.94604609978369        1.17903230758514
N            0.38874372647138       -2.64599553559869       -0.24282229293922
N           -2.10290790156795       -0.94049863504312       -0.82753012831161
N           -3.67791488140853        1.00757937732375        0.13047834753817
N           -0.60639564095293        2.54325160906285        0.57714895273102
N            1.90534132075756        1.71955146287117       -0.67045873237811
N            2.95002034445372       -0.50885963166343        0.56675962294469
C            1.78115971075619       -1.06384293007878        0.95789079660857
C            1.59961317857792       -2.45666515085172        0.46449523134852
C            1.42271034025225       -3.40816157817962        1.62978399802395
C            0.60663079474203       -4.52259648963690        0.95033355708495
C           -0.35392103109367       -3.78669003832893        0.15601531754944
C            0.03696128233145       -1.82107619504932       -1.23233091279037
C           -1.34468251260860       -1.74772011379809       -1.81233098611835
C           -1.27436663743176       -1.17776102105040       -3.26970593037881
C           -2.97608049827819       -1.45495285063620       -0.01935691152543
C           -3.82826736025010       -0.30684221869319        0.76564727321471
C           -5.26715637054226       -0.79154299727890        0.93907516841819
C           -3.01683916014835        2.18088145149366        0.55307953371765
C           -1.76465493658782        1.94739151702700        1.34548048276303
C           -1.72818904702021        2.59775018068831        2.65087102367964
C           -0.54567273255243        2.37317136941240       -0.71162822950773
C            0.98541685729089        2.70444657790503       -1.09955581273474
C            1.08068627417085        2.65647679249312       -2.74653129714372
C            2.39536368657141        1.93926563416344        0.53839109656030
C            3.30732787967152        0.81852754817851        1.11626910213440
C            4.73465549656407        1.13177259383161        0.63224491013670
C            4.87946818094057        0.39102629408538       -0.70650609069099
C            4.00874046312823       -0.89160779065728       -0.45143178368388
H            2.30659627730610       -2.83504608262823       -0.22759676982776
H            2.32050959133381       -3.65067394554208        2.19713994920663
H            0.83593793835007       -2.79605681336894        2.41558578632903
H            1.25234414642832       -5.27292525880175        0.59263255660991
H            0.07056823328185       -5.14449112789614        1.73960914115734
H           -0.64095552998229       -4.32873539020811       -0.73229855609483
H           -1.28256762521445       -3.51999604552073        0.62675035919693
H           -1.97458654193682        0.08487056429985       -1.04261998398951
H           -1.69282234906456       -2.76113338152028       -1.87494388481632
H           -0.96963366154960       -0.07084724189900       -3.18680659041455
H           -2.35662292166867       -1.28529048628321       -3.58095624371552
H           -0.60342216297622       -1.85973582148861       -3.81036560091865
H           -4.44389218405532        1.30795437024332       -0.39519362867152
H           -3.30118027601522       -0.34048041168903        1.78877388161998
H           -5.79709162327741       -0.02234687757306        1.57532067158804
H           -5.16650326312570       -1.78307275511565        1.39902938128330
H           -5.77452441300997       -0.81086623773654        0.00297161657448
H            0.18426043769048        2.73586946896788        1.12970041737816
H           -1.60955644557589        0.81032779243429        1.30160001867872
H           -2.64796095942940        1.96325003351850        3.14156854126549
H           -1.94177534243809        3.64539424274673        2.54052150795059
H           -0.79350877648005        2.60437911979416        3.27405188740603
H            1.85949644581706        0.82396409801615       -1.12555681844983
H            1.17284678168269        3.81760754951452       -0.83379674168177
H            2.03837445678139        2.91705936027842       -3.03989060047160
H            0.25679969922406        3.21280361057510       -3.07290841723785
H            0.87842052097677        1.55659177665201       -3.09438532127045
H            3.19868165669765        0.83570979205851        2.16702192404870
H            5.40560265642763        0.66227281943566        1.30525954566886
H            5.09084239003057        2.16129080621277        0.65672408622612
H            6.01630911702697        0.05743901477000       -1.03179260681270
H            4.37592082893973        0.83171610689699       -1.53832084463569
H            3.54787665457517       -1.31606426143499       -1.35372377599921
H            4.76624731242192       -1.63513633787324       -0.05958599995018
68
 energy: -106.529120108501 gnorm: 0.114639947387 xtb: 6.7.1-6.fc44.fc44
O            0.95901221640909       -0.46726248887355        1.58002513989997
O            0.86950300217071       -0.92567656254336       -1.55718708827169
O           -3.28302856963910       -2.58835792689343        0.23166995257541
O           -3.40667264167813        3.25086790238172        0.17802455141892
O           -1.14210998887615        1.61166392624615       -1.46908633203427
O            2.28462820525835        2.96078436410745        1.19104936943708
N            0.36293434314243       -2.63124174476267       -0.25472277111740
N           -2.09986595634962       -0.93338169297093       -0.86417604666668
N           -3.67850980475373        1.01715784887501        0.15828681991917
N           -0.63286758218957        2.53769734267260        0.57755872104490
N            1.88859845375129        1.73423592757826       -0.66167304153628
N            2.99322031482378       -0.49165912261736        0.55812258236879
C            1.80826568032360       -1.05367335430833        0.91796366331462
C            1.60295588856644       -2.47298335525359        0.46612364862480
C            1.40440669585891       -3.39457775559632        1.65976413759958
C            0.59532698219575       -4.54010646370385        1.02397753120277
C           -0.36556630562183       -3.79674502237417        0.14265723915935
C            0.05535797452159       -1.78460445598345       -1.22574695059317
C           -1.33316823364529       -1.75421436401306       -1.80938491847644
C           -1.30006862141343       -1.17473557797775       -3.23202289365464
C           -3.00154187552566       -1.42738092501893       -0.02302466733365
C           -3.79203714431150       -0.30710621971782        0.76900908896910
C           -5.24902299049096       -0.76579404386713        0.94943096044228
C           -3.02294879919910        2.16273981444336        0.53955738468615
C           -1.72723396273992        1.92970491910370        1.31504304850460
C           -1.77574039264637        2.56660193440713        2.68405424468053
C           -0.46464348082951        2.32778062354110       -0.72633425853713
C            0.97120594185491        2.72434030445357       -1.19365378521473
C            1.06095416840857        2.62787683467356       -2.70571825935140
C            2.40576272391812        1.92751925345231        0.54787204176784
C            3.31229287406496        0.82679977084115        1.08605260358197
C            4.75186142336141        1.11011431020126        0.62433532350006
C            4.88146476816227        0.35998183013323       -0.70977788617050
C            4.02104944384699       -0.90141299649210       -0.43225740357681
H            2.34789201230619       -2.83657891127087       -0.22860434845962
H            2.32666804313007       -3.66528746115768        2.17789806891623
H            0.83130679982074       -2.82345844615564        2.39416628984858
H            1.26760816117224       -5.26703411138732        0.56263102690321
H            0.06904173742558       -5.12904766604574        1.74877591380988
H           -0.64329946079135       -4.34961712813504       -0.74696473541616
H           -1.28947288925200       -3.52238546469926        0.64256834474384
H           -1.97955301551850        0.06833388872876       -1.03307778481057
H           -1.71733175291383       -2.76881071019522       -1.86467192235169
H           -0.98163761185396       -0.12181038344218       -3.19568817037490
H           -2.32787287267954       -1.26986227351343       -3.59319021704601
H           -0.61791300666829       -1.82879937343841       -3.81093372528784
H           -4.46449005363022        1.30146776836742       -0.40519496387508
H           -3.31538272161036       -0.32539353744570        1.76368645622509
H           -5.78524138240147       -0.04814288788050        1.57392936062160
H           -5.18463997990329       -1.76450731541063        1.39595633157178
H           -5.77152318957317       -0.81708328722134       -0.00364094074702
H            0.18207440653848        2.74503723579562        1.13842514271524
H           -1.59324811057905        0.83748611878118        1.32054429217530
H           -2.58251233116425        2.02964203074131        3.15502666909365
H           -1.97023294767037        3.63589159544235        2.54435052125550
H           -0.82753260746649        2.56775354750585        3.25590073842719
H            1.85663317537719        0.82446875711890       -1.11523063525886
H            1.18127343770194        3.75904420389344       -0.84565171164374
H            2.04116355443261        2.92576818202843       -3.04121166971093
H            0.25299314935480        3.22746954548072       -3.09457091673158
H            0.88628749181392        1.60487841760335       -3.05678968677329
H            3.20292420185724        0.83548338500495        2.17139512359265
H            5.42440880014897        0.64230310481255        1.32624469801192
H            5.06403885706673        2.16118379105335        0.63822487465349
H            5.92901990728348        0.08257509479131       -1.00160993957120
H            4.38992672731330        0.86098952934584       -1.54221056664457
H            3.54961253253793       -1.30460623458670       -1.34153246089849
H            4.72993758663671       -1.64182120323502       -0.04482567799603
68
 energy: -106.560590661705 gnorm: 0.063810674942 xtb: 6.7.1-6.fc44.fc44
O            0.99639423693998       -0.45606381275802        1.55684365945177
O            0.90377832747503       -0.90153308489010       -1.56082278691350
O           -3.27374110013342       -2.58294652894319        0.21847544576489
O           -3.40167995614765        3.23597779775609        0.17718095959131
O           -1.16157480243482        1.60765438487484       -1.45650176411437
O            2.27234432467725        2.96877427460951        1.20383204111082
N            0.36467285060347       -2.62164438185827       -0.25916937904413
N           -2.11355856641857       -0.93511852745515       -0.89278107694502
N           -3.69979591145908        1.01911766364822        0.16902272405930
N           -0.63204334160301        2.53084437210052        0.56782708251339
N            1.88286694173487        1.74460781223205       -0.64997404542223
N            3.03010659523775       -0.48482952666111        0.54776031810014
C            1.84083913678178       -1.04293619798844        0.88438783949897
C            1.62116008641422       -2.48435260799385        0.46148156943656
C            1.40411957079950       -3.39394019258248        1.66674420829347
C            0.59389358250090       -4.54303272962551        1.05405905702799
C           -0.36658747943714       -3.80196429511356        0.13590061686446
C            0.07861561995291       -1.74995236010958       -1.22083996900828
C           -1.32389911175475       -1.76117331513411       -1.80012015916274
C           -1.32023166704331       -1.18338008203136       -3.20767949236669
C           -3.01919120618787       -1.41344474799975       -0.03733689325114
C           -3.77267916446223       -0.30589325218356        0.76362795123977
C           -5.23082152436777       -0.75142589426830        0.94425765187604
C           -3.01831464324056        2.14279343596860        0.52541122522480
C           -1.71100989363995        1.91796062676697        1.29879716738515
C           -1.78663651405042        2.56451572171152        2.67391374522938
C           -0.42867760958037        2.28857354910438       -0.73404310912772
C            0.96132279526798        2.71982444366838       -1.21854824275039
C            1.04699465144165        2.64170615753174       -2.73555648272629
C            2.41120549120078        1.93366768273197        0.55927543915286
C            3.32816130801558        0.83382279370510        1.07614039955980
C            4.77133596840401        1.09088128108716        0.63009174110208
C            4.85473655646907        0.35199454581710       -0.70597142649747
C            4.02864913594574       -0.91401954030535       -0.42740522173542
H            2.39426765205357       -2.84498179668698       -0.21953969072301
H            2.33742191173099       -3.69019438852973        2.15260457951759
H            0.79753680675798       -2.84776836900034        2.39269188867573
H            1.27295651138225       -5.24972452802134        0.54510697089802
H            0.04595039645798       -5.12953283892306        1.79350123233381
H           -0.64180803787822       -4.37338497444945       -0.75213334196640
H           -1.29023858780174       -3.52817854719211        0.65334194026548
H           -1.98643805444560        0.06962048134631       -1.03151810693105
H           -1.73480610425518       -2.77419650737806       -1.83420844963005
H           -0.98991242573054       -0.15091695868001       -3.20354421909108
H           -2.32311054772622       -1.24430071447634       -3.63253797046049
H           -0.63730073474039       -1.79722082043675       -3.81677297171140
H           -4.49437984113661        1.29055712274576       -0.40615057288399
H           -3.31555429161560       -0.29495229670522        1.75903135253685
H           -5.77597092637180       -0.06516812766328        1.58609339471558
H           -5.20669263932276       -1.74477315833432        1.39495200182359
H           -5.75461040942873       -0.81498914545575       -0.01166043353043
H            0.18399530359625        2.76644309092366        1.12844414444470
H           -1.54913298896862        0.83360804370570        1.35888850829072
H           -2.58647097714729        2.07208961523772        3.24650127970378
H           -2.01073397035692        3.62650193652255        2.54543894609454
H           -0.85508624736546        2.51375074757392        3.23841494067496
H            1.85483707412217        0.82933126219278       -1.09507318998653
H            1.20712180239145        3.72017464542639       -0.84569444081595
H            2.03620529109597        2.95076183196495       -3.06942852090530
H            0.25357253607663        3.25749335186681       -3.15758933009906
H            0.88378351907784        1.60646140492176       -3.02392086184414
H            3.21708378767908        0.83692522329275        2.16977458660822
H            5.44902438496862        0.62261431189877        1.34152902523814
H            5.03772095603691        2.15457739588728        0.60823359803209
H            5.86842844167019        0.10528837977827       -0.97416744283978
H            4.38962198846467        0.90324206051689       -1.53309142450509
H            3.54562188141888       -1.29781960176623       -1.33274092820522
H            4.68104325037986       -1.68592096209732       -0.00312175801167
68
 energy: -106.568227329831 gnorm: 0.044536577355 xtb: 6.7.1-6.fc44.fc44
O            1.00915124979757       -0.45285549175705        1.53845196953126
O            0.92571604313384       -0.88125196573197       -1.55627025386267
O           -3.25495844900016       -2.57332071367569        0.20269817583616
O           -3.37833548485894        3.22045563754755        0.17224681370388
O           -1.17154216118879        1.60268508919938       -1.43728186014857
O            2.26399581915968        2.97386428251044        1.20864921030377
N            0.37006195583319       -2.61775353496591       -0.26786263786494
N           -2.12659652974090       -0.92827558184892       -0.91523187929225
N           -3.72538395638678        1.01795336762556        0.17529259448311
N           -0.63161387804562        2.52340499941538        0.56755785194611
N            1.88295289410359        1.75700046948521       -0.65107790564688
N            3.03622989650228       -0.47921763118412        0.54970851579695
C            1.85215794469500       -1.03960083345974        0.86809220463457
C            1.63213830284656       -2.49492501774207        0.45901968891457
C            1.40112895107554       -3.39915194758286        1.66836154072013
C            0.58652379114588       -4.54352305747182        1.07041655712319
C           -0.36937976812448       -3.80437313041830        0.12789891218430
C            0.09480204529134       -1.72408997666413       -1.22150444276195
C           -1.31987670099837       -1.75467015367000       -1.79908135542422
C           -1.33406288420841       -1.18969427350431       -3.21032057959122
C           -3.02269362828538       -1.39812445656353       -0.04481682732770
C           -3.77039618028206       -0.30439277012965        0.75817123310294
C           -5.22479286248736       -0.74405434337980        0.94202522257584
C           -3.00864740723072        2.11903528420549        0.51524203929376
C           -1.70942017829093        1.89869296119226        1.30585530047674
C           -1.80880842912778        2.55682333221784        2.68032814631930
C           -0.41758105927619        2.25857476803043       -0.72937727350152
C            0.95229267286144        2.71821169535974       -1.23209503187864
C            1.04522730515354        2.63470114417954       -2.74058326440797
C            2.41826063035361        1.94392834086637        0.56030066232188
C            3.33642089783563        0.83823289101044        1.07626695772475
C            4.78040246570757        1.07638400260225        0.63457496281722
C            4.84554493306023        0.33476318381147       -0.69498045668650
C            4.01809711823316       -0.91954362419663       -0.41795266372215
H            2.43597835699353       -2.85651233001219       -0.19741593083275
H            2.33355874951814       -3.71363046650349        2.13732671502030
H            0.79833844383258       -2.85070044157111        2.39054485534276
H            1.25847498211839       -5.23807185090181        0.53887420137661
H            0.04892387354498       -5.10711920356091        1.82838307689899
H           -0.64040383651548       -4.39547572909613       -0.75362813966527
H           -1.29212857456208       -3.52838333768855        0.65142399366876
H           -1.99325617819457        0.07941780756170       -1.03221935198518
H           -1.74158630937653       -2.76791617396912       -1.79785051781719
H           -0.98628699220465       -0.16628711459569       -3.19217163259009
H           -2.32740230556350       -1.23745550507489       -3.63119551093331
H           -0.65610882090930       -1.77856320716905       -3.83274816873104
H           -4.52470554332767        1.28089296711424       -0.40372693998573
H           -3.30003411715471       -0.27626928940330        1.74524283881138
H           -5.76008419268293       -0.06308967250282        1.59497348090844
H           -5.22863056106607       -1.73637245963397        1.38902169018834
H           -5.74096634784558       -0.80529074039654       -0.01645171239302
H            0.17786152685325        2.80555598076417        1.12282289300990
H           -1.49900043843963        0.82341975382367        1.40132396719500
H           -2.58572737165930        2.09947311752474        3.25990326411928
H           -2.05436763884278        3.61139705251509        2.55624007981453
H           -0.86403768697181        2.47296233878254        3.21514953967992
H            1.85238476692494        0.83606898317868       -1.08180445222646
H            1.21140243434252        3.70325012929972       -0.82433042340017
H            2.03435184780356        2.95671409239381       -3.07638661708145
H            0.26274610596131        3.25639341550616       -3.17670292164875
H            0.87630921045858        1.61515826739036       -3.08885283657784
H            3.22536817760328        0.83952523291588        2.17168987856706
H            5.46474331151664        0.61346584303972        1.35095991736620
H            5.01542556897453        2.14347448622889        0.57184718851444
H            5.88571211810238        0.12832455899188       -0.98922044311630
H            4.38775625812265        0.92156775716385       -1.50412983620294
H            3.53445004956353       -1.29434457521907       -1.32144568551535
H            4.64862717279596       -1.70698999679088        0.01176694165845
68
 energy: -106.570211486849 gnorm: 0.032965150154 xtb: 6.7.1-6.fc44.fc44
O            1.01358849171498       -0.45308515543134        1.52451319451949
O            0.93226953680489       -0.86923434762789       -1.54871550718684
O           -3.23708820595306       -2.56803873070424        0.18623991327641
O           -3.34142271525516        3.21066288423982        0.15478615248164
O           -1.20315617492270        1.60352489558189       -1.42684874420914
O            2.25209442796458        2.97248166251743        1.20173760986222
N            0.38173542285072       -2.61840636199485       -0.27665087489104
N           -2.13979680976028       -0.92134810476566       -0.93205972834861
N           -3.74514670579309        1.01690559367725        0.18063292840148
N           -0.62835822226202        2.50931320252737        0.56685401381785
N            1.89252996857397        1.74481929507659       -0.65635225730814
N            3.03499486656012       -0.47244182053581        0.55428118683366
C            1.85701108044057       -1.03893562131807        0.86118239373035
C            1.64289049734249       -2.50004450634891        0.45492376609124
C            1.40653839172581       -3.40125399287364        1.66599448066959
C            0.58160333024066       -4.53971554422168        1.07927286283481
C           -0.36774001034118       -3.80239302441033        0.12446197544715
C            0.10292464959538       -1.71262239431759       -1.22162486958327
C           -1.31929578240649       -1.75082064933572       -1.79711741119773
C           -1.33383318798013       -1.19300147355395       -3.21363004528108
C           -3.02259592253388       -1.38900238595627       -0.05111877410706
C           -3.77448477573668       -0.30367666659122        0.75711361815361
C           -5.22384767370394       -0.74392203409909        0.94435053853580
C           -2.99837002881182        2.10208735042409        0.50746155224137
C           -1.71301915154884        1.88199587968415        1.31567308130306
C           -1.82213366938497        2.55707225918741        2.67947650256815
C           -0.42275279682087        2.23546838406056       -0.72511113074499
C            0.94611963474204        2.68591933621658       -1.24532266485031
C            1.04334123077394        2.66945990523715       -2.75227209016456
C            2.42276662912105        1.94593130829400        0.55637937188576
C            3.34500067297207        0.84341015993024        1.08246783684576
C            4.78832192522566        1.07870501789583        0.64025306659994
C            4.84830883013250        0.33729574641996       -0.68690460388305
C            4.01862303228456       -0.91481161560146       -0.41158589007991
H            2.46901185878088       -2.86575285883265       -0.17616351708880
H            2.33492715272795       -3.72887662424981        2.12729863833421
H            0.81372321630648       -2.84764483219375        2.39338096032288
H            1.23915877009480       -5.23040552806024        0.54172367319122
H            0.04501720735969       -5.09365600237331        1.84209465685294
H           -0.63291084372132       -4.40858050014091       -0.74959382456573
H           -1.29065880236198       -3.52164243504513        0.64246610572582
H           -2.00163986202648        0.08658261153658       -1.04004097459637
H           -1.73664805860808       -2.76517871659771       -1.76426422161437
H           -0.98939618494360       -0.16168525596364       -3.19667379937374
H           -2.33035118101543       -1.22300803162755       -3.63660952161193
H           -0.66332834714576       -1.76753024354343       -3.84616635049418
H           -4.54496221362801        1.27308404599311       -0.39874726829907
H           -3.28737548668782       -0.27196006642902        1.73885211724592
H           -5.74928602305197       -0.05629494346456        1.60089790455021
H           -5.24320309047981       -1.73833638060144        1.38308142222685
H           -5.73066102609661       -0.79337495092050       -0.01617758084458
H            0.17183940128724        2.83008004895253        1.11527765344577
H           -1.47518861911321        0.81382753803751        1.43527086698304
H           -2.59504223162011        2.09667557435094        3.29706970117520
H           -2.06754241752473        3.60930772446653        2.54674968713913
H           -0.86793129901987        2.45723258141048        3.19475924611527
H            1.86082773248257        0.81489458674113       -1.06383240618397
H            1.19184231063669        3.66992231424790       -0.86995573406671
H            2.03012339630164        2.98652500645872       -3.09162324515468
H            0.26905069155749        3.28854157093456       -3.20165481009404
H            0.87361890340187        1.63675117593887       -3.03494891432605
H            3.23222305401056        0.84439819609761        2.17527932102769
H            5.47671061019328        0.62025836606850        1.35680045840425
H            5.00987895116715        2.14140787971497        0.55065927778812
H            5.85130536093471        0.05936894113896       -0.99191813441820
H            4.38607039152001        0.93417594214873       -1.47836107901213
H            3.53190753398158       -1.28461681728027       -1.31433443896715
H            4.63596975741997       -1.71630573277786        0.01659820505054
68
 energy: -106.571593258934 gnorm: 0.030051225725 xtb: 6.7.1-6.fc44.fc44
O            1.01169469477472       -0.45617900121621        1.52232689440887
O            0.93019395558491       -0.86500701906165       -1.54283417215103
O           -3.22418602633118       -2.56456974619492        0.17341683054845
O           -3.31196468769084        3.20839717690195        0.13553703164986
O           -1.21193619942659        1.62019303592469       -1.42926731791898
O            2.25016311773650        2.97147662355790        1.21014429686769
N            0.39018798055598       -2.62072272794312       -0.28156114914222
N           -2.14629017570319       -0.91392119593304       -0.94289598224234
N           -3.75014551561232        1.01847168900884        0.18504502929014
N           -0.62292230471373        2.49942906722370        0.57020851812496
N            1.90210482338961        1.75570974286712       -0.65741415858346
N            3.03044268085969       -0.47122948734626        0.55697999330019
C            1.85540463925434       -1.04104719758552        0.86354046090348
C            1.64746352892455       -2.50124347070265        0.45259414513107
C            1.41294377330435       -3.40031764159676        1.66500504326522
C            0.57837650565934       -4.53513285354635        1.08297226481878
C           -0.36560259570857       -3.79865232282412        0.12504461555747
C            0.10357738804778       -1.71089791543341       -1.21977893046707
C           -1.31894887768398       -1.74766855344777       -1.79679528113569
C           -1.33013719129316       -1.19191356955555       -3.21469931562671
C           -3.02063063847752       -1.38333104627072       -0.05705773908652
C           -3.77491913323499       -0.30357020515939        0.75937185376050
C           -5.22273340171433       -0.74569388973437        0.94849691494510
C           -2.98955447795321        2.09714379304508        0.50099472199558
C           -1.71177993777417        1.87530373519066        1.31737846325809
C           -1.82583717185008        2.55701373004358        2.67607962088775
C           -0.42228224233867        2.23449621594859       -0.72134392283807
C            0.95063509509488        2.69455351004465       -1.23577338684729
C            1.02781653447854        2.63500130756094       -2.76273908104728
C            2.42532808159356        1.95202697406230        0.56050182785074
C            3.34785548553226        0.84544221479084        1.08299139639939
C            4.79316349669405        1.07963076400084        0.63922100092872
C            4.85149223050405        0.33147944661505       -0.68630541545834
C            4.01458937686952       -0.91896285621375       -0.41236902370754
H            2.48139321408214       -2.86898217464005       -0.16447524691496
H            2.34228186574589       -3.73610466659949        2.12067431685580
H            0.82578264005616       -2.84669376648198        2.40034162388733
H            1.22551909111860       -5.22630511128514        0.54285752256383
H            0.03106614788470       -5.09229054117047        1.84208627210424
H           -0.62570979163202       -4.41046779280798       -0.74490128498588
H           -1.28962302547401       -3.51246686092039        0.63428136920452
H           -2.00423793850067        0.09352949870303       -1.05184739259202
H           -1.72843665377564       -2.76239697205823       -1.75126010605316
H           -0.99859467542090       -0.15575270102913       -3.19528960354058
H           -2.33285550612805       -1.21607813989998       -3.63953667182913
H           -0.66211443377669       -1.76076510528679       -3.85334925591131
H           -4.54771735045196        1.26930102423960       -0.39476133017929
H           -3.28503105619390       -0.27576215907067        1.74144188209713
H           -5.74745719483685       -0.05530824163044        1.60519643815086
H           -5.24670929584703       -1.74223117627825        1.38095117335545
H           -5.72607086523185       -0.78485836578276       -0.01273384907942
H            0.16654546231188        2.84271581675917        1.11678187896914
H           -1.47513110164148        0.81144257747569        1.44366529025337
H           -2.60095888840198        2.08582168069385        3.30383898440000
H           -2.06814016800420        3.60823742230767        2.53767939737415
H           -0.87806859493140        2.45819686721558        3.19517742784817
H            1.86418893260880        0.82434748939889       -1.05899919086088
H            1.18241648353158        3.68636031790438       -0.81227128469640
H            2.01224167442229        2.96545686590025       -3.08933822617088
H            0.26145511070932        3.27411041385787       -3.19086656708477
H            0.86569049864894        1.61657687946494       -3.11220349419193
H            3.23567610561695        0.84651982094345        2.17309033907761
H            5.48123727302577        0.62755705196115        1.35811041708469
H            5.01404034405786        2.13812015378628        0.54001231393493
H            5.84624519650982        0.06116234057700       -0.98331265290409
H            4.38881120035054        0.92861956625383       -1.47086744251759
H            3.52387381001808       -1.28592734721688       -1.31567376163893
H            4.62953007716781       -1.72091035688697        0.01842019548143
68
 energy: -106.572628196888 gnorm: 0.020430658592 xtb: 6.7.1-6.fc44.fc44
O            1.00719040162823       -0.46118338590369        1.52991243255905
O            0.92510749226553       -0.86251121496148       -1.53809844136898
O           -3.21386187021454       -2.56353600426463        0.16996244559856
O           -3.29608334048687        3.20889364919059        0.12164130759049
O           -1.21584312410290        1.62632946443844       -1.43299982040824
O            2.24851925376423        2.96804181689214        1.20935009455950
N            0.39311678400186       -2.62310124424989       -0.28404377112984
N           -2.14796375919704       -0.90698103535314       -0.94720051953542
N           -3.74661260868012        1.02112058541786        0.19064734935448
N           -0.62138766672917        2.48987789408189        0.57213783863500
N            1.90648948007321        1.75048001661595       -0.65895656515520
N            3.02661405018730       -0.47549582216931        0.56086664825066
C            1.85127043811298       -1.04582123899508        0.87154845262609
C            1.64603932343996       -2.50173758612831        0.45282665297476
C            1.41524426835837       -3.40003411889804        1.66608361848877
C            0.57474244526174       -4.53173298743385        1.08243677676297
C           -0.36627414949232       -3.79469793437560        0.12638137656650
C            0.09968352837308       -1.71112907889477       -1.21657075381232
C           -1.31924469012360       -1.74246217636746       -1.79792757838959
C           -1.33098059405921       -1.18728623740433       -3.21623120224462
C           -3.01679014317212       -1.38005912126373       -0.05707475735652
C           -3.77288134379113       -0.30407511077914        0.76324521976718
C           -5.22183392944226       -0.74799749010526        0.95250927676295
C           -2.98453381014736        2.09899700258146        0.49771182047980
C           -1.70881559714239        1.87424632507056        1.31643978228086
C           -1.82494236583205        2.55330773573475        2.67720413000028
C           -0.42640721419110        2.23282454073838       -0.72145013016378
C            0.94887297897766        2.68548121176425       -1.22997442777722
C            1.02816956355202        2.63653889967987       -2.75046797783540
C            2.42534893213451        1.94955249106025        0.56030373951371
C            3.34685546770945        0.84311881940089        1.08223859980059
C            4.79336390134469        1.07541632530371        0.63448314748969
C            4.85271366401608        0.31642314108820       -0.68886526775601
C            4.00639424190184       -0.92921075603517       -0.41371395345798
H            2.47916450436454       -2.86900023936783       -0.15962295715703
H            2.34787965855139       -3.73991671238797        2.11675585014656
H            0.83650008701632       -2.84399465542388        2.40738697139687
H            1.21643782255535       -5.22554237380506        0.53845115759303
H            0.02268957544709       -5.09001273906341        1.84066868358050
H           -0.62319286803481       -4.40647530955110       -0.74210306888056
H           -1.29125725279011       -3.50300242942709        0.62863594512819
H           -2.00681038222016        0.09913875721498       -1.06184578937989
H           -1.72329579213056       -2.75689952456269       -1.75399075200749
H           -1.00254327026703       -0.15332467218542       -3.18264159172293
H           -2.33785343405040       -1.22728987400485       -3.62374171977708
H           -0.66146058025693       -1.75746578607562       -3.85458006285548
H           -4.54146257103165        1.26741683967990       -0.39135345616519
H           -3.28672799772543       -0.28274807590071        1.74664907594264
H           -5.74972114489051       -0.06018097245858        1.61001922103806
H           -5.24353784691445       -1.74583071845865        1.38101687913857
H           -5.72727065927640       -0.78030470441799       -0.00891012024355
H            0.16046440124120        2.84799485641625        1.11664888844245
H           -1.48411499995651        0.81063058183355        1.43896862609902
H           -2.60911233308851        2.08450521124457        3.25892393535962
H           -2.07008432811630        3.60296097354031        2.54018275581844
H           -0.88422017364239        2.46467899130616        3.20720730209529
H            1.86407499257164        0.81578596088757       -1.05317297071289
H            1.17907315630828        3.68108423978015       -0.85093696917187
H            2.01049979318252        2.96694827116230       -3.07935179356161
H            0.26415658758035        3.28198569849608       -3.17222920972524
H            0.86006141161944        1.62027497976668       -3.10444558125410
H            3.23660306571123        0.84738624544291        2.17140670249517
H            5.48134537627998        0.63286072091917        1.35731171910028
H            5.01647298397865        2.13355108234246        0.53280853097734
H            5.88893109810982        0.11794309676945       -0.98343683683644
H            4.39139158278269        0.91329488099649       -1.47344495037362
H            3.51285220004193       -1.29427281932136       -1.31796198996012
H            4.62748872772165       -1.72329452144459        0.01630756089309
68
 energy: -106.573239364695 gnorm: 0.014829733615 xtb: 6.7.1-6.fc44.fc44
O            1.01086570884476       -0.46315812991999        1.53015912752297
O            0.92351070974551       -0.85637071252674       -1.53483888575551
O           -3.20495679192713       -2.56068436577896        0.17291288668862
O           -3.29017442324470        3.20702195690358        0.11063240447189
O           -1.21757943757286        1.63069617857633       -1.43561355549992
O            2.23818562150910        2.96379399342567        1.20986265774111
N            0.39616552388667       -2.62412179656795       -0.28753713331464
N           -2.14847844943688       -0.90162587721229       -0.94712101818273
N           -3.74829689750616        1.02204774626870        0.19536263837443
N           -0.61742703237666        2.48023126810674        0.57219958083594
N            1.90914341724753        1.74864035524893       -0.66371201691773
N            3.03150653705799       -0.47587034482200        0.55945656159673
C            1.85445083465551       -1.04715601202161        0.86993628441543
C            1.64782484956368       -2.50326542138994        0.45087030208226
C            1.41638142059626       -3.40077453693667        1.66569733990914
C            0.57217479516793       -4.52962861189924        1.08241606723030
C           -0.36683219930872       -3.79204005585943        0.12562703111827
C            0.09887383255704       -1.70720065832329       -1.21419774279943
C           -1.31950654221947       -1.73785562056935       -1.79587148168231
C           -1.33259853376143       -1.18503317300461       -3.21478127886952
C           -3.01296164150620       -1.37568051397034       -0.05133932940880
C           -3.77255149276161       -0.30434226817488        0.76596169963008
C           -5.22160255998469       -0.75100535326747        0.95305947198189
C           -2.98250974947631        2.09865228713284        0.49246821898367
C           -1.70767891532506        1.87237364955315        1.31386465033438
C           -1.82776243515093        2.55219130646057        2.67476526732141
C           -0.42505134992114        2.22859566712248       -0.72301568376964
C            0.94765444346370        2.67968365642514       -1.23522781631175
C            1.03264291382681        2.63912777852729       -2.74635315300442
C            2.42058330592282        1.94684336940742        0.55962374025001
C            3.34454863925690        0.84337338681101        1.08300024692195
C            4.78953115555046        1.07978517949172        0.63556437474289
C            4.85342423272552        0.32411315938403       -0.68964520600836
C            4.01365758242161       -0.92397265712529       -0.41330715759163
H            2.48085389615392       -2.87030744543046       -0.15895458325670
H            2.34899200487098       -3.74299167224535        2.11301458590642
H            0.84693599217491       -2.84092701623076        2.40872381725041
H            1.21015406146103       -5.22469956389200        0.53359156034263
H            0.02756277797075       -5.08038833833272        1.84487625185544
H           -0.62332296997457       -4.40559105285983       -0.74141688248824
H           -1.29202705615378       -3.49536842745987        0.62546441327975
H           -2.00732087436815        0.10442237609613       -1.06459692576579
H           -1.72426315445073       -2.75201176773639       -1.75342421522348
H           -1.00305873247121       -0.14944767135543       -3.18894371251611
H           -2.33926502480503       -1.23390257481265       -3.61426786987158
H           -0.66288896437343       -1.75613254894063       -3.85133403980145
H           -4.54143682736854        1.26329807081972       -0.39013491456740
H           -3.28554009544970       -0.28538487973100        1.74800532828683
H           -5.74866508864869       -0.06738972798279        1.61480639350286
H           -5.24054469682941       -1.75000087474828        1.37748207882485
H           -5.72928066473692       -0.77922493509745       -0.00838914755242
H            0.15878269911664        2.85161346790964        1.11500188543446
H           -1.48743319767616        0.80527626675907        1.44102234362312
H           -2.61453640762067        2.08731580544458        3.24724153799393
H           -2.07340386029212        3.60163232338918        2.53633834861559
H           -0.88741897306485        2.46614663960646        3.21024028000377
H            1.86647618046484        0.81255340914641       -1.05485497960455
H            1.18005154629668        3.67793297987795       -0.84118300408278
H            2.01352136021904        2.96677478812766       -3.08215597168514
H            0.26980869301575        3.28573013141417       -3.16870426538970
H            0.85280106161100        1.62480914112104       -3.09237224100526
H            3.23460426230752        0.84633666228967        2.17244253714592
H            5.47882064505706        0.64103284766514        1.35871076912025
H            5.01065808668055        2.13910437727132        0.53371793143820
H            5.86978608962280        0.06478943317178       -0.98380640529784
H            4.39096767438546        0.91970425340588       -1.47468092382503
H            3.51878842353096       -1.28789031572906       -1.31670030376167
H            4.63038545979464       -1.72371635498811        0.01429675916451
68
 energy: -106.573575389557 gnorm: 0.011032063438 xtb: 6.7.1-6.fc44.fc44
O            1.01247647749085       -0.46583814319161        1.53281937600044
O            0.92071573647049       -0.84749732247584       -1.52801177149133
O           -3.19602773605714       -2.55645914372715        0.17400018669757
O           -3.28149194751300        3.20434950831321        0.09607205392244
O           -1.22414900898818        1.63929195534555       -1.43724644011842
O            2.23206051233413        2.95774855600203        1.21515110203166
N            0.40040348778600       -2.62579143456092       -0.29156195113420
N           -2.15194436224690       -0.89538205263402       -0.94850549673093
N           -3.75410206457012        1.02297638385514        0.20209169984815
N           -0.60965938480900        2.46801743263645        0.57389132932614
N            1.91653357192062        1.74739645461799       -0.66472208197704
N            3.03223413232085       -0.47650391630473        0.56054456499524
C            1.85491592820020       -1.04829369566161        0.87061514667952
C            1.64944519410287       -2.50450735006874        0.44978495595803
C            1.41810531405066       -3.40261388399071        1.66463652436030
C            0.56795797020488       -4.52760299508160        1.08406460399317
C           -0.36745274918600       -3.78990565723247        0.12436568262829
C            0.09843565899009       -1.70218815730347       -1.21047310765458
C           -1.31985553806581       -1.73340346398691       -1.79216451393291
C           -1.33171872610425       -1.18442198721165       -3.21220590975801
C           -3.01133801969425       -1.37008710592808       -0.04706364690896
C           -3.77355733729815       -0.30389709368393        0.77086353661558
C           -5.22156743828119       -0.75505232851738        0.95396681075940
C           -2.97993101941084        2.09707439635623        0.48583283934414
C           -1.70766264829234        1.86884387415109        1.31188414347440
C           -1.83266777112927        2.55378414102513        2.66891768757786
C           -0.42041918062165        2.22371794965034       -0.72305386337101
C            0.95129794850702        2.67471102158034       -1.23553255062939
C            1.02912393007358        2.63837562299856       -2.75002576329844
C            2.41984079012868        1.94360230087031        0.56307676614397
C            3.34570467929589        0.84117648888946        1.08588811733878
C            4.78913092095601        1.08022026925215        0.63680023144478
C            4.85687061454555        0.32226833776681       -0.68662889202597
C            4.01375161072673       -0.92270732157813       -0.41243013646847
H            2.48499080701986       -2.87011828860449       -0.15599154365804
H            2.34986863843348       -3.74840174910060        2.10795071009916
H            0.85333704214508       -2.84279494855414        2.41019928963814
H            1.20053832403960       -5.22408823044194        0.53220509914555
H            0.02504258079232       -5.07487030557187        1.84659300789298
H           -0.62266347534294       -4.40674872159179       -0.74097398235001
H           -1.29354666801661       -3.48774038001102        0.61971637107480
H           -2.00939123311756        0.11071537350378       -1.06877461088128
H           -1.72571646665359       -2.74741453239875       -1.74940111599675
H           -1.00836829759560       -0.14514422915901       -3.19868086389383
H           -2.33818993630980       -1.23004995419868       -3.62218992416009
H           -0.66134908007995       -1.75433776792398       -3.84806899389752
H           -4.54484740083710        1.25726749901930       -0.38766765514736
H           -3.28785721987929       -0.28332428666853        1.75420931014259
H           -5.74724609898882       -0.07620511301929        1.62148884990103
H           -5.23790062055307       -1.75704311915710        1.37107999800820
H           -5.73001471070544       -0.77644454497663       -0.00760367849149
H            0.15853339648004        2.85483896068287        1.11514466859264
H           -1.49096185821098        0.79970013520883        1.44482961421043
H           -2.61964729113869        2.08664317557479        3.26610006411867
H           -2.07340203204291        3.60437501741028        2.52401372986541
H           -0.89341649930438        2.46762856735596        3.21008816686470
H            1.87064285603450        0.80954542844476       -1.05112272929597
H            1.18103399439193        3.67233744179307       -0.84616644393961
H            2.00880696216726        2.96476216823871       -3.08864325165739
H            0.26882831225997        3.28699715157991       -3.17483958043431
H            0.84678825197480        1.62409898114606       -3.09368624173241
H            3.23720544086728        0.84310734286633        2.17522367527081
H            5.48013172142413        0.64741707197734        1.36131230201408
H            5.00679819406642        2.14054620072491        0.53064366087267
H            5.87206115510192        0.06457589078754       -0.98353446695559
H            4.39822123123813        0.91868776326876       -1.47321780865977
H            3.51927260629702       -1.28571884469334       -1.31564908840617
H            4.63165922717648       -1.72371815826525        0.00970775733641
68
 energy: -106.573786715524 gnorm: 0.007854458807 xtb: 6.7.1-6.fc44.fc44
O            1.01516945688424       -0.46797769445704        1.53589659509599
O            0.91664651968606       -0.83811216459727       -1.52106652252526
O           -3.18565675850552       -2.55229134593757        0.17593876175428
O           -3.27246669247933        3.20240266934179        0.08515126609160
O           -1.22674529675250        1.64703866605630       -1.43677529609230
O            2.22609039745911        2.95264215205587        1.22023378995164
N            0.40500758263068       -2.62717953941116       -0.29663028377985
N           -2.15481458833477       -0.88837124245795       -0.95012384626009
N           -3.75871077808935        1.02527058994034        0.21049039717956
N           -0.60190539451588        2.45699325662711        0.57699935210437
N            1.92380129714959        1.74914471913925       -0.66708320773040
N            3.03358653504845       -0.47723041178724        0.55992403602666
C            1.85610107400525       -1.04881722143567        0.87100175364831
C            1.65127802031477       -2.50450599160780        0.44769117762191
C            1.42043887140745       -3.40320256775974        1.66261127777994
C            0.56375724415562       -4.52488421711217        1.08529686679149
C           -0.36759219575282       -3.78703177748226        0.12261039311536
C            0.09737159969167       -1.69740304666061       -1.20732990188991
C           -1.32017758797935       -1.72789503204539       -1.79009197267756
C           -1.33141020730657       -1.18292027657405       -3.21219640560578
C           -3.00884650401455       -1.36449907788447       -0.04322350779228
C           -3.77402383644224       -0.30274837971111        0.77697802457619
C           -5.22103727497901       -0.75924990783749        0.95634112931137
C           -2.97607984984581        2.09625806645790        0.48166091604536
C           -1.70583002272887        1.86460117230600        1.31164903555298
C           -1.83641230827407        2.55146576478409        2.66679070653959
C           -0.41774491472323        2.22118758392681       -0.72224345215879
C            0.95444656724772        2.67358006613550       -1.23522850171526
C            1.02692074523766        2.63356765398667       -2.75579673014975
C            2.41899656081212        1.94186537835617        0.56524536636386
C            3.34712202494857        0.84001321056022        1.08600684833094
C            4.78989882262698        1.08209518821111        0.63629204372676
C            4.85826721230210        0.32117210589976       -0.68538898359658
C            4.01389877165549       -0.92367808774857       -0.41422847540147
H            2.48807272777804       -2.86865083393816       -0.15564233594023
H            2.35243053715660       -3.75347960667579        2.10133396808731
H            0.85686451840087       -2.84444794162495        2.41157884970471
H            1.19104235199962       -5.22413570230327        0.53262816563286
H            0.01409785829770       -5.07277578647350        1.84648549372878
H           -0.62210584551575       -4.40664144711990       -0.74103837120842
H           -1.29469692307756       -3.47938448142191        0.61278456981393
H           -2.01204720070759        0.11755389360464       -1.07401538706587
H           -1.72688986560776       -2.74183484645490       -1.74812713364724
H           -1.01113430302301       -0.14476869442821       -3.19298361528183
H           -2.33799468114036       -1.23312945166060       -3.62254596298098
H           -0.65846827370590       -1.75306352653496       -3.84542082089455
H           -4.54655532757319        1.25264490901593       -0.38380542479843
H           -3.29324446632312       -0.28152250662942        1.76343161910659
H           -5.74875352370818       -0.08797290719644        1.63051237255202
H           -5.23366893684227       -1.76557754675917        1.36425044620835
H           -5.73063336219289       -0.77270948969804       -0.00504354610217
H            0.15756656914949        2.86152738365738        1.11597497035640
H           -1.49486327985906        0.79568593031040        1.44285287340538
H           -2.62786573662497        2.08703967497261        3.25362868973596
H           -2.07695726628038        3.60176334488631        2.51910319348780
H           -0.89902243880674        2.46853681515642        3.21348950593137
H            1.87444778352817        0.81003782524003       -1.05000395985952
H            1.18101375463919        3.67146199480217       -0.84774989656604
H            2.00521199029218        2.96023409017487       -3.09743766540549
H            0.26798456185983        3.28583583558457       -3.17719725876750
H            0.84476891081679        1.61664705158727       -3.09329686139106
H            3.24039073274948        0.84086676493110        2.17538574046922
H            5.48208388895524        0.65418474682387        1.36185861707771
H            5.00617710322359        2.14256456684293        0.52812245594837
H            5.87362343730512        0.06754311273972       -0.97201172046424
H            4.40489618230341        0.91707804432944       -1.47573006252566
H            3.51946944602546       -1.28513439534556       -1.31825562744268
H            4.63011538293894       -1.72679444625359        0.00941699799316
68
 energy: -106.573897795524 gnorm: 0.005345636982 xtb: 6.7.1-6.fc44.fc44
O            1.01760502962761       -0.47120675729926        1.54077631992277
O            0.91000278493335       -0.82853865387108       -1.51350385306706
O           -3.17576826048419       -2.54750664397032        0.18420069468251
O           -3.26553514284439        3.20175317279101        0.07519071301266
O           -1.23056177945073        1.65424746860770       -1.43728873175589
O            2.21890595701300        2.94797605655264        1.22287146777719
N            0.40822173188279       -2.62902220576744       -0.30170443746226
N           -2.15737144498107       -0.88202104446439       -0.94859191904430
N           -3.76345001493567        1.02911813562843        0.21899965853335
N           -0.59409322035123        2.44620573303003        0.57833106270591
N            1.92946789421227        1.75005119870268       -0.67093747729473
N            3.03491286491777       -0.47880496449036        0.55992869659591
C            1.85696092048428       -1.04992824180788        0.87213063830840
C            1.65204706482211       -2.50487330352989        0.44586080437447
C            1.42077581008696       -3.40463112315295        1.66041667121408
C            0.56009246097987       -4.52358197023913        1.08404375538470
C           -0.36803687861949       -3.78549530792805        0.11969530091500
C            0.09445554244237       -1.69310783340383       -1.20329961047842
C           -1.32239934493604       -1.72369892815656       -1.78643907049842
C           -1.32955491781583       -1.17990979201764       -3.20958171134366
C           -3.00603592420818       -1.35899460880505       -0.03586654130877
C           -3.77549818652953       -0.30017359242064        0.78317801683010
C           -5.22123602325435       -0.76384140642271        0.95871844738626
C           -2.97311208781349        2.09706576338221        0.47801073604742
C           -1.70343253855292        1.86113578932189        1.30980380280513
C           -1.83894479793753        2.55019335088146        2.66233395288783
C           -0.41607534500631        2.22035243708580       -0.72386881502230
C            0.95638668861697        2.67188259006724       -1.23772855622136
C            1.02810516804686        2.62839582302679       -2.75266335924958
C            2.41694594418078        1.93990423934263        0.56527186061018
C            3.34623294608417        0.83923607402313        1.08574731656141
C            4.78885203096148        1.08355507609712        0.63556906385821
C            4.86107626991438        0.32054139233125       -0.68458216973055
C            4.01528628749358       -0.92445689792845       -0.41466911494412
H            2.48877017655504       -2.86708037083397       -0.15781373679004
H            2.35326190394629       -3.75878959630171        2.09511888842160
H            0.86193836550098       -2.84260119593222        2.41111455744432
H            1.18384793819669       -5.22649549302677        0.53203639712778
H            0.00681295998216       -5.06809022039005        1.84739339591530
H           -0.62331548088902       -4.40609664445644       -0.74299287166090
H           -1.29567795627823       -3.47349973267121        0.60626121332438
H           -2.01561907015683        0.12342049789361       -1.07725123618234
H           -1.73020098729690       -2.73766184538046       -1.74639878385573
H           -1.01135304100574       -0.13991705276121       -3.19908523372339
H           -2.33480233429489       -1.23543586127766       -3.62017959734106
H           -0.65430703184390       -1.75274547293642       -3.83901091800049
H           -4.54790240420685        1.24971708519375       -0.38081822180075
H           -3.29800195492819       -0.28157495437989        1.77052479667522
H           -5.75265831963349       -0.10331876122904        1.64064640181301
H           -5.22783214479972       -1.77503890425140        1.35601406985513
H           -5.73270901903724       -0.76950454585245       -0.00198637781770
H            0.15699792265851        2.86592457641573        1.11485642910054
H           -1.50128333906898        0.79083265747280        1.44166446991437
H           -2.63350445943937        2.08796286774234        3.24312815431601
H           -2.07939886722454        3.60019569265952        2.51177947183480
H           -0.90715402929327        2.46975624965231        3.21760365835316
H            1.87761119789378        0.81001115837477       -1.05140954156873
H            1.18332723981337        3.67103445560061       -0.85207281342192
H            2.00515265146566        2.95575828457604       -3.09775147446018
H            0.26860506868355        3.28068120149308       -3.17223840311322
H            0.84507587928294        1.61292448817808       -3.09797761015871
H            3.24106834393543        0.83970429079143        2.17546929452157
H            5.48223359547722        0.66017579424444        1.36239555685334
H            5.00372660356958        2.14456516442875        0.52714780017409
H            5.88198957174698        0.07199078600215       -0.96536802577615
H            4.41210603673702        0.91399296341719       -1.47998913269641
H            3.52131251157295       -1.28389942577526       -1.32012189038481
H            4.63135638237010       -1.72823652645810        0.00889322924680
68
 energy: -106.573941733306 gnorm: 0.003896649726 xtb: 6.7.1-6.fc44.fc44
O            1.01905477349339       -0.47342053730248        1.54356411912513
O            0.90709167367955       -0.82401787283789       -1.50980836201453
O           -3.17149564334036       -2.54461918090950        0.19054221280274
O           -3.26387357167178        3.20211102979131        0.07280752245073
O           -1.23230749438521        1.65755645714063       -1.43681645677432
O            2.21668485722248        2.94676744319761        1.22436770706757
N            0.40857791969729       -2.62952802661012       -0.30417552380078
N           -2.15866810848221       -0.87883435676711       -0.94746031113469
N           -3.76599097434792        1.03124554800309        0.22296222947694
N           -0.59092426618909        2.44095084089008        0.57987917009839
N            1.93078422269711        1.75096959856358       -0.67133057970533
N            3.03558623996087       -0.47909076892277        0.56023944688133
C            1.85762668258235       -1.05038259039885        0.87223907946822
C            1.65222568029485       -2.50520831545640        0.44475043696118
C            1.41991436523730       -3.40584018493702        1.65857146239994
C            0.55881476766754       -4.52406418319087        1.08198587947896
C           -0.36836383290621       -3.78574096417995        0.11705057988292
C            0.09284027900261       -1.69051806195390       -1.20144395213056
C           -1.32366183063307       -1.72072820664769       -1.78530755407824
C           -1.32945466921773       -1.17880536289388       -3.20923992622866
C           -3.00506534428917       -1.35611354459331       -0.03266111074502
C           -3.77686953010123       -0.29829172840662        0.78606980612640
C           -5.22182847664705       -0.76593081454551        0.95952667897421
C           -2.97267409118931        2.09784706877818        0.47747161782763
C           -1.70305172578389        1.85980407670078        1.30942479747267
C           -1.84046657691395        2.54965052072805        2.66064745493905
C           -0.41537182655850        2.22119235852196       -0.72415097377001
C            0.95688825011436        2.67226609113245       -1.23890579736738
C            1.02844943253565        2.62623376353337       -2.75590216564273
C            2.41640428288974        1.93951315697444        0.56560308268952
C            3.34560516060113        0.83933267222458        1.08611277291964
C            4.78815758403423        1.08456333698636        0.63596310824664
C            4.86364074700523        0.32115647136180       -0.68335387265021
C            4.01691802267050       -0.92372010235281       -0.41367980777351
H            2.48847992845540       -2.86644175771903       -0.16120007750632
H            2.35198371944102       -3.76084807507548        2.09295701389142
H            0.86317812130992       -2.84331608017767        2.40939275558052
H            1.18267472061461       -5.22937738973451        0.53227874229202
H            0.00681728090236       -5.06486935574884        1.84654936012219
H           -0.62492270864672       -4.40560506958719       -0.74594899495335
H           -1.29574398379656       -3.47322349929353        0.60373210987692
H           -2.01841527054031        0.12650090488956       -1.07726412748173
H           -1.73266775681421       -2.73450720532154       -1.74632513037025
H           -1.00870949484163       -0.14146160993876       -3.19193369569827
H           -2.33292890411642       -1.23535450944305       -3.62308760020250
H           -0.65138643623591       -1.75329216960259       -3.83506276582052
H           -4.54858274413083        1.24910003969814       -0.38034093564038
H           -3.30133189812040       -0.27903715040694        1.77409923564934
H           -5.75468398664904       -0.11166215202472        1.64520266305645
H           -5.22459173481160       -1.77955058341302        1.35100308542212
H           -5.73391701482528       -0.76831120611217       -0.00075521717815
H            0.15673288281225        2.86508657270000        1.11595260999656
H           -1.50220918852156        0.78934005652445        1.44126238384366
H           -2.63780532139129        2.08983051240785        3.23887649618327
H           -2.07980734646709        3.59982488756902        2.50853136651921
H           -0.90951299606759        2.46923521440391        3.21720397262578
H            1.87856704472929        0.81111152980890       -1.05217594626957
H            1.18431589550765        3.67189475053108       -0.85198381600642
H            2.00571360936674        2.95245851774442       -3.10233156654659
H            0.26735959874927        3.27498946464683       -3.17911332168973
H            0.84657108773710        1.60999684803334       -3.09408870922728
H            3.24082369312475        0.83969586648176        2.17622805949727
H            5.48202207700663        0.66193986163935        1.36318619468546
H            5.00185159300100        2.14605714833134        0.52804104183938
H            5.88557763256395        0.07077622973164       -0.96519885948007
H            4.41591785020429        0.91253739800994       -1.48153289747185
H            3.52414552711505       -1.28280290768772       -1.31989066002584
H            4.63398894357659       -1.72653807806766        0.00812998814439
68
 energy: -106.573971537567 gnorm: 0.003581197654 xtb: 6.7.1-6.fc44.fc44
O            1.02107559907118       -0.47540213159384        1.54491562310103
O            0.90471190480759       -0.82095005759421       -1.50712808191351
O           -3.16916443049666       -2.54211239451354        0.19784666954211
O           -3.26205128883718        3.20279796003128        0.07262573096671
O           -1.23284535459731        1.65814963372559       -1.43556855652545
O            2.21726901294464        2.94766590443321        1.22494348803945
N            0.40855483470633       -2.62969814526196       -0.30578019107846
N           -2.16038182249635       -0.87717021743016       -0.94591790498905
N           -3.76873991650865        1.03300726887938        0.22547764852017
N           -0.58979111295390        2.43816078707842        0.58079094692193
N            1.93013637654719        1.75229966131305       -0.67036616170746
N            3.03632294592867       -0.47832474273259        0.55966197758959
C            1.85900693020075       -1.05038937637428        0.87117948987963
C            1.65315663759807       -2.50553195515839        0.44326923256355
C            1.42012495580277       -3.40689127968311        1.65617116144881
C            0.55883268140078       -4.52533693124658        1.08016508239465
C           -0.36783787018622       -3.78689347393353        0.11456172993471
C            0.09154563216748       -1.68870024014919       -1.19996850752367
C           -1.32534552218124       -1.71924207087554       -1.78363891738035
C           -1.32809162970533       -1.17756627669135       -3.20756783869545
C           -3.00500539459145       -1.35414558350413       -0.02991719600557
C           -3.77866762011196       -0.29633600523971        0.78792385457358
C           -5.22283384761190       -0.76689404602196        0.95979344871358
C           -2.97235166023758        2.09806168283375        0.47749451168538
C           -1.70329584996226        1.85852332869865        1.30971049775490
C           -1.84203491547354        2.54952392972809        2.65970261891523
C           -0.41592874645558        2.22228289929504       -0.72455218973801
C            0.95606738154253        2.67324586417777       -1.23923173359899
C            1.02854141074369        2.62333316839112       -2.75683782061861
C            2.41708067968028        1.94063295283930        0.56565999272916
C            3.34613598598562        0.84025625337263        1.08586328559715
C            4.78877956262155        1.08604890361391        0.63645147651502
C            4.86496388966515        0.32265546005161       -0.68227591928981
C            4.01853030011053       -0.92278258431677       -0.41322010679252
H            2.48886890719141       -2.86646181392479       -0.16533085132134
H            2.35171028587586       -3.76193108973600        2.09130609710775
H            0.86230231471623       -2.84571712079069        2.40688891513357
H            1.18387060383239       -5.23292965202904        0.53401485069079
H            0.00586105138117       -5.06452890532117        1.84429225036270
H           -0.62549184767078       -4.40558995980117       -0.74924747883482
H           -1.29475874027476       -3.47540250446220        0.60258350767211
H           -2.02133918952795        0.12833331090437       -1.07545863920720
H           -1.73511876762127       -2.73280188446111       -1.74408090086525
H           -1.00564210333581       -0.13995300501824       -3.19330406595050
H           -2.32957816371926       -1.23137598606928       -3.62578606049863
H           -0.64875759510533       -1.75376102629518       -3.83091632955419
H           -4.54981670349691        1.24957729666819       -0.38060471400643
H           -3.30407782419995       -0.27590037771976        1.77657273911116
H           -5.75648505020254       -0.11767478715331        1.64880647775369
H           -5.22278539545579       -1.78243920441845        1.34620947714786
H           -5.73478425989504       -0.76661935293365       -0.00019582362721
H            0.15564033108330        2.86556906900031        1.11699535377568
H           -1.50254280370050        0.78800844596893        1.44303099079987
H           -2.64034908942819        2.09083345289968        3.23671492992666
H           -2.07990596670832        3.59986495181165        2.50632706005320
H           -0.91113043290157        2.46720371695977        3.21591422673111
H            1.87800385202171        0.81274236655103       -1.05195463724060
H            1.18362777149889        3.67277183093100       -0.85957652121534
H            2.00624770786191        2.95058960587828       -3.10236709309851
H            0.26506285893240        3.26797302577555       -3.18225987227494
H            0.85030338559523        1.60550066636525       -3.09522418099716
H            3.24123962415807        0.84052676169981        2.17622384943571
H            5.48258994405630        0.66230809334175        1.36362030725248
H            5.00150199579299        2.14759251499626        0.52873012414560
H            5.88500874612557        0.06742047983773       -0.96216364783630
H            4.41787448473145        0.91278786655848       -1.48218049652045
H            3.52700659725651       -1.28215794805506       -1.31982240844888
H            4.63407513098594       -1.72615434868224        0.00994075199935
68
 energy: -106.573985041950 gnorm: 0.002863342663 xtb: 6.7.1-6.fc44.fc44
O            1.02216531087115       -0.47782233156904        1.54584865487103
O            0.90327277270056       -0.81899856850894       -1.50480337221008
O           -3.16647801925437       -2.53995503799817        0.20511972363412
O           -3.25849142325098        3.20363665500948        0.07220609324227
O           -1.23701966569324        1.65998510107882       -1.43590595333327
O            2.21745564223648        2.94897522089742        1.22269755623013
N            0.40853209293368       -2.62988623561397       -0.30664515601735
N           -2.16205155269514       -0.87595945846668       -0.94484068365284
N           -3.77110822510727        1.03477140134484        0.22656283995227
N           -0.58852907466687        2.43544299134866        0.58054215536308
N            1.92809174734889        1.75242920249447       -0.67122266911298
N            3.03595151407642       -0.47741406243500        0.55897521574336
C            1.85985957953894       -1.05083699080598        0.87054586751699
C            1.65420370581455       -2.50619033852410        0.44206675696204
C            1.42090948127965       -3.40792348694950        1.65413826580336
C            0.55953013509885       -4.52692848063724        1.07852468201475
C           -0.36667251122464       -3.78846780260728        0.11235323370843
C            0.09074932583144       -1.68751726353788       -1.19878092745120
C           -1.32668257519500       -1.71791033696121       -1.78228713313842
C           -1.32659457800113       -1.17617527229275       -3.20617237953605
C           -3.00440670887939       -1.35267458335467       -0.02754616852425
C           -3.78031511642870       -0.29450707312005        0.78847243015858
C           -5.22388218361005       -0.76687182091533        0.95932742228339
C           -2.97142968106886        2.09798499609153        0.47712965509927
C           -1.70325148242045        1.85735247672808        1.30967289521776
C           -1.84260186118560        2.54979447280221        2.65859831270859
C           -0.41734031798227        2.22365985756630       -0.72562068225275
C            0.95440493533530        2.67287035477290       -1.24246589950625
C            1.02890616500970        2.62170002063945       -2.75833848758466
C            2.41665279941726        1.94164205530014        0.56377339855132
C            3.34613688995706        0.84147712768355        1.08473823930610
C            4.78932571357764        1.08691385306265        0.63648761056409
C            4.86581522764070        0.32260972680437       -0.68149306963873
C            4.01906647979056       -0.92275531231642       -0.41274615634085
H            2.48939043002711       -2.86748731454040       -0.16827208782379
H            2.35231326790356       -3.76268658131567        2.09028700194142
H            0.86187362577723       -2.84635727034579        2.40422883849009
H            1.18586350889021       -5.23671255683878        0.53626604204053
H            0.00392270776799       -5.06528678145028        1.84250591917464
H           -0.62441655448582       -4.40595956905118       -0.75246444914326
H           -1.29331906591360       -3.47860383345516        0.60171312337894
H           -2.02415143600063        0.12980914781436       -1.07380522140564
H           -1.73647067958648       -2.73118271205458       -1.74123103528921
H           -1.00225294532711       -0.13835807510253       -3.19301326622797
H           -2.32691637583714       -1.22788189858760       -3.62588463037488
H           -0.64677145688401       -1.75357570035112       -3.82798964765202
H           -4.55084597066813        1.25105525721170       -0.38145935009795
H           -3.30593552609789       -0.27408121787598        1.77745077581513
H           -5.75816401341074       -0.12137679319881        1.65143483387279
H           -5.22233583377824       -1.78404365640050        1.34138644962828
H           -5.73547463218504       -0.76364941550583       -0.00047873912515
H            0.15583823280468        2.86409949628605        1.11687473246856
H           -1.50364600336475        0.78679456647024        1.44515488946621
H           -2.64169242201593        2.09227902849900        3.23723302364173
H           -2.07844841566667        3.60029638988803        2.50420615967164
H           -0.91250026211667        2.46474453970349        3.21531596083981
H            1.87674033895616        0.81310801095074       -1.05336935430094
H            1.18160578270412        3.67400835358810       -0.85816625598699
H            2.00686134828414        2.94985958798619       -3.10257130751291
H            0.26298458283912        3.26250633198855       -3.18464819570042
H            0.85403729033416        1.60044274240279       -3.08851159026510
H            3.24057868977948        0.84228413231101        2.17499842625211
H            5.48249297636139        0.66222879920372        1.36413007017086
H            5.00147005316042        2.14817660581584        0.52809096355657
H            5.88684885958862        0.07044225060089       -0.95935541994419
H            4.41905834278148        0.91220564632552       -1.48201620785133
H            3.52867096021550       -1.28271858783447       -1.31960882484234
H            4.63331745233974       -1.72634734472955        0.01259163163456
68
 energy: -106.573996553814 gnorm: 0.001780577680 xtb: 6.7.1-6.fc44.fc44
O            1.02194736295027       -0.47899593502627        1.54617917615881
O            0.90371548382713       -0.81882227464250       -1.50450823711826
O           -3.16476618016829       -2.53966469261022        0.20663726298967
O           -3.25713225738321        3.20349365383891        0.07169843071714
O           -1.23642066989506        1.65896195468165       -1.43622766614233
O            2.21877065190517        2.95028521999397        1.22277906205461
N            0.40883840407468       -2.62986648717168       -0.30662175416914
N           -2.16239622824364       -0.87547439758575       -0.94535158429384
N           -3.77106483150501        1.03506523949106        0.22616325536475
N           -0.58896031200063        2.43470758102125        0.58039419595707
N            1.92741934318960        1.75285601413707       -0.67028887811574
N            3.03562076838185       -0.47713398448052        0.55895282762868
C            1.85992039182376       -1.05145989269725        0.87089818219655
C            1.65462409435197       -2.50662966064195        0.44184324706707
C            1.42136059528179       -3.40821732730613        1.65395539063518
C            0.56014163346609       -4.52728434042407        1.07786294830886
C           -0.36584197223090       -3.78883815235766        0.11165933540159
C            0.09100506418482       -1.68734017832316       -1.19861936686051
C           -1.32641878996131       -1.71723643393398       -1.78228866770057
C           -1.32689006484178       -1.17534617581729       -3.20608165346506
C           -3.00363678166101       -1.35242005701574       -0.02726645323161
C           -3.78026446379501       -0.29433803853473        0.78811255004052
C           -5.22404771732792       -0.76625329765190        0.95868299023722
C           -2.97124246497736        2.09772772150009        0.47681430066603
C           -1.70341667942495        1.85702414408454        1.30962812996825
C           -1.84245446104292        2.54990434217033        2.65866960881488
C           -0.41792163569478        2.22302815588860       -0.72584848598645
C            0.95385487482729        2.67296407814671       -1.24167265801744
C            1.02787583256451        2.62014982545904       -2.75733235762124
C            2.41694436542159        1.94263775871941        0.56424410272185
C            3.34570901385597        0.84164265003864        1.08493658383196
C            4.78905522008782        1.08656672665370        0.63675070503640
C            4.86591999222596        0.32214764155413       -0.68150673679862
C            4.01924701046017       -0.92291695237582       -0.41232781153762
H            2.48952114885103       -2.86841239277529       -0.16804187889871
H            2.35294160424666       -3.76300102084665        2.09023600455641
H            0.86291015873756       -2.84551589720239        2.40379374608849
H            1.18664018110396       -5.23758322793293        0.53609707469142
H            0.00432802448069       -5.06487174783208        1.84270376404890
H           -0.62252676839474       -4.40609410226513       -0.75351770570077
H           -1.29278070797352       -3.47947195829607        0.60086000530400
H           -2.02474349845631        0.13025229368213       -1.07446876872185
H           -1.73576303322331       -2.73039477789493       -1.74099627821782
H           -1.00244900405778       -0.13841065071001       -3.18936342400095
H           -2.32763950464002       -1.22750126405358       -3.62538173263404
H           -0.64705483791627       -1.75217010560704       -3.82853705204118
H           -4.55049412962049        1.25160298728084       -0.38196790471425
H           -3.30656434715744       -0.27428778983335        1.77732995460189
H           -5.75825661783430       -0.12072930605970        1.65110703687631
H           -5.22335434341094       -1.78363891897833        1.34023693518885
H           -5.73570290988871       -0.76170309596357       -0.00123460841112
H            0.15499505733970        2.86476052724168        1.11704901684973
H           -1.50409600203293        0.78676677437751        1.44519669201873
H           -2.64222805156699        2.09330988293833        3.23814074254540
H           -2.07750882495829        3.60046691557757        2.50419230963332
H           -0.91298153433609        2.46465187764293        3.21642492525251
H            1.87600772856103        0.81337128458577       -1.05215503260116
H            1.18087841231399        3.67432124564678       -0.86092011006625
H            2.00559311172622        2.94870210786494       -3.10129581797035
H            0.26159466736385        3.26012017851297       -3.18432072097317
H            0.85345633024270        1.60020596275904       -3.09137844409352
H            3.23979425084567        0.84251331514946        2.17500601345986
H            5.48181714362784        0.66211201331262        1.36471591013116
H            5.00153536426413        2.14762003651010        0.52796173653767
H            5.88637646030111        0.06949330476774       -0.96055930222636
H            4.41868246482444        0.91208103609113       -1.48128186710786
H            3.52875911903483       -1.28284467676207       -1.31927685196279
H            4.63391969384722       -1.72616260429217        0.01266118694981
68
 energy: -106.574000124999 gnorm: 0.002325757201 xtb: 6.7.1-6.fc44.fc44
O            1.02165476123164       -0.48124371839790        1.54717180098088
O            0.90390080517968       -0.81840650151867       -1.50383697866824
O           -3.16191814266978       -2.53895725652307        0.21054507193843
O           -3.25471906217029        3.20346182760517        0.07052584627987
O           -1.23727630566091        1.65890231292960       -1.43620044875346
O            2.22120359690081        2.95236925446032        1.22259466319547
N            0.40957023545732       -2.62992866838143       -0.30629894721924
N           -2.16343775085728       -0.87494675659969       -0.94590043867344
N           -3.77062314139030        1.03567603459196        0.22618154294851
N           -0.58893798441515        2.43281898814016        0.58139119312257
N            1.92629732377586        1.75330588367805       -0.66905697760896
N            3.03492653288830       -0.47658292024320        0.55837538666399
C            1.86008626229273       -1.05258358575455        0.87159255615536
C            1.65545679915499       -2.50736928584444        0.44151107180639
C            1.42228783823800       -3.40873333707361        1.65387377903701
C            0.56151184233459       -4.52793650685113        1.07721909647950
C           -0.36388176452591       -3.78991633807453        0.11036251309173
C            0.09125864067423       -1.68725985657708       -1.19786918712824
C           -1.32621093118210       -1.71691393534451       -1.78136977888540
C           -1.32682518149127       -1.17381914438979       -3.20458805910787
C           -3.00260470274994       -1.35194873430219       -0.02588693628801
C           -3.78029524498622       -0.29387448489842        0.78829297357045
C           -5.22463926658113       -0.76509304421324        0.95688902813525
C           -2.97094646650521        2.09777660576068        0.47678343521948
C           -1.70365411935204        1.85662808381740        1.31031430357972
C           -1.84208980786058        2.55006498712076        2.65988118859109
C           -0.41858635440468        2.22222804942308       -0.72500832080346
C            0.95291190855838        2.67260932266550       -1.24079216834024
C            1.02631735212093        2.61767559347938       -2.75863339095760
C            2.41730389037219        1.94397775381269        0.56482743086228
C            3.34488615472800        0.84165717684442        1.08508708787278
C            4.78842417103261        1.08619254124492        0.63733536298283
C            4.86578410631865        0.32175131745773       -0.68151619467161
C            4.01918970490207       -0.92282847125521       -0.41204978283345
H            2.48978140660386       -2.86981635916798       -0.16749624106909
H            2.35382715351072       -3.76319684081710        2.09061628651381
H            0.86369112639892       -2.84687535386484        2.40396510060142
H            1.18839271546134       -5.23908122847935        0.53639356596600
H            0.00633998784921       -5.06439039412434        1.84255074809005
H           -0.61773034336139       -4.40710115952217       -0.75556095652487
H           -1.29193170004758       -3.48176261571379        0.59838173935170
H           -2.02581507548603        0.13063050018099       -1.07600141206692
H           -1.73485670894040       -2.73004179363909       -1.74014876729610
H           -1.00396674034040       -0.13576624245478       -3.19159632391818
H           -2.32829952212957       -1.22526267751545       -3.62415419680233
H           -0.64802224874436       -1.74993398384851       -3.82873652988112
H           -4.54920625715730        1.25253431795217       -0.38264294671326
H           -3.30882329265810       -0.27322782024363        1.77845105945640
H           -5.75829908249218       -0.11915823824106        1.64934036763661
H           -5.22573653587853       -1.78277514909433        1.33754972198240
H           -5.73617445475099       -0.75780430357575       -0.00349008398595
H            0.15443060444645        2.86390297849706        1.11841271518943
H           -1.50507051593104        0.78645316941405        1.44604259728051
H           -2.64329083719382        2.09489622680918        3.23572218123844
H           -2.07531238596561        3.60090657822770        2.50514128730841
H           -0.91300019531947        2.46470007862412        3.21894653964103
H            1.87490535739456        0.81351613710272       -1.05033931621479
H            1.17909243714849        3.67432328965361       -0.86230059889268
H            2.00324447856902        2.94669220902115       -3.10351900450095
H            0.25914306690114        3.25616671577240       -3.18640305812772
H            0.85265516630289        1.59791523738092       -3.09216534227986
H            3.23824739526310        0.84234723850095        2.17488230534220
H            5.48052098684582        0.66242457690061        1.36585888745718
H            5.00156439880920        2.14709270734139        0.52809821700408
H            5.88693804845244        0.06947892177631       -0.96183728141182
H            4.41791390491178        0.91258857684426       -1.48004599885553
H            3.52890597669594       -1.28340495164273       -1.31894762705226
H            4.63431738444487       -1.72524089942520        0.01322017209036
68
 energy: -106.574007574665 gnorm: 0.001429644886 xtb: 6.7.1-6.fc44.fc44
O            1.02193908193780       -0.48214627689425        1.54772791366373
O            0.90364995234957       -0.81753489042654       -1.50319203727691
O           -3.15992842045000       -2.53819302342148        0.21364707568088
O           -3.25364049533515        3.20370224447084        0.06997861869088
O           -1.23772867178038        1.65869494432614       -1.43621495450764
O            2.22220554117218        2.95331655913729        1.22170933873349
N            0.40985783550685       -2.62981062948674       -0.30652901169641
N           -2.16399690713819       -0.87445913640523       -0.94573180658408
N           -3.77113368804715        1.03618686260667        0.22667877515708
N           -0.58850813963277        2.43176222829198        0.58128854966740
N            1.92585162261430        1.75332217893609       -0.66919266044323
N            3.03466458694414       -0.47606078815236        0.55773411152997
C            1.86037689417632       -1.05273316723606        0.87152872179732
C            1.65588095056538       -2.50749781749408        0.44110937649961
C            1.42261701873999       -3.40901794941386        1.65334692885262
C            0.56199890064026       -4.52838852214236        1.07680862565466
C           -0.36287229910113       -3.79071204228985        0.10902156043125
C            0.09121350033794       -1.68668252280424       -1.19750376069865
C           -1.32635089070149       -1.71619480997835       -1.78101424546290
C           -1.32721828737087       -1.17334277286176       -3.20439462215064
C           -3.00181881020696       -1.35139377960116       -0.02448283136234
C           -3.78078609923365       -0.29335585068865        0.78871416584591
C           -5.22524986034908       -0.76474747033884        0.95580429626461
C           -2.97066087056951        2.09795426892037        0.47661162476109
C           -1.70360067594463        1.85624808040325        1.31046315209531
C           -1.84181578621354        2.55046167436827        2.65974551603144
C           -0.41883802697341        2.22189822424769       -0.72531614663687
C            0.95246236883739        2.67205632055795       -1.24168041088710
C            1.02579736921588        2.61647114688398       -2.75856800815945
C            2.41747929096757        1.94448174448464        0.56433312758183
C            3.34479040172801        0.84192115762640        1.08480595338895
C            4.78850867079488        1.08650785201680        0.63774752294863
C            4.86574685488838        0.32214426179455       -0.68114855506557
C            4.01921490833977       -0.92250485103370       -0.41211079702442
H            2.49016519409019       -2.87004221801614       -0.16789958397696
H            2.35401680655977       -3.76328352612311        2.09038409670407
H            0.86335651268730       -2.84783333259111        2.40333103672683
H            1.18925981942849       -5.24016777541247        0.53716382325966
H            0.00610328711583       -5.06480243448617        1.84153246628533
H           -0.61522195784375       -4.40792358686165       -0.75740981496933
H           -1.29166859675587       -3.48355283115248        0.59625051379499
H           -2.02657398113343        0.13117726408191       -1.07603530813038
H           -1.73503685169656       -2.72935709971064       -1.73995333368143
H           -1.00363012104639       -0.13587500953224       -3.18905671890228
H           -2.32874338381464       -1.22504367711285       -3.62273812689615
H           -0.64846721788784       -1.74937652041068       -3.82850257986055
H           -4.54913495046791        1.25301370768717       -0.38289603472476
H           -3.31027928170994       -0.27236466973503        1.77931212294085
H           -5.75913759717137       -0.11964451751254        1.64886022464283
H           -5.22663171718605       -1.78283878780337        1.33512936954035
H           -5.73640619923701       -0.75594543299542       -0.00483059809537
H            0.15435679637382        2.86359217516611        1.11829376283605
H           -1.50583644503863        0.78577843845916        1.44729062046473
H           -2.64380130050377        2.09619942434887        3.23632084876721
H           -2.07356712043820        3.60160634064198        2.50436780930948
H           -0.91304003533125        2.46411799595879        3.21922294956243
H            1.87466831749245        0.81338621582891       -1.05015732198232
H            1.17836029768608        3.67406560568527       -0.86329114355948
H            2.00230980129208        2.94650821952514       -3.10378574291689
H            0.25764393701313        3.25382235555598       -3.18604938503083
H            0.85354580467405        1.59558381762968       -3.09097111585852
H            3.23770704051005        0.84242020424499        2.17457345516216
H            5.48034260503688        0.66269422401285        1.36643520831637
H            5.00170341047519        2.14742179730340        0.52846246704820
H            5.88690628682558        0.07011730515706       -0.96069264734180
H            4.41809174951225        0.91327549796210       -1.47961955487223
H            3.52945712084212       -1.28360830450654       -1.31904128310961
H            4.63377554790990       -1.72499167827164        0.01420994035783
68
 energy: -106.574013003623 gnorm: 0.001499276549 xtb: 6.7.1-6.fc44.fc44
O            1.02254996744828       -0.48361960354054        1.54947479784495
O            0.90209027107767       -0.81530889824064       -1.50148867320931
O           -3.15540835233072       -2.53644363047808        0.22195269545243
O           -3.25238037602099        3.20462302803653        0.07019263122789
O           -1.23943123646579        1.65837533891213       -1.43565857500680
O            2.22495847560586        2.95590859052646        1.21925366981571
N            0.41042758754078       -2.62958671147739       -0.30694153447645
N           -2.16546187458592       -0.87392580607186       -0.94447132258591
N           -3.77233328034195        1.03774409942286        0.22798633737317
N           -0.58717613453255        2.42953761705953        0.58125795619210
N            1.92534717809860        1.75338006782248       -0.66964092389923
N            3.03395122023601       -0.47481282451996        0.55674096355981
C            1.86083566298812       -1.05262539761502        0.87171332295083
C            1.65649541324503       -2.50752409778363        0.44068982701015
C            1.42285567760266       -3.40979790922757        1.65232612592640
C            0.56322389500474       -4.52977701417572        1.07564764732440
C           -0.36029940418373       -3.79332007004889        0.10515300990553
C            0.09066246365358       -1.68543159035346       -1.19639415246839
C           -1.32725034876495       -1.71540581329852       -1.77952328699896
C           -1.32821552475190       -1.17284273101863       -3.20314535866574
C           -3.00017667459356       -1.35021522750693       -0.02014345407485
C           -3.78229739916410       -0.29171056927088        0.78986661940878
C           -5.22690991127437       -0.76392207045325        0.95259279211930
C           -2.97005761947530        2.09875711029546        0.47697012626041
C           -1.70323047537985        1.85576481229650        1.31119146940992
C           -1.84063429467139        2.55132858091128        2.65978758422185
C           -0.41925844310253        2.22104104839000       -0.72573811933469
C            0.95172651233865        2.67070946932552       -1.24376687716357
C            1.02452340141899        2.61345429498810       -2.75905451022893
C            2.41820745343839        1.94578953050987        0.56301082599361
C            3.34447175881632        0.84278155111517        1.08459229903373
C            4.78873580964587        1.08708089893591        0.63917401753366
C            4.86622908308996        0.32336529188291       -0.67973985880778
C            4.01949249621179       -0.92151572073738       -0.41177539416136
H            2.49132287836199       -2.86985009510594       -0.16834057239921
H            2.35431358158963       -3.76367059712019        2.08957943407399
H            0.86303726476136       -2.84728437321849        2.40111065649935
H            1.19151873361345       -5.24267110806975        0.53870641233177
H            0.00446946758906       -5.06579248353806        1.83966237476085
H           -0.60831199496333       -4.41064530396167       -0.76269828635297
H           -1.29151606189869       -3.48921442695551        0.58966545375013
H           -2.02846953574489        0.13182285928944       -1.07546108717745
H           -1.73591244161729       -2.72892504264753       -1.73899923401705
H           -1.00373103271606       -0.13582993512406       -3.18569937290668
H           -2.32970083944017       -1.22379560822554       -3.62141162255233
H           -0.64959060569163       -1.74862690843734       -3.82720794556080
H           -4.54903437920984        1.25463742573178       -0.38328430745455
H           -3.31446871938479       -0.27106186268239        1.78173374272001
H           -5.76277978307271       -0.12159323341698        1.64712202425869
H           -5.22883014033209       -1.78312251995259        1.32841590154630
H           -5.73621798479879       -0.75197796252827       -0.00894244230095
H            0.15482593350728        2.86225501119605        1.11787785554257
H           -1.50619610850353        0.78555138157664        1.44829063474172
H           -2.64419570760921        2.10019978691571        3.23775372861707
H           -2.06942612491799        3.60304374935468        2.50365217661427
H           -0.91266611023814        2.46165093831445        3.21966193432546
H            1.87459049550695        0.81300271582046       -1.04953035994823
H            1.17770416347576        3.67347338380727       -0.86542339302441
H            1.99992067161252        2.94559777414126       -3.10567062856262
H            0.25402364379743        3.24766872454951       -3.18703970122869
H            0.85498185618797        1.59085737812822       -3.08760005571800
H            3.23623470846722        0.84272398270189        2.17438232203794
H            5.48011457335394        0.66285468263508        1.36810648088451
H            5.00194781613148        2.14808816095076        0.53029692294254
H            5.88654107589586        0.07171042102979       -0.95867828262821
H            4.41927814364461        0.91481769827585       -1.47834916688403
H            3.53112669869641       -1.28306405442993       -1.31930714605541
H            4.63353428509583       -1.72420356819835        0.01546840077272
68
 energy: -106.574017707138 gnorm: 0.001183347755 xtb: 6.7.1-6.fc44.fc44
O            1.02282937240916       -0.48393087883701        1.55043641561328
O            0.90090559445459       -0.81420051750061       -1.50101846598728
O           -3.15301912342291       -2.53608177139801        0.22540999687789
O           -3.25203593430837        3.20483689185287        0.07062028362382
O           -1.23999377088951        1.65838750396918       -1.43512657708123
O            2.22669604571500        2.95749454235173        1.21814968452927
N            0.41071426380141       -2.62936623226956       -0.30716067050030
N           -2.16631220370609       -0.87399729953478       -0.94422373222786
N           -3.77181875695700        1.03799385365746        0.22865649681990
N           -0.58671031333153        2.42927795217743        0.58154352360579
N            1.92551501784246        1.75348316550869       -0.66968615067909
N            3.03378136465143       -0.47438804778444        0.55649128998498
C            1.86096465398151       -1.05249973142013        0.87204674091725
C            1.65655520873870       -2.50728249165849        0.44053654793558
C            1.42269784162597       -3.40984472500839        1.65210307673087
C            0.56383541530480       -4.53002674559103        1.07497675395566
C           -0.35895835219934       -3.79455864654495        0.10298473261828
C            0.09017299393994       -1.68501234497538       -1.19611437648869
C           -1.32776717854741       -1.71551719263442       -1.77900162396489
C           -1.32923343485178       -1.17254279281208       -3.20251919867094
C           -2.99961085493205       -1.34992627905658       -0.01839046321093
C           -3.78270172419937       -0.29131202346223        0.79077366125852
C           -5.22769424993619       -0.76354853191576        0.95050927581295
C           -2.96979564116394        2.09907735910070        0.47785476370750
C           -1.70282341236737        1.85574545475241        1.31191075050173
C           -1.83936210433449        2.55196702036801        2.66016257106428
C           -0.41940840002043        2.22068439394868       -0.72548630492036
C            0.95153127853387        2.67013309437348       -1.24398405119881
C            1.02370386353664        2.61141833592451       -2.75977955157495
C            2.41868694923483        1.94657394187945        0.56267949438775
C            3.34412945198307        0.84318025614790        1.08479750743849
C            4.78865199491640        1.08718361175047        0.64008512632699
C            4.86642559002279        0.32416364715549       -0.67916459742425
C            4.01961663906291       -0.92088134536609       -0.41174581049818
H            2.49174090963009       -2.86927232471645       -0.16819937024896
H            2.35409069209461       -3.76345680403144        2.08956229647037
H            0.86192553031175       -2.84912715469560        2.40158851306583
H            1.19258924285717       -5.24299467253630        0.53876358066738
H            0.00513817892072       -5.06527640303544        1.83904543299013
H           -0.60377713446188       -4.41205524756884       -0.76566170372206
H           -1.29195609585032       -3.49213310452566        0.58523282239344
H           -2.02967740443213        0.13165705917915       -1.07605963212427
H           -1.73593974306721       -2.72934785068996       -1.73889867646955
H           -1.00513722694273       -0.13541013419102       -3.18526131657258
H           -2.33093335350571       -1.22442254189341       -3.61920543038667
H           -0.65079078063742       -1.74807100557860       -3.82696024496845
H           -4.54798564118604        1.25506440616264       -0.38320687553482
H           -3.31719799370558       -0.26975110643109        1.78382897394242
H           -5.76453011134511       -0.12163642359093        1.64433307762089
H           -5.23052572071998       -1.78310939219083        1.32537257796783
H           -5.73531761722334       -0.75051863344335       -0.01191086096940
H            0.15521139815809        2.86231669989011        1.11781374378268
H           -1.50767118526095        0.78485295891703        1.45020227750629
H           -2.64357637267383        2.10195293648037        3.23819293889304
H           -2.06640890193136        3.60405250629482        2.50353126664127
H           -0.91161193904259        2.46108966929345        3.22012771516448
H            1.87474253294949        0.81274026486147       -1.04867059913889
H            1.17716601747732        3.67320383643018       -0.86669656038336
H            1.99824149334628        2.94486484295659       -3.10755226727960
H            0.25222983561069        3.24455098633474       -3.18779942331493
H            0.85522849012633        1.58845054682525       -3.08786412021437
H            3.23523410575929        0.84276620326663        2.17456245096102
H            5.47976128973653        0.66264297737434        1.36907223373996
H            5.00225881612138        2.14819805636891        0.53203508724471
H            5.88750774113627        0.07203089146181       -0.95736172452456
H            4.41960054213150        0.91589648751286       -1.47765740882802
H            3.53162759432745       -1.28221897134511       -1.31963928117689
H            4.63327612567487       -1.72373035087627        0.01594891665352
68
 energy: -106.574021394645 gnorm: 0.000390986609 xtb: 6.7.1-6.fc44.fc44
O            1.02302907345322       -0.48342654275370        1.55094709930716
O            0.90014342829224       -0.81391647170107       -1.50082841178030
O           -3.15173886793093       -2.53596553624555        0.22656565435067
O           -3.25255898744766        3.20526142244331        0.07172023455271
O           -1.24042802313444        1.65881147991290       -1.43500333886234
O            2.22722951319407        2.95803691661916        1.21749102983829
N            0.41065895868533       -2.62939530980375       -0.30710287296053
N           -2.16653841752605       -0.87433181746126       -0.94395718254387
N           -3.77155251372423        1.03814151753870        0.22855797533032
N           -0.58686843318049        2.42924116745105        0.58185674854098
N            1.92588611707622        1.75327098669268       -0.66977584050343
N            3.03377042888926       -0.47436986841210        0.55697522401106
C            1.86074475197279       -1.05230597133550        0.87238682221606
C            1.65632513527133       -2.50705160259804        0.44081004822748
C            1.42247366945253       -3.40957272104950        1.65228590654198
C            0.56374803997436       -4.52986788451600        1.07481103699761
C           -0.35848500351376       -3.79512687643487        0.10224429595549
C            0.08973740574722       -1.68513936714300       -1.19600312845575
C           -1.32812612224823       -1.71595063571040       -1.77870008648923
C           -1.32983911973176       -1.17283804955718       -3.20219207030233
C           -2.99942562452274       -1.34983785186690       -0.01773126733300
C           -3.78287946231149       -0.29123524112949        0.79078606999919
C           -5.22793266574205       -0.76369245602991        0.94967863122210
C           -2.96984745311825        2.09936860389120        0.47831824448069
C           -1.70292849426373        1.85641368880398        1.31216403034289
C           -1.83857964740483        2.55242323735101        2.66058220819939
C           -0.41933369982983        2.21987988360967       -0.72507878432088
C            0.95143520572518        2.66977817000934       -1.24363426993399
C            1.02328639377835        2.61086184957391       -2.75990292614872
C            2.41888264878814        1.94669233824365        0.56265099695104
C            3.34407367571257        0.84328711546268        1.08519023897074
C            4.78864911305677        1.08705606948550        0.64062674940944
C            4.86699898322750        0.32401526633052       -0.67870602110170
C            4.01959855360908       -0.92065227160761       -0.41155744044582
H            2.49150545600974       -2.86888386372164       -0.16789747620948
H            2.35390443211258       -3.76291022901607        2.09005313383955
H            0.86203742018080       -2.84823522215402        2.40138476377793
H            1.19238250463701       -5.24278415100785        0.53839222518576
H            0.00504925330826       -5.06509937287057        1.83873863381606
H           -0.60163871432517       -4.41255365278623       -0.76673374140036
H           -1.29235857817001       -3.49330986527539        0.58341142159697
H           -2.03027782392879        0.13132207818172       -1.07624096869969
H           -1.73593816534588       -2.72976699512555       -1.73809471145585
H           -1.00613768483591       -0.13538385232683       -3.18646418066570
H           -2.33153656835161       -1.22435327085552       -3.62005754712147
H           -0.65135517859349       -1.74855359834065       -3.82665964082477
H           -4.54822610050929        1.25579381865403       -0.38251220037156
H           -3.31769345090888       -0.27000460625039        1.78385177949532
H           -5.76551853064643       -0.12178199784967        1.64290931826664
H           -5.23063093898902       -1.78327301773461        1.32468297684438
H           -5.73444833557331       -0.75125543026238       -0.01325083045234
H            0.15600704479831        2.86139490774127        1.11800221586298
H           -1.50688171422528        0.78585023703516        1.44944442222974
H           -2.64281083851777        2.10252798610579        3.23776518552539
H           -2.06556177456018        3.60442858008532        2.50432151296046
H           -0.91057418601228        2.46152810569439        3.22026151167766
H            1.87490594128104        0.81244062400716       -1.04838483437454
H            1.17690668787990        3.67296329040287       -0.86684422897375
H            1.99702602645954        2.94544708879040       -3.10820913078502
H            0.25124035019019        3.24330542330949       -3.18827321963794
H            0.85556076310948        1.58811500070000       -3.08863013518610
H            3.23465932980254        0.84307824274501        2.17483519154214
H            5.47945423499326        0.66192113564823        1.36969308739543
H            5.00265445889450        2.14811241072264        0.53301085434596
H            5.88796142281403        0.07180579146689       -0.95751490641193
H            4.42031133640631        0.91563643253625       -1.47730558499051
H            3.53156379110688       -1.28146514374301       -1.31954057860182
H            4.63355096820464       -1.72343748715104        0.01531560666800
