68
 energy: -105.517940864895 gnorm: 1.684601510478 xtb: 6.7.1-6.fc44.fc44
O            1.03043398142379       -0.35625479413234        1.24868510576262
O            0.85777385545458       -0.70162981147406       -1.60902504056878
O           -3.03390790969112       -2.54330141974865        0.01685568606857
O           -3.44603903774424        3.25841094701175        0.34035148429298
O           -1.28007654309596        1.45507999855048       -1.51046846958124
O            2.31856681022857        2.76678144782420        1.21856978324545
N            0.51494632442767       -2.57089974025523       -0.47116567063652
N           -2.24742844641216       -0.96425190896717       -1.08682338499647
N           -3.71985757512275        1.13435156694915        0.25625078635105
N           -0.38717681721638        2.27672663255351        0.56622027670525
N            1.97141349057934        1.73616344327552       -0.69424897774386
N            3.30459570950188       -0.57759212905372        0.39873322646718
C            2.13537687216813       -0.97667946435316        0.69968012022459
C            1.65852447075415       -2.54009441549321        0.23641925053351
C            1.79569793347928       -3.48914165782030        1.33103493612639
C            0.31455554832319       -3.61532857469195        1.68357438738731
C           -0.46653838907340       -3.74779158146166        0.46672558407006
C            0.00144616853423       -1.77529871211065       -1.37590936660868
C           -1.37112880734787       -1.76800698535420       -1.93332118251676
C           -1.45395676790594       -1.22387092502071       -3.28141420125526
C           -3.13390834933934       -1.32035771559425       -0.09172158177838
C           -3.96430579978401       -0.42663661995907        0.78425713478281
C           -5.26076913017593       -0.79406884863860        0.91520923790998
C           -3.00561554586751        1.90797468712780        0.55466133129829
C           -1.76871661706202        1.83809583573169        1.17164519802856
C           -1.85569505505817        2.18279613742354        2.63019039604463
C           -0.44703927973779        2.11674507911839       -0.62373707865431
C            1.01600541055121        2.74551588586953       -1.22763674417591
C            0.99360679752217        2.65800827954330       -2.68908592415677
C            2.42384233600090        2.00422456421004        0.63036306836562
C            3.40768953208119        0.85155363613574        0.90009397244172
C            5.21910279205538        1.10133300039107        0.12015745278571
C            5.45262765885586       -0.23164875753172        0.29813389807469
C            4.31635184762605       -1.07116113985791       -0.21888523646124
H            2.48244502298553       -2.68319158765117       -0.69086636628299
H            2.29163877008875       -4.31950108485940        1.00454738287073
H            2.56475117595562       -3.20499929118815        2.10751119953923
H            0.14780338044470       -4.52689129753848        2.10531985612989
H            0.06254747745186       -2.84304864838176        2.20321178734747
H           -0.14224934594419       -4.41171178922668       -0.27945675249001
H           -1.35058350975721       -3.42416514139497        0.36463414612912
H           -2.12743065659099        0.05138072197504       -1.02142245899086
H           -1.80695132166448       -2.61250271602612       -1.73027505738535
H           -2.48091279920808       -1.27866258261223       -3.66589782192745
H           -0.46774908297271       -1.85026903907647       -3.92409500059484
H           -1.26392700056818       -0.08083531257060       -3.17063698791608
H           -4.51475366999743        1.20926525892362       -0.30015083148265
H           -3.73571595531510       -0.44167743631058        1.81296377504023
H           -6.01874693680133       -0.07072406865416        1.51526190603772
H           -5.40570311171103       -1.84750816505829        1.05924046034716
H           -5.90461314443275       -0.64794967387268       -0.16428106768296
H            0.14859444750717        2.84115245862983        1.25794693992365
H           -1.76715149905693        0.69344141508076        1.47477577744492
H           -2.76696888053538        1.84833235190181        3.32438604605812
H           -2.05370718880650        3.48311020314267        2.62105770500693
H           -1.02595576231578        2.29839439184988        3.07119545943833
H            1.89156985380115        0.86918258977041       -1.17979755054144
H            1.23901003198388        3.59817569844868       -0.91098651199154
H            0.05358320363365        3.11220578653268       -3.30515716824878
H            0.74368985852735        1.48590331952468       -2.94748322369872
H            2.01806935474373        3.02157095083717       -3.22381230281318
H            3.39381571651080        0.76065023035097        2.24380058902284
H            5.30239257073758        1.86448807123062        0.83644152851488
H            4.59936767912536        1.56319608139389       -0.84672838253802
H            5.89325132725601       -0.42159466332051        1.27415362589158
H            6.24857775915993       -0.27525962451594       -0.52137359990143
H            4.09406183259338       -1.16721205152487       -1.13989948824765
H            4.53936060953755       -2.03886373263520        0.08509060594233
68
 energy: -106.092429951489 gnorm: 0.675791215746 xtb: 6.7.1-6.fc44.fc44
O            1.06009668039117       -0.36588737977592        1.24223119549667
O            0.84364760549744       -0.72565219067365       -1.61273410752651
O           -3.05469812673606       -2.55827880698671        0.03416014915283
O           -3.43327575200146        3.24011439833541        0.34169968381813
O           -1.25791636989000        1.47938841279803       -1.48302035949863
O            2.29926239557857        2.85968672742431        1.28889831963122
N            0.49389538032317       -2.57368729702981       -0.46001851420143
N           -2.25271092939856       -0.93995541959431       -1.07956067254221
N           -3.76702691167986        1.08532077364006        0.24081061397182
N           -0.41873026545702        2.27675136958092        0.58821760954962
N            1.97186813546661        1.73739083466460       -0.70747974495014
N            3.27049243934232       -0.55369948282065        0.42850492141893
C            2.08485180423137       -0.98168237584105        0.70366254117184
C            1.69031993979338       -2.51836346743319        0.21438467087518
C            1.80226315642634       -3.48269465132026        1.33136708984468
C            0.32820216669772       -3.63025196216825        1.67965636270366
C           -0.42899751105543       -3.72890957172774        0.44047118722846
C            0.01876115651789       -1.74478788058857       -1.36560283969203
C           -1.36903986884981       -1.75090163545678       -1.92095793593960
C           -1.43792589457104       -1.21746388427693       -3.29286811819696
C           -3.11373285800270       -1.33472501036662       -0.09914138871753
C           -3.94267167877243       -0.41678297357264        0.77588609909870
C           -5.30745513786587       -0.78456972326771        0.88671393560490
C           -2.98168954230963        1.97388403231291        0.55916764104575
C           -1.74552882902155        1.81750912304500        1.20627709551927
C           -1.88691877850595        2.23059498095712        2.63510670068513
C           -0.44155388487718        2.11155366754656       -0.66735261141979
C            0.99909809007013        2.70886182895270       -1.24091469987854
C            0.98796386210064        2.64245059027770       -2.71897771187270
C            2.44142947136315        1.92909678621055        0.57087192434168
C            3.42929693998255        0.83632795989199        0.91872127227707
C            5.15267950786542        1.12804385939420        0.12745767492668
C            5.48168917267932       -0.23641525857637        0.27703042003485
C            4.33162622222007       -1.07781786351275       -0.20246897126391
H            2.47903127256145       -2.68570465433560       -0.67858343363933
H            2.29246154449731       -4.34126698159259        0.99546416817328
H            2.55232078113873       -3.19752830020894        2.10959720793556
H            0.14617407466194       -4.54802967260986        2.12281491927020
H            0.05291263143736       -2.81783286404116        2.22201143922738
H           -0.14088783768518       -4.43373469548429       -0.28208828730014
H           -1.38281183015428       -3.41275846100378        0.36366985701225
H           -2.12033423792672        0.06283360682775       -1.02953576352035
H           -1.81630953061122       -2.64749440640834       -1.73077029643380
H           -2.47069789388658       -1.28450117747644       -3.67052121992456
H           -0.49647914477340       -1.83097996573771       -3.91450654317175
H           -1.25925551563976       -0.09477283402415       -3.17731727831508
H           -4.54284763960900        1.20535272942391       -0.31461526433978
H           -3.71585773741127       -0.43929589224605        1.81928912008880
H           -6.00410714669625       -0.08499377352413        1.51540350629529
H           -5.41046344960299       -1.84621921016488        1.06545112888987
H           -5.89604201694294       -0.65234599919137       -0.15608092436494
H            0.14282293545805        2.83522866104776        1.25135678088170
H           -1.75420140064061        0.69203213635298        1.46157066993639
H           -2.75270035596735        1.84920792091247        3.30870310610853
H           -2.05804034555567        3.46649104590342        2.62130267866847
H           -0.99412038588596        2.29022646362253        3.09489433932816
H            1.88998990590189        0.86340311924642       -1.18083616364082
H            1.24109133620385        3.62931422004591       -0.89555189854810
H            0.07093078725234        3.11190168839765       -3.29031060584484
H            0.75447570808887        1.50306650159149       -2.94670129003320
H            1.99782146379376        3.01320112499626       -3.21459443681613
H            3.39910362096552        0.76314599054561        2.21493314954027
H            5.31228314396146        1.87715986003259        0.84256274202092
H            4.61661574775910        1.55473278068819       -0.83735737943855
H            5.89156832478680       -0.42711243613222        1.27027268391183
H            6.25878408290089       -0.28774791713576       -0.51902217718499
H            4.09721017354648       -1.16381875750513       -1.18312599253598
H            4.54379482181960       -2.06198079748309        0.09560970085040
68
 energy: -106.398426412797 gnorm: 0.342072544293 xtb: 6.7.1-6.fc44.fc44
O            1.09913763446516       -0.38296493709729        1.23252278008542
O            0.82450911533916       -0.75830516449390       -1.61980140908096
O           -3.08676853518673       -2.57411970385423        0.05921175946887
O           -3.41085553504308        3.19288627958271        0.34030142779074
O           -1.21973129377877        1.52041100410597       -1.44254482887996
O            2.29359034121528        2.85716170769327        1.28269097504490
N            0.46317902542958       -2.57858687044052       -0.43598865175877
N           -2.25903308001612       -0.91294863502191       -1.06726516539077
N           -3.79266303512145        1.05040478712931        0.24361881037970
N           -0.47073002883143        2.27419494738797        0.60375623475620
N            1.96833726380479        1.75432199944710       -0.70207098947519
N            3.23397503639512       -0.52403867968658        0.45912645272220
C            2.02505711579033       -0.99090787768405        0.70082325872215
C            1.73064510881568       -2.49120752177815        0.18622860783728
C            1.81406189009240       -3.47609781071556        1.32621221154790
C            0.34337031891591       -3.64151500552039        1.67833975569612
C           -0.38293341717235       -3.68072203341936        0.39290074882269
C            0.03643849050580       -1.70397724426518       -1.34347671183421
C           -1.37231534764941       -1.73678262788482       -1.89858703512214
C           -1.41568953726928       -1.21444613561780       -3.30151515374688
C           -3.09013111280544       -1.35213641399939       -0.10344075777053
C           -3.92194563656456       -0.38986782224817        0.75988710098090
C           -5.35321198405009       -0.76906684647795        0.84258994630965
C           -2.99028782294666        2.02475839310278        0.55334759215953
C           -1.73279082459552        1.78484944120727        1.24257668056319
C           -1.90889214704748        2.30547265390393        2.64878877183758
C           -0.42983468346151        2.10816591155198       -0.70001582803666
C            0.97637259816750        2.68269842006526       -1.24790967195113
C            0.98100215058852        2.62001168067681       -2.74960493418849
C            2.45579992225713        1.90105958000694        0.54605050384309
C            3.45260982210785        0.83634622724353        0.94628478639031
C            5.03274797291817        1.14948168038525        0.15478537498480
C            5.51044350036106       -0.23589353625246        0.24723255258908
C            4.34001989295232       -1.08566674088355       -0.18542365154972
H            2.47311648054907       -2.68608654594290       -0.65719289085078
H            2.28902268451422       -4.36932772462450        0.98182904752901
H            2.53199100387469       -3.18413985442191        2.11331350200867
H            0.14359735210522       -4.56979102830649        2.14675250569960
H            0.04382638068548       -2.79927717017492        2.23990880228577
H           -0.14418400859273       -4.47110169250137       -0.28310989317560
H           -1.40405694262525       -3.40628597859152        0.36483239535153
H           -2.11121645523193        0.08222856211030       -1.04212539222477
H           -1.81990642566556       -2.68404696282125       -1.73584473925672
H           -2.44933418414016       -1.29610538078707       -3.67973285304402
H           -0.54955419186240       -1.79320618036112       -3.89721703897161
H           -1.24759489933780       -0.11663522601624       -3.19216499352719
H           -4.57078989826227        1.21149308684464       -0.32958711949684
H           -3.68713728124941       -0.43528715340203        1.81928367394088
H           -5.97969592925635       -0.10897323599263        1.51206176796534
H           -5.41522197081875       -1.83751243086409        1.07518681707473
H           -5.88248247751905       -0.65815833869759       -0.14284783690780
H            0.13461952261757        2.82153659728771        1.23506690544714
H           -1.73107464740765        0.68849757351795        1.44251814321131
H           -2.72743880587311        1.85567154991655        3.28267148150764
H           -2.06936545404856        3.43730871193275        2.62020610690321
H           -0.96539917684135        2.27097982358844        3.12207459866147
H            1.89352958898793        0.85969854686277       -1.17047883313961
H            1.23253682860332        3.64725754968970       -0.88360023735797
H            0.10014763082838        3.11113164637866       -3.26655425490189
H            0.77393234998840        1.52777647355600       -2.95329116598443
H            1.96228021243479        2.99644173451709       -3.20182701109656
H            3.41392667055203        0.77243377442106        2.15956445918414
H            5.33428052269521        1.89892433143248        0.85089915963762
H            4.64187750801729        1.54397950778769       -0.82135772919196
H            5.88813347853548       -0.43365335138851        1.25809094699754
H            6.27652583563170       -0.30112980653783       -0.51647851809272
H            4.10575399941819       -1.15327932846610       -1.21679544211697
H            4.54367919541041       -2.09070762272294        0.10990176796900
68
 energy: -106.529470304936 gnorm: 0.135109005792 xtb: 6.7.1-6.fc44.fc44
O            1.11286965855962       -0.38958427306417        1.23740292698136
O            0.81628552148721       -0.78167896769546       -1.63337063219142
O           -3.12319241388023       -2.58274378344984        0.08684668649714
O           -3.39088175495622        3.17086046632359        0.32532166652179
O           -1.20291671859044        1.55193564791715       -1.41984591682770
O            2.28762576354031        2.85781653743341        1.27701715407191
N            0.42757094542125       -2.58657821158058       -0.40163019775174
N           -2.26551336955507       -0.89371973377979       -1.05152148821203
N           -3.81041414795861        1.01343061818620        0.25003564867354
N           -0.51970253969906        2.27466574399853        0.62004404762480
N            1.96431342432954        1.76236787268868       -0.70359138340633
N            3.21382421637679       -0.51147156955451        0.47672814035291
C            1.98689641486427       -1.01028932495284        0.68572944882230
C            1.75930821673787       -2.46955399624343        0.16667610820067
C            1.82742213936337       -3.47430761479136        1.31791655575846
C            0.35648954291119       -3.64851488899294        1.67400022459953
C           -0.33413388332691       -3.61808346205756        0.33347750896501
C            0.04321487273929       -1.67156311096590       -1.31055332775798
C           -1.38212640943890       -1.72974674847534       -1.86998407051523
C           -1.39914137985983       -1.21608044990723       -3.29887756263233
C           -3.07476676639919       -1.36920876185965       -0.10198918594923
C           -3.90846520734503       -0.36519158222572        0.74366147157731
C           -5.38215905325789       -0.76297811393376        0.80851311101550
C           -3.00747492083735        2.05916181157374        0.55027116418642
C           -1.72926381427092        1.75878048534134        1.27409826677684
C           -1.90809295762479        2.35664331621168        2.66558220361555
C           -0.40994543025632        2.11911562708194       -0.71195287540809
C            0.95714820275248        2.66859694819506       -1.24539753300544
C            0.97379198247330        2.59941915212684       -2.76503188740220
C            2.46946012112773        1.88576408029340        0.53090629019903
C            3.49134190558139        0.83549527438469        0.94525015844159
C            4.88466071949355        1.15454476801622        0.21974360264641
C            5.51957878769060       -0.23000244925223        0.22796339436894
C            4.34622007213178       -1.10200047282682       -0.17425577412778
H            2.46832702750748       -2.68064447677992       -0.63688460897776
H            2.28135790298217       -4.39512886969186        0.96572502137678
H            2.50818167683368       -3.16614819095600        2.11856281744310
H            0.14142368339255       -4.58219125986098        2.16511348170991
H            0.03762406458229       -2.79228327397794        2.25265020677496
H           -0.15350356693555       -4.51379637237562       -0.27529945741829
H           -1.40669027014740       -3.40188928478526        0.36261446527213
H           -2.10424660732868        0.10243178468984       -1.05759436694659
H           -1.81839160463869       -2.71538149006511       -1.74297794924334
H           -2.42127217149524       -1.31375259485438       -3.69330529948280
H           -0.61504530509822       -1.74390567637768       -3.87592139850924
H           -1.22610552286672       -0.13748908857585       -3.21426172294044
H           -4.59195707572224        1.21820310791343       -0.33945779150928
H           -3.65054202430409       -0.43110739919608        1.80895204106849
H           -5.95366692736997       -0.13351808558655        1.50681329097345
H           -5.42026002829060       -1.82615794306659        1.08477345409645
H           -5.87266617985714       -0.66177175326229       -0.14384089261675
H            0.12540011584478        2.80459627695524        1.21686320183857
H           -1.69934242169464        0.68033453899081        1.42584603354974
H           -2.70044960410686        1.86994326443427        3.25675050064157
H           -2.08795516858296        3.41270949024191        2.61378442600670
H           -0.94364001950445        2.25238803706670        3.15174526774193
H            1.90240640690993        0.85454526111007       -1.16169187700461
H            1.21788916450564        3.65978463228179       -0.87201002862676
H            0.12807873951878        3.11518625762764       -3.23961254310999
H            0.79986646232756        1.54378386767743       -2.97323992887669
H            1.92293018065867        2.97336675267765       -3.18838613385473
H            3.44932674796990        0.79763821805250        2.07689939120226
H            5.36600709157538        1.91918362730445        0.85722526048041
H            4.65805309774398        1.53649364654964       -0.79704110691089
H            5.88366934931280       -0.44236900557201        1.24017770743814
H            6.29555959356526       -0.30132617738117       -0.51309491601648
H            4.12257943709459       -1.14235920523453       -1.24023237573984
H            4.53902969059218       -2.12104188676533        0.12475956124446
68
 energy: -106.561556897039 gnorm: 0.070585207990 xtb: 6.7.1-6.fc44.fc44
O            1.10616125783154       -0.39342118621423        1.25548416885178
O            0.83449728843733       -0.79079632799093       -1.66742936676127
O           -3.16531468447565       -2.58880273560006        0.12025115810876
O           -3.37321492169303        3.19657088069749        0.27464086799748
O           -1.22203841950363        1.58652387749593       -1.41844357160430
O            2.27653920845621        2.85604423961350        1.25955107030318
N            0.41371731554887       -2.56691079961763       -0.37673063453944
N           -2.27165592172402       -0.88651234397948       -1.03174562243840
N           -3.82423579281088        0.99912996082134        0.25012104812764
N           -0.55592490281081        2.28481987841894        0.63039631532685
N            1.95783526144696        1.76071735949166       -0.71252746467495
N            3.20327511410089       -0.51740800349011        0.47407139127813
C            1.97246786976461       -1.02371373577296        0.67062654631936
C            1.76885661015809       -2.45526800985213        0.16199987093720
C            1.83220425101790       -3.47880828128797        1.30448633668700
C            0.36105896062103       -3.65554449824362        1.66909405108743
C           -0.31557219248420       -3.60471910051803        0.30460188311577
C            0.03199370607872       -1.64430949543676       -1.27459126466778
C           -1.39501507900998       -1.72639339709218       -1.83956048973049
C           -1.40429854372222       -1.21064356505769       -3.27423387864558
C           -3.07597866544393       -1.38067161381716       -0.08950386020467
C           -3.90317811729358       -0.35874055765452        0.73425497589348
C           -5.38632734734050       -0.76775894492928        0.79101307932424
C           -3.02160894050688        2.05996365613796        0.55718279754165
C           -1.73404938178022        1.74214750132491        1.30043546950844
C           -1.88026261868545        2.36168749171159        2.68869944435463
C           -0.40816582934313        2.14351406380962       -0.70231391317181
C            0.94028203351462        2.66112403199818       -1.23956802802702
C            0.96275640056860        2.57957736151318       -2.76180223317199
C            2.46608021596572        1.88681608938599        0.51761902913272
C            3.49796291871353        0.83617246272602        0.91450692505021
C            4.82980428247357        1.15926550078949        0.27410691454767
C            5.51204400325320       -0.22038569526897        0.22237559537204
C            4.34757720084280       -1.11859739566381       -0.17287562587273
H            2.47797065384048       -2.67675856805246       -0.63642293849312
H            2.26915403975109       -4.41455651485187        0.94608579444738
H            2.47468593071277       -3.14418885931033        2.12559917343819
H            0.14387062623921       -4.58800153231947        2.18014552685091
H            0.03505865597840       -2.79642700508482        2.25609025147703
H           -0.16434161577621       -4.55307362921385       -0.25883161224664
H           -1.39514799933474       -3.40082217315953        0.35308434838727
H           -2.10646407275504        0.11891394403504       -1.07356200122825
H           -1.81073526660156       -2.73606888150890       -1.74133082003705
H           -2.39954014161076       -1.33749370555841       -3.70868235671708
H           -0.66163777645157       -1.71028994812344       -3.87717256658669
H           -1.19337471922879       -0.14252434789570       -3.24168790595416
H           -4.60691948386626        1.23225373142785       -0.34733426964316
H           -3.60051838320845       -0.42615729911958        1.79036895956712
H           -5.92566293753185       -0.15479816379707        1.51598744937451
H           -5.42983906393337       -1.81755242813888        1.09182085163032
H           -5.86645795980910       -0.67002302294181       -0.18335284515310
H            0.11495271448867        2.78586793058903        1.20938980618383
H           -1.64538169177564        0.65342227129690        1.40493122942270
H           -2.67471030710745        1.87481973981666        3.24533947589701
H           -2.11613662703084        3.43187478009873        2.59895856027809
H           -0.92238958273725        2.24438086491732        3.19279515380182
H            1.91239116534844        0.84576036570581       -1.15622173806659
H            1.18848376791790        3.66190017029340       -0.86345709955687
H            0.13894437558609        3.14077399654147       -3.20480107637901
H            0.83553170039632        1.52975131065886       -3.01518378229498
H            1.89693201586317        2.95118620027903       -3.17164824019352
H            3.53459349735396        0.84525948456044        2.01260144124815
H            5.36531136049131        1.92147243084487        0.86862876688604
H            4.65199618804226        1.53222497595175       -0.73706619674606
H            5.87810386900254       -0.46165475536166        1.22161594174681
H            6.31702806710223       -0.28651435137899       -0.50203851623424
H            4.14912641221320       -1.13785325472881       -1.25550417014535
H            4.52865772356376       -2.14614486154826        0.14025009546777
68
 energy: -106.569468994104 gnorm: 0.041673649300 xtb: 6.7.1-6.fc44.fc44
O            1.09180360579662       -0.42039192683235        1.24962611274709
O            0.82653477570119       -0.78973121693531       -1.65238976238344
O           -3.19528439377003       -2.58299997710024        0.15052456804993
O           -3.34282131985718        3.19140488941367        0.25078953239021
O           -1.25779318684493        1.62393540030952       -1.41739115616341
O            2.24247939458421        2.85427434923180        1.25036385717289
N            0.41250988337226       -2.55976758037240       -0.37742716090070
N           -2.27086568285544       -0.88448122003404       -1.01589871112874
N           -3.83204400462105        1.00346113815841        0.23513521401154
N           -0.58807792799746        2.29780497313848        0.62592224590251
N            1.94707410201623        1.74720910931912       -0.71242073456595
N            3.19628110195414       -0.51446093664821        0.47943958787501
C            1.97047417367977       -1.03405690190793        0.67264170603398
C            1.76763459338612       -2.45139133677029        0.15791765922584
C            1.82675301146158       -3.48266399013159        1.29474569839804
C            0.35671366870826       -3.66451223095266        1.66436409183463
C           -0.31927038436537       -3.61220418196630        0.29504972842540
C            0.03479439509195       -1.64203219847121       -1.27514180032672
C           -1.39771205072181       -1.71983441150462       -1.82411852543720
C           -1.41529969050094       -1.20086932440659       -3.25783954863033
C           -3.08151073680224       -1.38263441310955       -0.08236872968348
C           -3.89773688974851       -0.35129649345168        0.72556653449240
C           -5.37612972413986       -0.77750345107650        0.78444119665904
C           -3.02535109200177        2.05956640924090        0.54707361050485
C           -1.73984210523487        1.73787657101581        1.31293268478955
C           -1.85930490136399        2.36381844853172        2.70141401639975
C           -0.42734351051033        2.16409432888518       -0.69934917233281
C            0.92419814825676        2.64352482411016       -1.23633168361912
C            0.95700960448756        2.56530364674654       -2.75710345700888
C            2.44666785311511        1.88719679927578        0.51969277421154
C            3.48171255873255        0.83745465969507        0.92923427643384
C            4.84568478125314        1.16931810620159        0.27279281663450
C            5.50990161562455       -0.20618647679135        0.21594126957415
C            4.34731309157276       -1.11726448626882       -0.16722348872983
H            2.48449340586047       -2.66544900427255       -0.63825326720099
H            2.25591251803935       -4.42263031131052        0.93352828594837
H            2.43806468412941       -3.12677545694305        2.13022545884310
H            0.14880273966245       -4.59335903937023        2.19164313432785
H            0.02710206582833       -2.80827602023076        2.25725433864073
H           -0.16903673370818       -4.55958250276326       -0.25323427180124
H           -1.39305240205842       -3.40580104574117        0.34804152384574
H           -2.11258590456580        0.12789895699645       -1.09215168051432
H           -1.79296506783024       -2.74401334784040       -1.74614422411278
H           -2.39707478753237       -1.34692791529674       -3.70397396263756
H           -0.68198697633448       -1.71873916572880       -3.86995007634459
H           -1.17655413892810       -0.13896820039792       -3.25242408980201
H           -4.61691816452068        1.25822123284482       -0.35781413542817
H           -3.54503910218282       -0.41174102983829        1.76798354641758
H           -5.91058097559796       -0.16722135148201        1.49945127364004
H           -5.42855812744382       -1.81873675254792        1.08853162328291
H           -5.85378544344835       -0.67468245708497       -0.18881971168415
H            0.11139202392695        2.76885456956783        1.19253440932630
H           -1.60038647206973        0.64528031397474        1.38798054021802
H           -2.65161216396370        1.87194369970107        3.25182766582643
H           -2.10586350337674        3.41765848175436        2.60318291229452
H           -0.91176606804977        2.24937134339222        3.22167160153071
H            1.92169755769000        0.82728096096496       -1.14482488983673
H            1.15440081703474        3.64852957805215       -0.85765092484535
H            0.13792716845532        3.14180917934563       -3.17696505402534
H            0.84172392366985        1.52525786907798       -3.05839286999265
H            1.89679294882852        2.94426206885409       -3.14552093302313
H            3.56263075740058        0.87147425275761        2.02119752789445
H            5.37415295791816        1.92020909947559        0.85054555782358
H            4.70382822688392        1.54990408158837       -0.74514918976490
H            5.87539192982794       -0.47085929463955        1.20740893960491
H            6.33596671836925       -0.27711771504737       -0.49263933749920
H            4.17261295803451       -1.12760370117390       -1.25684642098364
H            4.51752754789158       -2.14780471180904        0.16072912496014
68
 energy: -106.571531338770 gnorm: 0.036440297072 xtb: 6.7.1-6.fc44.fc44
O            1.09330233124596       -0.42334962507385        1.26120160813523
O            0.84327002403228       -0.80324932710946       -1.67813190372650
O           -3.21444447578626       -2.57005425422169        0.16745164950259
O           -3.30009244379047        3.18520848073998        0.21280202698384
O           -1.29706525458797        1.64934866031535       -1.41838144181018
O            2.22017079002745        2.85268077929673        1.24054327625518
N            0.41432830920039       -2.55351019077518       -0.37685478972689
N           -2.26714055730882       -0.88234910596202       -1.00608888823463
N           -3.83505501584792        1.01033352942091        0.22024842625309
N           -0.60967455352340        2.30223992243681        0.61535324953697
N            1.93089911715552        1.73365630813325       -0.71189392236226
N            3.20060327593554       -0.50337758286955        0.48672011063969
C            1.97727105662185       -1.02707077678186        0.68301402406111
C            1.76895700921862       -2.44943019947964        0.15524447855728
C            1.82384242264286       -3.48230413981277        1.29026955614085
C            0.35290619710165       -3.66721748057404        1.65719737936141
C           -0.32732056752677       -3.61349114801327        0.29065243196404
C            0.03759609898109       -1.64046287208300       -1.27661158801908
C           -1.39706983296575       -1.71322774533372       -1.81726866513574
C           -1.42244646729251       -1.19985779613104       -3.25275856215434
C           -3.08751825682798       -1.37779069501914       -0.08073562077066
C           -3.89732138671885       -0.34300963339722        0.71848866321807
C           -5.36767244503828       -0.78428349232614        0.77994710791442
C           -3.02060272566964        2.05434344824895        0.53494023822371
C           -1.74083348668314        1.72939898702296        1.32214207822569
C           -1.84654847977119        2.36002311642654        2.71011848977961
C           -0.44848334414773        2.16411221405794       -0.70124618064180
C            0.90841767399659        2.62740833986905       -1.23753916398458
C            0.94820717351619        2.56407180968225       -2.75634100539446
C            2.43813839218087        1.88939043994426        0.51764405543557
C            3.49421096387291        0.85629250959654        0.91859484002610
C            4.84880053657608        1.16660586493690        0.28124803253687
C            5.51208128675337       -0.20425596157841        0.21397706318721
C            4.34830101487120       -1.11694586235681       -0.16201798356159
H            2.48356914052815       -2.66732107954452       -0.64614664734725
H            2.24751451507080       -4.42243046299192        0.92702362261175
H            2.41814071550710       -3.12107219745994        2.13027860142964
H            0.15445687548937       -4.59400459584191        2.19227562789051
H            0.02083563966301       -2.81751087314322        2.25755557811618
H           -0.17486740950501       -4.55163385620339       -0.25268744513741
H           -1.39402878030602       -3.40013173012924        0.34692438743154
H           -2.11914497215330        0.13111934975631       -1.10884517513219
H           -1.77626646408942       -2.74373785582184       -1.75014569606564
H           -2.40242681703019       -1.34660771733534       -3.69208146007839
H           -0.68277766854405       -1.73654326341238       -3.84754594829832
H           -1.17460147486663       -0.14220255929683       -3.25404006119631
H           -4.61778192834629        1.28109167680101       -0.36839795922115
H           -3.50378953815629       -0.38844415348426        1.74737477348202
H           -5.90121797182625       -0.17532831579905        1.50485247657938
H           -5.41954211879755       -1.82353269448714        1.08446791043314
H           -5.83325054648835       -0.68810647541412       -0.19848891452082
H            0.11868462641241        2.74728427030613        1.16946982701841
H           -1.58151731636837        0.64472282269741        1.39345487861885
H           -2.63356642816304        1.86254416585388        3.27125350116135
H           -2.08557103823502        3.41060442906856        2.60580395023740
H           -0.90607899981432        2.24921265300617        3.24217339810126
H            1.92376010831870        0.81106996758554       -1.13739621197300
H            1.12511722432149        3.63396162585075       -0.85628604042868
H            0.13206469259196        3.14787105543963       -3.16707748919664
H            0.82724572051546        1.53185624148554       -3.07461008876682
H            1.89778891845872        2.95053648484367       -3.12429537516483
H            3.56310028807400        0.88247027983293        2.01078554764680
H            5.41168289087215        1.90645660904559        0.85522747002618
H            4.65320755812470        1.54924504234742       -0.69166956591400
H            5.89137978420902       -0.48632182881818        1.19590673199731
H            6.33115031198558       -0.26177877996049       -0.50017408692246
H            4.18941409808100       -1.12347106741771       -1.25320140195506
H            4.50710965932198       -2.14611612521725        0.17991988990649
68
 energy: -106.571221865482 gnorm: 0.047571381664 xtb: 6.7.1-6.fc44.fc44
O            1.09096343521039       -0.42860428545462        1.27879931574880
O            0.85822686008052       -0.81696165046450       -1.70007033017640
O           -3.22821017406483       -2.55799912062190        0.17700090130882
O           -3.25864320824288        3.18254821024442        0.17290634708107
O           -1.32270423122342        1.65840984755946       -1.42254564528775
O            2.19930913724985        2.84710001802991        1.23956935321815
N            0.41665169683182       -2.55461692661935       -0.37904917887258
N           -2.25967774936680       -0.88295175237177       -0.99678436883218
N           -3.83526083755176        1.01650653094122        0.21031128152561
N           -0.62145801022521        2.30026356911881        0.60742951242288
N            1.91879888961724        1.71968035778207       -0.70515752302670
N            3.19713633025001       -0.49720599035868        0.49121477220984
C            1.97605861479398       -1.02431629804692        0.68639861602187
C            1.76859678861300       -2.45538912422637        0.15241459798472
C            1.82222430203687       -3.48474099532710        1.28851282373046
C            0.34953936877551       -3.66741219766045        1.65083209284540
C           -0.33450392836024       -3.60718886223744        0.28831889501301
C            0.04076682436002       -1.64457336232293       -1.28105559636621
C           -1.39523030180379       -1.71030738336838       -1.81441550526471
C           -1.42671874150151       -1.20350050823987       -3.25171422209723
C           -3.09042655140012       -1.37174328225254       -0.07761666084314
C           -3.89708033495768       -0.33477880396416        0.71735420394748
C           -5.35798162636744       -0.78858756792951        0.78077781987130
C           -3.01242220158625        2.04566864099588        0.52551073046372
C           -1.73873611196770        1.71874664573585        1.32963317680950
C           -1.83466764570175        2.34988443435309        2.71641814047840
C           -0.46434459510672        2.15395582594681       -0.70187140142254
C            0.89848866042275        2.61196388188595       -1.23489162971541
C            0.93894010839543        2.56647665714495       -2.75218711736365
C            2.43437399762848        1.88964857871150        0.52292046519747
C            3.49448875017700        0.86251182612925        0.92962468446531
C            4.82829975924386        1.16604536176344        0.29180883950035
C            5.50087342757743       -0.19921632031784        0.22045966923797
C            4.34224851134988       -1.11477729222531       -0.15978021838150
H            2.48123307561778       -2.66907504194686       -0.65309667126474
H            2.24227005021693       -4.42345654961148        0.92482262827010
H            2.40826634995108       -3.12391545692009        2.12865061062901
H            0.15608041855758       -4.59300775158040        2.18796208432482
H            0.01786453783989       -2.82496255084429        2.25857941668415
H           -0.18716573845900       -4.54808813722150       -0.24892067772680
H           -1.39424937980421       -3.38482747350817        0.34899977379248
H           -2.12205721984683        0.12857460163299       -1.11981385958561
H           -1.76210908056871       -2.74235785674220       -1.75433815336607
H           -2.40921081079453       -1.34462013022760       -3.68150062616821
H           -0.68591674762549       -1.74234363884300       -3.84076886697301
H           -1.17492010716651       -0.14791329927186       -3.25703986196452
H           -4.61412765857981        1.29796791697352       -0.37458365658775
H           -3.47359649385697       -0.36132920713505        1.73380330060163
H           -5.90287256403166       -0.17913621669200        1.50147714665123
H           -5.40527163044726       -1.82855367384560        1.08718452510070
H           -5.81474195108726       -0.69903028429529       -0.20406029541384
H            0.12825257713911        2.72330797512332        1.15100662641326
H           -1.57139044411632        0.64223016797521        1.40469100770906
H           -2.62138568014851        1.86681440206310        3.29180271626642
H           -2.07503493372378        3.40798085253207        2.61048808550481
H           -0.89915125874356        2.24330693554756        3.25654976314004
H            1.92634129495661        0.79667342087044       -1.12766113286907
H            1.10465072328859        3.61840445957500       -0.85222513286919
H            0.12726529466084        3.16388475357854       -3.15912628311049
H            0.81680448239843        1.53771334521604       -3.08071515536380
H            1.89126715840205        2.95413390738576       -3.11267599499255
H            3.54797631205971        0.88947060193894        2.02672649183009
H            5.40771442085981        1.90000313659496        0.86117729746792
H            4.73326824202362        1.57468237846618       -0.75811761715248
H            5.88690019463720       -0.48839333162739        1.19901116001513
H            6.31725755340486       -0.23669750843199       -0.49661710175004
H            4.19914533998293       -1.11809822012209       -1.25053416280912
H            4.49453213511678       -2.14025362556834        0.19137344991974
68
 energy: -106.573269489113 gnorm: 0.015413671639 xtb: 6.7.1-6.fc44.fc44
O            1.09425892236820       -0.43342968016271        1.27405479182554
O            0.84733640567666       -0.81135051448598       -1.68132761733111
O           -3.22329027560885       -2.55967195310513        0.17052299870903
O           -3.26692479659252        3.18237227266780        0.18738749876469
O           -1.30748417330981        1.64185908386335       -1.42704170038909
O            2.19442007761145        2.84343399883505        1.24226603182070
N            0.41851525777773       -2.56008476806721       -0.38224951593477
N           -2.25411767775747       -0.88595472573597       -0.99778747087848
N           -3.83221793431023        1.01826096996063        0.21162443840191
N           -0.61248603700578        2.29350314733978        0.60942478579827
N            1.91666505130032        1.72067129346216       -0.70487046810173
N            3.19740978601607       -0.50051794840813        0.48717065811182
C            1.97699074766892       -1.02969083085221        0.68144977086944
C            1.76789468946944       -2.45830028231656        0.15423615297270
C            1.82217939262924       -3.48543568451093        1.29180114280778
C            0.34919103842813       -3.66488528040924        1.65312408581698
C           -0.33283656818845       -3.59797914936101        0.29024880598448
C            0.04521795822138       -1.65044413267319       -1.28763712212504
C           -1.39171982155045       -1.71459901754855       -1.81864719636421
C           -1.42325317381464       -1.20613605000516       -3.25509461762193
C           -3.08540490746920       -1.37045356665905       -0.07712816860889
C           -3.89413048933459       -0.33118148297938        0.72112494643936
C           -5.35489284964475       -0.78313366633627        0.78434969608013
C           -3.00885167281566        2.04719842532990        0.52447989655920
C           -1.73633658375101        1.72028287402431        1.32568166417517
C           -1.83615514654068        2.34768758522181        2.71163929394690
C           -0.46150521092644        2.14701921058333       -0.70366663082130
C            0.89880900278815        2.61456153706429       -1.23466622598941
C            0.93774648435154        2.57059497452155       -2.75266949433831
C            2.43104117482485        1.88649112609509        0.52273145491379
C            3.48615684911834        0.85631870475491        0.93208328695397
C            4.84469801255717        1.17164264352476        0.28538666728041
C            5.50663701182324       -0.19765377943252        0.21798117869361
C            4.34429432342797       -1.11175280106866       -0.16316230811585
H            2.48207960877814       -2.66373196368946       -0.64684371001796
H            2.24443065777931       -4.42327172571362        0.92912901546042
H            2.41546998572600       -3.13004529451719        2.13044785325639
H            0.15066506791847       -4.59234714876902        2.18344294898874
H            0.01937551533326       -2.82290742587119        2.26155628094049
H           -0.19383272244468       -4.55010868802421       -0.24663122274186
H           -1.39483302267748       -3.37509590976166        0.35338631766063
H           -2.11710991287916        0.12307382329427       -1.11585773171674
H           -1.76256424365108       -2.74322293655025       -1.75513843402357
H           -2.41030422552174       -1.34432836860406       -3.68257101024684
H           -0.69376602747997       -1.73567961347387       -3.85964037103623
H           -1.17485236715587       -0.14818369190110       -3.25972130017347
H           -4.61087880145385        1.29522061198001       -0.37266597998265
H           -3.48324165233498       -0.35523934220275        1.73956107531825
H           -5.91315712399573       -0.17319427459294        1.48499994901898
H           -5.39732180824827       -1.82518107558405        1.09348691987337
H           -5.81619937983166       -0.69538285659466       -0.19734487649215
H            0.12979265332954        2.71981577729966        1.15505537164599
H           -1.57635412703797        0.64067055024195        1.40252865001263
H           -2.62612746234493        1.87714278981994        3.28811231199492
H           -2.07411737080371        3.40760200641620        2.61481880748646
H           -0.89651264483766        2.23577203973726        3.24744781238672
H            1.92118481596011        0.80000402988985       -1.13198085405112
H            1.10902403884108        3.61940575686570       -0.85130339851708
H            0.12731401255903        3.16907516242720       -3.16298409829455
H            0.81761729062140        1.54008219313120       -3.08003450382418
H            1.88510196788481        2.95096063245505       -3.12217432803107
H            3.55966812357417        0.89600359475678        2.03071950257757
H            5.39947287186142        1.89778694669600        0.86644647093139
H            4.68593698349378        1.56538826973472       -0.72514924125771
H            5.89198792004205       -0.48097826409631        1.19867622475725
H            6.31869977765722       -0.23954962029486       -0.50298028911954
H            4.19728155345457       -1.12000886901721       -1.25153947562513
H            4.50002285574539       -2.13516208524681        0.18551227832121
68
 energy: -106.573454319725 gnorm: 0.012003395670 xtb: 6.7.1-6.fc44.fc44
O            1.09274438652400       -0.43426706156041        1.27064178844226
O            0.85442889644752       -0.81229457299028       -1.69052713650192
O           -3.22416766488489       -2.56075385126767        0.16684728472766
O           -3.26912934278042        3.18376125320293        0.19183406965751
O           -1.30375072006726        1.63527897094344       -1.43010348931731
O            2.18395841247111        2.83940653668080        1.24468257010086
N            0.41777543986278       -2.55452003757500       -0.37824906901465
N           -2.25039584978284       -0.88656615814739       -0.99662357116603
N           -3.83230785692403        1.02086070733467        0.21154770410449
N           -0.60926553296619        2.29096923945856        0.61036909006950
N            1.91768578855390        1.72162289570058       -0.70542747621402
N            3.19635628442312       -0.50026665300845        0.49063180911982
C            1.97717697576019       -1.03186993979879        0.68694290091475
C            1.76895108472179       -2.45467682905690        0.15674030915369
C            1.82201515990255       -3.48442547693276        1.29230962478226
C            0.34934189577368       -3.66726470842894        1.65509841071981
C           -0.33294874918200       -3.59864281718132        0.29243019638620
C            0.04678875643556       -1.64549353980332       -1.28617371829550
C           -1.39008296335443       -1.71550651414255       -1.81904856653510
C           -1.42453883320408       -1.20418227617975       -3.25475493881764
C           -3.08391806652795       -1.37046812902921       -0.07768878434102
C           -3.89245380036388       -0.32790894784964        0.72199270000995
C           -5.35344237277234       -0.77878927609845        0.78342423625980
C           -3.00790552090283        2.04954478744102        0.52292787259504
C           -1.73641040238328        1.72224308614811        1.32444555076110
C           -1.83709279480296        2.35079308312643        2.70875168536263
C           -0.46019582786273        2.14418861981726       -0.70523549114317
C            0.89914576972092        2.61513219460962       -1.23436094275452
C            0.94042935582657        2.57233170468977       -2.75304139412654
C            2.42679294789335        1.88450428897431        0.52375305856550
C            3.48360664025387        0.85645543013408        0.93321539992861
C            4.84003976907562        1.17589609877304        0.28627548145983
C            5.50570205315161       -0.19388439552624        0.21672936306404
C            4.34292394988374       -1.11062682362619       -0.16042821033463
H            2.48329632879888       -2.66673055461549       -0.64377949646277
H            2.24522674429178       -4.42205058901191        0.92889340811329
H            2.41732017646773       -3.13051712131626        2.13246903332936
H            0.15124023868462       -4.59717987210325        2.18133407152277
H            0.01813321233469       -2.82745219871072        2.26655266891211
H           -0.19620325486619       -4.54414361751050       -0.24983215091038
H           -1.39675500350434       -3.37564746455751        0.35998802789750
H           -2.11561479699420        0.12198355111296       -1.11612911992592
H           -1.76083594257232       -2.74406631366676       -1.75533268149913
H           -2.41489042182370       -1.34105688822528       -3.67891939824654
H           -0.70380435791104       -1.74546513340213       -3.86544956952468
H           -1.17533605382813       -0.14548093362613       -3.25947102097954
H           -4.61057659950366        1.29732690582491       -0.37345562601655
H           -3.48543598997739       -0.35315823674444        1.74099333739546
H           -5.91087160682375       -0.17155425348459        1.49293400584420
H           -5.39289934354743       -1.81998469611963        1.09445616410462
H           -5.81152424677270       -0.70007038327028       -0.20187651216350
H            0.13587005559485        2.71180057795578        1.15591490452503
H           -1.57662808759315        0.63887875415684        1.39946463189546
H           -2.62586874915178        1.86490250460749        3.28266542096181
H           -2.05588690993019        3.41045889360164        2.60959816356357
H           -0.89512744602441        2.23057015560884        3.24242381668961
H            1.92378912289806        0.80267536750203       -1.13639833958474
H            1.10922778479468        3.61952570806032       -0.84952125584308
H            0.12765656520611        3.16321363659635       -3.16117631182778
H            0.80949148418115        1.54508847779693       -3.08424752819610
H            1.88866755118418        2.95509315504190       -3.12121602710481
H            3.54052354234229        0.87563412674618        2.02377824039129
H            5.40975019586939        1.90455204920833        0.86401653605263
H            4.67610233215753        1.56997138913079       -0.71433871618526
H            5.89554832453767       -0.47309985150916        1.19582806477328
H            6.31520733229385       -0.23620392593775       -0.50814400101381
H            4.19437513945698       -1.12204345511405       -1.24776828302226
H            4.50078308710950       -2.13272308948535        0.18940490069720
68
 energy: -106.573659405042 gnorm: 0.006987803185 xtb: 6.7.1-6.fc44.fc44
O            1.09324979348794       -0.43434283039426        1.27321037258552
O            0.85680158159984       -0.81440829543938       -1.69350325465246
O           -3.22645539013837       -2.56032344304493        0.16540634390843
O           -3.25793642506194        3.18277655271632        0.18433423140897
O           -1.30705846219081        1.63400281963361       -1.43220675538566
O            2.17349455199045        2.83565840271566        1.24390748032780
N            0.41847875794607       -2.55358293330199       -0.37813971233559
N           -2.24632922103768       -0.88799548382205       -0.99417125269982
N           -3.83144223273177        1.02229983747818        0.21113346558181
N           -0.60763968354095        2.28819096610100        0.60822690028032
N            1.91599405936483        1.71924189079998       -0.70681636369234
N            3.19560993723174       -0.49937803390814        0.49012823936824
C            1.97703341792467       -1.03190702604045        0.68717495259791
C            1.76974091905013       -2.45513011188103        0.15696948410190
C            1.82176152325208       -3.48564116868731        1.29192276118398
C            0.34902272493287       -3.66882491181519        1.65484741379115
C           -0.33474617463269       -3.59731806207731        0.29348473845515
C            0.04916551169745       -1.64628599462012       -1.28877376788852
C           -1.38867985599531       -1.71662242427625       -1.81969662875062
C           -1.42825585637678       -1.20434749277015       -3.25496912295820
C           -3.08368211800212       -1.37057017944232       -0.07804566864570
C           -3.89147734114478       -0.32653787555181        0.72246676967515
C           -5.35072628480983       -0.77928738436515        0.78386725011667
C           -3.00383985849853        2.04740166911201        0.52155062523556
C           -1.73375256015183        1.71815957077428        1.32469231578935
C           -1.83178760423909        2.34801435360048        2.70805737019745
C           -0.46213596440298        2.14098801739469       -0.70763359322684
C            0.89777201043660        2.61259652267711       -1.23612145334369
C            0.93828795008881        2.57389538790493       -2.75473030011862
C            2.42246925657555        1.88246374657797        0.52348097330771
C            3.48225629780442        0.85798439378496        0.93270593947804
C            4.83369487935090        1.17663636806465        0.29250724406322
C            5.50361744368422       -0.19274364345970        0.21735789628453
C            4.34187036092415       -1.10997848162930       -0.16104432660640
H            2.48392306637159       -2.66888319492028       -0.64387810004734
H            2.24480388217029       -4.42318232276518        0.92825261148873
H            2.41749620553932       -3.13275906328176        2.13237904569310
H            0.15116723460582       -4.60021613810979        2.17864845599293
H            0.01799593702329       -2.83133974578035        2.26948166302945
H           -0.20150462329996       -4.53976335057648       -0.25145852629353
H           -1.39739306373964       -3.37026480708642        0.36392606364485
H           -2.11457331777164        0.12022119622926       -1.11781923808176
H           -1.75753027009190       -2.74537668775208       -1.75688559153384
H           -2.42208328152580       -1.33665132348886       -3.67310565618575
H           -0.70733040484638       -1.74600768782738       -3.86412296047951
H           -1.17527927505142       -0.14676897858521       -3.25992010387974
H           -4.60850959537210        1.30047670767992       -0.37437676891893
H           -3.48178480575013       -0.34966445164334        1.74010415252782
H           -5.91178035946326       -0.17036007283224        1.48872530524601
H           -5.38856552441178       -1.81976787854904        1.09647380122510
H           -5.80850786330773       -0.70138692271463       -0.19988370267926
H            0.14397658734662        2.70065875051103        1.15229372970846
H           -1.57653293233439        0.63537949256353        1.40212538395787
H           -2.62500051649749        1.87755159958466        3.28293054873454
H           -2.05350520592786        3.40595262664718        2.61086336042883
H           -0.89005076892383        2.22711267225415        3.24131115016652
H            1.92482098885538        0.80132347499094       -1.13978070419662
H            1.10663294132090        3.61654965231555       -0.84997208456402
H            0.12591287065135        3.17320266286267       -3.15748071198058
H            0.80719225053482        1.54680057805482       -3.08743108731560
H            1.88807589202238        2.95757980675716       -3.12034025730201
H            3.54845976672092        0.88868958277800        2.02848513868281
H            5.39970078706352        1.90095851165572        0.87290181626949
H            4.67443180850549        1.57390612221264       -0.70942866056627
H            5.89553406554101       -0.47252962735766        1.19555918325051
H            6.31215268928340       -0.22959404272098       -0.50918591514501
H            4.19566518133825       -1.12212354745781       -1.24811592784653
H            4.49942138433310       -2.13118075308521        0.19073169532068
68
 energy: -106.573745474127 gnorm: 0.005786914784 xtb: 6.7.1-6.fc44.fc44
O            1.09293818037261       -0.43537027503428        1.27845731405543
O            0.85931158053846       -0.81861435538603       -1.69665274252670
O           -3.23058615200028       -2.55973936361763        0.16423015583286
O           -3.24682092372812        3.18090002779649        0.17600194821878
O           -1.30940286980057        1.63297225101743       -1.43365912371012
O            2.15941100228620        2.83001631134065        1.24613197712963
N            0.41922489355905       -2.55409963981625       -0.37790609094825
N           -2.24126193156628       -0.88939077096203       -0.98941650506998
N           -3.83015284131281        1.02299636458812        0.21092204965697
N           -0.60618099366282        2.28443209316656        0.60727779731144
N            1.91554199042880        1.71725436618740       -0.70720798037847
N            3.19443118703034       -0.49725596801999        0.49073796884460
C            1.97632817044111       -1.03175178031185        0.68715734940847
C            1.77036391371483       -2.45664730284472        0.15781619856039
C            1.82166239361957       -3.48835129686637        1.29177904188046
C            0.34869680294309       -3.66963648424855        1.65422890641786
C           -0.33645882167611       -3.59210973026453        0.29383903365168
C            0.05189412645923       -1.64907519780844       -1.29170005509366
C           -1.38743122243220       -1.71807786252434       -1.81900347906936
C           -1.43249613714133       -1.20501959610689       -3.25401648143365
C           -3.08389185401376       -1.37060689391292       -0.07763509934834
C           -3.89121017031441       -0.32534661755125        0.72307820233108
C           -5.34858780276830       -0.78033160752385        0.78408881697456
C           -2.99908224419610        2.04450639506565        0.51973163599594
C           -1.73117455050049        1.71425115871802        1.32559955634482
C           -1.82645461894150        2.34724275801972        2.70790585831986
C           -0.46342302462983        2.13690083681519       -0.70876035620747
C            0.89645411720731        2.60995592027017       -1.23669315611187
C            0.93602483592574        2.57697662515856       -2.75535866363296
C            2.41796265781136        1.88010980224626        0.52546148797596
C            3.47985858388737        0.85933277537043        0.93650847892468
C            4.83255148655896        1.18003941111135        0.29447765980305
C            5.50189794377674       -0.18882271109214        0.21705384962234
C            4.34081799736035       -1.10721541610412       -0.16040019860341
H            2.48462835881233       -2.66697794847739       -0.64296678258424
H            2.24395567990577       -4.42594919633728        0.92733050704302
H            2.41778256272278       -3.13684093701815        2.13225225098122
H            0.14940270179956       -4.60279721826196        2.17485364080477
H            0.01922728166643       -2.83469659727941        2.27273865736835
H           -0.21188250323339       -4.53916074359654       -0.25039530851205
H           -1.39673675813050       -3.35830204819216        0.36749285320735
H           -2.11241211068936        0.11858981959924       -1.11803726754062
H           -1.75443776273827       -2.74698683509286       -1.75755917845094
H           -2.42967134432580       -1.33071506124973       -3.66589542571538
H           -0.71682109906591       -1.74340035941218       -3.86873177678384
H           -1.17330916956654       -0.14928948168678       -3.26078698065566
H           -4.60573772815239        1.30241894489328       -0.37560097686386
H           -3.47847124318461       -0.34615264472175        1.73928476004299
H           -5.91311746604822       -0.16887847056603        1.48254731087132
H           -5.38471396081131       -1.81958073167211        1.10107157766802
H           -5.80472343869243       -0.70457087001993       -0.20064479633902
H            0.15163540880965        2.68675083117489        1.14961123401709
H           -1.57515424865769        0.63263285191216        1.40638862032486
H           -2.62077861718220        1.87929230191139        3.28459570083282
H           -2.04766122757520        3.40916816038700        2.60286725959375
H           -0.88526668623164        2.22486904085180        3.24036053564078
H            1.92852872879041        0.80077862226333       -1.14333953864703
H            1.10292873767464        3.61342577049866       -0.84859393154906
H            0.12649644958622        3.18143281736687       -3.15608474673295
H            0.80729187818796        1.55056863701046       -3.09195157627317
H            1.88543172545187        2.95779787513834       -3.12147894002410
H            3.53780604094035        0.88951205640137        2.03319998375774
H            5.39786992374807        1.90097591755227        0.87650279798711
H            4.67760439737807        1.58031501623917       -0.70882078002155
H            5.89695131419957       -0.46893881555652        1.19395492453387
H            6.30881013042004       -0.22377625958634       -0.51132894311598
H            4.19724459934886       -1.12078036266045       -1.24727468206012
H            4.49835141490617       -2.12753074531681        0.19395133785395
68
 energy: -106.573806128254 gnorm: 0.004419458987 xtb: 6.7.1-6.fc44.fc44
O            1.09225857624929       -0.43653677419304        1.27835650142307
O            0.86331334517777       -0.82298032455548       -1.70236101211218
O           -3.23412699807260       -2.56036702388130        0.16079594807767
O           -3.24447286017917        3.17842779338481        0.17735035391906
O           -1.30918659630914        1.63073021370385       -1.43629026214536
O            2.14786449984531        2.82564414469421        1.24662662895382
N            0.41928903251770       -2.55341984460345       -0.37694861610283
N           -2.23662097128172       -0.89009569156144       -0.98519734051589
N           -3.82950628661523        1.02318984438307        0.21098933315885
N           -0.60395541388384        2.28068926749205        0.60579985169927
N            1.91627091297918        1.71748930960968       -0.70995593147545
N            3.19376863106272       -0.49658197375845        0.49240496421184
C            1.97660410406251       -1.03296819335351        0.68966282869583
C            1.77055779464433       -2.45701559547253        0.15926908626823
C            1.82134821458866       -3.49038068472350        1.29171201072440
C            0.34853005996350       -3.67149064394195        1.65439002685695
C           -0.33848083654940       -3.58901481355328        0.29528843283997
C            0.05409969091217       -1.65053035660521       -1.29395592455591
C           -1.38628961768955       -1.71875171503549       -1.81869984089393
C           -1.43587705272312       -1.20317593804671       -3.25278501793829
C           -3.08414926623564       -1.37104745175589       -0.07796607276550
C           -3.89118651584432       -0.32506801266652        0.72345190701636
C           -5.34794430648169       -0.78032193027175        0.78387866367669
C           -2.99586621446269        2.04292063891347        0.51758603128382
C           -1.72953461761375        1.71253583707386        1.32391301186776
C           -1.82292049828810        2.34733582908125        2.70544726572093
C           -0.46354578870264        2.13389364027391       -0.71116260539118
C            0.89578471619105        2.60943015531442       -1.23876674935293
C            0.93600762778079        2.57999779088192       -2.75748732134984
C            2.41419823258546        1.87857751731581        0.52500272573847
C            3.47653480176454        0.86030509691167        0.93764546898274
C            4.83134722479079        1.18327873266321        0.29976038632988
C            5.50063188945188       -0.18553615995082        0.21839539525581
C            4.34049302929206       -1.10526735912693       -0.15840870518808
H            2.48501595070944       -2.66549051015347       -0.64149183549912
H            2.24363169577995       -4.42756387609405        0.92592276595483
H            2.41890146997024       -3.14068455672164        2.13211926045368
H            0.14864809183006       -4.60703001060599        2.17085211821966
H            0.02012764480917       -2.83911869966021        2.27678816637712
H           -0.22070871517273       -4.53595054676068       -0.25111448839378
H           -1.39753503968997       -3.34996568323653        0.37236197400820
H           -2.10922635578952        0.11751754495918       -1.11575689892025
H           -1.75326141972079       -2.74745567216763       -1.75808829461216
H           -2.43656910921848       -1.32227278735735       -3.65858874916427
H           -0.73073737242973       -1.74939379434916       -3.87462093931022
H           -1.17161783131445       -0.14875972642912       -3.25896450419567
H           -4.60462574003440        1.30230143659547       -0.37588585322308
H           -3.47877427263149       -0.34613368624097        1.73957142959422
H           -5.91348285097932       -0.16705103754425        1.48080878903381
H           -5.38296753009080       -1.81817780505689        1.10497164883359
H           -5.80214010122705       -0.71009150788882       -0.20298520062505
H            0.15745980453778        2.67477426265529        1.14771303594507
H           -1.57411104987657        0.63040721214545        1.40631189869370
H           -2.61896488435805        1.88450324957211        3.28322050413056
H           -2.03970377325997        3.40919846029648        2.60336243563763
H           -0.88166351302707        2.22163618113373        3.23639767893985
H            1.93200582429643        0.80259823081067       -1.14952050076516
H            1.10082760558415        3.61237836209152       -0.84877282841945
H            0.12786387710692        3.18441324861446       -3.15740362597394
H            0.80334168322956        1.55552520319989       -3.09705031663158
H            1.88604901495282        2.96026003171073       -3.12274658525956
H            3.53967520607971        0.89051377772521        2.03440212962174
H            5.39857619538667        1.90210340601529        0.88382049985647
H            4.67914573989622        1.58704824334341       -0.70408996461625
H            5.89866512925630       -0.46597398139820        1.19400941286293
H            6.30566769431742       -0.21855618186236       -0.51213553577227
H            4.19764228035879       -1.12096425235386       -1.24508059488658
H            4.49941378309118       -2.12481229625593        0.19750922097769
68
 energy: -106.573842748360 gnorm: 0.004107654561 xtb: 6.7.1-6.fc44.fc44
O            1.09228242476768       -0.43564975943880        1.27707584813451
O            0.86645580009662       -0.82640900023955       -1.70787568205388
O           -3.23837380045968       -2.56251233781359        0.15602442985665
O           -3.24149887757875        3.17722434069628        0.17196759489590
O           -1.30927715891956        1.62992482547915       -1.43915086132672
O            2.13924791029759        2.82121237112815        1.24718160546915
N            0.41961611783549       -2.55116972245873       -0.37553392491739
N           -2.23186805024218       -0.89076386007510       -0.98009883781432
N           -3.83026918086226        1.02260169670833        0.21319429639107
N           -0.60186185201106        2.27683683404645        0.60433084121658
N            1.92010520928386        1.71833987531260       -0.71308975013046
N            3.19421416948569       -0.49575706746666        0.49460037902941
C            1.97755439431257       -1.03311700992313        0.69277183153483
C            1.77130016330466       -2.45561338397550        0.16095381971511
C            1.82141080737649       -3.49169790797091        1.29100241782971
C            0.34910018637543       -3.67421750666115        1.65487239686279
C           -0.34045052735517       -3.58665612442124        0.29737703172907
C            0.05644001197895       -1.65123495155311       -1.29632120073384
C           -1.38530431655688       -1.71920160076231       -1.81800229579863
C           -1.44076876034378       -1.20072986119442       -3.25095514354333
C           -3.08465018538056       -1.37254542001443       -0.07834657762753
C           -3.89147187462837       -0.32633799348332        0.72383061091191
C           -5.34847155911289       -0.78105040632472        0.78366513509852
C           -2.99416619271469        2.04168530354744        0.51698487813346
C           -1.72876714816619        1.71140351936599        1.32226854085616
C           -1.82016244333568        2.34890169640059        2.70293044165429
C           -0.46278655177409        2.13163387783704       -0.71379293287545
C            0.89665525407037        2.60850844400456       -1.24084397088618
C            0.93686905518272        2.58138577095134       -2.75963565052760
C            2.41367298460380        1.87725304704481        0.52422356778992
C            3.47591536497951        0.86142153418897        0.93948053307826
C            4.82992201900313        1.18631582959866        0.30292597630416
C            5.50067997880354       -0.18205078071509        0.21840207317357
C            4.34117452647874       -1.10373817040766       -0.15568739685094
H            2.48569992146442       -2.66500916976747       -0.64010097159971
H            2.24377943355242       -4.42826120311710        0.92303219769951
H            2.42029874737009       -3.14418597988555        2.13191349560610
H            0.14961005389284       -4.61293024431111        2.16621027995256
H            0.02143606185186       -2.84495120839265        2.28198613670898
H           -0.22917024404858       -4.53025309722455       -0.25296736991250
H           -1.39897422240087       -3.34311839703917        0.37863048678483
H           -2.10514861956972        0.11673783681104       -1.11144304052653
H           -1.75288714748591       -2.74788439431941       -1.75782819966168
H           -2.44573791591051       -1.31157008697998       -3.64950471142671
H           -0.74544770792016       -1.75366951076584       -3.87770020946011
H           -1.16809791632558       -0.14821075042703       -3.25784174026811
H           -4.60405248150186        1.30010276722710       -0.37622670433166
H           -3.48089991873254       -0.34942997427794        1.74074745723936
H           -5.91480814655395       -0.16480234622165        1.47700007541188
H           -5.38362645096004       -1.81695348328809        1.10934789789262
H           -5.80221741567121       -0.71621520780050       -0.20327014650263
H            0.16329246069304        2.66210611507313        1.14654553000062
H           -1.57391031255490        0.62831572410226        1.40662209824162
H           -2.61749756613673        1.88815463897956        3.28095849480089
H           -2.02853738566894        3.40995846130723        2.60057368474019
H           -0.87866117671717        2.21802663059446        3.23205921073302
H            1.93846174673143        0.80504303691359       -1.15607206071946
H            1.10036553837840        3.61120499821370       -0.84925230287692
H            0.12972286651794        3.19133467841934       -3.15603220164850
H            0.80018618953880        1.55863922828679       -3.10288884455407
H            1.88802146797097        2.96240381664636       -3.12297408119650
H            3.53155544536447        0.89020087748104        2.03453212781694
H            5.39528571246843        1.90319742334296        0.89000380644954
H            4.67593250995584        1.59220953957442       -0.69760960195798
H            5.90161308502221       -0.46190372279678        1.19289296982890
H            6.30422145376625       -0.21388471962162       -0.51393081499745
H            4.19756034021325       -1.12222435182272       -1.24229813956882
H            4.50197136991055       -2.12274646295290        0.20174284250974
68
 energy: -106.573861495297 gnorm: 0.002595087988 xtb: 6.7.1-6.fc44.fc44
O            1.09247073912603       -0.43416298729827        1.27822601749412
O            0.86728785087609       -0.82806654669638       -1.71034578424447
O           -3.24061200693995       -2.56355977026686        0.15351881986700
O           -3.24331628138912        3.17570770536685        0.17348451180283
O           -1.30868168899158        1.63093562481739       -1.44056457443982
O            2.13759286842014        2.82002073671481        1.24735489793114
N            0.41981574678915       -2.55025047835267       -0.37501986807459
N           -2.23062859261726       -0.89053694552224       -0.97768729867958
N           -3.83131988416518        1.02145275708161        0.21426190738953
N           -0.60175194054544        2.27603953475222        0.60313150967089
N            1.92169921227618        1.71924587289034       -0.71423468816687
N            3.19444058477266       -0.49563185298973        0.49530827033808
C            1.97734626704267       -1.03227462245261        0.69294516914104
C            1.77164655738144       -2.45515851735080        0.16130468497964
C            1.82187328081015       -3.49238969888425        1.29022646585536
C            0.34984871830936       -3.67527874064260        1.65490257850675
C           -0.34103385859276       -3.58545576963242        0.29825209123234
C            0.05686990563777       -1.65163568453745       -1.29703000562343
C           -1.38538673591360       -1.71876570114721       -1.81719643834022
C           -1.44320453647356       -1.19968853351539       -3.24978250051908
C           -3.08578292942890       -1.37334209024849       -0.07882081462542
C           -3.89256451376902       -0.32804285845791        0.72345014420204
C           -5.35023553628224       -0.78204259363539        0.78339991668362
C           -2.99439242678203        2.04087397673488        0.51678590164432
C           -1.72899125066486        1.71083504726208        1.32129096722373
C           -1.81933339664857        2.34885977862717        2.70209079186968
C           -0.46189404672128        2.13178357893171       -0.71499486340629
C            0.89758511574092        2.60898794446415       -1.24181126331695
C            0.93800886180298        2.58239316402325       -2.76052437074643
C            2.41345385979073        1.87687313131432        0.52406437856326
C            3.47587139824342        0.86184384934156        0.94009257664803
C            4.83078440798378        1.18650721954149        0.30394217040431
C            5.50125905683963       -0.18148879218458        0.21855131902268
C            4.34171881915721       -1.10347122730216       -0.15437362833828
H            2.48584048792966       -2.66440978611704       -0.64020649368279
H            2.24393835427996       -4.42860173676218        0.92087546611057
H            2.42090580817973       -3.14585982509956        2.13142219492535
H            0.15076708178199       -4.61516239487502        2.16438634601980
H            0.02285732785887       -2.84718604365773        2.28385575997463
H           -0.23274375245522       -4.52886130716774       -0.25280004124183
H           -1.39906417734577       -3.34001565417903        0.38061382460661
H           -2.10337396085481        0.11717646385965       -1.10848713442713
H           -1.75388667138335       -2.74736366454331       -1.75685822552606
H           -2.44997371926941       -1.30555176768337       -3.64486467200232
H           -0.75069201153831       -1.75306849430329       -3.87866228304712
H           -1.16540640496887       -0.14854716333322       -3.25756166494133
H           -4.60496763407806        1.29808881572974       -0.37604782312605
H           -3.48288886381488       -0.35249169679326        1.74107565295604
H           -5.91588103490130       -0.16360468718406        1.47562334095322
H           -5.38645750817379       -1.81701389160848        1.11187004030170
H           -5.80340971048839       -0.71939012237603       -0.20384306698236
H            0.16411540357669        2.65892442552820        1.14594684450730
H           -1.57501206868468        0.62777814402864        1.40666338225607
H           -2.61753634463242        1.88904950608329        3.28000505580820
H           -2.02597774417469        3.41104618011329        2.59559359569341
H           -0.87825245471537        2.21628744363593        3.23111838876796
H            1.94085722447091        0.80646067097388       -1.15800133454005
H            1.10072743087740        3.61166359961023       -0.84963736052697
H            0.13141170400281        3.19133349772489       -3.15745638597635
H            0.80034126157247        1.56011844413701       -3.10420016777873
H            1.89003700651200        2.96097369956788       -3.12374771947414
H            3.53265261482446        0.89282381431274        2.03613784058391
H            5.39787015958668        1.90386152110064        0.89207169776219
H            4.67646436088738        1.59451550536851       -0.69554586689612
H            5.90336646170515       -0.46176527206913        1.19251001998009
H            6.30420599615259       -0.21331752372969       -0.51435679596148
H            4.19723301694896       -1.12280410208639       -1.24125334652622
H            4.50329641055623       -2.12257554558054        0.20314961528789
68
 energy: -106.573874777730 gnorm: 0.002006208545 xtb: 6.7.1-6.fc44.fc44
O            1.09346196154817       -0.43291001025026        1.27813619598858
O            0.86782114569432       -0.82979863795088       -1.71258940606579
O           -3.24368847547040       -2.56439463676017        0.15091169150456
O           -3.24465839831739        3.17428650743794        0.17260007055562
O           -1.30761325969184        1.63196980875898       -1.44243826662397
O            2.13749670969623        2.81904192035299        1.24755672044638
N            0.41991884723594       -2.54942916927194       -0.37448293419358
N           -2.23001820859773       -0.88981251763819       -0.97472108598028
N           -3.83330082693353        1.01980002568540        0.21531593222473
N           -0.60239127821636        2.27469894339896        0.60147211877318
N            1.92315070249550        1.71982433232489       -0.71496341724770
N            3.19612616591712       -0.49558075623356        0.49605231731141
C            1.97836168053337       -1.03131413259268        0.69263459466170
C            1.77190929932509       -2.45466062069882        0.16133053819674
C            1.82286232074630       -3.49282695436986        1.28914833644106
C            0.35106938794356       -3.67569594937117        1.65473186176747
C           -0.34128163721965       -3.58310787461934        0.29898870964332
C            0.05680865974218       -1.65198838592485       -1.29736680737052
C           -1.38586430202612       -1.71747225751939       -1.81585924471232
C           -1.44529450754946       -1.19763204712609       -3.24796001522627
C           -3.08782955982047       -1.37398952192720       -0.07915852914848
C           -3.89456350313413       -0.33014211872326        0.72315241563387
C           -5.35310301950642       -0.78346935698392        0.78352583435578
C           -2.99537661339120        2.03965564911072        0.51625066450717
C           -1.72958658102781        1.70945509099078        1.31989664425148
C           -1.81860329455889        2.34856927860094        2.70076798480635
C           -0.46070769960012        2.13148612930612       -0.71618094445530
C            0.89865926926827        2.60904133226129       -1.24260889136312
C            0.93936764472914        2.58257091773196       -2.76118101522867
C            2.41376898582657        1.87650994889253        0.52401455430509
C            3.47714218874405        0.86237229732310        0.94013252661052
C            4.83263656619218        1.18666057677987        0.30439641185489
C            5.50326560951624       -0.18060637340421        0.21887728545826
C            4.34395756520868       -1.10333305197810       -0.15279766240604
H            2.48589830883898       -2.66193344391976       -0.64059183877715
H            2.24420661434111       -4.42861116060366        0.91800121375819
H            2.42182299358904       -3.14734543661844        2.13046322178271
H            0.15255593498056       -4.61653753501896        2.16270835017207
H            0.02510683376179       -2.84879182296267        2.28558399597220
H           -0.23641572730358       -4.52798648131730       -0.25159978268935
H           -1.39851129779583       -3.33571933447490        0.38207607647924
H           -2.10194397183505        0.11817689327219       -1.10458870949030
H           -1.75563821370973       -2.74599899954662       -1.75561280154789
H           -2.45363792658844       -1.29785674752583       -3.63965861224756
H           -0.75842253191764       -1.75515259594373       -3.88044395155823
H           -1.16248488259959       -0.14815459652671       -3.25583607133451
H           -4.60664049063999        1.29564672641393       -0.37614899006813
H           -3.48529808868768       -0.35560533631002        1.74143367646616
H           -5.91800534092828       -0.16205593322653        1.47376151236195
H           -5.39087013483097       -1.81746150879062        1.11549305733903
H           -5.80508919169545       -0.72313113540146       -0.20468089418735
H            0.16346213672706        2.65654906035780        1.14499634855291
H           -1.57662078996503        0.62681596886457        1.40613936482035
H           -2.61879759777349        1.89285577997216        3.27835609041768
H           -2.02520577454084        3.41141676271104        2.59476896793643
H           -0.87848137572184        2.21406807337849        3.23071878357483
H            1.94356785440469        0.80729678800906       -1.15888463105614
H            1.10099677870176        3.61188346555622       -0.85013834158135
H            0.13428558410822        3.19245993643019       -3.15920590487650
H            0.80181627173001        1.56015837155395       -3.10470434956710
H            1.89169890554824        2.95946290866692       -3.12451926948599
H            3.53274381874135        0.89128059908817        2.03600951609505
H            5.39658198670871        1.90421884122689        0.89417382904117
H            4.67873931906983        1.59568623712918       -0.69537810162672
H            5.90583518596807       -0.46135527328009        1.19262647730651
H            6.30600589634891       -0.21236129959463       -0.51417735918763
H            4.19832011765313       -1.12359493175001       -1.24003421864430
H            4.50632292531019       -2.12247366205945        0.20489583236046
68
 energy: -106.573881528643 gnorm: 0.001676679317 xtb: 6.7.1-6.fc44.fc44
O            1.09427993527142       -0.43245408324688        1.27660958198283
O            0.86762335343971       -0.83036362626145       -1.71336714901680
O           -3.24631095495924       -2.56485440687617        0.14892660328096
O           -3.24544540645522        3.17387382228555        0.17007769183686
O           -1.30687088767105        1.63148662868218       -1.44402108594197
O            2.13823700529775        2.81829909146421        1.24780273824836
N            0.41998665259045       -2.54889623429296       -0.37436514389322
N           -2.22961124060034       -0.88946911876977       -0.97257932359855
N           -3.83521330404358        1.01919892076942        0.21583275913664
N           -0.60319331906994        2.27334489845800        0.60034702794704
N            1.92382952449884        1.71942008888107       -0.71490564856836
N            3.19743373279949       -0.49635346137985        0.49657973046241
C            1.97938563574744       -1.03148143442567        0.69257105501677
C            1.77215951346214       -2.45457047291137        0.16069991617242
C            1.82377690810676       -3.49295194553938        1.28803872457729
C            0.35212668857923       -3.67582524048668        1.65458011430242
C           -0.34162581295376       -3.58144310348451        0.29981317067005
C            0.05675913633274       -1.65210851465112       -1.29789827356950
C           -1.38628188409108       -1.71663855020389       -1.81505612783698
C           -1.44700621963277       -1.19627022038714       -3.24679495000640
C           -3.08936669197980       -1.37417941027141       -0.07914226000726
C           -3.89598161954968       -0.33094171389849        0.72341379526793
C           -5.35490190534774       -0.78410243654600        0.78409715455027
C           -2.99663006685475        2.03922585529901        0.51548600482188
C           -1.73055181798033        1.70890809758486        1.31881531057158
C           -1.81910466970473        2.34835264095843        2.69952868607814
C           -0.46041594702592        2.13060891310394       -0.71693967154730
C            0.89930690512916        2.60829386879652       -1.24267488681843
C            0.94062963664781        2.58188152583651       -2.76120086597686
C            2.41445990383062        1.87604387233505        0.52410066498778
C            3.47788284568303        0.86182374848008        0.94028673759072
C            4.83306641492495        1.18715639307207        0.30500010359904
C            5.50446965913012       -0.17962438380658        0.21929170899385
C            4.34578960674774       -1.10364439846201       -0.15173462023256
H            2.48581181975277       -2.66119611486776       -0.64166609268781
H            2.24449254155511       -4.42846241015472        0.91577412980046
H            2.42318056717882       -3.14826282483388        2.12911937975846
H            0.15433804707659       -4.61729436907152        2.16157823867611
H            0.02693583734550       -2.84991816209214        2.28697599477344
H           -0.23864945224367       -4.52616960222633       -0.25111717506642
H           -1.39841338277326       -3.33294440694802        0.38372290501137
H           -2.10142343052049        0.11859735306779       -1.10207578766557
H           -1.75678461272967       -2.74502870053278       -1.75473886514921
H           -2.45674539909831       -1.29243075602674       -3.63603827432239
H           -0.76398135640344       -1.75614109414897       -3.88027551527874
H           -1.16023953310255       -0.14791579291031       -3.25505651595218
H           -4.60806268750476        1.29439387526855       -0.37650827782617
H           -3.48697202674801       -0.35638103672682        1.74191116735791
H           -5.92055141291978       -0.16041712577331        1.47112623943013
H           -5.39355773250752       -1.81739561419632        1.11827281852193
H           -5.80642765581391       -0.72562901287263       -0.20430958649512
H            0.16241732481442        2.65530223531200        1.14424896648988
H           -1.57780427772978        0.62625325214272        1.40501934292705
H           -2.62030076900491        1.89238704197656        3.27681616487493
H           -2.02147777837080        3.41189694836165        2.59401601362236
H           -0.87972146342810        2.21149957977722        3.23051436155796
H            1.94539012625565        0.80697941382338       -1.15880384278804
H            1.10119744352479        3.61125308218034       -0.85020716364358
H            0.13657116431669        3.19378591637726       -3.15959230803723
H            0.80221943271924        1.55940875587746       -3.10466671254324
H            1.89333256893933        2.95879744270079       -3.12400985735966
H            3.53513658936587        0.89335296725250        2.03650492340482
H            5.39635477311170        1.90528163982446        0.89554385732328
H            4.67993012416393        1.59661574033559       -0.69517925027856
H            5.90796526058509       -0.46031934224286        1.19270633159376
H            6.30656470373491       -0.21074222272841       -0.51444143390937
H            4.19935207041799       -1.12481900501039       -1.23902974966452
H            4.50903894104072       -2.12245569764799        0.20623397624983
68
 energy: -106.573886824914 gnorm: 0.001738079257 xtb: 6.7.1-6.fc44.fc44
O            1.09570930453445       -0.43122771654359        1.27488002652770
O            0.86807958059389       -0.83044827411889       -1.71576071688586
O           -3.25017667934647       -2.56507305750998        0.14651543172926
O           -3.24597564957193        3.17331356600177        0.16804274047331
O           -1.30576342511628        1.62955569128954       -1.44642812783842
O            2.13840099011539        2.81705787441965        1.24926030520481
N            0.42026647788399       -2.54712433395943       -0.37384806811092
N           -2.22907506007190       -0.88907624649013       -0.96972919194173
N           -3.83763411144885        1.01925305728152        0.21584341211532
N           -0.60389987031915        2.27127508753520        0.59886302443952
N            1.92451537006897        1.71829106787969       -0.71378586900030
N            3.19934733680681       -0.49701696158738        0.49714971463347
C            1.98080972564118       -1.03128840033001        0.69194834017299
C            1.77310071194873       -2.45393058083638        0.15927508840234
C            1.82548011594743       -3.49277385283909        1.28596566720328
C            0.35407951106134       -3.67577750438171        1.65450765039341
C           -0.34192411802581       -3.57960724122335        0.30131677272772
C            0.05675541006081       -1.65100635076649       -1.29820918254666
C           -1.38683157684617       -1.71572457136339       -1.81375486975466
C           -1.44968575910392       -1.19493175114556       -3.24517429290588
C           -3.09151710869954       -1.37397786409054       -0.07891124088371
C           -3.89800932250003       -0.33064450124521        0.72391129181938
C           -5.35706751048992       -0.78380759180619        0.78468667855476
C           -2.99798081277445        2.03881405100574        0.51393704579060
C           -1.73153872155826        1.70761658144330        1.31725886595293
C           -1.81939065546816        2.34594740022018        2.69781954213608
C           -0.46029920714080        2.12906589491183       -0.71808583631124
C            0.90031013187689        2.60687463019618       -1.24202144079157
C            0.94299236841392        2.58078430026255       -2.76059126101428
C            2.41511616279381        1.87525518266371        0.52515518510229
C            3.47909287330360        0.86105595572037        0.94124092979948
C            4.83308780002359        1.18812010498513        0.30486802275722
C            5.50628108373574       -0.17793391478992        0.21940272032065
C            4.34837651695964       -1.10377034864819       -0.15058467148084
H            2.48576322872123       -2.66171268663694       -0.64411143472290
H            2.24509908557931       -4.42819172742453        0.91251394786414
H            2.42608720960940       -3.14910439511991        2.12658783318476
H            0.15748193533632       -4.61800303116935        2.16046912579885
H            0.02989839972157       -2.85125696475913        2.28911768219959
H           -0.24108551294311       -4.52311859357758       -0.25071540093267
H           -1.39843724260135       -3.33012127732157        0.38703696493211
H           -2.10165654136439        0.11904193872336       -1.09972457597631
H           -1.75769610721774       -2.74393566593984       -1.75302701204822
H           -2.46167958186229       -1.28556339496049       -3.63082369485830
H           -0.77151448181527       -1.75698042088627       -3.88072268508768
H           -1.15696678252408       -0.14797169363014       -3.25490654923903
H           -4.60996633166227        1.29433961548787       -0.37708646605306
H           -3.48917634381650       -0.35517545901060        1.74229000405761
H           -5.92373819054919       -0.15787457340465        1.46916350173152
H           -5.39625339851826       -1.81599399342737        1.12196856293802
H           -5.80757557865357       -0.72929045505248       -0.20433187943182
H            0.16117319981973        2.65424990362677        1.14308977853650
H           -1.57926153946655        0.62446320707798        1.40248645045868
H           -2.62383022193008        1.89581311948211        3.27408600954520
H           -2.01842203197368        3.40959584525514        2.59247902890816
H           -0.88140550237541        2.20634931053918        3.23063012932153
H            1.94817034050531        0.80602683211819       -1.15796193390984
H            1.10157866419441        3.60990846344474       -0.84954074450412
H            0.13941268030859        3.19309324486006       -3.15933109746599
H            0.80280805146950        1.55864432945384       -3.10438386490396
H            1.89685880816840        2.95630472923920       -3.12235483446853
H            3.53419541752266        0.89312305343231        2.03697895836026
H            5.39461492493788        1.90699413137662        0.89600950051487
H            4.67987219591657        1.59693156169704       -0.69477098177890
H            5.91119023092219       -0.45766983964393        1.19241534842014
H            6.30753019521161       -0.20814663996965       -0.51542534047666
H            4.20116062021883       -1.12636796677971       -1.23769083695729
H            4.51254599312128       -2.12191232586922        0.20821049503985
68
 energy: -106.573890331676 gnorm: 0.001483587367 xtb: 6.7.1-6.fc44.fc44
O            1.09652756133764       -0.43105597386411        1.27382558421545
O            0.86749593424515       -0.82967988346078       -1.71609395313042
O           -3.25209407421197       -2.56485714041047        0.14575018924465
O           -3.24448654062828        3.17300041301127        0.16522013174733
O           -1.30532458279212        1.62794365143042       -1.44719344004123
O            2.13683603777429        2.81629202716582        1.25051577402969
N            0.42043679335877       -2.54616642288730       -0.37388623882618
N           -2.22892687108130       -0.88894447397811       -0.96820858909098
N           -3.83883445985015        1.01969602936604        0.21530505531889
N           -0.60409530292288        2.27010491869564        0.59852481428456
N            1.92367993508062        1.71733104210595       -0.71273360162497
N            3.20050336161576       -0.49690127505963        0.49710537961873
C            1.98166941135676       -1.03099832646789        0.69068322111050
C            1.77360824051863       -2.45342509099034        0.15803191507044
C            1.82677694793685       -3.49281901302852        1.28429200924729
C            0.35566925104677       -3.67540106631831        1.65453258855711
C           -0.34168241371120       -3.57838971915285        0.30214607464695
C            0.05669468199748       -1.65015076723963       -1.29848837411927
C           -1.38726761926470       -1.71533148686148       -1.81307976113122
C           -1.45127705219982       -1.19376652187550       -3.24416386101609
C           -3.09283599305035       -1.37373128678654       -0.07868127437824
C           -3.89940070938823       -0.32981460096170        0.72424412352934
C           -5.35809810338228       -0.78329583597168        0.78492767350082
C           -2.99842605262918        2.03842581182006        0.51260314832267
C           -1.73205487512843        1.70631932084670        1.31661613072055
C           -1.82039186963765        2.34501730826438        2.69686664189716
C           -0.46035118014626        2.12770756290016       -0.71835568285860
C            0.90023802021349        2.60596482053147       -1.24172334153983
C            0.94409041272385        2.57983182082092       -2.76031566692325
C            2.41380366523448        1.87461488024765        0.52617233680203
C            3.47928111476047        0.86119741353727        0.94122212332443
C            4.83327694616049        1.18838893101233        0.30569147317565
C            5.50754408895037       -0.17732273229230        0.21977062302120
C            4.34997536270956       -1.10341722337008       -0.15029750062803
H            2.48587972677677       -2.66054352129998       -0.64572094492682
H            2.24561000021532       -4.42840081731250        0.91040636418567
H            2.42858855528989       -3.14949802510986        2.12441615871784
H            0.15934810032521       -4.61780602746814        2.16033309673445
H            0.03243930703226       -2.85134282758341        2.29023251714705
H           -0.24230340780502       -4.52200262266076       -0.25027296396004
H           -1.39797153940378       -3.32822388310640        0.38921367904943
H           -2.10242770149732        0.11909808420471       -1.09905490295664
H           -1.75781781529051       -2.74357409609620       -1.75239467283820
H           -2.46458692815020       -1.28111882171611       -3.62740837012869
H           -0.77702092094459       -1.76035932813158       -3.88240469221047
H           -1.15607206180454       -0.14766186296296       -3.25357713228066
H           -4.61080903810601        1.29528269717317       -0.37779002850044
H           -3.49018287575139       -0.35326515317788        1.74221576860406
H           -5.92533435222590       -0.15651094311172        1.46861016349964
H           -5.39697842975376       -1.81473407336364        1.12430980624222
H           -5.80795081845774       -0.73074286448003       -0.20428625635331
H            0.16027856876807        2.65478651736409        1.14267157762387
H           -1.58080560563340        0.62323316417535        1.40181615928765
H           -2.62633953961243        1.89511476913647        3.27196476830838
H           -2.01605201527087        3.40951176202455        2.59003069580354
H           -0.88345894542167        2.20288940629075        3.23116294295916
H            1.94857316265278        0.80527710022561       -1.15724163459022
H            1.10127807253428        3.60897414606494       -0.84926035217884
H            0.14102438644056        3.19292167621927       -3.15917598454492
H            0.80427018437509        1.55758826141398       -3.10401909885676
H            1.89855622225684        2.95448837686472       -3.12115994953521
H            3.53671513859241        0.89062637215682        2.03699378356048
H            5.39425223190873        1.90752136253514        0.89680220516361
H            4.67984576255905        1.59699027486984       -0.69381826257416
H            5.91299376249885       -0.45666637981396        1.19262966684803
H            6.30853852433905       -0.20674404649289       -0.51550600252305
H            4.20301004126097       -1.12662720508026       -1.23722422300249
H            4.51415785560599       -2.12122101915798        0.20926806793565
68
 energy: -106.573892974062 gnorm: 0.001130854372 xtb: 6.7.1-6.fc44.fc44
O            1.09642604255629       -0.43182289801229        1.27325493206813
O            0.86693999799186       -0.82961935062194       -1.71651735809116
O           -3.25208999565457       -2.56446484623104        0.14687065466944
O           -3.24404331394268        3.17294242099086        0.16455975997047
O           -1.30499663536940        1.62762919143184       -1.44660184523673
O            2.13767679485682        2.81633753768930        1.25130509603199
N            0.42007914770075       -2.54638758602308       -0.37418746242383
N           -2.22979191715138       -0.88891719306198       -0.96826101611975
N           -3.83893119236627        1.01993416927701        0.21453944051079
N           -0.60414933041988        2.27010792795711        0.59901115316144
N            1.92355634706103        1.71693740275345       -0.71178298794851
N            3.20062952543103       -0.49697997517087        0.49698770731909
C            1.98184490607334       -1.03129252566573        0.69018160261325
C            1.77349712587436       -2.45342770449139        0.15709171663132
C            1.82746808532614       -3.49300930927410        1.28330989628463
C            0.35660558708030       -3.67475721943662        1.65437553280204
C           -0.34118686793835       -3.57794378773095        0.30200505935188
C            0.05586950081298       -1.64999790071983       -1.29819174851200
C           -1.38813538743977       -1.71561893059054       -1.81277545632685
C           -1.45200889164585       -1.19433214875420       -3.24403675168665
C           -3.09327573057985       -1.37358903740510       -0.07835295811947
C           -3.89999286451853       -0.32932871306578        0.72433770796119
C           -5.35834854594538       -0.78306285961412        0.78509635958114
C           -2.99849254070345        2.03839812443524        0.51174266970381
C           -1.73233807922002        1.70605923941616        1.31626363990268
C           -1.82154758483692        2.34512898028167        2.69655904617362
C           -0.46011377940433        2.12749988870894       -0.71796621351124
C            0.90029703312776        2.60559903343744       -1.24131010500489
C            0.94472060424019        2.57890414859077       -2.75989987699064
C            2.41404964180787        1.87442728745271        0.52690648851805
C            3.47957858923717        0.86097518808075        0.94150371172892
C            4.83393723337863        1.18833272089475        0.30539370427266
C            5.50767566311991       -0.17742890135594        0.21974957172770
C            4.35019922782658       -1.10343084849789       -0.15046213491698
H            2.48567215794090       -2.65921034762414       -0.64684197722053
H            2.24587248387507       -4.42883336302271        0.90939666923014
H            2.43006174702120       -3.14950036051900        2.12285935386892
H            0.15981368386756       -4.61676913461893        2.16085192753356
H            0.03411276664547       -2.85013213450721        2.28977349461793
H           -0.24206138316927       -4.52251110333416       -0.25001248654368
H           -1.39725833354170       -3.32757045039729        0.38936863759784
H           -2.10325968141970        0.11906683321335       -1.09961151679474
H           -1.75810423099790       -2.74400422326271       -1.75201423719432
H           -2.46488863076246       -1.28183745121960       -3.62769130518446
H           -0.77679282702730       -1.75957468562438       -3.88086468100270
H           -1.15703457746269       -0.14840415424925       -3.25347354759405
H           -4.61116814111667        1.29599977563078       -0.37801786120442
H           -3.49015030370504       -0.35247711277413        1.74206800626502
H           -5.92563741003754       -0.15627249749239        1.46835192602270
H           -5.39685699729324       -1.81431824456678        1.12486902247787
H           -5.80817982053904       -0.73020215238436       -0.20429712677395
H            0.15914848131205        2.65662770817955        1.14322881425457
H           -1.58103783352306        0.62314522277070        1.40126770873356
H           -2.62798727151543        1.89484778577530        3.27077400986510
H           -2.01735164689201        3.40961444213691        2.59181280491255
H           -0.88527961407953        2.20221293193099        3.23162927800705
H            1.94805198788461        0.80491792384999       -1.15623751400710
H            1.10134477579624        3.60867201338191       -0.84901871544442
H            0.14228844278048        3.19137121777530       -3.15989247157289
H            0.80534626543925        1.55660011972116       -3.10338843617509
H            1.89865887927199        2.95470989895514       -3.12053133749193
H            3.53668666774535        0.89061232240984        2.03758507612796
H            5.39635277063928        1.90790558853661        0.89557089998574
H            4.68000646394003        1.59701415786064       -0.69423993147886
H            5.91298288874745       -0.45682499307344        1.19265475263636
H            6.30894471064248       -0.20722846980925       -0.51513344739272
H            4.20380698427234       -1.12653135865206       -1.23737111260389
H            4.51409582419402       -2.12128966729896        0.20946346323427
68
 energy: -106.573894676017 gnorm: 0.000848275750 xtb: 6.7.1-6.fc44.fc44
O            1.09643465991891       -0.43179447136012        1.27357994884602
O            0.86594903200618       -0.82936318593529       -1.71613758162644
O           -3.25229683255139       -2.56445130956206        0.14780079201822
O           -3.24466422925653        3.17295816634788        0.16432902412680
O           -1.30489651345544        1.62808405038365       -1.44623254823737
O            2.13935578258151        2.81664626828120        1.25143697731496
N            0.42030531543682       -2.54664972755135       -0.37466755905417
N           -2.23009947577559       -0.88892515172530       -0.96785380511989
N           -3.83903033181064        1.02004074595542        0.21443990055011
N           -0.60410609315620        2.27025617019448        0.59920977245958
N            1.92434827867788        1.71715390301499       -0.71153366258521
N            3.20064345863467       -0.49711696739169        0.49729026263151
C            1.98185196931436       -1.03130885270870        0.69043376511745
C            1.77386151857929       -2.45338507937590        0.15621286903007
C            1.82828946711575       -3.49315155190667        1.28226642685410
C            0.35765465863181       -3.67438265172993        1.65409057058906
C           -0.34104695741295       -3.57782621487458        0.30210625192271
C            0.05560421980208       -1.65030197080500       -1.29837340582838
C           -1.38859918945366       -1.71579717848828       -1.81239174951066
C           -1.45270217132538       -1.19466556443501       -3.24372481793981
C           -3.09343793855382       -1.37359653307627       -0.07788122770621
C           -3.90039088020872       -0.32924497613708        0.72434604575398
C           -5.35876893755066       -0.78271685568594        0.78509366505428
C           -2.99867635764731        2.03865967184786        0.51141593057462
C           -1.73272419863970        1.70669281146483        1.31595560806992
C           -1.82255580923157        2.34469963231271        2.69667406430512
C           -0.45986709451132        2.12788305506004       -0.71788387593674
C            0.90074294915104        2.60564768696989       -1.24119753460505
C            0.94535329901012        2.57850411252181       -2.75975073872377
C            2.41533059634664        1.87466296077690        0.52700348641121
C            3.48005002401381        0.86079695295173        0.94203372710154
C            4.83392537150908        1.18827764619754        0.30554701179735
C            5.50756188711173       -0.17750105739724        0.21987019244925
C            4.35014477064382       -1.10357986153414       -0.15026651271316
H            2.48563807368039       -2.65940914035253       -0.64824018725869
H            2.24630854270265       -4.42904580254289        0.90800120286959
H            2.43162508797666       -3.14992094144706        2.12133899033104
H            0.16069038957552       -4.61621719871779        2.16088006984644
H            0.03583935015797       -2.84933714901112        2.28931627417423
H           -0.24207621593708       -4.52224442211401       -0.25005679914665
H           -1.39704834563403       -3.32734750050270        0.38996859799257
H           -2.10308825911333        0.11899714031536       -1.09917120727486
H           -1.75839404201597       -2.74423784214687       -1.75147522501335
H           -2.46550590808711       -1.28202153751785       -3.62727536343712
H           -0.77830258950125       -1.75971255146819       -3.88170566902179
H           -1.15709923173750       -0.14878569260164       -3.25350601287993
H           -4.61152961835793        1.29590607954863       -0.37785557378551
H           -3.49068664775280       -0.35263210872601        1.74220270250062
H           -5.92588159169424       -0.15566239404374        1.46829578682606
H           -5.39732459532467       -1.81381462215892        1.12512474933842
H           -5.80857790215364       -0.73055527739741       -0.20455404507397
H            0.15868060674795        2.65746705394455        1.14386159540245
H           -1.58084695554862        0.62365679713736        1.40060775775436
H           -2.62963028493545        1.89480273634388        3.27021048815548
H           -2.01808247645063        3.40936537299886        2.59092311780495
H           -0.88687300682760        2.20144268640042        3.23210569959947
H            1.94818973159232        0.80513963975718       -1.15594965430486
H            1.10187087445275        3.60877159584086       -0.84903531807900
H            0.14275340435406        3.19036945774884       -3.16027497801368
H            0.80623279011682        1.55614562416381       -3.10288102987137
H            1.89951813410446        2.95372796080731       -3.12035557315864
H            3.53697301807659        0.89144401966105        2.03794216101378
H            5.39555900370711        1.90776641618788        0.89568586441812
H            4.67969850091901        1.59692718914099       -0.69449558832677
H            5.91261819260984       -0.45699708476323        1.19290524422453
H            6.30908379697787       -0.20736641824143       -0.51464710765110
H            4.20387675464232       -1.12664983930988       -1.23721792644086
H            4.51405484603256       -2.12154935616198        0.20967335888194
