68
 energy: -104.850804188835 gnorm: 2.780318364654 xtb: 6.7.1-6.fc44.fc44
O            2.29987235998552       -1.64859905239778        1.28768019373091
O           -1.07527622211797       -4.06480485238419        1.48626585827539
O           -0.60859907437108       -0.01861517869727       -0.85795913791720
O           -0.99743545889149        3.04329998950067       -2.64553607563456
O           -2.08457753839981        1.39842278119577        1.88756978548469
O            1.96623947082184        2.81507251232994        0.10737926227787
N            0.38370032246706       -3.38178712085631        0.17198817139005
N           -2.03524806429600       -1.25204151062509        0.28732087259582
N           -2.47466679980406        1.44999552996028       -2.07147313533257
N           -0.76723689485597        2.85192717703646        0.39959522518509
N            1.34173021274176        1.20559787908202        1.72383305764767
N            2.38559449616995       -0.30482816561321       -0.57066655208195
C            1.97082915712413       -1.42708691278586        0.11215860755797
C            1.23675691872745       -2.50617782935178       -0.45108774824980
C            2.10209809469251       -3.33062336931949       -1.44168712095802
C            1.33927333607961       -4.95466305861073       -1.60447998703672
C            0.91329747566464       -4.64131884306351       -0.08039403051348
C           -0.44236000843302       -3.28773355356464        0.96708542475646
C           -0.96008353878882       -1.77822957226728        1.26820920322388
C           -1.33168935907675       -1.54930674641038        2.88437805807032
C           -1.73271621479510       -0.47911165499696       -0.17416140004560
C           -2.98145977617967        0.23538630295073       -1.04231742853058
C           -3.81651447990672       -0.83386591446978       -1.88842929035244
C           -1.78251287200773        2.53500830428107       -1.77903844073322
C           -1.94029919473813        3.28242988801402       -0.41360709821721
C           -1.97031121121191        4.59116591702336       -0.62227354040058
C           -0.93132114108521        1.96882629561809        1.44123547613373
C            0.11114728908850        1.93928392130163        2.55443754638991
C            0.44924449684979        3.01152550222245        3.16117124933097
C            1.96380777154273        1.59475300546843        0.71328770451186
C            3.23534910174706        0.81740940582531        0.02144817865759
C            3.62117773847847        1.53951664441285       -1.18388859933470
C            2.66373632484950        1.23999156972924       -2.36474112742483
C            2.19694003364565        0.19098065078259       -2.14005746559615
H            0.38168354989638       -1.83761878973987       -1.42577921446398
H            2.25227004783427       -2.93843305600649       -2.42641722956420
H            2.92527985860554       -3.65698863952730       -0.87248507967216
H            0.61880693970104       -4.70354376079781       -1.95318742578379
H            1.94574919083988       -5.53506791603383       -1.68876907824012
H            0.04600910215986       -5.46921601109033        0.05176980282318
H            1.82836180228413       -5.13818202051678        0.84373186172586
H           -3.01150334899789       -1.54366599995493        0.76519851200329
H           -0.20166047811336       -1.03433003994747        1.27641000952324
H           -2.47001295648737       -2.54702531362805        3.07520517160690
H           -1.91484891087318       -0.71263372969764        2.97133489015813
H           -0.77701453936660       -1.87141251757628        3.43694923794420
H           -2.30119985821720        1.01895503040544       -2.84145249140465
H           -3.54103101946583        0.93064231743667       -0.38695942259335
H           -4.28783456803265       -1.43494368436405       -1.16141544553581
H           -3.40102245517815       -0.96316459302346       -2.49160066725063
H           -4.50270445737972       -0.13045611422163       -2.37427079595738
H           -0.07751452082271        3.02610835151308        0.20824535100207
H           -3.06702537742188        2.76307685746726       -0.04749076903485
H           -1.96872347321907        5.19914755259704        0.28175172160206
H           -2.76254643444753        4.94411812966982       -1.23233869118184
H           -1.20694046049463        4.90942520467096       -1.04126088357622
H            1.51925587991420       -0.02436393174602        1.82802175962289
H           -0.25854572210706        1.11738759408415        3.19763431138303
H            1.11322963267268        2.83620394910345        3.81158379636648
H           -0.43004651142570        3.45567894304860        3.41508713108902
H            0.72516462738484        3.73393725449264        2.26145769860891
H            3.70606757069075        0.30427829366146        0.91293776325036
H            4.77317022924937        0.76792408209639       -1.42445899815773
H            3.97503039313485        2.51901598652350       -0.70706377913437
H            3.25684120183663        1.52413971904636       -3.11703184033410
H            1.81067290829866        1.96652953459179       -2.15993223084973
H            0.98955539625448       -0.16705065470030       -2.11550709465328
H            2.63621461602510       -0.85903231236685       -2.58905753057743
68
 energy: -105.883816613048 gnorm: 0.917992552402 xtb: 6.7.1-6.fc44.fc44
O            2.30058540777420       -1.64147971768237        1.29235363065318
O           -1.09658341362689       -4.08845078707022        1.50666774749610
O           -0.60596374144614       -0.01503131499072       -0.85372849743046
O           -1.00553165653359        3.03891855121891       -2.63899978754029
O           -2.07052239729332        1.40503174867835        1.87590736181291
O            1.95816312806809        2.80309234317518        0.11994879588782
N            0.41489625860081       -3.38607967985113        0.15092442386960
N           -2.06936634094956       -1.34509327672111        0.36511759226507
N           -2.48108655005146        1.44501780051000       -2.04986246675127
N           -0.84867631787753        2.82621149176951        0.42808338813655
N            1.33970238401665        1.19003517850138        1.72942508278523
N            2.38659523053660       -0.30974299142787       -0.57241495895144
C            1.97745115912928       -1.41874834135134        0.11104006253791
C            1.23181930564376       -2.49679808176225       -0.48893301578344
C            2.09886459733501       -3.34225245983573       -1.44502136431574
C            1.35135797639794       -4.91554746113223       -1.57141841177513
C            0.91451745402323       -4.67430337649618       -0.07240868427733
C           -0.46443662590541       -3.26827680507980        0.98496644994136
C           -0.95925761077157       -1.78009979944342        1.28676271583869
C           -1.37804910247542       -1.55847229578056        2.84670612722384
C           -1.69920389470887       -0.37786904734178       -0.26216117647501
C           -2.98169659500244        0.25473579254618       -1.04722486955402
C           -3.85752125637498       -0.80068439466696       -1.82129566175167
C           -1.77442762616919        2.53740577494477       -1.78224627744436
C           -1.95788441310463        3.24725706333315       -0.41263440782268
C           -1.98636618057410        4.60626735944247       -0.61220745362633
C           -0.95637736913844        1.96535541560364        1.45141723565244
C            0.10775495533750        1.89904425123147        2.52671734035552
C            0.45112391980167        3.03868600035530        3.14627378112180
C            1.97746061151995        1.61695897904216        0.70052674164604
C            3.21154835767313        0.80370015316803        0.03036002260252
C            3.64776098114693        1.53288752683533       -1.17476356440359
C            2.67295219396891        1.28470862547668       -2.35338345373056
C            2.16709495117212        0.11720864383399       -2.12154523747229
H            0.38856408464187       -1.84231487573847       -1.41596297368395
H            2.25416151178603       -2.93736316728383       -2.42630629664057
H            2.93305327656915       -3.65549666616068       -0.87271780089949
H            0.55978680200949       -4.68053075005135       -1.98026550710741
H            1.99470881430147       -5.57418585480334       -1.68815151406190
H            0.05057811653465       -5.46304411749471        0.05467437870454
H            1.81727244870544       -5.12916000588035        0.83125135080806
H           -3.01312128688179       -1.54984378159713        0.76813771401798
H           -0.19727329089832       -1.03192405953512        1.27116563729241
H           -2.45544639569578       -2.53497970406614        3.07284856363968
H           -1.92108263540538       -0.70055486300887        2.96917787268019
H           -0.74113589739176       -1.89138000045959        3.46723185533090
H           -2.29620082131503        1.00809571933458       -2.86233798319852
H           -3.54226469913469        0.92610354839629       -0.38467213400357
H           -4.29727402778332       -1.43884072034117       -1.15149785260551
H           -3.33573801901658       -0.98949021239800       -2.57506143656084
H           -4.51503547802189       -0.12870897469724       -2.36942414889671
H            0.00897342664861        3.04920455040866        0.18377509310695
H           -3.05370612660400        2.76857947734377       -0.04622677754926
H           -1.97254123678611        5.20123221617068        0.28778738790588
H           -2.77053845227349        4.94627480512564       -1.23511670669141
H           -1.17726043861227        4.92065951418813       -1.05828338357357
H            1.51727665478629       -0.00825043573858        1.82965714800096
H           -0.25730301712909        1.11377951358717        3.19764488470716
H            1.13305182172000        2.83920082505219        3.83035424311180
H           -0.44152122609191        3.46393921985357        3.42355589843238
H            0.72988017689463        3.73446171615678        2.26793812270576
H            3.70926314132437        0.30839937653962        0.90683356119488
H            4.76166618204747        0.77943846033905       -1.42433973776478
H            3.97339807057142        2.51586264444102       -0.71642593551195
H            3.26438016397258        1.53258236257622       -3.13248079631837
H            1.81392914229956        1.97334638723355       -2.16302898276598
H            0.99660546306059       -0.16263301678040       -2.11870078536655
H            2.63587057747447       -0.85481234295457       -2.58989612155557
68
 energy: -106.271643002352 gnorm: 0.513327946904 xtb: 6.7.1-6.fc44.fc44
O            2.29721829414216       -1.62231372659892        1.29294030430131
O           -1.11895116344756       -4.11404140486075        1.53270536268471
O           -0.63096575741884       -0.02722702975216       -0.81364371556388
O           -1.02227016640539        3.02879755818622       -2.62817320377976
O           -2.05571127548292        1.41626312561720        1.84832423280280
O            1.93052571253330        2.78640258275246        0.14919851476741
N            0.44163019661030       -3.39777192067549        0.14324384224107
N           -2.05831532843199       -1.34842675141014        0.38736547104546
N           -2.48534359434282        1.42032618093364       -2.02869566080030
N           -0.87499736997035        2.81119205023978        0.44222503750006
N            1.34080308529838        1.16479125154808        1.72917069608079
N            2.38675802534058       -0.32138592550051       -0.58182153478245
C            1.98708837556607       -1.41184220788697        0.10270920755806
C            1.21534223024791       -2.48308624782840       -0.55905709820210
C            2.09590903502856       -3.37124469830582       -1.45511847903966
C            1.36883805116372       -4.85358951241594       -1.53538691628784
C            0.91436714920479       -4.72924758282680       -0.05199578393605
C           -0.49230730913400       -3.24573219187371        1.00496426286842
C           -0.96960565821921       -1.76976015503462        1.31091013561557
C           -1.43974034281220       -1.61433937507283        2.82212459803906
C           -1.70646064238066       -0.36796392484566       -0.31720586091074
C           -2.97191205246124        0.28490698986304       -1.04798844029887
C           -3.84784916014377       -0.76088960135827       -1.80937306518885
C           -1.76694958681206        2.53033889130071       -1.78469086953238
C           -1.97726212522897        3.20350940565436       -0.41237555833032
C           -1.99678072369272        4.62549344332369       -0.60339632814123
C           -0.98930618431820        1.96662582572379        1.46631697320333
C            0.11931265239140        1.84391174011962        2.48432388089726
C            0.45745171370855        3.06347084639000        3.11744059535300
C            1.99939848805956        1.65012900250637        0.69400274569475
C            3.16306760260678        0.77861622152690        0.04498547770470
C            3.69749172039618        1.50442771741811       -1.15488245236805
C            2.67648539408620        1.30739635514077       -2.31496466307456
C            2.14483346507785        0.04489593627671       -2.08933308860336
H            0.41024992917749       -1.85988543467738       -1.38975213626747
H            2.26150706106579       -2.93865990717384       -2.42698914569732
H            2.95299392188275       -3.64678101672642       -0.87503989954252
H            0.51109867790379       -4.66328941384908       -2.00385072001648
H            2.03029747477393       -5.59226020728617       -1.68132165888896
H            0.05870244148075       -5.45378107385138        0.06601044309336
H            1.78501061593696       -5.10609891808992        0.79523843445155
H           -2.99277592672018       -1.53735910691879        0.75534538173331
H           -0.18812795574226       -1.02970504771693        1.25996356185534
H           -2.41221656820295       -2.49728799467723        3.06156376820962
H           -1.92443949317613       -0.68508999006989        2.96306547617280
H           -0.71648515720311       -1.90211088048680        3.47671926148175
H           -2.29066594093470        0.99455973498492       -2.88792030537456
H           -3.54758677349893        0.91547143711310       -0.37243997156881
H           -4.30052858390958       -1.44489032846581       -1.14840249280227
H           -3.30970430822611       -1.00471579778115       -2.59528197011567
H           -4.53559425621005       -0.12723826901330       -2.36526246060671
H            0.01424165224407        3.04933377807172        0.18407739101335
H           -3.01870081085261        2.78148453813483       -0.04259905924550
H           -1.98234678465169        5.20528396433606        0.30283215977062
H           -2.78794420303718        4.95125205907180       -1.23953030411647
H           -1.13811901998299        4.93163808872675       -1.08200786253081
H            1.51259207707859        0.03557497103703        1.83444599150367
H           -0.25150972645071        1.10290103341120        3.19538192167900
H            1.15834052979200        2.85111008084323        3.84845799674671
H           -0.45981361748745        3.47440306924396        3.43908005016055
H            0.74511525803734        3.73895899781336        2.28216503272804
H            3.71563832737394        0.31700983646462        0.89303867101440
H            4.72847683088687        0.81509619356004       -1.42273058484922
H            3.97330557755694        2.50587854514207       -0.74195832429343
H            3.26528644918661        1.53538936670746       -3.15437500183380
H            1.82280604432853        1.98465684583400       -2.16708777271582
H            1.01975850901168       -0.15057708124044       -2.12971192927782
H            2.63101960425816       -0.84166528395589       -2.59188651378323
68
 energy: -106.486725984447 gnorm: 0.201519644795 xtb: 6.7.1-6.fc44.fc44
O            2.29071049079143       -1.60419090480652        1.28416348082695
O           -1.12641235944732       -4.13171784903163        1.54756731046732
O           -0.62699278779762       -0.03154080986722       -0.78345086480745
O           -1.03958751087729        3.01494259190297       -2.61954303510602
O           -2.05971333122211        1.42247929809229        1.82496221074883
O            1.90444204628118        2.77426134928434        0.18561814513194
N            0.45967355886928       -3.40659867551315        0.15049754491016
N           -2.04859942744756       -1.34792217195038        0.41878498959098
N           -2.48913811990925        1.38506105212512       -2.01038764309944
N           -0.89757068962957        2.79842022604531        0.45495154945487
N            1.33828366265114        1.13656458141508        1.72869053495434
N            2.38489323871492       -0.33209052444068       -0.59400708750287
C            1.99164372900761       -1.41001220367994        0.09510022175810
C            1.17950385440224       -2.46323966865229       -0.63520294734224
C            2.08795777954228       -3.40286254300509       -1.46375527946276
C            1.38590831531344       -4.78654566446003       -1.49899416624470
C            0.92407778675364       -4.77106573046650       -0.02627576120103
C           -0.51876304458982       -3.22074638295078        1.02409094520075
C           -0.98638047632112       -1.77103056485198        1.34311796076860
C           -1.51372213646167       -1.68400770564889        2.80876243406552
C           -1.72554326656900       -0.35493320437437       -0.37907060143599
C           -2.96508248687625        0.32218345572572       -1.05888349502119
C           -3.83828737544930       -0.71441390488168       -1.80136621538737
C           -1.76459158395360        2.51832901824959       -1.78479734762077
C           -1.99862273687625        3.16939127996012       -0.41275788504031
C           -2.00166270319554        4.64555292950530       -0.59870044133885
C           -1.02251211989486        1.96153928596311        1.48388185901758
C            0.14839095502848        1.78805149629387        2.43887194025728
C            0.46344436733496        3.07996952869834        3.08709749359050
C            2.01308345038488        1.67379341560106        0.68609994035431
C            3.11338287521486        0.75431795042686        0.05681253265175
C            3.74925831097036        1.46909017051851       -1.13626715157996
C            2.68781480721294        1.32484729183747       -2.27187474217296
C            2.13413429942759       -0.01952002847704       -2.04919994845521
H            0.45683110098326       -1.90143860412481       -1.34159639273729
H            2.27293070935458       -2.94754814854854       -2.42927895740378
H            2.97362434004813       -3.62712279192100       -0.87871995949851
H            0.48338556701359       -4.66557672153746       -2.02573023274848
H            2.04233476497043       -5.59530363367275       -1.68081536556530
H            0.07258749844460       -5.44566642607502        0.07972170579023
H            1.73514957665430       -5.08173611247498        0.74362212268798
H           -2.98457720879329       -1.52956481672506        0.74929655782945
H           -0.18410377286175       -1.03769729119457        1.25240665340692
H           -2.34094644862467       -2.43770664041735        3.03263669030305
H           -1.91954233653246       -0.68117395296846        2.96130448972758
H           -0.70187652452910       -1.89884613127893        3.48111017527151
H           -2.28451320250327        0.98583386266478       -2.90848279221490
H           -3.55337144707749        0.90237435374933       -0.35334829019447
H           -4.29839319835747       -1.44010357290505       -1.15103465147769
H           -3.28104914558857       -1.03605820213508       -2.61776958418834
H           -4.56414294382653       -0.12407670658513       -2.35643867990781
H            0.02562946962068        3.05474520808839        0.18023146827987
H           -2.97689504238130        2.79486057345287       -0.03875554110495
H           -1.99397139125858        5.20660079258985        0.31857416168380
H           -2.80470257586826        4.95590841085024       -1.24203766631337
H           -1.10785737946973        4.93559672861551       -1.10131848275458
H            1.50250357663878        0.10020143290050        1.84056593597048
H           -0.23722933871859        1.09233848386227        3.19136812258261
H            1.17321159300156        2.86811853575627        3.85831536211340
H           -0.46998037390905        3.47578722322861        3.45615859512815
H            0.76643482022937        3.74638549488347        2.29631522993451
H            3.72242551814317        0.32638262924580        0.87512251019244
H            4.67392084747737        0.86789274904855       -1.41038922220860
H            3.97612139733310        2.48964002894189       -0.77211046526361
H            3.25338690856339        1.52680874177574       -3.17266019424591
H            1.83948898771348        1.99896489883953       -2.16724656302390
H            1.04461815025273       -0.13452595947604       -2.14366839466694
H            2.62682073892346       -0.82941116425013       -2.59579877870961
68
 energy: -106.541409229835 gnorm: 0.093454711612 xtb: 6.7.1-6.fc44.fc44
O            2.27694324796057       -1.59057925911217        1.27836211012895
O           -1.13465944145878       -4.14264048441916        1.56491835288419
O           -0.61090007588823       -0.02487139314103       -0.74883902254072
O           -1.05723651346808        2.99191153124810       -2.62294271940671
O           -2.10105756678469        1.41242358047247        1.80133235949493
O            1.85604749355943        2.79969571464827        0.22317966897215
N            0.46297805171697       -3.41383165460210        0.17403486251848
N           -2.04576150217784       -1.33878813743581        0.43427033488008
N           -2.48914808764470        1.35227957588155       -2.01455188098245
N           -0.90936252896194        2.79013323557409        0.46263618515286
N            1.33397782974347        1.13277689294155        1.72793219242747
N            2.37977214181396       -0.35175562184127       -0.59732765201764
C            1.99071602189116       -1.42493038726752        0.09190705236236
C            1.16258395045208       -2.46911982651257       -0.66944925866178
C            2.09899719485351       -3.41056272503532       -1.47220088407466
C            1.38417042606313       -4.75222694494203       -1.47610263178644
C            0.91698228804541       -4.78913349580714       -0.01568041094638
C           -0.54016530566964       -3.20988179668325        1.04709974533874
C           -1.00433750461417       -1.77509063415233        1.36293524967447
C           -1.52788417493179       -1.69652333381869        2.80080334746199
C           -1.74506892799338       -0.34346309296049       -0.41589745903079
C           -2.95996385366839        0.35064200190569       -1.07029248585915
C           -3.82892137863315       -0.67516466671330       -1.80968527558352
C           -1.76932940243886        2.49378175632345       -1.78358616778684
C           -2.00139002788831        3.15577513996142       -0.42025302263172
C           -1.99650615155481        4.65994467199770       -0.60477535350721
C           -1.04728083017062        1.95049628915604        1.49046465162476
C            0.17113829138278        1.74945568597194        2.40285621241663
C            0.46845301655542        3.08010655836276        3.06571042354400
C            2.01908364302893        1.68603474648366        0.69159626273502
C            3.07652678462049        0.73763382686430        0.06561107019839
C            3.75481303051103        1.45300879432161       -1.11006224726180
C            2.70401773786221        1.32449006822489       -2.23694256216562
C            2.13459407680461       -0.05919180725180       -2.01158486593659
H            0.48306915696174       -1.94932152478736       -1.30588886281636
H            2.29637970423020       -2.97042195729737       -2.44325250817004
H            3.01012421213826       -3.57836731917649       -0.88941596177343
H            0.46791271286582       -4.67513232929482       -2.05030167581079
H            2.04307839519804       -5.58611714667956       -1.68477456460178
H            0.06872093364793       -5.45242688911205        0.10882802203840
H            1.69112178664568       -5.05273238041504        0.69261810530375
H           -2.98769402553234       -1.51887528161408        0.73991099001370
H           -0.18374708368217       -1.05690523313133        1.24900105645588
H           -2.28926497494630       -2.40699048399317        2.98687968137769
H           -1.92134283475178       -0.69051292032557        2.96904767330569
H           -0.69892609441035       -1.89193273730740        3.48701870711543
H           -2.27365676180479        0.97112223052177       -2.92965886744120
H           -3.55548904695483        0.87727664741604       -0.31664393870691
H           -4.27891404554916       -1.41831636024658       -1.15919199051091
H           -3.25798594494205       -1.05598790983600       -2.63692230379592
H           -4.60171031758727       -0.12000112724317       -2.34706485034584
H            0.03068347310147        3.05777464728643        0.18260736338252
H           -2.94704384513959        2.80422187868743       -0.00831763897759
H           -2.01103390328228        5.20212179798646        0.33262514070120
H           -2.82016907861895        4.96291033242763       -1.23921009410952
H           -1.08476700416881        4.94275624343779       -1.11897972823066
H            1.49600320641396        0.15145868803267        1.86527816602628
H           -0.19833623763289        1.06546485422479        3.17504088091903
H            1.18685420910027        2.88919439522740        3.85507152520807
H           -0.46850363491507        3.46733537487774        3.46900387764011
H            0.80616640060036        3.77087303099089        2.30722529577623
H            3.72915953782041        0.33196156961023        0.85538000531421
H            4.64261838209609        0.91873588809352       -1.40090224203992
H            3.98743606178331        2.47714086960084       -0.80725550638095
H            3.23449048318720        1.50415090365152       -3.18129456536839
H            1.87270377251803        2.02043779815422       -2.15202906094621
H            1.05028774231251       -0.11331324628615       -2.17297810988998
H            2.63062731682850       -0.82917745533459       -2.61284415469260
68
 energy: -106.554126659956 gnorm: 0.071460933872 xtb: 6.7.1-6.fc44.fc44
O            2.25695426581788       -1.57813601964260        1.28895959147997
O           -1.14768929542950       -4.14189085838919        1.58281280864919
O           -0.61491909099940       -0.00802807577515       -0.72600995499962
O           -1.07045644984347        2.96597346491606       -2.63549072386900
O           -2.13385289434431        1.40712729767485        1.77820890968832
O            1.83003425104268        2.81906581843589        0.26554168658106
N            0.45983323916176       -3.42224026686499        0.19972563548913
N           -2.03500781761718       -1.32091262630787        0.44718256734138
N           -2.48759815753394        1.33141966429023       -2.02770253882562
N           -0.91712093949156        2.78071697891748        0.46691604868152
N            1.31671060706338        1.14346605042281        1.71856773643738
N            2.37159110838358       -0.36793241196900       -0.59298352287676
C            1.98676990401975       -1.44179432020631        0.09965186102208
C            1.16766161207185       -2.49157780277733       -0.66952685796771
C            2.11390953377837       -3.41494310749589       -1.47458379833838
C            1.37756265955725       -4.74223932453693       -1.46771072122813
C            0.88953739400514       -4.80202673462823       -0.01978187217128
C           -0.55572260791784       -3.20569401873247        1.06686727026847
C           -0.99794653173630       -1.76802595535151        1.36891850139791
C           -1.51226444896852       -1.67626463480690        2.79254807115313
C           -1.75217256896773       -0.32673564079957       -0.42608727199484
C           -2.95741761348220        0.35936776903406       -1.07996086774210
C           -3.82699150859853       -0.64783548470924       -1.83018248537783
C           -1.77649747818066        2.47318003662905       -1.78698873696322
C           -1.99583939661017        3.15052336210978       -0.42919375608867
C           -1.98834551686393        4.66704335259448       -0.61403346475094
C           -1.06907238134448        1.93487817212200        1.48663694923344
C            0.17328888473523        1.73099411161424        2.37938496080454
C            0.47187350435590        3.07721928569830        3.05011895028982
C            2.00142732082407        1.69094385662880        0.68942941301895
C            3.04604390242934        0.73777857492575        0.07036741066750
C            3.74374783232620        1.44851005177522       -1.09154649696606
C            2.71379481205598        1.31694385356594       -2.21652010321666
C            2.13315256163901       -0.08095313117778       -1.99058335552233
H            0.43133855359536       -1.95050630947722       -1.31732522403365
H            2.31406860982044       -3.00411674775669       -2.45823415661386
H            3.05128414810424       -3.53034060731685       -0.90731215649244
H            0.47099323095034       -4.67974250963985       -2.08307719620181
H            2.04020230353904       -5.57905292150840       -1.69071060294209
H            0.04560042102946       -5.46636320088553        0.13852374953467
H            1.70457052710701       -5.02747212304622        0.67550455838757
H           -2.98234188586715       -1.50366621293182        0.73584646322913
H           -0.16120618114396       -1.07107485298909        1.23404437557929
H           -2.32195757919036       -2.47333287816461        2.96882848892774
H           -1.90714178912491       -0.67547572960065        2.96969751732314
H           -0.68652442600664       -1.87109862920315        3.48567836635047
H           -2.26002128831198        0.95418328165278       -2.94468876840111
H           -3.54616313357953        0.84768703819905       -0.28603333191561
H           -4.25135834779856       -1.40137322763502       -1.17368774061782
H           -3.24853793606647       -1.06019484294083       -2.65940381226747
H           -4.64039389264462       -0.11155531142668       -2.33365283127111
H            0.03041467846174        3.05551948988093        0.19154757809428
H           -2.92478672008249        2.81681212748897        0.03395924361386
H           -2.02701346178818        5.19004036567883        0.34080610140314
H           -2.83062286094129        4.96917144098412       -1.23314962112492
H           -1.06998554360980        4.95069216260686       -1.13199152297583
H            1.51181200030224        0.17144845556102        1.91646113583721
H           -0.15102259487111        1.03229629894039        3.15683120764682
H            1.20127998120553        2.90800370554772        3.84068301973800
H           -0.45847381823391        3.46324623465890        3.47942506653362
H            0.84433254240878        3.79177965476773        2.32198062387936
H            3.72336607055523        0.34659061830138        0.84125537515722
H            4.66124612498948        0.93884869909551       -1.39042626349762
H            3.98093171737704        2.48061148689688       -0.83900036928432
H            3.21406378050295        1.47635204487632       -3.18541104343023
H            1.91068007691813        2.04439106469430       -2.12593442868866
H            1.05920349025065       -0.09992406411230       -2.19947861523102
H            2.62885911325457       -0.82906563159066       -2.62042098194594
68
 energy: -106.559522807660 gnorm: 0.056349704228 xtb: 6.7.1-6.fc44.fc44
O            2.23114213321759       -1.56035004039571        1.30287758697564
O           -1.15747294377379       -4.14444607460721        1.58825085314130
O           -0.61844169798014        0.01782972149696       -0.70539578352621
O           -1.07670019311356        2.95410171510626       -2.64623324996099
O           -2.14955061299921        1.39928170676356        1.76427413183737
O            1.82070463224414        2.83159688515015        0.28780794184154
N            0.45352082762606       -3.42193742576265        0.21501798734470
N           -2.02333384725738       -1.30860687609403        0.45098209180831
N           -2.48647189563653        1.33090569999875       -2.03865513967647
N           -0.91799437749984        2.77398819295136        0.46957952178215
N            1.30553298470739        1.15076534220847        1.70533464336297
N            2.35856290458664       -0.36721829625613       -0.58909026584417
C            1.96532535331447       -1.43719935236368        0.11233691947786
C            1.16819937881184       -2.49789059827250       -0.65397797401387
C            2.10730829052626       -3.40486273298754       -1.47241322603172
C            1.37677902223255       -4.75163623633666       -1.46770720530606
C            0.87991971790588       -4.79555311911850       -0.02907789388423
C           -0.56958288188164       -3.20743143571477        1.07246719507698
C           -0.98841919052160       -1.76362770875571        1.36868543074153
C           -1.50765852154083       -1.68335826472823        2.79290205973834
C           -1.75200828638137       -0.31309643200027       -0.42276728648548
C           -2.96013474654767        0.35311166370608       -1.09056657986951
C           -3.83643529964447       -0.64152365281260       -1.84812652787856
C           -1.78241395828936        2.46780259393521       -1.78918151713920
C           -1.98875937180160        3.15043510449244       -0.43111841887339
C           -1.98248644610908        4.66896821204560       -0.61887196463841
C           -1.08018895135931        1.92121780856103        1.48074901452838
C            0.16283364722417        1.72577744421493        2.37344479770798
C            0.47434598696112        3.07413948526864        3.04490484662656
C            1.99024780181190        1.69222143907163        0.68587962707907
C            3.03527198551868        0.74899736366737        0.06254573742864
C            3.73689576422986        1.45238051195082       -1.09313525297660
C            2.71966901204665        1.31230599604068       -2.21863296227641
C            2.12983237828682       -0.08614440518618       -1.99266750649637
H            0.44771912682947       -1.99099032142348       -1.32733777510538
H            2.30750762508222       -3.02811317579863       -2.47088428547243
H            3.05706825844715       -3.50334543494291       -0.92806116889442
H            0.48924286594108       -4.68795616614393       -2.11452970731387
H            2.04250585911071       -5.58261185005662       -1.69817193030061
H            0.04733268189124       -5.47380204722329        0.15839873315978
H            1.70036036900786       -5.04558704524975        0.67022643815894
H           -2.97357260834139       -1.49612569236250        0.73087449910029
H           -0.14145422295819       -1.08531454082511        1.22842433150783
H           -2.27403039122749       -2.39287715326817        2.95414213143529
H           -1.93234096684635       -0.70908110613149        2.98588168019703
H           -0.71037757518930       -1.90057501137211        3.49641536658085
H           -2.24827260750537        0.94853669144545       -2.94947353828567
H           -3.53342215641374        0.83213579411953       -0.28371931495779
H           -4.23323474704993       -1.40344565226405       -1.18704056357201
H           -3.25637156064644       -1.06633187255674       -2.67623416646284
H           -4.67012737101530       -0.10471115603972       -2.31222889673736
H            0.03121952771401        3.05639292824769        0.20326035035649
H           -2.92054670873794        2.82529260342851        0.05064913456909
H           -2.03744724598774        5.17702357555433        0.34488050483246
H           -2.83504664628851        4.97161931330250       -1.22589168295101
H           -1.06455663752132        4.95731236029434       -1.13567171694639
H            1.54338715200592        0.17828342577486        1.95613378875368
H           -0.12574872537364        1.01105653626937        3.15060396221376
H            1.21264155206896        2.92041926061674        3.83008747919071
H           -0.44297499391644        3.46832353576796        3.48597725293325
H            0.86849366301900        3.79634156136160        2.33135349126649
H            3.71236471115323        0.36839654305141        0.83141456567899
H            4.67513293333451        0.92481942389326       -1.34541812344420
H            3.96366037677136        2.49216329105316       -0.86223146050209
H            3.19879482031981        1.45359488227042       -3.19635238158177
H            1.94165670227897        2.06639458629178       -2.10961262975750
H            1.06231396814782       -0.08728174211169       -2.21494540602149
H            2.63175897943014       -0.82966092342024       -2.61725454564496
68
 energy: -106.561467461947 gnorm: 0.039861659281 xtb: 6.7.1-6.fc44.fc44
O            2.19971468941235       -1.54072177941581        1.31015050302585
O           -1.16019537223370       -4.14601829116117        1.59053293898995
O           -0.60716596815687        0.03844571735912       -0.68485096869023
O           -1.07860061126841        2.95749468466893       -2.64811612012694
O           -2.14736430951675        1.38886883281201        1.75988610006228
O            1.81889320808587        2.83755954214269        0.29116088629753
N            0.45020158025098       -3.42035101708900        0.22025969487906
N           -2.01545455222022       -1.30690957583889        0.44739663661665
N           -2.48425127578008        1.33709810939251       -2.04007478984826
N           -0.91557662595838        2.77325184196799        0.47318782432249
N            1.30858589950914        1.14835251698268        1.70249588373189
N            2.34560879914149       -0.35921940471654       -0.59043566637748
C            1.94169001974269       -1.42418141838614        0.11560080483399
C            1.16257722612267       -2.49509053888112       -0.64783838819676
C            2.10045992261529       -3.40148337917819       -1.46526254499436
C            1.38150864391006       -4.75361778665647       -1.46359685537073
C            0.88323975683715       -4.78886013084292       -0.02748658189067
C           -0.57736785122806       -3.20926736526700        1.07099464781128
C           -0.98753122670531       -1.76132568154315        1.37371649371906
C           -1.51253600731671       -1.67494921134167        2.80492225315909
C           -1.74802137238200       -0.31057734557115       -0.42202482457614
C           -2.96297661360804        0.34760887315611       -1.09715580245025
C           -3.84407231384899       -0.64738922513902       -1.85164459402376
C           -1.78243262321061        2.47079237169786       -1.78738306604436
C           -1.98593456057483        3.15015690213761       -0.42707960848181
C           -1.98191020558773        4.66718259597217       -0.61817873404787
C           -1.08071362631676        1.91837314133636        1.48246835208964
C            0.15666363260487        1.72657752745503        2.38045758829079
C            0.48091642245962        3.07299531179052        3.04832658837551
C            1.99382601608493        1.69696492125443        0.69088214597926
C            3.03320913873528        0.75608260127051        0.05505258696108
C            3.74207339442522        1.45029288148553       -1.10054120377388
C            2.72487439205766        1.30922332485637       -2.22796157859497
C            2.12709003338372       -0.08557100065112       -2.00282818575672
H            0.47539361507415       -2.00643524541264       -1.30140053053437
H            2.29396900227653       -3.03704615276503       -2.47054491562769
H            3.05243084034735       -3.50345992579883       -0.93747456200558
H            0.50801678809845       -4.68657821473996       -2.12596190580662
H            2.04606368272748       -5.58219410068776       -1.69849816954968
H            0.05244666589336       -5.47081425084374        0.15509060576400
H            1.67637100202116       -5.06967597843733        0.66357591157467
H           -2.96706990350070       -1.49634534963760        0.72236522341760
H           -0.13563342944999       -1.09362473443880        1.23067440066416
H           -2.27771265955238       -2.45405221226629        2.91766014177917
H           -1.90319535674276       -0.67144698305042        2.98521258380926
H           -0.70955403968959       -1.89005401956530        3.50413243734892
H           -2.24138243512469        0.94963106483919       -2.94631434155220
H           -3.52969787601500        0.83476027417672       -0.29968005843214
H           -4.22537886740337       -1.41924298925368       -1.19254899011892
H           -3.26734080488011       -1.07401127407866       -2.67987387830249
H           -4.68513854175230       -0.10758580856012       -2.29070474970346
H            0.03267589338741        3.06436094665191        0.21501006313396
H           -2.92280056017914        2.82319862300945        0.03044275123324
H           -2.04123656850562        5.16897045695441        0.34571841486603
H           -2.83446117631773        4.96851379335453       -1.22363825744416
H           -1.06583888549828        4.95923798855044       -1.13199386611977
H            1.54471343690049        0.19020445877089        1.94005398413739
H           -0.12876826013434        1.01028973015695        3.15689192152433
H            1.22300886023741        2.92441458273866        3.83002230363960
H           -0.42635530183155        3.47779460524929        3.49064116193543
H            0.87720014945587        3.78519395292719        2.33151350616475
H            3.70244099854658        0.38023671479024        0.82993741692722
H            4.66224077145047        0.91752194529177       -1.31564422553830
H            3.95937801313739        2.49135040522674       -0.87096278344277
H            3.19424811152471        1.43694690576702       -3.20710432860073
H            1.95702617249774        2.07439556743416       -2.11198493492512
H            1.06017842176203       -0.08203559462732       -2.22409224322556
H            2.63640918822246       -0.83296807099523       -2.61146645528562
68
 energy: -106.562919590937 gnorm: 0.029856271846 xtb: 6.7.1-6.fc44.fc44
O            2.17667042678733       -1.53137057538544        1.31421751439463
O           -1.15784855278450       -4.14597686875735        1.59061408518484
O           -0.60617875072283        0.05099407487370       -0.68999222022536
O           -1.07895312915753        2.96363078277484       -2.64833698209490
O           -2.14441833183637        1.38040271537017        1.75909928189320
O            1.81884305497748        2.84093060400466        0.28958999128486
N            0.45566058760173       -3.42792866381095        0.22150057741744
N           -2.00743615910543       -1.30664774859942        0.43836679830633
N           -2.48184090174433        1.33987424507082       -2.04154991197418
N           -0.91589699474630        2.77596982267318        0.47647158919947
N            1.30313889015797        1.14473751315075        1.70079560087128
N            2.33946450508536       -0.35816186794408       -0.59010576757021
C            1.93509156704941       -1.42367367434173        0.11316383452244
C            1.16541157357230       -2.50107163042238       -0.65072170499184
C            2.11021184749116       -3.40910388836366       -1.46086956333857
C            1.38463311466464       -4.75001153162546       -1.45961609239300
C            0.88341090597930       -4.79785496035043       -0.02281110547656
C           -0.57348893868170       -3.21416847545246        1.06760599061731
C           -0.98063184069924       -1.76363097637578        1.36425613561589
C           -1.51124773000558       -1.68590539285880        2.79557718637214
C           -1.74311650790198       -0.30897744985696       -0.42628506819409
C           -2.96224395317257        0.34969369381598       -1.10007873902543
C           -3.84241934028979       -0.65026037260250       -1.84962139806511
C           -1.77947347279309        2.47237203787396       -1.78716501544535
C           -1.98601018737375        3.14930015252997       -0.42574381551810
C           -1.98307712485580        4.66466858150980       -0.61790574276920
C           -1.08132349595623        1.92227720246312        1.48765931187461
C            0.15402326847054        1.72954112166814        2.38810973800634
C            0.48951508553638        3.07159356150964        3.05339090129751
C            1.98901299139979        1.70056490193882        0.69410718269056
C            3.02737602468873        0.75641336255101        0.05942201381609
C            3.74500659069986        1.44410739817180       -1.09599695311061
C            2.72892521598310        1.30471668643566       -2.22789378943943
C            2.12719690323774       -0.08696213434333       -2.00458478002682
H            0.43032518473977       -1.97605188573852       -1.28457354388143
H            2.29251053272591       -3.03607235748972       -2.46503356983792
H            3.06543136534822       -3.50713671365443       -0.94094680570044
H            0.52016438187423       -4.68188090650650       -2.12763934249028
H            2.04473914848122       -5.57922644988443       -1.69922140075781
H            0.03669053377804       -5.46848055946877        0.13463544459235
H            1.69285729058475       -5.05303839078780        0.66299143815217
H           -2.95693336440252       -1.49616780580399        0.71705124725706
H           -0.12987155332008       -1.09829859812312        1.22439279592225
H           -2.30444703766502       -2.42096822813215        2.96399951373414
H           -1.91254506391137       -0.69014505197615        2.97521988466731
H           -0.70220863868233       -1.89131785035385        3.49482054300277
H           -2.23760862342783        0.94983560951816       -2.94554326115310
H           -3.53201316626040        0.83992338495275       -0.30799880811652
H           -4.21422740719223       -1.43124292437789       -1.19428304225878
H           -3.27001037227764       -1.07685808397787       -2.67804758581896
H           -4.69219927188737       -0.11628773785904       -2.27737600771500
H            0.03091235780840        3.07488721241445        0.22538481427616
H           -2.92502689208107        2.81977985370560        0.01826701990583
H           -2.04168569455789        5.16410720881535        0.34504533305756
H           -2.83266153384474        4.96482860226677       -1.22563192841317
H           -1.06856490037652        4.95882719586716       -1.12856869642615
H            1.53937121581121        0.19721883692822        1.92895293111626
H           -0.13825764246059        1.01544680943762        3.16289945615688
H            1.23355947842484        2.92179775313708        3.83196349778775
H           -0.41117433872342        3.48489758178034        3.49787859982714
H            0.88165540378430        3.77394685102179        2.32797495805640
H            3.69427215462911        0.37859986829577        0.83734314274376
H            4.66485787331559        0.93044417181025       -1.33273689198437
H            3.96068944745853        2.48350955606948       -0.86517175044474
H            3.19317682068050        1.42359353244024       -3.20699915136335
H            1.96054459064063        2.07023955065557       -2.11719117827995
H            1.05985987537891       -0.08964227840419       -2.23369455986898
H            2.64150531050016       -0.83791034708347       -2.60874613184623
68
 energy: -106.563708186928 gnorm: 0.022275442563 xtb: 6.7.1-6.fc44.fc44
O            2.16387880083415       -1.52453979614406        1.31976937984055
O           -1.16014639676135       -4.15265652812208        1.59079197849510
O           -0.61382472242823        0.05098000655597       -0.69549002816039
O           -1.07980149543194        2.96631237452694       -2.64994390133222
O           -2.14415124846623        1.37920625944245        1.75949498500930
O            1.82007977538013        2.84473499102707        0.28479710279422
N            0.45534387203782       -3.43147099964719        0.22565096493666
N           -2.00817451286353       -1.30667281162080        0.43705642592453
N           -2.48031697133881        1.33845210650946       -2.04531181670501
N           -0.91972961755801        2.77897778312330        0.47831584376317
N            1.28893586437305        1.14731236150422        1.69228605342383
N            2.33435888212676       -0.35683355626991       -0.58574010416220
C            1.93025489911641       -1.42106845701875        0.11677446335403
C            1.16141572226906       -2.49978817780999       -0.64688963548407
C            2.10411962107821       -3.40176516111830       -1.46278889646373
C            1.38619579936379       -4.74597477285583       -1.45829789170176
C            0.88051761755033       -4.80154656370576       -0.02260249615462
C           -0.57558431698537       -3.22056313354263        1.06873561236470
C           -0.98755382677715       -1.77097671687534        1.36533942443493
C           -1.50910779659400       -1.67251371857776        2.79314458916344
C           -1.74267615229629       -0.30910019567525       -0.42362844292396
C           -2.95781147805238        0.35294259594398       -1.10009238490314
C           -3.83653425070900       -0.64850543227397       -1.84757303277941
C           -1.77776844307955        2.47129438581898       -1.78967786041931
C           -1.98745632079303        3.14808989363886       -0.42780750128945
C           -1.98476683274913        4.66294870820397       -0.61900544198770
C           -1.08451128798248        1.92727615063101        1.49090201976203
C            0.15231021748247        1.73443692969527        2.39037995595749
C            0.49992081460133        3.07116468028317        3.05516991502442
C            1.97733393741219        1.70498407244084        0.68953946732310
C            3.02105291389729        0.75758556423562        0.06540818588083
C            3.74307851497478        1.44262983981477       -1.08885170002014
C            2.72951476724379        1.30161979011498       -2.22392180228685
C            2.12738073361928       -0.08867519811931       -2.00022146168240
H            0.43623979003570       -1.99511028040966       -1.31605828618443
H            2.27850768571557       -3.01862410713983       -2.46500922688204
H            3.06446790047181       -3.49096939073641       -0.94768117867010
H            0.52543840773366       -4.68737519350706       -2.13096655419757
H            2.04612212356162       -5.57313208974478       -1.69969640089237
H            0.03502488305117       -5.47247834313544        0.13092201291893
H            1.69058675628294       -5.05594411730932        0.67301834617649
H           -2.95841384671550       -1.49168283775485        0.71627509366658
H           -0.13537025997260       -1.10861022165212        1.22720193616044
H           -2.27691666897420       -2.42685096172152        2.92625011839579
H           -1.91624644639870       -0.68137663939390        2.97141482628308
H           -0.70144194960369       -1.87676941909341        3.49414704706009
H           -2.23480284143942        0.94647067228673       -2.94807419606093
H           -3.53217095328185        0.84075648113885       -0.30635490661934
H           -4.19944227808051       -1.43491982584485       -1.19346610466796
H           -3.26716127525447       -1.07802286144323       -2.67517707253086
H           -4.69534265329568       -0.12500626456163       -2.27069617873410
H            0.02592115992698        3.08465753947981        0.23351842243896
H           -2.92676615230480        2.82003319528330        0.02855567535787
H           -2.04199452611868        5.16037060257920        0.34479975831030
H           -2.83290813784215        4.96301891021735       -1.22775714814058
H           -1.07101855511945        4.95881019252290       -1.12788248403947
H            1.55337083594383        0.19625415570309        1.95061733382667
H           -0.14002759863927        1.01883565349580        3.16323970996542
H            1.24772388098722        2.91755609500376        3.82906948506348
H           -0.39548525300855        3.49043670660090        3.50738011530718
H            0.88887748513627        3.77052264723507        2.32400293528449
H            3.68806647099390        0.37476081437193        0.84358610662111
H            4.68069257214375        0.92965344399776       -1.34131450682095
H            3.95422310205757        2.48381681857622       -0.85864599572854
H            3.18930460196166        1.41218099700979       -3.20462174980181
H            1.95794332344206        2.06414205960415       -2.12092504227012
H            1.06339945719323       -0.10118378738417       -2.23850605157929
H            2.64549648336543       -0.84127826161833       -2.60279176040767
68
 energy: -106.564167771552 gnorm: 0.018021937894 xtb: 6.7.1-6.fc44.fc44
O            2.15233762653956       -1.51531078918046        1.32178440616032
O           -1.16316204798621       -4.15219035774634        1.58796285012548
O           -0.61056586938137        0.06105628526885       -0.69355000138806
O           -1.08055040247522        2.96710364437286       -2.64999209252325
O           -2.14390267932638        1.37933288196811        1.75932661822589
O            1.81774206388060        2.85118611441440        0.28500942247463
N            0.45547959916227       -3.42934729078405        0.22652193588943
N           -2.00420032505817       -1.30258769311986        0.43181822368994
N           -2.47903412006225        1.33612021986321       -2.04892127535719
N           -0.92222523207360        2.78082218370703        0.48060204997606
N            1.28469581217972        1.14940721405950        1.68732774378462
N            2.32789118125510       -0.35252521360427       -0.58426240542188
C            1.92165254621742       -1.41387878430460        0.11941259054578
C            1.15777916200712       -2.49486931418994       -0.64607147667979
C            2.10130998392033       -3.39298352584387       -1.46458302767932
C            1.39216661147637       -4.74610737852445       -1.45836081727757
C            0.88047537398879       -4.79897727101658       -0.02723787425928
C           -0.57812897473227       -3.21995310706874        1.06607843751220
C           -0.98531777479721       -1.76903825497944        1.35972008368423
C           -1.51366593831693       -1.67805790770776        2.78424438832411
C           -1.74090498842713       -0.30473456701926       -0.42739110900780
C           -2.95673671498049        0.35410874936130       -1.10354312433013
C           -3.83488680961122       -0.64830108327070       -1.84820500627605
C           -1.77757941408370        2.46966512317858       -1.79096935975248
C           -1.98813133163092        3.14654410333426       -0.42854873988034
C           -1.98699995321423        4.66190428653163       -0.61911062143050
C           -1.08555397320185        1.92863930921768        1.49244230116727
C            0.15448057269155        1.73655020105140        2.38954445079672
C            0.51181087101658        3.06979476949079        3.05526762807315
C            1.97494760385374        1.71094781213395        0.68903335128082
C            3.01736707378557        0.76098866947846        0.06357865576092
C            3.74155328016542        1.44536227092310       -1.08861363932890
C            2.73105007476095        1.30024605965993       -2.22457831513976
C            2.12784216653543       -0.08952790461617       -1.99847327680279
H            0.44277016353507       -2.00820947015206       -1.31321396848571
H            2.27096954435895       -3.01021660969581       -2.46855137926002
H            3.06447268939710       -3.47441836092939       -0.95315783261957
H            0.53569697242742       -4.70071946785174       -2.14028843227973
H            2.05260537037937       -5.57206823092730       -1.69986621072147
H            0.04252695984854       -5.47538853885195        0.13402369190382
H            1.67319783761184       -5.07721519254832        0.67495559390574
H           -2.95651521875142       -1.48728337423561        0.70743170321712
H           -0.13010555505340       -1.11065429546884        1.22320198915956
H           -2.28639343654465       -2.42257776377213        2.96869694689095
H           -1.92269761970083       -0.68817112847507        2.96088663999462
H           -0.70405406875329       -1.87730309354633        3.48557938063530
H           -2.23099806788301        0.94302501847438       -2.95089378949024
H           -3.53143962386782        0.84032192537879       -0.30702217170594
H           -4.18700705577474       -1.43719503738459       -1.19191289335046
H           -3.26744869738834       -1.08556801543352       -2.67413879116237
H           -4.70055694703606       -0.13400659007215       -2.26617693787540
H            0.02222929317554        3.09427032916718        0.24166675523367
H           -2.92615121559421        2.81761621903222        0.03369527628331
H           -2.04624301600613        5.15682126856325        0.34656284031893
H           -2.83578204562371        4.96096736352286       -1.22789620097890
H           -1.07351195544900        4.96017969739866       -1.12685868522553
H            1.54539360702137        0.19698636083907        1.94570103930342
H           -0.13455913784679        1.01789027598359        3.16093916493621
H            1.26397701464382        2.91438839676407        3.82506315859510
H           -0.37848072524740        3.49362128972553        3.51611171656261
H            0.90103021282190        3.77069753745242        2.32278294861524
H            3.68290168329025        0.37537270966637        0.84217448944021
H            4.67363634852655        0.91521327568773       -1.31170453848958
H            3.94979075298926        2.48802538337806       -0.86101751426034
H            3.18552791988096        1.39998951442463       -3.20871913907899
H            1.95970602209472        2.06308765621531       -2.12494321253904
H            1.06624646671919       -0.10443320360362       -2.24238703675039
H            2.65190508017093       -0.84319564697422       -2.59390152805391
68
 energy: -106.564499482683 gnorm: 0.016159494004 xtb: 6.7.1-6.fc44.fc44
O            2.13899277274868       -1.50938914435561        1.32438631820541
O           -1.16715683177117       -4.15414091596975        1.58680152068689
O           -0.60356152997396        0.06428610901222       -0.68681649881765
O           -1.07906203902134        2.96900261868161       -2.64782492138968
O           -2.14292581683333        1.37969940368177        1.76048500178049
O            1.81624647105701        2.85530738404133        0.28758867668356
N            0.45354345962322       -3.42907949109999        0.22802972185892
N           -2.00260890180472       -1.30180710118322        0.43016133398763
N           -2.47709879683877        1.33555289879549       -2.05048677979413
N           -0.92309009567991        2.78283894284591        0.48343099113343
N            1.28484467808353        1.14897828504101        1.68711540490597
N            2.32046540484763       -0.34980850655812       -0.58288308659690
C            1.91100361846284       -1.40876002139642        0.12202585527743
C            1.15242009438708       -2.49253817523324       -0.64435487555618
C            2.10150909205055       -3.38847301866010       -1.46185230790224
C            1.39850439256493       -4.74615476222648       -1.45737310656506
C            0.87813001144721       -4.79821081415028       -0.03035444145504
C           -0.58218529572420       -3.22178042469277        1.06474705564972
C           -0.98742439408445       -1.76975906648662        1.36201300519995
C           -1.51273445413332       -1.67530630586111        2.78880179928068
C           -1.73883068541938       -0.30501528085149       -0.42732798753925
C           -2.95542538770095        0.35094923657558       -1.10665202288833
C           -3.83517910406303       -0.65298205513391       -1.84726667036371
C           -1.77665028136947        2.46965564339315       -1.79052373516742
C           -1.98843047474945        3.14575006191247       -0.42735105466977
C           -1.98992760512170        4.66073531553010       -0.61802399598624
C           -1.08501284465467        1.93016577620797        1.49480812398923
C            0.15556113448155        1.73985052323334        2.39170380271220
C            0.52299263111429        3.06945535546639        3.05666271367307
C            1.97559344173031        1.71454737413288        0.69240068772983
C            3.01428649504411        0.76269313449117        0.06136138681027
C            3.74041879087058        1.44486843199141       -1.08994959549928
C            2.73366574291494        1.29619660027997       -2.22773612655696
C            2.12909044907191       -0.09187182173442       -1.99976636076201
H            0.42201660757923       -1.99201695312396       -1.28412867882602
H            2.26596524227644       -3.00954943909209       -2.46867220902295
H            3.06418172432644       -3.46734650862854       -0.95358787286971
H            0.54824375730043       -4.71203399631925       -2.14818284091913
H            2.05954010401017       -5.57073599783229       -1.69892910567580
H            0.03637583374460       -5.47378108553618        0.12362328303935
H            1.67895740742313       -5.07727587051304        0.66857012829793
H           -2.95755253815185       -1.48403244836864        0.70139296463627
H           -0.12932850055625       -1.11459464022515        1.22604024982834
H           -2.28311455159832       -2.42379381005777        2.93035997227626
H           -1.92038499485173       -0.68312975767882        2.96277554463052
H           -0.70369914388988       -1.87329616382248        3.48985263893014
H           -2.22716302722312        0.94140985283200       -2.95156384657683
H           -3.52784544968295        0.84200249477355       -0.31317980583880
H           -4.17928595792239       -1.44165620724492       -1.18808156327871
H           -3.27013688713663       -1.09825829893156       -2.67055264475129
H           -4.70146796302776       -0.14330317867757       -2.26162632761841
H            0.01938006191152        3.10416821655095        0.25076478302502
H           -2.92653341607148        2.81285160458494        0.02527602374140
H           -2.05183211426272        5.15482498664546        0.34798600616588
H           -2.83837226542233        4.95832694411111       -1.22813010144873
H           -1.07681680258491        4.96180359921022       -1.12405828715489
H            1.52726299785851        0.19706022658684        1.92502924697866
H           -0.13326276144057        1.01985726804234        3.16253981667543
H            1.27927087180833        2.91172298645708        3.82200816590848
H           -0.36154876493993        3.49864227798120        3.52359146931486
H            0.91138299902935        3.76972528101153        2.32205733289797
H            3.67499163945132        0.37625355891350        0.84309241796758
H            4.66530285274908        0.91464156941323       -1.29821937417139
H            3.95127121200886        2.48665538047133       -0.86381815792890
H            3.18585762796308        1.38595352169374       -3.21273945290963
H            1.96319377620077        2.05982903322418       -2.12880104024986
H            1.06731991967061       -0.10744525389043       -2.24697652991439
H            2.65954096834388       -0.84769572549079       -2.58560598960885
68
 energy: -106.564760678529 gnorm: 0.010477557427 xtb: 6.7.1-6.fc44.fc44
O            2.13527319108362       -1.50929942052312        1.32805475039848
O           -1.16990160753181       -4.15398488268514        1.58546848754603
O           -0.60684469861141        0.06250798786894       -0.69521363187344
O           -1.07638550971980        2.97044161414153       -2.64603866426142
O           -2.14429468408401        1.37956003976552        1.76245184340359
O            1.81632438416806        2.85649925730077        0.28845415453627
N            0.45504055820624       -3.43089454958176        0.22989804347496
N           -2.00137185825610       -1.30050657224121        0.42951870497522
N           -2.47662180989082        1.33654942094907       -2.05122197039973
N           -0.92468138010492        2.78463058324464        0.48503673360742
N            1.28077817334788        1.14930255147211        1.68652134566841
N            2.32047096437079       -0.35072328875688       -0.58067210498572
C            1.91206175339274       -1.41010561726327        0.12382648635707
C            1.15159055671075       -2.49309489485418       -0.64243799535927
C            2.09975082052230       -3.38603516755098       -1.46335966117837
C            1.40021182065774       -4.74106697550418       -1.45729398575808
C            0.87811613800608       -4.80006779403223       -0.02989317080769
C           -0.58220709180349       -3.22327405361281        1.06426456002629
C           -0.98615200051482       -1.76986345281410        1.36022149866768
C           -1.51687435309475       -1.67696471073698        2.78707460989899
C           -1.73760527227465       -0.30449684980272       -0.42762289942480
C           -2.95510710254181        0.35055923279273       -1.10725020928205
C           -3.83349565137740       -0.65706672839501       -1.84448962539378
C           -1.77528371271734        2.47048475975215       -1.79023644476846
C           -1.98974271153909        3.14601168866200       -0.42681533343319
C           -1.99254940412442        4.66048858674864       -0.61742354712401
C           -1.08663902130640        1.93338393648400        1.49801260960570
C            0.15362596584038        1.74354710192152        2.39492984054303
C            0.52820505992372        3.07087829601643        3.05788319052270
C            1.97134980695576        1.71493330742167        0.69217138980649
C            3.01163310489204        0.76342372407048        0.06463028353701
C            3.74054383061679        1.44172354370709       -1.08764987898699
C            2.73633071283970        1.29212721295886       -2.22757661744537
C            2.13255201270545       -0.09526321974966       -1.99934501737961
H            0.42664059706723       -1.99266504989933       -1.29186679310703
H            2.25919070306308       -3.00600743004879       -2.47032606078980
H            3.06266970566544       -3.46316263293381       -0.95673389949141
H            0.55346924550773       -4.71396488800201       -2.15027379169208
H            2.06206729653475       -5.56450856156616       -1.70121428509209
H            0.02999078558512       -5.47133760609664        0.11301150031820
H            1.67136141839160       -5.07507861279362        0.67045806886863
H           -2.95479904762519       -1.47986333680251        0.70366785965393
H           -0.12849710092719       -1.11422094230752        1.22616390306832
H           -2.28812683718209       -2.42892311944406        2.93816613025127
H           -1.92254392605819       -0.68216185570244        2.95856419451426
H           -0.70792688228597       -1.87274458970003        3.48801749294842
H           -2.22641432422970        0.94230625595266       -2.95207700262732
H           -3.52757673086848        0.84414526357718       -0.31583833691755
H           -4.17411140470954       -1.44638213329293       -1.18366479744204
H           -3.27060802712030       -1.10582523263928       -2.66605880033269
H           -4.70087112626542       -0.15084956897399       -2.25892905038378
H            0.01629141150518        3.11033741336294        0.25644235721295
H           -2.92873217252535        2.81245898657830        0.02046871741295
H           -2.05537084358120        5.15548157191328        0.34785018766732
H           -2.83998712056151        4.95744632167632       -1.22912087100623
H           -1.07939112127233        4.96269639583618       -1.12232633922937
H            1.53031679956460        0.19684792897880        1.92703774712041
H           -0.13737848342657        1.02486978751579        3.16697117945278
H            1.28755972747318        2.91007549458118        3.81939648038721
H           -0.35235010900098        3.50346730344383        3.52858211208894
H            0.91410674663271        3.76882860487782        2.32099437972261
H            3.66977813348102        0.37794781229697        0.84934226829983
H            4.67256722798371        0.92779012960462       -1.31597105666012
H            3.95275551954565        2.48357923265889       -0.86258936565153
H            3.18944851226023        1.37814147134387       -3.21146044161795
H            1.96423998954035        2.05418738796456       -2.13059986171780
H            1.07083191356849       -0.11427517585029       -2.25180491573392
H            2.66497314597250       -0.85174163649376       -2.58407063660420
68
 energy: -106.564880433219 gnorm: 0.007979868511 xtb: 6.7.1-6.fc44.fc44
O            2.13561910340238       -1.50955643295773        1.32892436314540
O           -1.17306543284881       -4.15398807885617        1.58191522580162
O           -0.60490266060838        0.06074181225589       -0.69655361721650
O           -1.07392109287558        2.96990107344784       -2.64497783465861
O           -2.14342972880364        1.38045025451679        1.76506097724667
O            1.81726164670497        2.85862058045598        0.28774113600400
N            0.45602212291998       -3.43093551999648        0.23009262111423
N           -2.00206111768958       -1.30053591021750        0.42788235723704
N           -2.47718226446032        1.33650173729503       -2.05247761654020
N           -0.92655908507855        2.78614936224370        0.48527661454350
N            1.27842492914817        1.15152931851306        1.68446512825019
N            2.32172081154098       -0.35098975013570       -0.58010907426864
C            1.91441390202060       -1.41068322693939        0.12407358896178
C            1.15004200556684       -2.49181474161939       -0.64236249367414
C            2.09768148536183       -3.38268343062377       -1.46644734635099
C            1.40189441643686       -4.73841450609887       -1.45732940198044
C            0.87781733597271       -4.80058964313044       -0.03129076678028
C           -0.58290887344072       -3.22364204466382        1.06262739912005
C           -0.98856977787380       -1.77099741234865        1.35943367101179
C           -1.51843500295180       -1.67666588169861        2.78523592238580
C           -1.73710745600987       -0.30541628804335       -0.42892458132713
C           -2.95412884175213        0.35206369030546       -1.10679256522984
C           -3.82956871769983       -0.65867555826641       -1.84209279280334
C           -1.77431302440754        2.47004664012434       -1.79062177701478
C           -1.99156531235959        3.14575736532728       -0.42725732901320
C           -1.99584943408912        4.66020977268080       -0.61760485926872
C           -1.08727217218900        1.93677650690454        1.50021990719533
C            0.15400132015726        1.74693599569338        2.39580934764045
C            0.53415984151964        3.07241336343566        3.05784805205321
C            1.96967537519499        1.71680921539444        0.69002567633030
C            3.01098094206104        0.76444157169253        0.06507451119944
C            3.74093168843153        1.44176211572341       -1.08730564365694
C            2.73705941620526        1.29052088172158       -2.22778742387352
C            2.13618517018504       -0.09751698352716       -1.99852354486011
H            0.42016868232363       -1.99297621901085       -1.29483592393837
H            2.25274406288621       -3.00001260213667       -2.47265119852118
H            3.06248186899532       -3.45440682985849       -0.96043987408585
H            0.55848364888969       -4.72155711268636       -2.15385594222584
H            2.06600851781379       -5.56056744583839       -1.70197819459370
H            0.02842344491219       -5.47026999680812        0.10660207486533
H            1.66671745225526       -5.07961773628079        0.67243239143254
H           -2.95592847807242       -1.47737892931000        0.70180377069941
H           -0.13184563325753       -1.11389339101264        1.22752195449399
H           -2.29134004355071       -2.42917335113910        2.93960089626421
H           -1.93027117359164       -0.68587348935834        2.95685873769335
H           -0.71002183165619       -1.86971661289789        3.48697920804800
H           -2.22676067614364        0.94251027143106       -2.95344445380597
H           -3.52927914869294        0.84426406266329       -0.31479181536530
H           -4.16745047571791       -1.44847340564141       -1.17901771618778
H           -3.26841763297325       -1.11149724129301       -2.66138826411072
H           -4.70003980580142       -0.15807446738463       -2.25876457201869
H            0.01267279945615        3.11640485023168        0.26005126624951
H           -2.93073081576196        2.81353128240119        0.02530568157436
H           -2.05926117757164        5.15651403861494        0.34706194576871
H           -2.84308141611951        4.95652309112428       -1.23016100102639
H           -1.08250287042625        4.96338930753351       -1.12229475709228
H            1.53269819322200        0.19726117299458        1.92965317492375
H           -0.13790140369033        1.02914267533667        3.16874539522684
H            1.29722768528201        2.90786565064723        3.81511096160119
H           -0.34305719606839        3.50640407336955        3.53374452820995
H            0.91757737134174        3.77020159272734        2.32012920850398
H            3.66902026019574        0.37974632068882        0.85148916747986
H            4.67312655185355        0.91884241906051       -1.30678495749091
H            3.94756627324016        2.48590401890012       -0.86183120320767
H            3.19152859245015        1.37378148849332       -3.21118208009109
H            1.96181873939124        2.04949354951923       -2.13433119232285
H            1.07688538850432       -0.12162404717045       -2.25314477107335
H            2.67136333484039       -0.85395317972847       -2.58135422899603
68
 energy: -106.564970760419 gnorm: 0.007171122919 xtb: 6.7.1-6.fc44.fc44
O            2.13480274913271       -1.51028216244038        1.32946158865737
O           -1.17899533644578       -4.15352283619249        1.57662279760883
O           -0.60608191256121        0.05783541417504       -0.70099722892405
O           -1.07094535313111        2.96798636943294       -2.64281194943644
O           -2.14188811020380        1.38263982567992        1.76785222885033
O            1.81768201782677        2.86023359573900        0.28993118610679
N            0.45489436779956       -3.43011300617632        0.22971342670459
N           -2.00292900207263       -1.29799406345020        0.42917895766893
N           -2.47781010244113        1.33593241659858       -2.05320104510368
N           -0.92743778296121        2.78732663225259        0.48553308357836
N            1.27747068750933        1.15307605878820        1.68501685314868
N            2.32137121720096       -0.35103954566865       -0.57892664394163
C            1.91278660102818       -1.41005507150118        0.12536899796011
C            1.14605751209491       -2.48959994990878       -0.64208650665179
C            2.09389099752563       -3.37807966802784       -1.46939197009517
C            1.40515463160228       -4.73868816012671       -1.45714278046249
C            0.87573321936736       -4.80009487925381       -0.03424665668280
C           -0.58596342584886       -3.22326946807943        1.06012578989092
C           -0.99009893708670       -1.77079221928502        1.35953733248696
C           -1.52289095895511       -1.67810623336219        2.78382846695344
C           -1.73703024067455       -0.30436927782017       -0.42865748099362
C           -2.95344196976882        0.35202207231907       -1.10710548447992
C           -3.82765829683475       -0.66077197553170       -1.84032125980121
C           -1.77364420064269        2.46893709394298       -1.79007115691827
C           -1.99283596111624        3.14527221996555       -0.42713652654633
C           -1.99986657091621        4.65981297723837       -0.61777814283572
C           -1.08664340653342        1.93932340158326        1.50185488694516
C            0.15519192124132        1.75031176867671        2.39640743307954
C            0.54013482838283        3.07445425189360        3.05783562394088
C            1.96921350106151        1.71776193779544        0.69020725830559
C            3.01016822327209        0.76464999674653        0.06567610710946
C            3.74055883519923        1.44204654262193       -1.08605278427114
C            2.73913473697166        1.28830890368759       -2.22803128147318
C            2.14077912060052       -0.10054347560009       -1.99782492844027
H            0.41861502922474       -1.98753612733393       -1.29052008390013
H            2.24563055144230       -2.99534003416069       -2.47569942364406
H            3.05991564701159       -3.44551299009087       -0.96458027232118
H            0.56672419271597       -4.73517470763271       -2.16057776877130
H            2.07337404299328       -5.55868686051610       -1.70045030087119
H            0.02637338678318       -5.46966478216208        0.10144698806525
H            1.66686585030514       -5.08253522582008        0.67225981713947
H           -2.95717747570078       -1.47164268543560        0.70397207343043
H           -0.13284513056103       -1.11325477831743        1.22988961597444
H           -2.28962350586120       -2.43367610496732        2.94236928735794
H           -1.93614422849509       -0.68720481631862        2.95396370834544
H           -0.71583221808705       -1.86877620662563        3.48647416756950
H           -2.22679629760664        0.94258462579614       -2.95433826620481
H           -3.52924808751190        0.84426274044882       -0.31528234931833
H           -4.16576856945769       -1.44728631728097       -1.17368679364843
H           -3.26745329238225       -1.12121052833784       -2.65562823931349
H           -4.69752408015241       -0.16375133396130       -2.26107436260423
H            0.00967033197245        3.12295284429655        0.26383732955251
H           -2.93120769211558        2.81103854512103        0.02618608850721
H           -2.06540135083907        5.15755813466482        0.34629427191028
H           -2.84729575798636        4.95464445189963       -1.23124177121480
H           -1.08631050061970        4.96455754340849       -1.12213619806366
H            1.52407336396939        0.19704930475067        1.92499778064619
H           -0.13628302287754        1.03300625454495        3.16991332879382
H            1.30743911664176        2.90612870640798        3.81036003574652
H           -0.33342189288382        3.50899759041739        3.53945469612435
H            0.92224440487584        3.77337810865560        2.32014835727412
H            3.66815234022870        0.38073877945839        0.85291047588973
H            4.67446302413419        0.91862539982624       -1.30417814607173
H            3.94743419420451        2.48557866904255       -0.86083519055586
H            3.19632620669048        1.36869321214282       -3.21042099818362
H            1.96196995148290        2.04564747534466       -2.13773221569223
H            1.08194358546738       -0.12685916895407       -2.25723952779600
H            2.67992888982138       -0.85669954823384       -2.57713825848601
68
 energy: -106.565032462366 gnorm: 0.006092362138 xtb: 6.7.1-6.fc44.fc44
O            2.13627742900063       -1.51174930486242        1.33013147415646
O           -1.18549603301189       -4.15321866302745        1.56945083490434
O           -0.60436892271226        0.05561254471247       -0.70163645442294
O           -1.06704573296538        2.96488277154172       -2.63971124510795
O           -2.14035887458746        1.38502126369834        1.77024185592303
O            1.81828413825374        2.86063961992785        0.29166589474298
N            0.45443992072589       -3.42898344454293        0.22937148751184
N           -2.00429289841130       -1.29575933517195        0.43103779203103
N           -2.47872411275508        1.33564468034781       -2.05282576478477
N           -0.92737951311437        2.78855368024608        0.48564711681674
N            1.27759627815630        1.15497285752250        1.68660320160621
N            2.32253036662912       -0.35134355148866       -0.57798017169872
C            1.91228342131316       -1.40979323807292        0.12681667859455
C            1.14285330004126       -2.48744334887253       -0.64127881844422
C            2.09024468725943       -3.37349869566425       -1.47242531103225
C            1.40875264710885       -4.73825321904491       -1.45797058797757
C            0.87472191405691       -4.79869189730615       -0.03742972441798
C           -0.58879392689183       -3.22276443468225        1.05723473391267
C           -0.99155871548452       -1.77052134923555        1.36074191669294
C           -1.52457815607411       -1.68196665399832        2.78547088267452
C           -1.73721144393721       -0.30396066890788       -0.42825181543963
C           -2.95404358160465        0.35095509459555       -1.10705806015459
C           -3.82782522695067       -0.66350482043279       -1.83848959934912
C           -1.77311586417652        2.46770129804463       -1.78859166906437
C           -1.99385615701055        3.14486445135413       -0.42647134264623
C           -2.00500943131468        4.65924771447416       -0.61824178054592
C           -1.08544066486315        1.94212258875712        1.50340207133896
C            0.15631036925481        1.75444954293679        2.39725775919949
C            0.54489946154803        3.07803331745928        3.05768479181388
C            1.97004043906686        1.71781183600874        0.69063761347718
C            3.01062173844747        0.76490336516352        0.06595801611393
C            3.74079882906251        1.44273351418849       -1.08532569180341
C            2.74212445289380        1.28627705077973       -2.22910262377112
C            2.14708705970653       -0.10375336651899       -1.99831944502689
H            0.41149977550283       -1.98505144888508       -1.28404313239401
H            2.23737671592049       -2.99322736669698       -2.47996411166562
H            3.05737793436658       -3.43861579562772       -0.97047349453390
H            0.57709401738040       -4.74902760475474       -2.16896737754881
H            2.08268898026822       -5.55560354856745       -1.69916776864020
H            0.02569495478136       -5.46849097092428        0.09807132291836
H            1.65593746989495       -5.08788199113074        0.67355365232179
H           -2.95919532147009       -1.46696544800630        0.70624097607644
H           -0.13388449458386       -1.11211806450376        1.23352001095272
H           -2.29436251463877       -2.43524182333052        2.93512977206868
H           -1.94288183769359       -0.69330231226868        2.95496565572317
H           -0.71795344132354       -1.86858739406405        3.48887964546842
H           -2.22700045692901        0.94304822053051       -2.95397386568017
H           -3.53008708095410        0.84384414916010       -0.31653794818188
H           -4.17082567228737       -1.44345031204543       -1.16726626024768
H           -3.26750076783785       -1.13357358345899       -2.64768595001427
H           -4.69323783387508       -0.16677768785993       -2.26595580827439
H            0.00718553231532        3.12992278087081        0.26744482890182
H           -2.93114318979444        2.80697780287658        0.02422094627472
H           -2.07357376054711        5.15893292633714        0.34483396582142
H           -2.85272547974596        4.95161424641675       -1.23284208710274
H           -1.09138737821989        4.96594576452620       -1.12218390971532
H            1.51940422663112        0.19709811259129        1.92452837214666
H           -0.13427073860377        1.03821402459338        3.17189928499783
H            1.31737369544094        2.90571056630615        3.80429564835085
H           -0.32481613082552        3.51166035273858        3.54560671207159
H            0.92494665665071        3.77854452741964        2.32017760667571
H            3.66821887500690        0.38245172727934        0.85369746388897
H            4.67449701631678        0.92333295777226       -1.30485700535914
H            3.94993366079879        2.48506027528930       -0.86077279067288
H            3.20371771015832        1.36583436202476       -3.20971697493540
H            1.96369477242417        2.04252666723683       -2.14092112555279
H            1.08860107378710       -0.13153672477946       -2.26198470563422
H            2.69051044147510       -0.85924893020457       -2.57390951672452
68
 energy: -106.565080715481 gnorm: 0.005617412530 xtb: 6.7.1-6.fc44.fc44
O            2.13745652120582       -1.51346179837214        1.33011188828550
O           -1.19044533649548       -4.15270231447234        1.56453527952712
O           -0.60425212389431        0.05496645626155       -0.70184983461202
O           -1.06452231011290        2.96232097636718       -2.63844341027826
O           -2.13945494788256        1.38590078631314        1.77061461489996
O            1.81946726162665        2.85956764063431        0.29165083502419
N            0.45361771809871       -3.42919876775447        0.22932476457486
N           -2.00582535427441       -1.29442577312297        0.43245402727409
N           -2.47975908912485        1.33615321021653       -2.05219521406301
N           -0.92603656136795        2.78889737433657        0.48517635636061
N            1.27943274529327        1.15561434629170        1.68822408512331
N            2.32496938616758       -0.35283293664804       -0.57844090847958
C            1.91311321560845       -1.41127653495145        0.12645120101295
C            1.14160111569573       -2.48786628000453       -0.64116452341963
C            2.08827338728252       -3.37310384134651       -1.47391277304167
C            1.40949295281663       -4.73827620006294       -1.45706811254823
C            0.87274656052537       -4.79908110471945       -0.03720435636783
C           -0.59090494782547       -3.22238283502096        1.05559878615133
C           -0.99244526197186       -1.77012077479943        1.36137699384305
C           -1.52744762045467       -1.68420521735996        2.78651282166894
C           -1.73822268103534       -0.30375168487680       -0.42821415163864
C           -2.95577382810730        0.35094559463933       -1.10651325100808
C           -3.82940031511246       -0.66382530829542       -1.83812315765877
C           -1.77269065007762        2.46698045678329       -1.78771956446260
C           -1.99368510283202        3.14448752514226       -0.42610165126383
C           -2.00769679594380        4.65855087680893       -0.61919972572126
C           -1.08415784318260        1.94350920030361        1.50388333906673
C            0.15726979443370        1.75630727579814        2.39774242712231
C            0.54535554090193        3.08081401690587        3.05740400996892
C            1.97202196658669        1.71668947578462        0.69065992995058
C            3.01219663792216        0.76410160890776        0.06563515306541
C            3.74160214675297        1.44311655120236       -1.08558554901433
C            2.74297582008024        1.28570314152391       -2.22975744523236
C            2.15109019291774       -0.10576569244547       -1.99944776913323
H            0.41268951092147       -1.98267522465102       -1.28320612617566
H            2.23196236662280       -2.99460886286426       -2.48252653727801
H            3.05708978171769       -3.43661736127791       -0.97469423421613
H            0.58261369833668       -4.75596091560076       -2.17211279807175
H            2.08790067475068       -5.55379952120121       -1.69540425395193
H            0.01989691798739       -5.46669879200836        0.09387845363122
H            1.65930986823722       -5.08177894072987        0.67042330003720
H           -2.96042028797292       -1.46519312428299        0.70896024176453
H           -0.13458155383084       -1.11125910032170        1.23548511303963
H           -2.29057118404091       -2.44391183984796        2.93676749722016
H           -1.94653803372706       -0.69488612350401        2.95565381540763
H           -0.72122762236197       -1.86868277775850        3.49042974343089
H           -2.22776290316064        0.94388463718277       -2.95317095560428
H           -3.53227121225550        0.84323965625368       -0.31644171728401
H           -4.18004545620206       -1.43848143378915       -1.16430082647026
H           -3.26752858085404       -1.13915285075993       -2.64239181143743
H           -4.69034422129793       -0.16413552634698       -2.27178874659229
H            0.00723567632270        3.13248942674938        0.26780861423936
H           -2.93052199958207        2.80574189247321        0.02503526670067
H           -2.07772834005741        5.15939007265529        0.34310618471318
H           -2.85567594762825        4.94888976424156       -1.23429386448329
H           -1.09436000431136        4.96617417718535       -1.12312699890284
H            1.52037991148838        0.19807299678503        1.92676806133792
H           -0.13346169657435        1.04174885649314        3.17366926560350
H            1.32088553325621        2.90691592482691        3.80039266063814
H           -0.32299710290384        3.51194028030038        3.54866222602935
H            0.92264425200293        3.78245300597009        2.31986144527342
H            3.67016751837091        0.38300924634235        0.85306885760971
H            4.67391309319514        0.92301061078260       -1.30013125182758
H            3.94862898187868        2.48653654093835       -0.86108325769027
H            3.20769275689395        1.36851168202864       -3.20907887049179
H            1.96391200487025        2.04113984186127       -2.14168178301873
H            1.09384048404515       -0.13634240825283       -2.26272729458761
H            2.69698552809221       -0.86007360305074       -2.57413848596491
68
 energy: -106.565122584062 gnorm: 0.004521506798 xtb: 6.7.1-6.fc44.fc44
O            2.13711622980348       -1.51391757519601        1.32902089417671
O           -1.19285435342021       -4.15284039369363        1.56008241999374
O           -0.60804670231512        0.05362290212552       -0.70472871996888
O           -1.06384818581014        2.96027996638364       -2.63849087139112
O           -2.13838562402532        1.38647710699264        1.77045656551236
O            1.82071419048143        2.85814813734452        0.29159809116627
N            0.45299668114311       -3.42920909035106        0.22802739109543
N           -2.00734217072774       -1.29340581868110        0.43461739185902
N           -2.48114965260241        1.33654105852217       -2.05177657816336
N           -0.92426306021426        2.78836638253051        0.48449728283573
N            1.28130108364009        1.15519309872737        1.69001787680933
N            2.32715013309775       -0.35365181338657       -0.57937034734708
C            1.91342036733215       -1.41192813119027        0.12485271954845
C            1.14160897704376       -2.48819051093525       -0.64266616645662
C            2.08782741526504       -3.37428064010691       -1.47496058012449
C            1.40983337167775       -4.73986036986973       -1.45605062779032
C            0.87276332721603       -4.79888699735954       -0.03624005248299
C           -0.59210416066712       -3.22206611997617        1.05344435988702
C           -0.99266592255977       -1.77023868139239        1.36169166128472
C           -1.52635572550466       -1.68518806902838        2.78720790055918
C           -1.73969295892975       -0.30360437395389       -0.42760234215170
C           -2.95723438441219        0.35176714826709       -1.10555714939134
C           -3.83157501856296       -0.66183652816808       -1.83843184162837
C           -1.77253305079334        2.46601189194567       -1.78741988545257
C           -1.99288485705818        3.14357961052252       -0.42597883910919
C           -2.00869083610134        4.65734292390148       -0.62032492161145
C           -1.08283903674454        1.94349703945286        1.50362594100290
C            0.15827131745082        1.75644916561503        2.39804929116564
C            0.54383816325089        3.08266230741062        3.05703862387367
C            1.97331649545258        1.71535145099443        0.69103282806162
C            3.01352552263239        0.76302751162889        0.06640755764139
C            3.74255181079014        1.44358902682327       -1.08459805900509
C            2.74371331262540        1.28642019244887       -2.22920902586723
C            2.15334227222959       -0.10598546187265       -2.00033918658074
H            0.41117641596198       -1.98133987981240       -1.28301650944930
H            2.22937346511480       -2.99594841001399       -2.48409388620902
H            3.05848870708361       -3.43603212220939       -0.97803279845400
H            0.58574456469825       -4.76080355835861       -2.17284699676906
H            2.09170422128716       -5.55422589561905       -1.68979777173155
H            0.02052893895645       -5.46678540571601        0.09517411006121
H            1.65788540505683       -5.08273706520103        0.67175583415391
H           -2.96079425608779       -1.46426394955142        0.71369795537082
H           -0.13478995163814       -1.11145775546052        1.23564467417884
H           -2.28749041204851       -2.44804685316290        2.93690773099849
H           -1.94890781920802       -0.69780728556500        2.95804844168265
H           -0.71958151541413       -1.86787429346169        3.49136509560562
H           -2.22916988247747        0.94412595179350       -2.95252836044002
H           -3.53380525219743        0.84320508183968       -0.31516331660574
H           -4.19185808875301       -1.43160929556080       -1.16338572535937
H           -3.26704891256024       -1.14044571925463       -2.63830908028556
H           -4.68800779760884       -0.15772239864983       -2.27857507158488
H            0.00871088706581        3.13193910650143        0.26609861367536
H           -2.92909166898811        2.80517089233298        0.02774874619156
H           -2.07906176171426        5.15849359514602        0.34161941606186
H           -2.85686598567909        4.94595055684244       -1.23559431591751
H           -1.09585270047342        4.96532474354584       -1.12439976270956
H            1.52148743769968        0.19937065513600        1.92839601356880
H           -0.13308147137170        1.04358273610271        3.17511676321492
H            1.32135465739564        2.90915803828920        3.79777477543272
H           -0.32468787708702        3.51061440584496        3.55041512845656
H            0.91727968686111        3.78520408449931        2.31888251155461
H            3.67259270935906        0.38203193188367        0.85264430004285
H            4.67702117108016        0.92397925032671       -1.30013606353871
H            3.94638123839649        2.48815375257977       -0.85953299183205
H            3.21058194497459        1.37391071774307       -3.20767299287470
H            1.96447736681993        2.04171041350417       -2.14120431532133
H            1.09582735201941       -0.13759168038491       -2.26554481975769
H            2.70032881924268       -0.85923103561473       -2.57529288575705
68
 energy: -106.565161147034 gnorm: 0.003990906625 xtb: 6.7.1-6.fc44.fc44
O            2.13470503758853       -1.51340202166305        1.32744551463212
O           -1.19722583087151       -4.15363902581450        1.55383705356467
O           -0.60895105989269        0.05398410220355       -0.70324561462913
O           -1.06327633571270        2.95833182052202       -2.63812340080107
O           -2.13660425710067        1.38688986399981        1.77036371518848
O            1.82169870226723        2.85631817707574        0.29048632326922
N            0.45110156012542       -3.42902973221866        0.22666374367422
N           -2.00999567233182       -1.29227634061611        0.43567680800844
N           -2.48280202350255        1.33685799719563       -2.05169601790385
N           -0.92208553412846        2.78774196250601        0.48409668875081
N            1.28274426678415        1.15507352434835        1.69167185294128
N            2.32851868139104       -0.35422393230082       -0.58039372778129
C            1.91196212226766       -1.41172005311132        0.12312218355235
C            1.14059170132752       -2.48791971571132       -0.64435822495373
C            2.08556322021009       -3.37438530876914       -1.47697455573190
C            1.41254154780941       -4.74311417731767       -1.45378991815825
C            0.87214158059555       -4.79829776655379       -0.03496020423951
C           -0.59498046449616       -3.22193944608314        1.05055766365494
C           -0.99453307232144       -1.77073247684184        1.36136993083929
C           -1.52444431497033       -1.68828304014820        2.78757545539804
C           -1.74193825928331       -0.30388435574068       -0.42801961398301
C           -2.95927255651085        0.35335444265368       -1.10512870169735
C           -3.83562670428712       -0.65838225155687       -1.83880733765056
C           -1.77222465834454        2.46453238381882       -1.78697483426794
C           -1.99177880493686        3.14200572085944       -0.42556040968560
C           -2.01012267333000        4.65541299193409       -0.62139508582953
C           -1.08114046381585        1.94313653296662        1.50335256867564
C            0.15980129503239        1.75667163566133        2.39856143811762
C            0.54303024417387        3.08491953382030        3.05642638949058
C            1.97422660590363        1.71426049128700        0.69164048461158
C            3.01440104846559        0.76162709722559        0.06743286764982
C            3.74327890794586        1.44430056651111       -1.08287817211702
C            2.74486860212131        1.28711010097632       -2.22828361791003
C            2.15620167496474       -0.10625277448568       -2.00152562120204
H            0.41116146424737       -1.98222254319971       -1.28699664921033
H            2.22384421176157       -2.99621683192941       -2.48704711114065
H            3.05851426086972       -3.43331081559107       -0.98396918364723
H            0.59242411891107       -4.77117964083926       -2.17428536424921
H            2.10017290813133       -5.55508812956847       -1.67850149465761
H            0.02159099811824       -5.46744677349668        0.09707263851216
H            1.65760653586570       -5.08074594366027        0.67661750525894
H           -2.96341957700925       -1.46412426169887        0.71523155497013
H           -0.13632874435599       -1.11288847620504        1.23492632057192
H           -2.28488218905976       -2.45194715317745        2.94050015099910
H           -1.95052357199613       -0.70261296897790        2.96092108265477
H           -0.71552203235767       -1.86777790117774        3.49103410811357
H           -2.23050565077202        0.94375122371566       -2.95196865131629
H           -3.53528154005197        0.84477759513286       -0.31453250506063
H           -4.21103628036778       -1.41931932162558       -1.16156647879657
H           -3.26667893459199       -1.14418066310784       -2.63106944894807
H           -4.68377849326315       -0.14766746633858       -2.28965277844958
H            0.01061712019653        3.13174240396207        0.26436947734098
H           -2.92663369961368        2.80246412937234        0.02922453874738
H           -2.08144062412949        5.15637449866738        0.34048376340275
H           -2.85849942650871        4.94132116415149       -1.23717461082134
H           -1.09800831212244        4.96436158812545       -1.12521457366562
H            1.52748570406060        0.20060775788043        1.93531825446679
H           -0.13165806421808        1.04544180311308        3.17694882175412
H            1.32445146160212        2.91279094073547        3.79308666370511
H           -0.32518981750926        3.50873548454715        3.55445354428491
H            0.90969224488948        3.78921436281701        2.31667110804355
H            3.67469094781881        0.37967950718216        0.85204703355409
H            4.67961423885981        0.92875954022086       -1.30339501475058
H            3.94583691291775        2.48827119391773       -0.85673038278332
H            3.21322747626811        1.38045911222773       -3.20630334851972
H            1.96547255400155        2.04223107166487       -2.13985434109679
H            1.09892738617180       -0.13988861916915       -2.26838194087421
H            2.70535690654854       -0.85817273751325       -2.57634226426535
68
 energy: -106.565186303249 gnorm: 0.003944017798 xtb: 6.7.1-6.fc44.fc44
O            2.13016897157607       -1.51134544486395        1.32726987784364
O           -1.20133877424575       -4.15438669207947        1.54829813175189
O           -0.61193840542434        0.05336753766912       -0.70509307653770
O           -1.06229282279372        2.95736691853014       -2.63742530659560
O           -2.13505862847368        1.38634137617831        1.77050301530559
O            1.82208573650421        2.85602720393124        0.28986764613842
N            0.45000032823855       -3.42880030866062        0.22583748145610
N           -2.01203462858019       -1.29016570226111        0.43703582506011
N           -2.48342797689191        1.33652355031181       -2.05222570578883
N           -0.92087707316502        2.78760984852155        0.48447830278574
N            1.28351686122020        1.15520838642358        1.69209638169004
N            2.32817401169039       -0.35396739373285       -0.58085256931220
C            1.90978470378184       -1.41058879105563        0.12260623043916
C            1.13984507581588       -2.48733668982739       -0.64524837655150
C            2.08519696916291       -3.37309044732013       -1.47810960636823
C            1.41740989424134       -4.74436953793953       -1.45192325628814
C            0.87228160957693       -4.79761851211300       -0.03443086921049
C           -0.59761050807199       -3.22211046365081        1.04769069253010
C           -0.99559243227059       -1.77087438326824        1.36031156910913
C           -1.52420738056985       -1.69001214551165        2.78697906983884
C           -1.74387678684796       -0.30337758833929       -0.42797807127033
C           -2.96092987041595        0.35384968601805       -1.10548164883247
C           -3.83936928513144       -0.65667426923871       -1.83851604530575
C           -1.77154588093608        2.46329388431852       -1.78680812934734
C           -1.99095297839869        3.14059612211311       -0.42511542103728
C           -2.01122956285825        4.65385693344953       -0.62165181707831
C           -1.07985204964811        1.94298034486565        1.50370797179395
C            0.16137979609044        1.75712047071080        2.39923457432671
C            0.54510776047025        3.08593689571129        3.05616442059509
C            1.97447548918014        1.71438595456965        0.69214211553535
C            3.01445654242760        0.76134562976592        0.06731971291294
C            3.74353786955107        1.44498765898561       -1.08226344449901
C            2.74570078359468        1.28722439357468       -2.22800147514574
C            2.15829899066620       -0.10649347916038       -2.00241582875295
H            0.40745363127702       -1.98309216092188       -1.28789562175172
H            2.21924225506264       -2.99670127994336       -2.48974909155840
H            3.05966654018255       -3.42783398849493       -0.98829733763007
H            0.60091133382093       -4.78094805342035       -2.17604141693251
H            2.10983758424507       -5.55420884177701       -1.66891900836502
H            0.02208508521855       -5.46748192023757        0.09654099519584
H            1.65210022742315       -5.07982412627292        0.68081740568621
H           -2.96539648679042       -1.46206190336989        0.71675386945885
H           -0.13685598787486       -1.11425965672223        1.23338421338877
H           -2.28048284030765       -2.45624856309773        2.94128103250777
H           -1.95134353046545       -0.70442189495558        2.96140557424405
H           -0.71383415714921       -1.86701100449430        3.48954793580034
H           -2.23066003252137        0.94245983786316       -2.95204790025175
H           -3.53549938689131        0.84678803301849       -0.31490338325699
H           -4.22603402714893       -1.40953385163076       -1.15877041304632
H           -3.26707642137598       -1.15121824206467       -2.62336096735215
H           -4.67972914643822       -0.14166983042100       -2.29866715204171
H            0.01147538153550        3.13300130740639        0.26446219818035
H           -2.92535082454323        2.80022774579027        0.02980620717140
H           -2.08384773100558        5.15446061127328        0.34036703946430
H           -2.85981684756170        4.93767815263614       -1.23798927560366
H           -1.09957916484712        4.96409552297371       -1.12496360790833
H            1.52942502654714        0.20060980071060        1.93738745208564
H           -0.12992614826406        1.04634500952472        3.17806354229478
H            1.33088203984701        2.91517886053944        3.78851773967940
H           -0.32151593014988        3.50758630288887        3.55947698860341
H            0.90590092265238        3.79202727014815        2.31471821473493
H            3.67444382197712        0.37823824502731        0.85178053336977
H            4.67907809440653        0.92932130151807       -1.29962337028919
H            3.94533432134921        2.48855411875005       -0.85555686358974
H            3.21368271790923        1.38283682936013       -3.20628266036814
H            1.96571560832246        2.04167569111576       -2.13881003257954
H            1.10197436203266       -0.14236739474511       -2.27057396035165
H            2.71012796691060       -0.85777321781094       -2.57577520257531
68
 energy: -106.565211293788 gnorm: 0.003593413499 xtb: 6.7.1-6.fc44.fc44
O            2.12261212878014       -1.50840147293796        1.32792858936913
O           -1.20665919722713       -4.15492446300975        1.54254031154671
O           -0.61394972137367        0.05243650111345       -0.70652882142537
O           -1.06059908443484        2.95652096808804       -2.63643002078865
O           -2.13333960085634        1.38505057097563        1.77122073374842
O            1.82238331520596        2.85646635782056        0.29037605646794
N            0.44822537057221       -3.42851511547745        0.22499772737447
N           -2.01475326443990       -1.28819970861685        0.43737636526301
N           -2.48413513442720        1.33619980097756       -2.05326106087842
N           -0.92011534312028        2.78742683442943        0.48541194444047
N            1.28423112533911        1.15494218301326        1.69237347801780
N            2.32666588942308       -0.35352518869817       -0.58108688120356
C            1.90644120738091       -1.40913428524488        0.12245886511825
C            1.13847230328020       -2.48675863829916       -0.64599930519566
C            2.08539506359902       -3.37097209601674       -1.47891735472160
C            1.42439048589304       -4.74530333176780       -1.44847065006996
C            0.87261600212641       -4.79695094935035       -0.03307623779097
C           -0.60137400316864       -3.22234990072168        1.04424189981572
C           -0.99753795765132       -1.77086975296801        1.35845019018850
C           -1.52259802497674       -1.69145606763201        2.78654401953962
C           -1.74629713862606       -0.30349858410319       -0.42880004675669
C           -2.96323865590938        0.35463252176421       -1.10578157523800
C           -3.84336842738865       -0.65505265722866       -1.83761290010272
C           -1.77069512660259        2.46216385742986       -1.78689048032375
C           -1.99016672114445        3.13907679955874       -0.42453107226364
C           -2.01191995134243        4.65230641791933       -0.62124065985414
C           -1.07858385156635        1.94287699289860        1.50480138265688
C            0.16313425861347        1.75767295196301        2.40052385214802
C            0.54907823369512        3.08628011897683        3.05616243040983
C            1.97418071743823        1.71476614066047        0.69299753318482
C            3.01385737741389        0.76128280597494        0.06704556667048
C            3.74353358143285        1.44495087619616       -1.08181736404263
C            2.74648081159591        1.28668632323353       -2.22775997073235
C            2.16008231196730       -0.10689682891461       -2.00336577382543
H            0.40885933633529       -1.98348131165674       -1.28916573835383
H            2.21380861444846       -2.99738721656544       -2.49251470242185
H            3.06140907822625       -3.41874423452465       -0.99218565799002
H            0.61200687167170       -4.79258272283492       -2.17626166804338
H            2.12258120068682       -5.55238660553946       -1.65640280343732
H            0.02127823435136       -5.46702369818202        0.09342337522300
H            1.64982224825256       -5.07732286304180        0.68428060955741
H           -2.96833724910905       -1.46021556652366        0.71595526103709
H           -0.13855540285945       -1.11531766921552        1.23033832838195
H           -2.28006389721865       -2.45694158044516        2.94021704855894
H           -1.95358126762982       -0.70842775621083        2.96270662534786
H           -0.71008272614323       -1.86525595533547        3.48748718403471
H           -2.23084515903739        0.94048678030813       -2.95241517442135
H           -3.53638888407047        0.84964525657759       -0.31502682581954
H           -4.24129576246095       -1.39923725914009       -1.15473205572585
H           -3.26769664920182       -1.16053546223653       -2.61318996552813
H           -4.67558325421508       -0.13695232485782       -2.30887269296986
H            0.01189024335937        3.13426072174751        0.26506972185394
H           -2.92476065869189        2.79882283915274        0.03093899581750
H           -2.08597098265749        5.15253932897811        0.34092037732695
H           -2.86072983797186        4.93440937277005       -1.23812197236027
H           -1.10059149803681        4.96408556138518       -1.12393246527710
H            1.52718723502709        0.19939376261125        1.93419048074123
H           -0.12818788590626        1.04684449361604        3.17938425929221
H            1.34044677911079        2.91765781622319        3.78310387448438
H           -0.31475387821931        3.50643211755122        3.56585824012936
H            0.90307977804272        3.79414168188944        2.31250992967490
H            3.67241015200038        0.37682808561571        0.85242503446772
H            4.68015201124796        0.92925032249569       -1.29758292868753
H            3.94409057253864        2.48905633184509       -0.85517466900685
H            3.21306032576730        1.38313785385107       -3.20642579544436
H            1.96535138172023        2.03997781477968       -2.13731136752998
H            1.10442865770936       -0.14495365896517       -2.27488810382642
H            2.71478789988253       -0.85789458133852       -2.57439948222739
68
 energy: -106.565241345237 gnorm: 0.001372627552 xtb: 6.7.1-6.fc44.fc44
O            2.12367475570108       -1.50942340428149        1.32739621698356
O           -1.20661330145468       -4.15463686918005        1.54250267396604
O           -0.61388137824171        0.05047723824788       -0.70768048867952
O           -1.05944731592340        2.95652606029765       -2.63614138716986
O           -2.13406897446195        1.38565070634651        1.77202091838045
O            1.82277455611533        2.85684489492368        0.29142260639152
N            0.44787359991008       -3.42798256289126        0.22392419770581
N           -2.01596993242571       -1.28837187608235        0.43702509047528
N           -2.48377725758388        1.33663739558327       -2.05359425420693
N           -0.92083303473981        2.78752376166658        0.48570179231272
N            1.28373685890966        1.15471529931925        1.69193910900843
N            2.32646002443310       -0.35344000332897       -0.58128849393804
C            1.90686592183222       -1.40949954822104        0.12204458452267
C            1.13819544566211       -2.48659812108504       -0.64692793696511
C            2.08602822311566       -3.37094523053353       -1.47893089726080
C            1.42607657300258       -4.74582225287142       -1.44793988132707
C            0.87393557533844       -4.79659593345653       -0.03287694571357
C           -0.60178701218947       -3.22212163778655        1.04364163791692
C           -0.99878658731642       -1.77087551622556        1.35795814127357
C           -1.52349842554907       -1.69088381661828        2.78635067071988
C           -1.74693225102981       -0.30389880533890       -0.42924383528343
C           -2.96322639020473        0.35545513855154       -1.10607069409596
C           -3.84368436318340       -0.65403379066922       -1.83749176989067
C           -1.77025918243200        2.46252612736456       -1.78696339852631
C           -1.99041115087582        3.13943974494916       -0.42472616470456
C           -2.01111188831532        4.65308562361202       -0.62042944057835
C           -1.07920084691266        1.94306570206139        1.50520211730970
C            0.16257796631199        1.75736241333257        2.40034359493188
C            0.54911767107333        3.08524782333644        3.05619257855671
C            1.97418893663452        1.71476102038207        0.69295329218929
C            3.01377002486307        0.76132439985150        0.06697278254858
C            3.74387204245960        1.44420702282950       -1.08202396223755
C            2.74621894496321        1.28713067779317       -2.22749357698883
C            2.15960410816176       -0.10662916192066       -2.00334534637434
H            0.40791601047798       -1.98250172111196       -1.28952628861834
H            2.21469505702293       -2.99757589835161       -2.49220655498710
H            3.06162782790918       -3.41738477603342       -0.99173669660272
H            0.61285298506536       -4.79185903376766       -2.17418096779389
H            2.12620163381574       -5.55208612658074       -1.65422571023663
H            0.02304376387238       -5.46709260713377        0.09320811279516
H            1.65149811999109       -5.07625415795412        0.68556292821082
H           -2.96954265360545       -1.46040558316550        0.71527639603902
H           -0.14029353735691       -1.11455773280635        1.22939795744229
H           -2.27977000185760       -2.45731146774682        2.94150822008599
H           -1.95228006202150       -0.70670622614355        2.96188997997237
H           -0.71037642476468       -1.86630168242204        3.48553322092966
H           -2.23081951920151        0.94073753325784       -2.95280428353328
H           -3.53652635772666        0.85106805928203       -0.31570858703373
H           -4.24306810644000       -1.39631702515775       -1.15333315582950
H           -3.27040205292783       -1.16700338798002       -2.60817558928524
H           -4.67509421045083       -0.13712331425827       -2.31125889870193
H            0.01199573073858        3.13156940897142        0.26362286650569
H           -2.92517717624932        2.79940442722474        0.03003861795620
H           -2.08519793944354        5.15360803138760        0.34155643705335
H           -2.85976532042469        4.93629476898565       -1.23726589159421
H           -1.09928639819616        4.96470451487415       -1.12316731494353
H            1.52606225954623        0.19842046872501        1.93271369451979
H           -0.12876522160539        1.04610228857178        3.17890203300862
H            1.34086006516670        2.91812688173265        3.78300873287497
H           -0.31420588703058        3.50511134330867        3.56614610413816
H            0.90299085836452        3.79308505126339        2.31286321409265
H            3.67208826619907        0.37682639503710        0.85256210051111
H            4.67984123727581        0.92828020345920       -1.29896077962174
H            3.94554298117453        2.48814162198692       -0.85527061418301
H            3.21110488147207        1.38146052680347       -3.20663000792601
H            1.96468127093620        2.03999908247121       -2.13637192367181
H            1.10393854013065       -0.14377842747478       -2.27456372041516
H            2.71382205094593       -0.85766430242212       -2.57474111480543
68
 energy: -106.565256190539 gnorm: 0.001336755717 xtb: 6.7.1-6.fc44.fc44
O            2.12406444541646       -1.51109035826954        1.32664331214348
O           -1.20643627305094       -4.15441842282770        1.54232672092873
O           -0.61506754975949        0.04796124771398       -0.70995735681597
O           -1.05705647471249        2.95680884230776       -2.63544615460059
O           -2.13525541254930        1.38657259401760        1.77346849548741
O            1.82328735575498        2.85716830733443        0.29253343776513
N            0.44703289932792       -3.42752693492449        0.22183923584731
N           -2.01831824631356       -1.28833927463571        0.43597353943606
N           -2.48322456192239        1.33774354534089       -2.05440792740007
N           -0.92177187631184        2.78737288594763        0.48612958768827
N            1.28298713620296        1.15393073640738        1.69080645445118
N            2.32509789694084       -0.35328843870795       -0.58141729655571
C            1.90633371326699       -1.40989556962334        0.12160602113312
C            1.13780733795800       -2.48668870612066       -0.64845516005546
C            2.08773985017943       -3.37048793667415       -1.47878745051211
C            1.42998754363977       -4.74659919299968       -1.44603118793480
C            0.87673921419481       -4.79616256840506       -0.03140639619550
C           -0.60248194659552       -3.22208183187580        1.04224410615801
C           -1.00051336234724       -1.77092762146661        1.35601103061452
C           -1.52385419862851       -1.69028273677831        2.78528294292056
C           -1.74889392251679       -0.30424715612343       -0.43053310258033
C           -2.96398464888401        0.35705742053948       -1.10703270590372
C           -3.84546128292789       -0.65268082656707       -1.83615116395442
C           -1.76948905399573        2.46352755628485       -1.78718592518202
C           -1.99052497981240        3.14024747058460       -0.42502486837975
C           -2.00922770125257        4.65434368227914       -0.61934146049791
C           -1.08001791034358        1.94291310048259        1.50573776662997
C            0.16189569252129        1.75637338380749        2.39999213215239
C            0.54864379401584        3.08342028898264        3.05612350239270
C            1.97447869635110        1.71455306812553        0.69265882423130
C            3.01353840696870        0.76104576999581        0.06656922279384
C            3.74399466185639        1.44300843415150       -1.08263540064569
C            2.74540596258989        1.28784609425115       -2.22729474314607
C            2.15761302207783       -0.10603502049748       -2.00307811573812
H            0.40759600896878       -1.98160115988009       -1.29104783129289
H            2.21676557934462       -2.99820593545526       -2.49211728548782
H            3.06259573673956       -3.41392460141888       -0.99025481994273
H            0.61651791608220       -4.79275649427345       -2.17097680177771
H            2.13290003351971       -5.55120023641819       -1.64966118999712
H            0.02725951829155       -5.46813103457955        0.09475396578009
H            1.65432902833559       -5.07258493117982        0.68939953021062
H           -2.97184307147950       -1.46074405014356        0.71389150001719
H           -0.14243592708468       -1.11377350338076        1.22656927895042
H           -2.27984103665568       -2.45658487485753        2.94217176696414
H           -1.94954352115556       -0.70489290174483        2.96038032146982
H           -0.70984426292495       -1.86821416168663        3.48244913101004
H           -2.23062900472096        0.94149525394074       -2.95358746412748
H           -3.53737021973354        0.85347878195933       -0.31719079669919
H           -4.25145020170014       -1.38841811663879       -1.14776270050348
H           -3.27306345133652       -1.17814083054788       -2.59784467206460
H           -4.67273348114980       -0.13597182463331       -2.31697565745954
H            0.01243871643403        3.12640873848262        0.26112753509106
H           -2.92590292682418        2.80100159301998        0.02847990597172
H           -2.08279604973515        5.15437019457988        0.34289323768054
H           -2.85741258165303        4.93995918978944       -1.23603386828364
H           -1.09654668969541        4.96529504238059       -1.12169734256615
H            1.52420651761558        0.19661660776264        1.92972832112674
H           -0.12922394979688        1.04422980114024        3.17798262846381
H            1.34129887404995        2.91718153651507        3.78225564699306
H           -0.31397089756421        3.50271522418899        3.56713951644879
H            0.90204536380041        3.79145804077062        2.31298189769687
H            3.67149774474350        0.37640906450184        0.85244396836073
H            4.67870071027991        0.92583468657828       -1.30095746590900
H            3.94806318260704        2.48655098357411       -0.85554211967294
H            3.20823790446067        1.38028130857168       -3.20701739854975
H            1.96409777181807        2.04074019187285       -2.13466428562010
H            1.10188472811778       -0.14157708434076       -2.27383513425845
H            2.71077831711256       -0.85720667371680       -2.57515518709399
68
 energy: -106.565266085249 gnorm: 0.001085472297 xtb: 6.7.1-6.fc44.fc44
O            2.12356587097126       -1.51147369393294        1.32625717017606
O           -1.20617441537716       -4.15461089124319        1.54190540570366
O           -0.61632280116905        0.04781064595073       -0.71059206686396
O           -1.05621008601335        2.95654963022293       -2.63531563400925
O           -2.13605311257901        1.38682585736010        1.77374978983668
O            1.82317813042521        2.85706046835955        0.29247276913902
N            0.44652067484184       -3.42752314601416        0.22070100345003
N           -2.01949093815884       -1.28809460575904        0.43543891149840
N           -2.48346654621919        1.33819137149262       -2.05466599745215
N           -0.92197683546983        2.78692072332857        0.48606238318108
N            1.28258283318173        1.15339185812183        1.69014379397726
N            2.32416028230255       -0.35310769971893       -0.58157419733880
C            1.90587166179287       -1.40994747224339        0.12127661966888
C            1.13771700946213       -2.48675629516157       -0.64910372603280
C            2.08894237894781       -3.37036725478933       -1.47812444266597
C            1.43306536527243       -4.74741420885770       -1.44426672731253
C            0.87872693904299       -4.79583459234694       -0.02998243998619
C           -0.60285423261515       -3.22224563435691        1.04115951243975
C           -1.00109979887114       -1.77103927878355        1.35456542733184
C           -1.52333611106499       -1.69019862765940        2.78427585266369
C           -1.75021849696613       -0.30387853250676       -0.43091796559473
C           -2.96501419073234        0.35810969172350       -1.10698937914267
C           -3.84750606746010       -0.65152119409038       -1.83508884318059
C           -1.76920825919639        2.46368866083523       -1.78733586672129
C           -1.99032139829047        3.14054256531402       -0.42527141023522
C           -2.00775795321867        4.65469484042558       -0.61904393310004
C           -1.08051014753705        1.94242786923831        1.50566562902777
C            0.16152518176956        1.75552353205528        2.39966870306749
C            0.54827204200273        3.08239865191090        3.05610021893573
C            1.97452919582695        1.71437511244585        0.69245395369909
C            3.01331215812628        0.76081946299169        0.06630322032858
C            3.74384536366198        1.44233798370924       -1.08309226289110
C            2.74459842057112        1.28821921341235       -2.22727627345117
C            2.15600033685650       -0.10544631476498       -2.00306072327489
H            0.40829598401558       -1.98190914460433       -1.29257007924083
H            2.21783300408316       -2.99927884274874       -2.49197251515785
H            3.06373903522277       -3.41208842280890       -0.98919507295469
H            0.62029853657339       -4.79575045369047       -2.16987704717067
H            2.13688742158900       -5.55132840258391       -1.64668218264983
H            0.03041905950921       -5.46918170943145        0.09660386002900
H            1.65606484900230       -5.06948657148335        0.69189767636065
H           -2.97294701188241       -1.46092161620445        0.71338257642251
H           -0.14315270770481       -1.11383643831964        1.22456502017162
H           -2.28038373179571       -2.45538692992317        2.94120959773294
H           -1.94816289527244       -0.70465561388724        2.96003524598872
H           -0.70898089502726       -1.86905608170875        3.48099653749757
H           -2.23096404396284        0.94152921237668       -2.95367798779435
H           -3.53786758269329        0.85526674160008       -0.31722765000043
H           -4.26015311087374       -1.38134780479990       -1.14408654383917
H           -3.27354105242455       -1.18308224844345       -2.59173186626965
H           -4.67037825163090       -0.13373812051174       -2.32227386339097
H            0.01265507056496        3.12434891772615        0.26047191914641
H           -2.92611127752199        2.80191406383939        0.02790750619599
H           -2.08075764548971        5.15405839596810        0.34359023094503
H           -2.85562988049891        4.94143781813340       -1.23556437339278
H           -1.09480812449648        4.96506634058479       -1.12107629651552
H            1.52359430068937        0.19598429650173        1.92858253763193
H           -0.12924143802927        1.04301485500418        3.17744614077848
H            1.34147589153394        2.91573608961677        3.78162263353686
H           -0.31419306965718        3.50123392465957        3.56792293180560
H            0.90089911168251        3.79091026115294        2.31292264222787
H            3.67123057727934        0.37591582353630        0.85208045039713
H            4.67798250529973        0.92408055006608       -1.30167430757952
H            3.94911788289699        2.48560182408523       -0.85584532234538
H            3.20710977877310        1.38103515865541       -3.20718027142581
H            1.96389387511903        2.04161035492240       -2.13395490108262
H            1.10012066530643       -0.14018456246365       -2.27335848831083
H            2.70843732215398       -0.85670070469483       -2.57570116501419
68
 energy: -106.565283332124 gnorm: 0.000931716757 xtb: 6.7.1-6.fc44.fc44
O            2.12239923650479       -1.51269707072452        1.32452965926492
O           -1.20573935728354       -4.15520744570937        1.54033627438189
O           -0.62026113521861        0.04864666621693       -0.71173053330924
O           -1.05473783321768        2.95550215485859       -2.63561039412045
O           -2.13847182104240        1.38746211456491        1.77407277118683
O            1.82281459883473        2.85647214225504        0.29204526041748
N            0.44527418341103       -3.42790132883881        0.21755056301434
N           -2.02284733847597       -1.28780387583355        0.43346934654533
N           -2.48547885919644        1.33980037527293       -2.05521202009697
N           -0.92208897779855        2.78514999053726        0.48561952723816
N            1.28129710814419        1.15166659963983        1.68825066615368
N            2.32132734663088       -0.35264694854936       -0.58255159952356
C            1.90397658598623       -1.41003050934385        0.11976775003480
C            1.13781849050754       -2.48757000670247       -0.65135983162161
C            2.09314094930025       -3.37054276826037       -1.47656311667394
C            1.44322294640142       -4.75032858955906       -1.43793626294009
C            0.88519187944958       -4.79502746296635       -0.02498031674336
C           -0.60381953972994       -3.22275287361265        1.03806149791431
C           -1.00282322436265       -1.77139949271327        1.35021016820231
C           -1.52185495825187       -1.69030989259500        2.78101212054332
C           -1.75418952640037       -0.30258757107995       -0.43188365249196
C           -2.96854623859379        0.36175480343828       -1.10602790612184
C           -3.85455498553123       -0.64690867898630       -1.83169569304300
C           -1.76919682121505        2.46413996223379       -1.78804720002076
C           -1.98933039963814        3.14128442966327       -0.42597149236521
C           -2.00286602171048        4.65553558438467       -0.61858559044689
C           -1.08205858555563        1.94100534116366        1.50534976711850
C            0.16034655885333        1.75274087644220        2.39866143438763
C            0.54702315510982        3.07918794742232        3.05635350587709
C            1.97411947652059        1.71359939361047        0.69168339795892
C            3.01238582933602        0.75993115843550        0.06546250473355
C            3.74331692887186        1.44056993073142       -1.08423907174506
C            2.74230015274862        1.28933618120051       -2.22724015698196
C            2.15114226655451       -0.10326249628344       -2.00355091521834
H            0.41028207467491       -1.98414967784214       -1.29750496752761
H            2.22128184238621       -3.00295941697596       -2.49199704276810
H            3.06798891375583       -3.40655597248084       -0.98698062762871
H            0.63295284834345       -4.80666351305778       -2.16630370909346
H            2.15054854646154       -5.55222765083563       -1.63548613837420
H            0.04041662063604       -5.47259671414321        0.10301488744158
H            1.66216657577781       -5.06006278040080        0.69992686590511
H           -2.97601192663130       -1.46216497109206        0.71146710466517
H           -0.14515684146052       -1.11433412040262        1.21828340440846
H           -2.28177497205863       -2.45255020445518        2.93838107414362
H           -1.94402997844354       -0.70394224213126        2.95891533661697
H           -0.70671660742940       -1.87183450963125        3.47632039397709
H           -2.23303078300425        0.94148187808711       -2.95347079873293
H           -3.53895660542823        0.86129573205080       -0.31606210652104
H           -4.28991490488706       -1.35809927915163       -1.13489173644396
H           -3.27593025199481       -1.19805444664809       -2.57160797631536
H           -4.66168746607477       -0.12418920851339       -2.34045354715245
H            0.01336365927057        3.12008757596353        0.25995572452285
H           -2.92625633931287        2.80492257308420        0.02679026973177
H           -2.07416010781438        5.15340984433492        0.34499823577460
H           -2.84999742903897        4.94534537379766       -1.23445874164606
H           -1.08915435156969        4.96394398806780       -1.12001013406952
H            1.52229776493784        0.19423469201404        1.92599646591032
H           -0.12967025195165        1.03942119097667        3.17587721171129
H            1.34197498418961        2.91159244044188        3.77971381245175
H           -0.31490203530440        3.49634979640846        3.57079031705145
H            0.89692166705374        3.78936507999545        2.31334346770151
H            3.67007440496271        0.37385418899230        0.85082750307867
H            4.67569542747403        0.91926473714937       -1.30393185635108
H            3.95199131471329        2.48305149397478       -0.85683876885536
H            3.20401976667450        1.38321255172773       -3.20768141446695
H            1.96348779506979        2.04445382071894       -2.13221456364911
H            1.09462351765544       -0.13527494883066       -2.27180131565221
H            2.70070566487474       -0.85519628471589       -2.57807104374768
68
 energy: -106.565287536112 gnorm: 0.000548892907 xtb: 6.7.1-6.fc44.fc44
O            2.12242492537426       -1.51295460995421        1.32370283232762
O           -1.20564499331136       -4.15574964956503        1.53933387786215
O           -0.62146334179663        0.04924130870907       -0.71188502165101
O           -1.05508210622211        2.95508341982793       -2.63611352460921
O           -2.13895626410374        1.38777504290553        1.77379781620594
O            1.82290489924186        2.85644292788332        0.29231732667219
N            0.44538459782060       -3.42828155141914        0.21680209810342
N           -2.02379368584065       -1.28837622843502        0.43226862070451
N           -2.48677661723040        1.34043487441924       -2.05500774180165
N           -0.92162186004430        2.78457495087058        0.48522472616547
N            1.28104345424286        1.15125879166620        1.68807916794999
N            2.32076399455169       -0.35261716624278       -0.58319406178938
C            1.90399911248395       -1.41032594871090        0.11891823045989
C            1.13809481365969       -2.48800123395194       -0.65209660173045
C            2.09454612125819       -3.37116336081835       -1.47589879952001
C            1.44710958150639       -4.75199899969790       -1.43558985312315
C            0.88776807902233       -4.79496423117395       -0.02314534232530
C           -0.60412178675495       -3.22318060629338        1.03680203829252
C           -1.00350550903462       -1.77188434987818        1.34875261440775
C           -1.52186713526313       -1.69069026410991        2.77973314105508
C           -1.75533127052276       -0.30215111546172       -0.43201634216981
C           -2.96980905396822        0.36286157115603       -1.10533583712232
C           -3.85756338109121       -0.64465781563597       -1.83049454801445
C           -1.76923992592230        2.46405105660457       -1.78812035035525
C           -1.98865534825774        3.14172846997233       -0.42614717166009
C           -2.00078518393374        4.65595984560046       -0.61897519190360
C           -1.08225321125560        1.94071098878339        1.50503126201498
C            0.16001284245210        1.75197618001044        2.39852625597040
C            0.54658565643276        3.07822249301513        3.05684344803441
C            1.97399073157230        1.71350425437814        0.69182189848868
C            3.01191308034115        0.75972141148361        0.06507203250011
C            3.74284237571041        1.44024132584208       -1.08467562049024
C            2.74143768327451        1.28984320548999       -2.22752316854768
C            2.14945945682630       -0.10232856068472       -2.00398455804055
H            0.41075085688578       -1.98540554619281       -1.29914526429021
H            2.22199104658563       -3.00472740253602       -2.49182108152556
H            3.06957105490260       -3.40479994042126       -0.98648982737590
H            0.63785376640092       -4.81136038383270       -2.16484247692705
H            2.15609458799958       -5.55308659426444       -1.63076597594737
H            0.04408213244563       -5.47375943314250        0.10519426232985
H            1.66450755308975       -5.05747085310982        0.70293637501720
H           -2.97687565662033       -1.46337507361344        0.71010075373992
H           -0.14602311575833       -1.11465068214772        1.21645183553584
H           -2.28209107314160       -2.45256654882910        2.93724876150869
H           -1.94362448120531       -0.70420261384256        2.95805306793404
H           -0.70657152424605       -1.87272211558962        3.47473553444276
H           -2.23469681620441        0.94161987444419       -2.95315627958515
H           -3.53885555478537        0.86302307581424       -0.31484130549746
H           -4.30036777303112       -1.34995778000079       -1.13311159854637
H           -3.27859480882716       -1.20199861657393       -2.56503363893428
H           -4.65902762013095       -0.11994235001081       -2.34551101791243
H            0.01377314295959        3.12025862214291        0.26046194409747
H           -2.92582745993473        2.80633318165956        0.02683384763528
H           -2.07151459739687        5.15412576966323        0.34450733571488
H           -2.84772472333229        4.94639119650297       -1.23480340687760
H           -1.08686923590259        4.96341054545470       -1.12060316557855
H            1.52230153412406        0.19391268260953        1.92592865114521
H           -0.13016181246734        1.03843525474193        3.17547042118242
H            1.34207761699749        2.91041287625697        3.77953909339963
H           -0.31524842336638        3.49456277150852        3.57210658009349
H            0.89567872466848        3.78905425245985        2.31406540200715
H            3.66962282494271        0.37318423444625        0.85016395574065
H            4.67488754837753        0.91845679913908       -1.30463137824876
H            3.95209748001768        2.48252263411689       -0.85708428180200
H            3.20310296257130        1.38380110804781       -3.20800849546671
H            1.96314603197191        2.04548154044573       -2.13221115588778
H            1.09261941647943       -0.13347903579178       -2.27117204880840
H            2.69778027016360       -0.85454821934947       -2.57930302706843
