68
 energy: -105.358274185101 gnorm: 2.344855403992 xtb: 6.7.1-6.fc44.fc44
O            1.19202015039782       -0.18692066756110        1.58622627045800
O            1.07157091092401       -1.05773738448409       -1.71322131599154
O           -3.59201032683460       -2.53850555000943       -0.19143005709258
O           -3.10242186403817        3.01985382710912        0.54338645688915
O           -1.23383682342408        1.57430999201422       -1.39737567933159
O            2.25031439608105        2.91313827369433        1.11203292858755
N            0.41783491051560       -2.29444878169094       -0.36208896566710
N           -2.20293176279625       -0.90991003161801       -0.95496794548015
N           -4.01748498727162        0.79363954163787        0.30827956069142
N           -0.60008119199682        2.22161053924910        0.66159382114297
N            1.93323711416102        1.82610313676563       -0.88628901448633
N            3.15715775523425       -0.60112665090170        0.51828299025863
C            2.21909113941567       -0.73404359593037        0.62748207281722
C            1.63182935161079       -2.29203732374107        0.49225902160642
C            1.51848186149617       -3.28314187595906        1.79282449643106
C            0.28232333023761       -4.08833516334306        1.45612069432265
C           -0.61104058729240       -3.15573757430211        0.72633460782599
C           -0.01861621694778       -1.50507741178209       -1.15173831015391
C           -1.26131980041620       -1.60885853695869       -1.81717057496920
C           -1.28940900783217       -1.10752951917593       -3.28183180779615
C           -3.21146504611644       -1.42856514575190       -0.22604887904647
C           -3.95545712705788       -0.73330394090586        0.50367152691498
C           -5.52616890973930       -0.81098721858998        0.67487627293848
C           -2.99011913026454        2.04640055458713        0.71566939535134
C           -1.66280323885679        1.47518845619821        1.39648968376389
C           -1.63506972861993        1.90257348031894        2.76899440090218
C           -0.50568156618810        2.15805898704723       -0.47892207722432
C            0.80876775322988        2.68998263505108       -1.12807986567505
C            0.82998572947906        2.78523605741507       -2.65569032373216
C            2.51421648473922        1.89476044413434        0.53119298998171
C            3.57697280678341        0.92060810269831        0.91746073198582
C            4.72454593150274        1.06998966353332       -0.05590715210406
C            5.43798642011709       -0.23054068878387       -0.26524146538830
C            4.15659101066725       -1.12773913637026       -0.12676328607057
H            2.23432637141292       -2.96478276929702       -0.19685418096362
H            2.43165067719084       -3.80864726144203        2.00245014727877
H            1.42075869368999       -2.51663645990062        2.52854333756595
H            0.49304144388193       -4.85976842850620        0.87669809663687
H           -0.02942760949029       -4.41718516190699        2.44458168232038
H           -1.25352532493210       -3.72336976844868        0.25207666640380
H           -1.19703611791861       -2.45653649230819        1.46814511265065
H           -2.14474326431229        0.30233062747955       -1.04118052127609
H           -1.67760043106261       -2.73460051623311       -1.94330351506167
H           -0.71221091838935       -1.45333778012955       -3.71795603571109
H           -1.16017410861559        0.15946366750032       -3.31461506375713
H           -2.10115476018894       -1.09376757812238       -3.66027788180580
H           -4.72848471962485        1.30121425663783       -0.33610137588454
H           -3.63738497171228       -0.46380186569075        1.50932934669639
H           -6.02066634619731       -0.15741166726931        1.50667416997233
H           -5.56827457084708       -1.83631533348258        0.82724182958895
H           -5.67347510531296       -0.76413304065468       -0.47095486127834
H            0.10042449883546        2.37789131084852        1.28822665717407
H           -1.49963706734061        0.29402680663507        1.40606797534021
H           -2.40996702968411        1.39418608321056        3.21680143267588
H           -1.96257201374555        2.96050897671969        2.84834867527461
H           -0.89465611225525        1.64148252037325        3.31450671811583
H            1.99817143112350        0.89444318953881       -1.29312006409378
H            0.82017200659200        3.78545024279910       -0.73464329573555
H            0.01492172467876        3.42397141777752       -3.06116720929648
H            0.85078983868007        1.65055964596467       -2.90882688205730
H            1.85493289282841        3.28090995985469       -2.95679465554826
H            3.92439593479980        1.07861781518766        1.99459456123849
H            5.51144015306756        1.80121388169076        0.34939526583138
H            4.54411288651640        1.38859764280810       -1.14711655548441
H            5.97765603355605       -0.48514546645496        0.70016009862469
H            6.10141381419170       -0.37367344003292       -0.90255735367361
H            4.06868955575439       -1.41557821125350       -1.31443806873215
H            4.40017919898987       -2.16070276137931        0.10855737022228
68
 energy: -106.111507848370 gnorm: 0.720223243603 xtb: 6.7.1-6.fc44.fc44
O            1.19679371328652       -0.18473773759024        1.57311004114529
O            1.06942236413713       -1.04268352869472       -1.71831052303019
O           -3.58673284985531       -2.57149495687542       -0.19965653236122
O           -3.12149848067067        3.09099657069374        0.52786291449981
O           -1.23823146625463        1.57656675023801       -1.39386875265643
O            2.25024214488311        2.91215731131102        1.11810355162199
N            0.40602676069976       -2.32354340605911       -0.30856955399678
N           -2.20274390601994       -0.89880324573677       -0.95888582505749
N           -4.00832502758508        0.82742428274497        0.30465798258615
N           -0.61074415991692        2.21298107160742        0.68916352419479
N            1.94079995477869        1.82637096520789       -0.86349919158604
N            3.25716072430604       -0.56843532899773        0.50801631654751
C            2.06503460845044       -0.76833187286423        0.67456311056290
C            1.63327096418358       -2.30854585243225        0.48210476711495
C            1.52162776104042       -3.26489530701340        1.78188694627610
C            0.28704504686925       -4.07539293790862        1.46946217190496
C           -0.60708908445367       -3.14046003412154        0.73479681536067
C           -0.00255687133937       -1.50522727231157       -1.17190504265820
C           -1.28062246621630       -1.60993202397321       -1.82033705350137
C           -1.30583512069986       -1.06126227304550       -3.23765514483230
C           -3.19944538311622       -1.43168162395778       -0.24640425634068
C           -3.97846306870170       -0.67589561424084        0.53360817607612
C           -5.52273655881626       -0.81582487551737        0.66634262960715
C           -2.98394970107550        1.96249890623665        0.72043883739524
C           -1.66345568956636        1.45968742332194        1.39127814236303
C           -1.65336487476435        1.91242600009177        2.76866855825930
C           -0.50084193215315        2.14696608415920       -0.53135094518490
C            0.81283252795656        2.69879611603202       -1.13268856726705
C            0.83583356291083        2.78264579363185       -2.65750392686991
C            2.50698068605346        1.89695468064781        0.51799349831160
C            3.58885144728739        0.92743245795787        0.90793300232955
C            4.73906175840532        1.08527425006738       -0.06233115455663
C            5.42582155128064       -0.23411151019247       -0.22992688549958
C            4.19712213207311       -1.14419567678090       -0.16337705292547
H            2.24057642215412       -2.95883135210343       -0.19699693609975
H            2.43211751949283       -3.80919206354463        1.99863949943600
H            1.41597915354767       -2.51570912007714        2.53636195266836
H            0.49879832378254       -4.87455134360433        0.86635163195798
H           -0.03574185250676       -4.41814724609847        2.44544640480286
H           -1.26914874028266       -3.73005520691836        0.23774580215029
H           -1.18904815846241       -2.45877932315740        1.45940108146211
H           -2.14257755899560        0.28716516142551       -1.04010590529935
H           -1.67218087297083       -2.72453317291209       -1.93835757433541
H           -0.63609600692590       -1.48864026219119       -3.75919533028836
H           -1.15723126002978        0.14704993464915       -3.31017240471613
H           -2.16092832346512       -1.09274654324829       -3.67191343356769
H           -4.72083951992568        1.29319304558718       -0.33164802425575
H           -3.63243269482117       -0.47026063369032        1.52298301300464
H           -6.01307280470103       -0.16494788315912        1.49079106054355
H           -5.57643356195609       -1.84811596797962        0.83318485667154
H           -5.68443292477342       -0.75843543098468       -0.46055330488377
H            0.11237223215212        2.38359260216372        1.30242761695630
H           -1.49891858170784        0.30554927304534        1.40106153688247
H           -2.42575437701066        1.38706492916985        3.22534606393675
H           -1.95913971961503        2.96259409890806        2.84879399555913
H           -0.86805314798703        1.63936789360131        3.32753389655807
H            1.99356711134776        0.89783999229521       -1.29247033070351
H            0.82783223510949        3.77659961283305       -0.73445434257014
H            0.01876733139078        3.41658020438584       -3.06021551435957
H            0.84792276924651        1.66388390317387       -2.91414207452558
H            1.84384486428299        3.27447891713269       -2.95441787562760
H            3.91938181253416        1.07453450673907        1.98568593432652
H            5.50648637737392        1.80141253354634        0.34678695195973
H            4.53895592377482        1.39065877836303       -1.13764485904209
H            5.97939854232456       -0.48314221419767        0.70312506315448
H            6.11856304393067       -0.37763106625866       -0.92789888121606
H            4.05880597633037       -1.41013514039044       -1.30898718230480
H            4.40446582502417       -2.16505346603153        0.11668985984359
68
 energy: -106.398120890318 gnorm: 0.373675360231 xtb: 6.7.1-6.fc44.fc44
O            1.23915511584039       -0.19725551801730        1.51117262840873
O            1.06007187482912       -1.02028527865767       -1.71440222522037
O           -3.57256938032229       -2.59439522720100       -0.20968059816894
O           -3.14412500355396        3.07558869733198        0.52179971617125
O           -1.24888772657037        1.57846222172223       -1.38649024203218
O            2.25167732453150        2.90439486071173        1.13350281160389
N            0.36806871684281       -2.35712565564940       -0.22728823550254
N           -2.20930640437924       -0.88010526837643       -0.96279293074817
N           -3.97023951940005        0.89683753936902        0.30030754764766
N           -0.61971537891538        2.19051826478886        0.69745873104928
N            1.94713724281404        1.82766330073246       -0.82008428537247
N            3.24290854255794       -0.54021771453867        0.53212084685604
C            2.02215570099936       -0.79895591156025        0.74354783143337
C            1.64620206147952       -2.31983270377064        0.46608092290402
C            1.53014617797893       -3.22807448182773        1.76088707736245
C            0.29891306250393       -4.05964291796887        1.48349171675643
C           -0.60781296393205       -3.12485581758282        0.73830685237494
C            0.02506064008351       -1.53268304086012       -1.19222589195886
C           -1.30187794825587       -1.60612635207939       -1.82643309597553
C           -1.30057889743056       -1.01803137598460       -3.22476925514620
C           -3.20208075459501       -1.42297014338704       -0.26570162672062
C           -3.99334142087038       -0.59017160206225        0.56488135420622
C           -5.50851326427916       -0.82732133049577        0.65197550879513
C           -2.99417253341306        1.91296354241714        0.70233787394166
C           -1.67629112156441        1.44838206337994        1.37814772553986
C           -1.67926174308983        1.91724511765965        2.77953677639231
C           -0.49156951255701        2.12577394308351       -0.57670447921001
C            0.82090432541119        2.71018384312062       -1.13672087534954
C            0.84638759970895        2.77910455935147       -2.65784556194155
C            2.50065861542037        1.90531181324356        0.49363404321879
C            3.59133347506889        0.91806459899146        0.87608024381321
C            4.76802526065513        1.10626540936892       -0.07131368199818
C            5.42236678130233       -0.24622018377069       -0.18956198907754
C            4.20676960639914       -1.16558838743340       -0.20615054458267
H            2.26196575842830       -2.93967049356547       -0.20209060964728
H            2.43026703853796       -3.80457034704141        1.98615987913836
H            1.40486040443962       -2.51311865483992        2.55529012892010
H            0.50985483985635       -4.88938862572395        0.85702492327110
H           -0.05098897700392       -4.41888063810487        2.44572775450297
H           -1.29155209045315       -3.73004853272672        0.21373682434587
H           -1.17131526888870       -2.45832909771500        1.43909240095922
H           -2.13623225446709        0.25042605314256       -1.03840619720721
H           -1.66202134642713       -2.69773374542345       -1.92602923127235
H           -0.60027286776131       -1.49607740456350       -3.77612066529690
H           -1.14649495537891        0.11501884274273       -3.29233270247847
H           -2.21151630368904       -1.10666775419013       -3.68927490338678
H           -4.70238900770205        1.28652564469304       -0.32034665439389
H           -3.61642318593621       -0.48705759230540        1.56057157096008
H           -5.99723638585803       -0.18382958901447        1.44916339355299
H           -5.59335592401616       -1.87029099463833        0.84569803322008
H           -5.71851160886745       -0.74460484239750       -0.43952902157393
H            0.12912130671870        2.39374458794135        1.31308384474479
H           -1.49925814794411        0.33005831473311        1.38606604192732
H           -2.45792927930521        1.37424651296472        3.24888989498144
H           -1.95057387757297        2.96761383466970        2.84930044592178
H           -0.83477812922200        1.64309327314836        3.33671715590653
H            1.98450422099789        0.90986317721910       -1.28518387820764
H            0.85024530008859        3.75732911041945       -0.73071229152049
H            0.02740967858947        3.39746890327498       -3.05862486452484
H            0.84096551800708        1.69333558650705       -2.93290890500753
H            1.82154711808123        3.25948821224405       -2.95212635179507
H            3.90394320782683        1.06163707590155        1.95516711026412
H            5.50217042721185        1.81040927321754        0.34061464567814
H            4.52713377316491        1.39913551180977       -1.11779787945684
H            5.98584138790309       -0.47909667538414        0.71702772187710
H            6.12592854834282       -0.38048499919017       -0.95280747928101
H            4.03413770215617       -1.39575483970783       -1.30561837559325
H            4.41645125390361       -2.17430841603758        0.13637637691336
68
 energy: -106.526045495970 gnorm: 0.143991269084 xtb: 6.7.1-6.fc44.fc44
O            1.24433134793219       -0.19203431732962        1.47023466305243
O            1.04134577661865       -1.00952715810499       -1.70522658081731
O           -3.55079311642150       -2.59860796778780       -0.22332889806638
O           -3.17356302439753        3.05747217261182        0.51147347974160
O           -1.26576857072370        1.58130625395858       -1.38002953835465
O            2.25484204028272        2.89252411306616        1.15852997059093
N            0.31602296467042       -2.38346945135327       -0.14938929765466
N           -2.21777902445616       -0.86152292082151       -0.96418931264324
N           -3.91861331782907        0.95054262314917        0.29408182377936
N           -0.62378698788084        2.16481273134728        0.70115475901034
N            1.94870116407000        1.82583176533329       -0.77078056249164
N            3.24130564981501       -0.51275084167308        0.53843426965083
C            1.99652193683036       -0.84832402605404        0.80238014989580
C            1.64530004983948       -2.34242869553512        0.45957570355076
C            1.53992588076353       -3.19762708613611        1.74502481324211
C            0.31104854673826       -4.04844256873146        1.49447702073269
C           -0.60226880152323       -3.10982281682996        0.72963552466817
C            0.05778141956248       -1.56472126343458       -1.20398238975093
C           -1.31610721920783       -1.59873450332912       -1.82777326644071
C           -1.29976534812721       -0.98379688648347       -3.22290036043090
C           -3.20970464296574       -1.41412639285372       -0.27709916253551
C           -3.99918623977870       -0.50456337257729        0.59465474046918
C           -5.48484238032788       -0.83194245257878        0.63700060840988
C           -3.01410757332843        1.86818343617865        0.68127802293140
C           -1.68928050063209        1.43748729582529        1.36749544352239
C           -1.70776854405922        1.91368840778798        2.79450464052746
C           -0.47841464962864        2.10720312449391       -0.61017352760471
C            0.82873893466289        2.71604663818830       -1.13875346595729
C            0.85922889888359        2.77656962925790       -2.65637746690403
C            2.49731025704633        1.91806077120008        0.46592909290416
C            3.59243395266288        0.90507758606345        0.83775373759573
C            4.79811137264108        1.11701834277331       -0.08047443320620
C            5.43016947087655       -0.25959702132282       -0.16155520272942
C            4.22358284699530       -1.18025488600760       -0.24518283754137
H            2.28748708325542       -2.90661903969829       -0.21658568467709
H            2.43004800038076       -3.79549837026134        1.97071051092147
H            1.39231603275911       -2.51252520517517        2.57400032841733
H            0.52375356337730       -4.89895288657782        0.85493162113099
H           -0.07018333745933       -4.41884611877863        2.44279661338324
H           -1.30959462362331       -3.71818343660569        0.18802950380897
H           -1.15219471980571       -2.45462252678326        1.41624842986988
H           -2.13152058195807        0.19278423832683       -1.03602070301238
H           -1.65524328018755       -2.65993825675252       -1.91201748750313
H           -0.57716059795701       -1.50338226543498       -3.79670998026923
H           -1.13168885062619        0.08485811053516       -3.26304280167893
H           -2.24598754130112       -1.12586661844501       -3.69997545273139
H           -4.67720055831128        1.28826863129178       -0.29983486088027
H           -3.59533100629825       -0.51659148213361        1.60273225502250
H           -5.98939952259716       -0.20545347010832        1.39700947473624
H           -5.60098569604938       -1.88227571254948        0.85969781132469
H           -5.76410589328879       -0.72760391311420       -0.41652588764919
H            0.14162798303509        2.40615798158598        1.31191112973706
H           -1.50111202976893        0.34994363169822        1.36832658003161
H           -2.49116973923293        1.36375013994862        3.27912761709513
H           -1.94055190807528        2.97076496023014        2.84933595573448
H           -0.81089405961407        1.65114624984083        3.33462623816102
H            1.97592401120174        0.92737728739522       -1.27383349092254
H            0.88212038397821        3.73251561841785       -0.72127256067983
H            0.03505880059149        3.37428614855280       -3.05541908888166
H            0.83234694134325        1.72437997349162       -2.96023190237969
H            1.80297875826742        3.24350890534398       -2.95502133953303
H            3.88213000728947        1.04711988249221        1.91413704480416
H            5.49974508249621        1.82519632121650        0.33552006464147
H            4.51713284765567        1.40906251264632       -1.09757956435533
H            5.99148353159413       -0.47741665427832        0.73585344347799
H            6.12892449515259       -0.38028447670814       -0.97627099712231
H            4.00016040725904       -1.37404710140378       -1.29794660291647
H            4.42922987197291       -2.17616178438861        0.15979444765968
68
 energy: -106.559776651665 gnorm: 0.082515945562 xtb: 6.7.1-6.fc44.fc44
O            1.20144760843002       -0.15103500339441        1.42896093833313
O            1.03087100753818       -0.97996775566442       -1.68712169690838
O           -3.52639780117013       -2.59898190075951       -0.23606831636100
O           -3.17599714962872        3.06943422762318        0.50030866019746
O           -1.29086950899689        1.59033193510289       -1.38177690175299
O            2.26659819826207        2.87386899301313        1.20305171551972
N            0.30031302297572       -2.39045689372089       -0.11900113227651
N           -2.22032867345039       -0.86318735767026       -0.96618934695220
N           -3.90362043378757        0.95514987682737        0.28178284018582
N           -0.61552259470422        2.14091332469836        0.70003143863111
N            1.93660114717343        1.81984278801106       -0.74333558294696
N            3.24660851456469       -0.51066109013331        0.53542058730692
C            1.99886655590402       -0.89509423174349        0.82269801949929
C            1.63965461261849       -2.35376939594622        0.46798164823555
C            1.53842076161142       -3.18337035720555        1.74713876633282
C            0.31275119622028       -4.04971092069120        1.50175779001186
C           -0.61206828205635       -3.11569424930476        0.72449763649476
C            0.07807811763881       -1.58694551055054       -1.20474912347491
C           -1.31628455062021       -1.59716290846547       -1.82736844986031
C           -1.30472512484096       -0.98921837234220       -3.23000963402560
C           -3.21069775131006       -1.41450644396000       -0.27640643797291
C           -3.99249229021791       -0.46679524965855        0.61904259276918
C           -5.46808226340686       -0.84021950089522        0.62730738140481
C           -3.00498231730426        1.87590073323246        0.67015655429395
C           -1.69476481078785        1.43907120680580        1.37090708290675
C           -1.73192682246013        1.90336852932323        2.81525894132241
C           -0.47000281007663        2.09250250368367       -0.62415740173562
C            0.83219667015060        2.70830908809300       -1.14224867959908
C            0.86534800132963        2.77392979949056       -2.65726623229604
C            2.50269607691903        1.92614159161266        0.46491297673753
C            3.59675549304008        0.89389874876259        0.79990083498124
C            4.82505353315437        1.11826854810987       -0.08750124465958
C            5.45064572159219       -0.26869844996073       -0.15341695932844
C            4.24585269034569       -1.19345975785333       -0.25284133753385
H            2.32274437333525       -2.84328435587599       -0.24001014920543
H            2.43343710248822       -3.77502427652842        1.94983558280191
H            1.37328193944681       -2.51516505815680        2.59460558275076
H            0.54452976088880       -4.90474989972540        0.86180954022998
H           -0.10013876629547       -4.42097611694301        2.43821423717113
H           -1.33711871611347       -3.70432712224061        0.16272662399741
H           -1.14682593471876       -2.44240118649550        1.40138609773261
H           -2.12064096901547        0.15026252787405       -1.03189093431878
H           -1.65849586442444       -2.63632394662462       -1.89169394573583
H           -0.56654321832383       -1.51260696387678       -3.81714413582804
H           -1.10248997188551        0.07923812046124       -3.21247764556508
H           -2.26789707439838       -1.14600031639603       -3.70784359533520
H           -4.66610730119612        1.29873729109036       -0.28562166170165
H           -3.57922352905904       -0.54989263171097        1.63721462393328
H           -6.00183153697456       -0.22328165562680        1.34589612319635
H           -5.59460523552902       -1.89143768776125        0.87328046659321
H           -5.83472780350525       -0.71041165053378       -0.39809157056068
H            0.15604568785581        2.41214497016334        1.30184386158908
H           -1.50780060926565        0.35955458995117        1.34037372595259
H           -2.52454211981411        1.36244885783453        3.31908040103005
H           -1.93113625817105        2.97119666800918        2.85435779458397
H           -0.80218074354779        1.65840818669798        3.33328176720107
H            1.96393280630380        0.93777862171814       -1.25742557564599
H            0.93808094616611        3.70342501840287       -0.69590771312616
H            0.03458595889932        3.35323025599712       -3.04981704961848
H            0.81685976065593        1.74765287998915       -3.01920267505359
H            1.79727051859621        3.23115363344344       -2.97232381030925
H            3.85636437174761        1.02619417807865        1.86871242935747
H            5.50209368818444        1.85447614208126        0.32974700485498
H            4.51111955337297        1.42648361975206       -1.08512015548480
H            6.00565250022821       -0.47534891483653        0.75688399660902
H            6.13940825409311       -0.38293121570000       -0.99176021606357
H            3.94833237208962       -1.34389092777274       -1.30241773274332
H            4.45166673829540       -2.17994664310135        0.18074360514269
68
 energy: -106.566935362673 gnorm: 0.090981644611 xtb: 6.7.1-6.fc44.fc44
O            1.20579581921790       -0.25193266556484        1.41669484107398
O            1.01738840925560       -0.94529208162715       -1.67445410246755
O           -3.50384515362897       -2.60465494772987       -0.24376992141830
O           -3.18040398495509        3.08011763036529        0.47896418332637
O           -1.30917879752247        1.61431025406999       -1.38434053560050
O            2.27806828804834        2.85358624616748        1.23784562740566
N            0.30015896647732       -2.38223229970292       -0.11041807718860
N           -2.22058106368094       -0.87527878392377       -0.96818299731001
N           -3.88460907434251        0.95283590283980        0.27392655387849
N           -0.60487302988867        2.12423083300426        0.69816985242043
N            1.92715798102560        1.80432867895756       -0.72419484591724
N            3.23765232736858       -0.48444327090421        0.51307499754276
C            1.98653986208694       -0.89485061318607        0.79923391245267
C            1.63247356906234       -2.33974419670941        0.47887418943318
C            1.53073017417217       -3.17841060234769        1.74983067469608
C            0.30618505697664       -4.05480345735660        1.50578335354921
C           -0.62179588378316       -3.12180045618375        0.72127365364187
C            0.08938684577904       -1.59693297583452       -1.20327354293795
C           -1.31483610138643       -1.61002239762898       -1.82421671110382
C           -1.30459567974630       -1.00410783228732       -3.22868554437394
C           -3.21058794485816       -1.42109193881414       -0.27144804126237
C           -3.98863205818834       -0.44561840152526        0.63477939016461
C           -5.46124323522226       -0.84256546591398        0.62232202339198
C           -2.99426774509473        1.88974995593449        0.66241578933935
C           -1.69897259418498        1.44450339415978        1.37204204273450
C           -1.74832376826721        1.89574338970121        2.82791462258625
C           -0.46616938345320        2.09115955657526       -0.63182164879500
C            0.84063313334588        2.68987317007736       -1.14673351439634
C            0.86964091912833        2.76993734618536       -2.66168850815278
C            2.50316239693689        1.92360948808640        0.47879547030508
C            3.60586891130748        0.89590698234888        0.78373075460847
C            4.84329887795050        1.12267392311972       -0.09155995784175
C            5.46786224196240       -0.26805145047157       -0.15300589120450
C            4.25248213737825       -1.18107660521377       -0.26182018722390
H            2.34670826302362       -2.76909579020869       -0.24676565092195
H            2.43303602992475       -3.75871854201885        1.93572505277621
H            1.35263936795088       -2.52132638838226        2.60642077055028
H            0.56066660280696       -4.90998925755020        0.87105591092987
H           -0.13531493519855       -4.42277656689556        2.43136886404204
H           -1.36065953312740       -3.68314645376801        0.13864652730808
H           -1.14944442583938       -2.43905822104219        1.39618903837288
H           -2.10388826589141        0.13430239810442       -1.02389753907051
H           -1.66415862045563       -2.64278170050641       -1.86601675634832
H           -0.55368495643977       -1.51755649884131       -3.82936016845343
H           -1.08417899930430        0.05972610975786       -3.17059100489375
H           -2.27563688968106       -1.15824214692520       -3.70534521686187
H           -4.65330294764817        1.31234631919900       -0.27114433340255
H           -3.57731698736800       -0.57306610790418        1.65517225898468
H           -6.02738544763630       -0.23051166830779        1.31332242736090
H           -5.57889287201776       -1.89214579011177        0.88634858907053
H           -5.87443626568039       -0.69997329789192       -0.38017224998345
H            0.17088409015078        2.41381721402531        1.28807518220304
H           -1.52703966435655        0.36438306340457        1.31322230504119
H           -2.54967561761760        1.37138847605606        3.34897143290079
H           -1.92411390047168        2.96924008070600        2.86211603919848
H           -0.80054116421656        1.66288019826104        3.32704614319176
H            1.95416148889912        0.93013050281068       -1.23397089268169
H            0.99823421183779        3.66845903168583       -0.67500759614839
H            0.03008977568917        3.34293421807411       -3.03706250228944
H            0.80062766662072        1.76210833101953       -3.07426159402647
H            1.79705199362783        3.22412827527913       -2.99467521879603
H            3.84003005923104        1.01100754015386        1.84806521017297
H            5.50620448564641        1.87631942281917        0.32602792184784
H            4.51875487072025        1.44242907385490       -1.08074635584285
H            6.01217440718031       -0.47407604532957        0.76953938430883
H            6.14927247846201       -0.38329546226279       -1.00083854503972
H            3.91853986077798       -1.30921123611476       -1.30064222058016
H            4.45212184618344       -2.16390385370924        0.18002970763544
68
 energy: -106.571849853137 gnorm: 0.029710152835 xtb: 6.7.1-6.fc44.fc44
O            1.17641911518367       -0.17168321899964        1.37228678072398
O            1.00686473657039       -0.92246535490589       -1.66440995514354
O           -3.49053318582075       -2.61148913896971       -0.24166554670262
O           -3.18709623133245        3.07925439339753        0.46019965035318
O           -1.31623486467913        1.63406563952222       -1.38349242841798
O            2.27908971424603        2.83727013568434        1.24909525810880
N            0.30699317556563       -2.37642842529250       -0.11968077080092
N           -2.21910162823604       -0.88389640158585       -0.96730691105946
N           -3.87387925835118        0.95178717228980        0.27344105571848
N           -0.59927654256028        2.11857752117832        0.69883626520512
N            1.92334369187333        1.78528549984067       -0.71752374630864
N            3.23507509065592       -0.47902581464436        0.51282459690284
C            1.98771760314607       -0.89575597084300        0.80138101777082
C            1.63969974845318       -2.34347098585132        0.46820434933144
C            1.52521932646691       -3.18064393521286        1.74603697594998
C            0.30043886921203       -4.05787917765648        1.49691342458303
C           -0.62275417341704       -3.12410518789677        0.71110672281585
C            0.08837279015420       -1.59679581610373       -1.19800547524365
C           -1.31431012646542       -1.62486210730074       -1.81882397198874
C           -1.30039323904154       -1.01768578870772       -3.22098239807168
C           -3.20998972356512       -1.42605765795587       -0.26534806387936
C           -3.99004425544307       -0.44330156547390        0.63837079975143
C           -5.46465509361500       -0.84292838890385        0.62359834559198
C           -2.99034917081461        1.89704068109494        0.65860839986342
C           -1.70238181562866        1.44887082184717        1.37241839481268
C           -1.75176039942950        1.89217629960935        2.83126726539892
C           -0.46869047994094        2.09764153123861       -0.63031919553858
C            0.84883410144893        2.67279086315737       -1.14664180477084
C            0.86757121902428        2.76718907122308       -2.66294435778673
C            2.50705860771993        1.91552433250608        0.48775454939748
C            3.61452949823078        0.89914500591948        0.78417480389950
C            4.84852541584275        1.12557400895593       -0.09360418788482
C            5.47243377892363       -0.26563812228350       -0.15684306374629
C            4.25495953083700       -1.18011070427864       -0.25178278988472
H            2.34658190239391       -2.76646563132190       -0.25601614054543
H            2.42998018123812       -3.75512675403967        1.93183519651415
H            1.34285195113437       -2.52093615619930        2.59737004526158
H            0.56685758642790       -4.91348341623509        0.87071014732586
H           -0.15566264151517       -4.41935545975348        2.41779010010214
H           -1.36729991598889       -3.66599388044159        0.11834365583144
H           -1.14739514423522       -2.44120975074825        1.38931276628041
H           -2.09272702728752        0.13781651902692       -1.01778324112297
H           -1.66604286453179       -2.66337034513793       -1.84953525374828
H           -0.54444780047659       -1.51740091796061       -3.82707254496784
H           -1.08013925243431        0.04061869076294       -3.15286078029229
H           -2.27099568350344       -1.16062461994406       -3.69658911896742
H           -4.64724644947888        1.32151857684944       -0.26339526723252
H           -3.58736623581602       -0.57681078218695        1.65609184729081
H           -6.03954305163291       -0.23280608584184        1.31438813515892
H           -5.56676792561601       -1.89093458769454        0.89319517187657
H           -5.87670747832522       -0.70266194474321       -0.37206609017763
H            0.17726919052302        2.41366264972342        1.28165263767536
H           -1.54892152270259        0.36483721654047        1.30169244577677
H           -2.55782162072628        1.37966804095912        3.35757119315165
H           -1.92225139863823        2.96532279635027        2.87200416455206
H           -0.80459879677084        1.65923969952672        3.32371165190531
H            1.94984699626633        0.90728513816887       -1.21620091806635
H            1.03028033283972        3.64580735588527       -0.66950709096775
H            0.02292953358373        3.34845467547340       -3.01768101297008
H            0.78977331196581        1.76696171347323       -3.09537309941129
H            1.79346899201761        3.22525063655255       -3.00390373244219
H            3.84533424437435        1.00798113284201        1.84821271225886
H            5.51029385054191        1.88159373478834        0.32262134758576
H            4.52906281363304        1.44760840147868       -1.08438872123528
H            6.01619598803981       -0.47028509102624        0.76782999999825
H            6.15037134438803       -0.38447661127725       -1.00344433899398
H            3.92081218092724       -1.30145349899989       -1.28677632747134
H            4.45542500923034       -2.16181912334070        0.18401929702809
68
 energy: -106.572867185706 gnorm: 0.015751904270 xtb: 6.7.1-6.fc44.fc44
O            1.17999330523470       -0.16647132752713        1.36759294467304
O            1.00078666788791       -0.92953808531570       -1.66634208051986
O           -3.47637278752062       -2.61400650310316       -0.23555780805835
O           -3.19053455103226        3.07866326940249        0.44496814586021
O           -1.32047671575341        1.63886890579623       -1.38015339973278
O            2.26878648143429        2.83034428040151        1.25271185899830
N            0.30478653695456       -2.37032839144750       -0.12032419550177
N           -2.21754719967542       -0.88172676580171       -0.96728833131305
N           -3.87599827174325        0.95501047744360        0.26823014403833
N           -0.59484783110969        2.11159406194788        0.70094085194569
N            1.92720507831739        1.77559372037010       -0.71502069771313
N            3.23410166259792       -0.47374200282100        0.51020396712879
C            1.98831820367235       -0.89009568809607        0.79976785127790
C            1.63822690063805       -2.34043324946208        0.46789442025455
C            1.52216064303768       -3.18205416080322        1.74386239394031
C            0.29775342506978       -4.05606531486047        1.48372184240698
C           -0.61983265384250       -3.11914642731531        0.70071400085335
C            0.08567540385169       -1.59467493598286       -1.19513389548202
C           -1.31563435241465       -1.63240377913760       -1.81438357540630
C           -1.29782218123580       -1.03203314846461       -3.21601065427746
C           -3.20804351089612       -1.42424011162127       -0.26205810178412
C           -3.99294823590266       -0.43958447730732        0.63664288021504
C           -5.46694199142382       -0.83946107393893        0.62665103398534
C           -2.98880291357394        1.90078974302477        0.65428489233754
C           -1.70424130632536        1.45115243441141        1.37179648251617
C           -1.75029381794221        1.89334601334784        2.82955609864784
C           -0.46897863164973        2.09559899328877       -0.62714535189287
C            0.85530130738922        2.66248134786014       -1.14366948149774
C            0.86503187606658        2.76285367760491       -2.66047348481450
C            2.50739660086159        1.91333114273978        0.48979067641188
C            3.61779217357593        0.90445117050474        0.78806126928278
C            4.84966574663394        1.13033415113198       -0.09134716582050
C            5.47231333807599       -0.26082662948726       -0.15784822509390
C            4.25368974240871       -1.17631645570550       -0.25218131360443
H            2.34017391528763       -2.76665193212831       -0.25139916910840
H            2.42572487917087       -3.75728140980086        1.93501689061224
H            1.33675475157118       -2.52154061837112        2.59280907321938
H            0.56822064071173       -4.91212244735902        0.86245295464927
H           -0.16435612553010       -4.41528338654699        2.40134792823492
H           -1.36537372285926       -3.64983124444304        0.10312010399316
H           -1.14257235682360       -2.43808294100265        1.38096899070827
H           -2.09525348862756        0.13442304093123       -1.02566059680696
H           -1.66895492375571       -2.67125721446152       -1.84035672260542
H           -0.54096443693115       -1.52709804291177       -3.82346629277869
H           -1.06994336647295        0.02854164026220       -3.14490116026793
H           -2.26718967273583       -1.16464964474053       -3.69122773762039
H           -4.65124077244861        1.32626785632959       -0.26650880022861
H           -3.59644304774204       -0.57166567365979        1.65204020189292
H           -6.02979098431170       -0.23468894228215        1.33093008218474
H           -5.55830900450696       -1.88708992130676        0.89668609661295
H           -5.88311605584904       -0.70420857463937       -0.37009928987506
H            0.18148936455102        2.41089939130159        1.27947021838868
H           -1.56051967977261        0.36623533083633        1.30356589307756
H           -2.55845335466378        1.38679066910845        3.35508515719261
H           -1.91970267024099        2.96618620113832        2.87536048735577
H           -0.80718614523945        1.65622917487128        3.32013230241227
H            1.95339362845931        0.88919344336514       -1.20241340197370
H            1.03531016426774        3.63556086018348       -0.67511338716326
H            0.01684755823681        3.35108322132709       -2.99944226789213
H            0.78698588954767        1.76582512262228       -3.08865455904730
H            1.78683843281704        3.22722807982079       -3.00240465635640
H            3.85607471996138        1.01041137717654        1.85303199903597
H            5.51579107473272        1.88053364359513        0.32635805405141
H            4.53484839603688        1.45139893669089       -1.08488859318029
H            6.01924203144900       -0.46681157193379        0.76353915586891
H            6.14825456673892       -0.38118954563142       -1.00332405207967
H            3.92244921061403       -1.29318095640286       -1.29048130706524
H            4.45439886774987       -2.15905724690812        0.17887523820896
68
 energy: -106.573237741350 gnorm: 0.009794205050 xtb: 6.7.1-6.fc44.fc44
O            1.18526385960878       -0.16780316616706        1.36715406080203
O            0.99720286084098       -0.91085865720130       -1.65906622519983
O           -3.46303631017414       -2.61749118709462       -0.23011522138941
O           -3.19663764991672        3.08012755413196        0.42591839323945
O           -1.32355182575105        1.64508910400914       -1.37766475195388
O            2.25800146377296        2.82436640800725        1.25745237034282
N            0.30717358595595       -2.36301912789276       -0.12282733033308
N           -2.21617596266841       -0.88344951339316       -0.96880607363147
N           -3.87269867384658        0.95675366236921        0.26724489045204
N           -0.59059005493720        2.10247116527477        0.70299634014686
N            1.93048496497057        1.76859634590117       -0.71323793123700
N            3.23517782272874       -0.46887321292556        0.50920155104094
C            1.99177998044643       -0.88606920323208        0.80163167624021
C            1.63809517264588       -2.33594742875591        0.47013344357544
C            1.51467073160516       -3.18269715646628        1.74168367972484
C            0.29272495011764       -4.05784425918461        1.47101097979925
C           -0.62037063433555       -3.11681262162819        0.69312467045446
C            0.08579221605322       -1.59352249436065       -1.19509647874317
C           -1.31517873266517       -1.64153436881982       -1.81236016200642
C           -1.29531780023618       -1.04548868940408       -3.21330309761571
C           -3.20601596270881       -1.42491453053149       -0.25869653273191
C           -3.99331066039793       -0.43646508381452        0.63620211967963
C           -5.46703399913882       -0.83546797588937        0.63303591444565
C           -2.98723930791149        1.90697409325777        0.64684162499620
C           -1.70789587464796        1.45457036140529        1.36998253101355
C           -1.75010817283374        1.89676870648451        2.82639010993232
C           -0.46918749521427        2.09306545550304       -0.62391595248597
C            0.86076053130462        2.65421684144572       -1.14017666670367
C            0.86138916976803        2.76013150405127       -2.65759353551694
C            2.50606962199193        1.91106992562018        0.49276732819921
C            3.62091166872307        0.90928434920658        0.79047726762506
C            4.85132277728125        1.13380061025658       -0.08993803338698
C            5.47350936137674       -0.25735906083205       -0.15906189263767
C            4.25406944815182       -1.17305170252082       -0.25133507132493
H            2.34298320984243       -2.75826694978717       -0.24963556388652
H            2.41764510709475       -3.75765877759832        1.93705992201750
H            1.32347497280002       -2.52479276006907        2.59165352056474
H            0.56863222108351       -4.91218452609748        0.85221624686336
H           -0.17347108875023       -4.41908717623805        2.38437705160616
H           -1.36626729511067       -3.63681375566789        0.09144610108674
H           -1.14470469931752       -2.44521858876475        1.38230557437876
H           -2.09564661523537        0.13073208778656       -1.03329542126511
H           -1.66913964887329       -2.67916427157980       -1.83387430776096
H           -0.53679582349373       -1.53424413622754       -3.82192991334873
H           -1.06894451123045        0.01443873585863       -3.15058835284606
H           -2.26466356876880       -1.17182426612163       -3.68677020224992
H           -4.64771129857032        1.33006147735847       -0.26574770745630
H           -3.60021487691055       -0.57301478171297        1.65160290781499
H           -6.02963619717999       -0.23635228683049        1.34550541827246
H           -5.55140153755032       -1.88405644383284        0.89954801431566
H           -5.88595568112693       -0.70170512785585       -0.36267568389223
H            0.18451255193306        2.41025783493761        1.27718442039829
H           -1.57233205079909        0.36848869690100        1.30569020021022
H           -2.55981420718191        1.39572546908452        3.35202900561031
H           -1.91609656420842        2.97054087719770        2.87579593248641
H           -0.80935224509617        1.65526685783108        3.31339618927013
H            1.95668472816514        0.87334662235950       -1.18952607076491
H            1.04118702920022        3.62712730294865       -0.67263393503257
H            0.01195723111124        3.35529115991025       -2.98169669271845
H            0.77665342449651        1.76689699484722       -3.09289089306209
H            1.77981332456989        3.22671466321518       -3.00436693201802
H            3.86801470963309        1.01190371682629        1.85535027606826
H            5.52080551785311        1.88043083663804        0.32890629215250
H            4.53935766385474        1.45645404322966       -1.08468875443581
H            6.02483677838869       -0.46473567197610        0.75865915916326
H            6.14594435939257       -0.37950251462172       -1.00491202287091
H            3.92749376449718       -1.29032854962481       -1.29113744403496
H            4.45519667058725       -2.15696190302636        0.17649249646376
68
 energy: -106.573338484442 gnorm: 0.006590884392 xtb: 6.7.1-6.fc44.fc44
O            1.18770326727200       -0.16877655000042        1.37239627702563
O            0.99800817620007       -0.91600495452637       -1.66422920889859
O           -3.45645577431509       -2.61781374243353       -0.22675646956287
O           -3.19846006816393        3.08040665203187        0.42002872754390
O           -1.32473612702775        1.64885731389503       -1.37739382374667
O            2.25488093192667        2.82362100475356        1.26006114393245
N            0.30638804106440       -2.35726770735235       -0.12005012964665
N           -2.21603463027644       -0.88261154271558       -0.97063477925356
N           -3.87259870291940        0.95714967154621        0.26592157189626
N           -0.58807417620315        2.09826672476856        0.70364440637094
N            1.93167098943213        1.77039682869635       -0.71324972510313
N            3.23625571290126       -0.46834476839253        0.51080323704687
C            1.99444368703854       -0.88665072802693        0.80669108365497
C            1.63811602407854       -2.33531277001032        0.47317785623760
C            1.51159720221904       -3.18426724879550        1.74216108468044
C            0.29154671701221       -4.06144322822072        1.46672642614066
C           -0.62065004310320       -3.11835555080161        0.69114299758985
C            0.08797722688406       -1.59073797557403       -1.19618680762761
C           -1.31377981049706       -1.64139436742919       -1.81285584654294
C           -1.29616359084842       -1.05119597816246       -3.21602905494474
C           -3.20410348622607       -1.42461069204840       -0.25727105918625
C           -3.99183028450132       -0.43470249144868        0.63629287106460
C           -5.46559338898350       -0.83532264720164        0.63550067208137
C           -2.98613182930256        1.90876466598791        0.64459374483672
C           -1.70834493058706        1.45633720439001        1.36969776522525
C           -1.75029111220255        1.89992251906148        2.82555788603769
C           -0.46876389778290        2.09228491525287       -0.62309926632026
C            0.86110045435699        2.65432386033862       -1.13956902737989
C            0.85944807615755        2.76181474776925       -2.65673307429162
C            2.50463719495452        1.91069821618938        0.49469379841484
C            3.62121531261488        0.90989544295570        0.79097603626163
C            4.85146638277104        1.13460460446323       -0.08980291164118
C            5.47380235499851       -0.25655258060326       -0.15987089596015
C            4.25437947933376       -1.17233855462512       -0.25034771562702
H            2.34175237754130       -2.75902590684311       -0.24741365196413
H            2.41449366739339       -3.75869523092099        1.93949816930906
H            1.31640352454617       -2.52840048561714        2.59295682565596
H            0.56988388420159       -4.91377140849997        0.84646804599388
H           -0.17554482431832       -4.42673913316165        2.37798521422234
H           -1.36689488744083       -3.63454582297300        0.08816234365632
H           -1.14406528489407       -2.44538578098147        1.38053852989780
H           -2.09634291858570        0.13268807252326       -1.03670171694100
H           -1.66810134418346       -2.67852530214231       -1.82984288653594
H           -0.53744044326772       -1.53873295777409       -3.82439150464226
H           -1.06804472734960        0.00975887808290       -3.15137739612833
H           -2.26656758963966       -1.17659253171255       -3.68781334061463
H           -4.64850069231318        1.32805017680651       -0.26785543058451
H           -3.59752222271167       -0.57261465743225        1.65161259456923
H           -6.02696287985885       -0.23779747701943        1.34987125341454
H           -5.54889716128957       -1.88520831563691        0.89913056672866
H           -5.88801349979937       -0.69861116620504       -0.35851931505661
H            0.18617528939840        2.41183770636060        1.27612391593964
H           -1.57673443854979        0.36940965797353        1.30718895246524
H           -2.56006233693398        1.39965481398188        3.35154590194392
H           -1.91439926902881        2.97421766933688        2.87440267449633
H           -0.80899828032146        1.65709032607629        3.31087919956967
H            1.95788732581576        0.87289418703307       -1.18663050430650
H            1.04068049682030        3.62728700407399       -0.66955199444198
H            0.00978947023909        3.35694444322000       -2.97847473779533
H            0.77061694798182        1.76932262047670       -3.09180702603273
H            1.77804789166309        3.22606566738672       -3.00600689109802
H            3.87049785087772        1.01209708277841        1.85545205253622
H            5.52126964253590        1.88126697172254        0.32935399958373
H            4.53941965293138        1.45922723070036       -1.08377454919292
H            6.02792282274737       -0.46397372585931        0.75623446005622
H            6.14400262204053       -0.37881943146702       -1.00747449846030
H            3.92812300745596       -1.29114410364374       -1.29034060882556
H            4.45659737307986       -2.15648782826744        0.17748638818536
68
 energy: -106.573415447053 gnorm: 0.005088901701 xtb: 6.7.1-6.fc44.fc44
O            1.19184691407260       -0.17004304763877        1.38280699283134
O            0.99890714252551       -0.91237986878115       -1.66468107506977
O           -3.45144320042214       -2.61878839849547       -0.22230181995256
O           -3.19989814656296        3.08067911866053        0.41534900896086
O           -1.32595044193195        1.64965724688830       -1.37743301148105
O            2.25349077118907        2.82387208697967        1.26134704962764
N            0.30576934665412       -2.35246023052721       -0.11647837789903
N           -2.21696320401893       -0.88316553807342       -0.97321363454438
N           -3.87129652611029        0.95698049778550        0.26432653192974
N           -0.58637316462276        2.09392587938619        0.70352336672326
N            1.93278872749116        1.77271157023888       -0.71354970873093
N            3.23734123473429       -0.46886334354194        0.51320666364715
C            1.99764464928811       -0.88814993468731        0.81445300591048
C            1.63791753139938       -2.33517224468301        0.47791504072043
C            1.50941708151713       -3.18679505762986        1.74417847584095
C            0.29183575411068       -4.06504154665966        1.46070941262237
C           -0.62041954359626       -3.11831113301696        0.69002690181778
C            0.08976321704434       -1.58918110768217       -1.19712591595489
C           -1.31271289065439       -1.64164947330042       -1.81412890404241
C           -1.29731663382564       -1.05438854691525       -3.21947197118442
C           -3.20234476587642       -1.42557810168338       -0.25587131845395
C           -3.98943986075020       -0.43390895726468        0.63642704091443
C           -5.46318314406556       -0.83475299479946        0.63782017563027
C           -2.98543382557287        1.91009073163308        0.64273215749040
C           -1.70884589040017        1.45813516719272        1.36974201321771
C           -1.75092171316194        1.90514854818166        2.82476348575585
C           -0.46910525241781        2.09094475328743       -0.62317495887142
C            0.86002015127112        2.65469847588031       -1.13948894586880
C            0.85748174468737        2.76357986827538       -2.65595582763301
C            2.50427230353873        1.91062828407766        0.49621590481051
C            3.62138367425774        0.90942924512791        0.79210865757713
C            4.85131155762113        1.13493882700375       -0.08961829794935
C            5.47341183947155       -0.25630435489115       -0.16135039124905
C            4.25405209714283       -1.17230497164925       -0.24946088722831
H            2.34039585390457       -2.76175153133637       -0.24286424948452
H            2.41228485406680       -3.76049071422438        1.94412152310909
H            1.30847186490362       -2.53383659400930        2.59585698670460
H            0.57252438722758       -4.91321638197410        0.83551645174401
H           -0.17603848155853       -4.43847845523095        2.36882803853775
H           -1.36578685316566       -3.63133296949380        0.08424421994669
H           -1.14468236900187       -2.44933861904770        1.38278725593061
H           -2.09858984362477        0.13253026337537       -1.04016247369746
H           -1.66482709829865       -2.67920211733140       -1.82872444503560
H           -0.53860328774298       -1.54177277743374       -3.82664391478695
H           -1.07042839440505        0.00740867143763       -3.15823398240980
H           -2.26923951826009       -1.18175207674507       -3.68900050767847
H           -4.64665270567823        1.32514513559990       -0.27164340086687
H           -3.59198320549472       -0.57169280239154        1.65106684260201
H           -6.02076549103434       -0.23942631270889        1.35553798781476
H           -5.54698901306962       -1.88635520679089        0.89687251113821
H           -5.88952056643319       -0.69273384118157       -0.35396870298393
H            0.18621247595304        2.41549216827807        1.27449807241540
H           -1.58066335170844        0.37045235627785        1.31031602046188
H           -2.56018754055128        1.40495334573510        3.35167920296689
H           -1.91353789077318        2.97961126703744        2.87149094703026
H           -0.80843030402257        1.66147910463448        3.30871786008355
H            1.95905179945483        0.87408845206613       -1.18523659146753
H            1.03700205587626        3.62823551934928       -0.66850000382964
H            0.00879711731619        3.35964735879193       -2.97681619875618
H            0.76485754481844        1.77117688598043       -3.08991370082005
H            1.77700314105201        3.22487583702082       -3.00594243016691
H            3.87110124350928        1.01288325999784        1.85634597846452
H            5.52138789499938        1.88131110937742        0.33009395038980
H            4.53839112404759        1.46131845507325       -1.08248063898146
H            6.03085410449224       -0.46372086910265        0.75282659922258
H            6.14087125066685       -0.37810427323315       -1.01165860477275
H            3.92617731302682       -1.29272221926189       -1.28948350040878
H            4.45763078054057       -2.15648134110640        0.17902888358125
68
 energy: -106.573473493150 gnorm: 0.004683659714 xtb: 6.7.1-6.fc44.fc44
O            1.19851589233775       -0.17143912103585        1.39867725799651
O            1.00026917461893       -0.90890386943787       -1.66447572041200
O           -3.44645492668852       -2.62027271568927       -0.21697637525671
O           -3.20059203366746        3.08110759986399        0.41088114735028
O           -1.32685780950333        1.64913493179316       -1.37778100355290
O            2.25316319594647        2.82520387367263        1.26135879220424
N            0.30564151464119       -2.34623796473639       -0.11138189306802
N           -2.21800150222580       -0.88382188997799       -0.97610230698149
N           -3.86842723047406        0.95649617020364        0.26283096018637
N           -0.58487674491334        2.08918123256195        0.70318784819827
N            1.93400124875231        1.77434469455398       -0.71367160184984
N            3.23787717122517       -0.46890615928368        0.51513508861810
C            2.00115564732341       -0.88889371089044        0.82394270154192
C            1.63832394433976       -2.33436568082873        0.48372474742776
C            1.50524424277853       -3.19022187334269        1.74653545772648
C            0.29181235811515       -4.07058510363250        1.45238636375842
C           -0.62123600399073       -3.11915605172590        0.68841977052318
C            0.09197691420280       -1.58633483318648       -1.19606102090759
C           -1.31074369321691       -1.64130928663544       -1.81448813554133
C           -1.29761353830133       -1.05755145762627       -3.22223728863583
C           -3.19996094419474       -1.42704061912476       -0.25452912110097
C           -3.98598657621222       -0.43403239443053        0.63638743565361
C           -5.45992368295708       -0.83413656022368        0.64086884878170
C           -2.98462009698388        1.91126240664068        0.64012237882199
C           -1.70964881929085        1.46004046406143        1.37028791013262
C           -1.75214653809124        1.91275930202343        2.82399385914494
C           -0.46957976033385        2.08950627289311       -0.62350957627141
C            0.85887488186327        2.65488411543059       -1.13895732179189
C            0.85561919174638        2.76447150251315       -2.65494003195284
C            2.50455024374777        1.91134805449621        0.49723492866082
C            3.62134313031328        0.90943048201496        0.79355416108978
C            4.85072628736542        1.13569213663108       -0.08951491082403
C            5.47223826189061       -0.25565979601591       -0.16442068426460
C            4.25270174656146       -1.17179011649207       -0.24914191505736
H            2.34021092503858       -2.76309103532538       -0.23790315935631
H            2.40880747838701       -3.76171994022418        1.94946573013457
H            1.29647371581266       -2.54129917388933        2.59923695368149
H            0.57633102658119       -4.91192372074233        0.81900191018168
H           -0.17620369418135       -4.45553088778637        2.35605815575209
H           -1.36533826661565       -3.62910389825594        0.07890032222304
H           -1.14661588465389       -2.45702658682770        1.38686029864238
H           -2.10115395154490        0.13181253056441       -1.04339254360925
H           -1.65982918979318       -2.67991894787105       -1.82859505985403
H           -0.53895851597815       -1.54565227300125       -3.82727510447215
H           -1.07398770167976        0.00477343616237       -3.16527375882318
H           -2.27110838614705       -1.18872238925394       -3.68884374093963
H           -4.64201490406024        1.32255541264038       -0.27646085404601
H           -3.58507747373163       -0.57042097269836        1.65017566944586
H           -6.01636398848557       -0.24356201194093        1.36389627821292
H           -5.54408536825599       -1.88783810724640        0.89231175798176
H           -5.88872666973860       -0.68433901362556       -0.34800064288580
H            0.18462607240755        2.42006451351514        1.27293876362118
H           -1.58422933060181        0.37173424855727        1.31541923279521
H           -2.56103254719343        1.41342900828655        3.35248650756560
H           -1.91351318795271        2.98720175606255        2.86696499144416
H           -0.80892178688371        1.66865472754251        3.30753161103351
H            1.95936369199474        0.87528686628429       -1.18439955110291
H            1.03361739672264        3.62916936780398       -0.66777606692947
H            0.00932319138891        3.36424364506603       -2.97496796873848
H            0.75923756666457        1.77221724700006       -3.09073187546832
H            1.77650875182060        3.22239305606809       -3.00556572625209
H            3.87018825534833        1.01451499368927        1.85783068827364
H            5.52144573037597        1.88091943629627        0.33104842558755
H            4.53629899568634        1.46389782355008       -1.08109616706463
H            6.03304924649466       -0.46397775819828        0.74743282089276
H            6.13643536517819       -0.37654654912582       -1.01780701242474
H            3.92317755757813       -1.29434315135126       -1.28810769498644
H            4.45779715835274       -2.15567415065519        0.18019888504777
68
 energy: -106.573512385451 gnorm: 0.003999214756 xtb: 6.7.1-6.fc44.fc44
O            1.20393803175383       -0.17240571114600        1.41299987585774
O            1.00013487945947       -0.90426147185909       -1.66187439669780
O           -3.44507041480562       -2.62166814147729       -0.21381232515150
O           -3.19967647477528        3.08088131678058        0.40911504015454
O           -1.32698088297440        1.64799000579886       -1.37791396523710
O            2.25382611396598        2.82665636960936        1.26070901374271
N            0.30489578214913       -2.34161140043340       -0.10763142589331
N           -2.21978842435580       -0.88515156488133       -0.97885460631461
N           -3.86669574674290        0.95590686868729        0.26046063835144
N           -0.58350350899186        2.08581937046645        0.70305152525289
N            1.93389085663287        1.77410367908421       -0.71318049991143
N            3.23721659706430       -0.46825106168995        0.51586408925757
C            2.00326078499299       -0.88888973211567        0.83197259184995
C            1.63720911757193       -2.33276710247182        0.48855515231596
C            1.50206980384862       -3.19310207783592        1.74844368202379
C            0.29300006633098       -4.07603858873722        1.44520390188318
C           -0.62109147546060       -3.12072029131500        0.68699667399295
C            0.09231425164825       -1.58431322571002       -1.19382680583635
C           -1.30983862202257       -1.64174722062935       -1.81446215211133
C           -1.29633907393069       -1.05960628442342       -3.22337632114215
C           -3.19937614327561       -1.42849107649150       -0.25454069442452
C           -3.98413764444671       -0.43448267842088        0.63550814657302
C           -5.45791975386330       -0.83396464920825        0.64306662628941
C           -2.98385679396496        1.91123555330276        0.63905775051821
C           -1.70976720767915        1.46110032761794        1.37161962086942
C           -1.75292265832993        1.91977128376678        2.82384897406299
C           -0.46967075333245        2.08870561677275       -0.62377709622513
C            0.85823411659899        2.65464725408320       -1.13884087632430
C            0.85573486958489        2.76424112499711       -2.65485273485889
C            2.50476949255444        1.91224633491106        0.49751142894007
C            3.62108331822465        0.90995930571291        0.79440790562100
C            4.85000470145887        1.13651106617072       -0.08944725621814
C            5.47072797174223       -0.25502458872749       -0.16774726904947
C            4.25060922759592       -1.17097718976884       -0.24967138145679
H            2.33913945785955       -2.76165445661639       -0.23342341071041
H            2.40680636457513       -3.76167203090211        1.95404601929383
H            1.28606921409602       -2.54748546535063        2.60154969956790
H            0.58166560225608       -4.91050746533898        0.80399365659560
H           -0.17518430535388       -4.47072669805388        2.34452585587830
H           -1.36420147286908       -3.62807768652023        0.07379470894412
H           -1.14775358458252       -2.46396943134534        1.38937235233475
H           -2.10239959310246        0.13065131424962       -1.04498557996053
H           -1.65650245002703       -2.68131600918164       -1.82923116066212
H           -0.53748321360891       -1.54911971010742       -3.82617180984346
H           -1.07436700925664        0.00310562784028       -3.16873987937217
H           -2.27032772320928       -1.19368715334381       -3.68824406343035
H           -4.63915811217382        1.32087049808701       -0.28151312849389
H           -3.58117160859175       -0.56934859197343        1.64876062306658
H           -6.01057311897221       -0.24832074498336        1.37289970987867
H           -5.54121405318739       -1.88931517066155        0.88774362893867
H           -5.89122587238225       -0.67683112809517       -0.34320528666577
H            0.18290219693626        2.42369297595044        1.27216972821665
H           -1.58581715337491        0.37248911877658        1.32100432133629
H           -2.56223028503178        1.42274008745109        3.35407665571430
H           -1.91344137702402        2.99433370230042        2.86237904203788
H           -0.80997371742979        1.67617811415408        3.30833851155341
H            1.95794887231593        0.87534345022915       -1.18401546536635
H            1.03290874606263        3.62913496273636       -0.66798484891504
H            0.01120988773835        3.36676790688000       -2.97534607111665
H            0.75695473257362        1.77237477938186       -3.08991592599752
H            1.77816517461593        3.21962280802734       -3.00519959484953
H            3.86883242954371        1.01545700074031        1.85873025872708
H            5.52146328625461        1.88057839014476        0.33166264944263
H            4.53428863140408        1.46654043795611       -1.07990837305126
H            6.03394708059964       -0.46456030239155        0.74228555129608
H            6.13218941985062       -0.37486875802780       -1.02343394452734
H            3.91854284471203       -1.29397262225645       -1.28768026561952
H            4.45680272961665       -2.15436763406775        0.17998583096709
68
 energy: -106.573549128813 gnorm: 0.003017294537 xtb: 6.7.1-6.fc44.fc44
O            1.20958619555283       -0.17365944673026        1.42957981673222
O            1.00008728796205       -0.90274490804337       -1.65850613426038
O           -3.44529358608361       -2.62276873452935       -0.21192537960911
O           -3.19770467278388        3.08065490460885        0.40875869199011
O           -1.32665427314377        1.64595401931766       -1.37788085224172
O            2.25531131598013        2.82892608799185        1.25985285966575
N            0.30358436223883       -2.33721072123089       -0.10288195552661
N           -2.22134996701487       -0.88647007208477       -0.98128689382653
N           -3.86451851768289        0.95525884493610        0.25844451300299
N           -0.58266446770077        2.08297872188046        0.70308442178824
N            1.93234646278038        1.77259244380676       -0.71147641904796
N            3.23517749255505       -0.46652023381921        0.51508976924960
C            2.00459709623648       -0.88840705446930        0.84074510384771
C            1.63575432647009       -2.33076726867458        0.49357780655397
C            1.49855859612501       -3.19572851625115        1.75022087167219
C            0.29509358065491       -4.08209572240127        1.43652270810689
C           -0.62169609494728       -3.12341555736146        0.68538926315079
C            0.09248753876201       -1.58262817645264       -1.19007786155018
C           -1.30863399446629       -1.64236418838642       -1.81370283618381
C           -1.29286048114881       -1.06176765626399       -3.22340249680912
C           -3.19905258335301       -1.42966680582578       -0.25494625387843
C           -3.98262989539771       -0.43493836179484        0.63450675913723
C           -5.45649431415553       -0.83400419333245        0.64517346103466
C           -2.98325960218298        1.91071025599904        0.63862380144041
C           -1.70997059091490        1.46179008035861        1.37368748864126
C           -1.75360743326006        1.92826998819110        2.82371519762433
C           -0.46998385571314        2.08829767889241       -0.62400493927929
C            0.85764177020612        2.65420902022846       -1.13849613513973
C            0.85718193160889        2.76304342822093       -2.65482363098505
C            2.50476310822876        1.91362290038387        0.49767144082205
C            3.62052968210707        0.91103267191833        0.79508289238675
C            4.84873684829855        1.13779231202108       -0.08952351872249
C            5.46817993019122       -0.25406640542526       -0.17241435992311
C            4.24717103024864       -1.16949778412880       -0.25193858439390
H            2.33727489521109       -2.75855325200402       -0.22887398896783
H            2.40511590668151       -3.76027782676768        1.95865527123431
H            1.27431592192053       -2.55392129078922        2.60375083200229
H            0.58935082074643       -4.90781978653513        0.78604304009894
H           -0.17325204244827       -4.48797592639250        2.33031008856331
H           -1.36348691073896       -3.62843661728744        0.06814498364810
H           -1.15030084850169       -2.47400513435391        1.39283621983829
H           -2.10322240971815        0.12898215418523       -1.04591033893370
H           -1.65379710138200       -2.68258701231814       -1.82918095699246
H           -0.53354273720396       -1.55382311844016       -3.82341094628103
H           -1.07146574460190        0.00083282345836       -3.17095881025841
H           -2.26648312170390       -1.19814854433972       -3.68739325381812
H           -4.63492069136240        1.32007924028081       -0.28654815732108
H           -3.57890340960764       -0.56848967744608        1.64765211273499
H           -6.00651632198205       -0.25472641426169        1.38268647671765
H           -5.53787616492796       -1.89122585474882        0.88169986474965
H           -5.89321774408713       -0.66893970992002       -0.33746934114580
H            0.17997336662773        2.42777203742390        1.27214010668499
H           -1.58613032349997        0.37304599777167        1.32847840385306
H           -2.56406136306597        1.43549572854073        3.35632531101595
H           -1.91323058812345        3.00316618800106        2.85604473160544
H           -0.81163062671945        1.68618377783323        3.31047699636754
H            1.95482057949592        0.87439476027727       -1.18290665335724
H            1.03332900248777        3.62845018466814       -0.66834223160717
H            0.01549040262195        3.36931043304333       -2.97661792102661
H            0.75532315766282        1.77167216100409       -3.09049352268920
H            1.78164708823249        3.21565566331015       -3.00354551329515
H            3.86753175447390        1.01596117463897        1.85942105922655
H            5.52150679942942        1.88004694430176        0.33236767431624
H            4.53195752866754        1.47030541921043       -1.07878487894337
H            6.03390470467767       -0.46565764708204        0.73550650998782
H            6.12656808626589       -0.37239773067075       -1.03045492575517
H            3.91242871565160       -1.29204053679845       -1.28882116331629
H            4.45418161762274       -2.15235862323568        0.17763713150563
68
 energy: -106.573569122036 gnorm: 0.002489779161 xtb: 6.7.1-6.fc44.fc44
O            1.21166686803245       -0.17446847102180        1.43868655198033
O            1.00004565691298       -0.90196626559393       -1.65493223405744
O           -3.44722448618638       -2.62290928489492       -0.21284643548918
O           -3.19571150955081        3.08032914836761        0.40970464627781
O           -1.32670041157748        1.64521106412345       -1.37768206434181
O            2.25691478006225        2.83149052397443        1.25887442782189
N            0.30238947520118       -2.33540360692996       -0.10021740148285
N           -2.22200148696211       -0.88713565736285       -0.98255925304007
N           -3.86400047835352        0.95493697436998        0.25734788188517
N           -0.58248057381059        2.08254542222110        0.70335271765577
N            1.93021016014987        1.77110914071785       -0.70967219293297
N            3.23258467876918       -0.46470423010918        0.51311066438714
C            2.00421514424051       -0.88778624276245        0.84534138490203
C            1.63437881965628       -2.32954546342646        0.49636556302372
C            1.49688763215124       -3.19727352514194        1.75110558882084
C            0.29726376121894       -4.08662788856698        1.43232759935809
C           -0.62135623839208       -3.12693365262218        0.68460175412842
C            0.09200374076824       -1.58226133174251       -1.18741818919770
C           -1.30795542859104       -1.64304708530115       -1.81333100551046
C           -1.28917971094949       -1.06322510065372       -3.22299728808459
C           -3.19957230401057       -1.42984321633214       -0.25604817190690
C           -3.98249891865757       -0.43512833093214        0.63370459392308
C           -5.45640905595684       -0.83408330508217        0.64633579814219
C           -2.98284517982931        1.90985983692277        0.63890330499736
C           -1.70977422823162        1.46215881026400        1.37544435868284
C           -1.75362270043281        1.93372573872994        2.82368381884713
C           -0.47030731545911        2.08870056260439       -0.62388972994427
C            0.85742585758268        2.65409761685699       -1.13819552331591
C            0.85898555931302        2.76187071660485       -2.65480881441411
C            2.50452625656554        1.91499974784775        0.49773757652327
C            3.61977228100046        0.91201666822682        0.79514765109902
C            4.84757965553500        1.13872010616630       -0.08961511539736
C            5.46575341899895       -0.25354787327754       -0.17571592779556
C            4.24400330880538       -1.16821172609394       -0.25470638822358
H            2.33593846842226       -2.75493321406787       -0.22705623996787
H            2.40484354862811       -3.75894088999086        1.96118519241847
H            1.26811825213259       -2.55746296956619        2.60476018814489
H            0.59545686560349       -4.90689973256246        0.77705850003151
H           -0.17113599068711       -4.49849151857017        2.32274664970512
H           -1.36234964695531       -3.63087600239510        0.06537870287986
H           -1.15136856739917       -2.48076734326508        1.39385150853760
H           -2.10301296757245        0.12828472880300       -1.04599516968219
H           -1.65304170748815       -2.68328849918994       -1.82940227212605
H           -0.52909474305367       -1.55701018545864       -3.82116573636588
H           -1.06634962609420       -0.00088577317340       -3.16961595947292
H           -2.26152277849449       -1.19930710171137       -3.68822288740780
H           -4.63395160443498        1.32001895150460       -0.28864579658865
H           -3.57912366460267       -0.56798825328702        1.64688603640947
H           -6.00409588803024       -0.25909840533420        1.38889399127949
H           -5.53615460065077       -1.89241943903651        0.87783375637550
H           -5.89763584110460       -0.66446302574574       -0.33403452948120
H            0.17827288052533        2.42973579245045        1.27286743652832
H           -1.58520850556302        0.37340813468219        1.33338198471779
H           -2.56533428885607        1.44467016097498        3.35766155779990
H           -1.91281635144499        3.00894551461295        2.85149109784271
H           -0.81281280104445        1.69328630686931        3.31284513387696
H            1.95206780287951        0.87290469239124       -1.18103255024278
H            1.03433535588024        3.62803733416240       -0.66860311551892
H            0.01898361803225        3.36982525893621       -2.97821380108943
H            0.75625563351824        1.77074894144626       -3.08994571571364
H            1.78498859456803        3.21230518641215       -3.00253311738776
H            3.86700771797832        1.01549942387884        1.85955570940402
H            5.52163857168391        1.87940177224182        0.33302507632180
H            4.53082017655751        1.47325835640888       -1.07827875087703
H            6.03278110764180       -0.46706542331774        0.73089943788191
H            6.12243210917891       -0.37082618892044       -1.03481773493655
H            3.90841932899086       -1.28975023550603       -1.29117338643121
H            4.45077893830191       -2.15114463871941        0.17417748172510
68
 energy: -106.573581070772 gnorm: 0.001989515295 xtb: 6.7.1-6.fc44.fc44
O            1.21198828403047       -0.17538681789220        1.44359806459161
O            1.00039527542864       -0.90378723440041       -1.65263059837541
O           -3.44910915503947       -2.62244767197724       -0.21509089527021
O           -3.19482716594891        3.08048465269719        0.41096484317964
O           -1.32693776419328        1.64524072469138       -1.37754582437101
O            2.25871188911060        2.83435617858887        1.25818291307190
N            0.30131364993842       -2.33539566785448       -0.09818061361725
N           -2.22161379567083       -0.88722725562196       -0.98275401631401
N           -3.86407164331912        0.95497154536983        0.25742239599564
N           -0.58293695901934        2.08336005462313        0.70347167127880
N            1.92821850203069        1.77051436429062       -0.70795854240094
N            3.23014543699321       -0.46318602465230        0.51069745466178
C            2.00332246832026       -0.88764663750568        0.84783600952227
C            1.63349063752050       -2.32928354242491        0.49809427784628
C            1.49647579056804       -3.19811670114278        1.75177554287842
C            0.29923176208269       -4.08951095405604        1.43027402673698
C           -0.62130283488708       -3.13010969952214        0.68452970244518
C            0.09179880683759       -1.58311662205294       -1.18579680643292
C           -1.30736418655504       -1.64379302197763       -1.81299279019295
C           -1.28575983647084       -1.06395010464727       -3.22234950778910
C           -3.20006300376397       -1.42943398435662       -0.25707465728326
C           -3.98286370066888       -0.43503366351255        0.63345829680278
C           -5.45691886784782       -0.83420317882892        0.64676303186727
C           -2.98308475429102        1.90954680030395        0.63973568333093
C           -1.70979494109123        1.46272580212516        1.37656375525173
C           -1.75366974579367        1.93739486550964        2.82348306525753
C           -0.47091253506903        2.08944828120995       -0.62382614633737
C            0.85718433482524        2.65427445884948       -1.13796458066391
C            0.86042733876471        2.76102645547434       -2.65468478035856
C            2.50444603964660        1.91650847142660        0.49793108509951
C            3.61894915490693        0.91259142462448        0.79474445509269
C            4.84680119681568        1.13929057795881       -0.08967600606855
C            5.46374055551864       -0.25343358686722       -0.17807425027448
C            4.24135320239711       -1.16713414330333       -0.25772162439569
H            2.33468984202519       -2.75298735213492       -0.22601478658509
H            2.40539377699550       -3.75802751497222        1.96258680139640
H            1.26545929997401       -2.55940132038469        2.60565876949186
H            0.60019614549174       -4.90655474663842        0.77284768819717
H           -0.16913629106415       -4.50494396081329        2.31874608690752
H           -1.36141001258823       -3.63375455240481        0.06410228891957
H           -1.15277253723664       -2.48649774789480        1.39507009511578
H           -2.10208783911425        0.12814732844288       -1.04588075687163
H           -1.65334298156659       -2.68369853029183       -1.82867707092875
H           -0.52478088311758       -1.55880616986584       -3.81932165572792
H           -1.06137731725678       -0.00205243415164       -3.16897341973002
H           -2.25673215674116       -1.19876711174035       -3.68994401237098
H           -4.63369721583842        1.32050410474961       -0.28869673240943
H           -3.58012259594010       -0.56819914206068        1.64683521625756
H           -6.00358344586255       -0.26157405499974        1.39175483699607
H           -5.53561219432443       -1.89330889494796        0.87521031383816
H           -5.89903800807305       -0.66204330189250       -0.33198219592103
H            0.17733405143951        2.43063429811942        1.27358623242837
H           -1.58419839517550        0.37400878437216        1.33623599482289
H           -2.56636756474107        1.45107802911455        3.35826921669619
H           -1.91240074953409        3.01291380051749        2.84820720641150
H           -0.81357753531232        1.69835628426092        3.31447433554861
H            1.95028658757584        0.87176405353735       -1.17844538105262
H            1.03480209270340        3.62804337289783       -0.66852793171557
H            0.02151589406245        3.36959882276441       -2.97948620764203
H            0.75698398930046        1.76974094102948       -3.08918376904682
H            1.78743925354612        3.21025959422208       -3.00130316208661
H            3.86668652520207        1.01421384894568        1.85926504483323
H            5.52185057686565        1.87870388717369        0.33382658144493
H            4.53048393249423        1.47574700234073       -1.07791440235718
H            6.03152285836545       -0.46870250564878        0.72765513881963
H            6.11943023120596       -0.36988870033926       -1.03782595198927
H            3.90519228672785       -1.28702177842948       -1.29449306420670
H            4.44730336846481       -2.15064094191648        0.17003684366262
68
 energy: -106.573590187687 gnorm: 0.001881191815 xtb: 6.7.1-6.fc44.fc44
O            1.21144334437120       -0.17660043867614        1.44776148215889
O            1.00147453997202       -0.90566670931253       -1.64975651202071
O           -3.45045320932327       -2.62134906440430       -0.21895103342075
O           -3.19504695711292        3.08110360574667        0.41160495920075
O           -1.32805384720243        1.64663898710082       -1.37753355136310
O            2.26179786426137        2.83900433184378        1.25665272545464
N            0.30042594303166       -2.33633404783496       -0.09604316308030
N           -2.21997252805034       -0.88663918570962       -0.98254171429300
N           -3.86459218672440        0.95536155605535        0.25832042266974
N           -0.58382102249778        2.08531349657896        0.70345994778988
N            1.92608333407661        1.77075867751841       -0.70617218274010
N            3.22684104797382       -0.46144503265422        0.50698237018928
C            2.00192166163943       -0.88786054063923        0.84985523767697
C            1.63285760053810       -2.32983429307729        0.50008493498196
C            1.49644975401405       -3.19945479202252        1.75291205863829
C            0.30150872721106       -4.09326878901400        1.42931466300151
C           -0.62088841637605       -3.13491637247857        0.68462108897203
C            0.09198407951133       -1.58477055934708       -1.18450812463781
C           -1.30627002229533       -1.64447450365105       -1.81287814512743
C           -1.28175526863057       -1.06484248595110       -3.22186871979982
C           -3.20015426562232       -1.42837653281572       -0.25862950421083
C           -3.98291282404392       -0.43479551563128        0.63352557907292
C           -5.45704928451855       -0.83419169637939        0.64753959866376
C           -2.98363573687919        1.90986771149214        0.64022057560581
C           -1.71010318936923        1.46425889163613        1.37744953459724
C           -1.75421561733337        1.94158294778174        2.82303680607438
C           -0.47201530680658        2.09065265673819       -0.62373240195117
C            0.85675258460992        2.65474925229270       -1.13770636547789
C            0.86135470810324        2.76032829669858       -2.65436638015311
C            2.50477116863455        1.91874218063722        0.49825955702564
C            3.61769380885302        0.91297047007698        0.79417788186004
C            4.84606482087401        1.13966368671738       -0.08944229833951
C            5.46122812106006       -0.25372361910034       -0.18046982680889
C            4.23789615152026       -1.16571528858197       -0.26189547474118
H            2.33361191627480       -2.75225399328326       -0.22489448988176
H            2.40629662189032       -3.75778765501146        1.96427194077758
H            1.26379321342969       -2.56160910074599        2.60716407939252
H            0.60553971378749       -4.90789521701042        0.77111461475006
H           -0.16653336147953       -4.51177105468972        2.31651886921692
H           -1.35961777672823       -3.63855134472339        0.06293741755742
H           -1.15429702409511       -2.49358583078885        1.39598450463326
H           -2.10027977884245        0.12874950789519       -1.04602806905494
H           -1.65397192866542       -2.68365113511043       -1.82839045323294
H           -0.51931138617692       -1.55991681629324       -3.81768634472128
H           -1.05536134386999       -0.00314499195428       -3.16646941704203
H           -2.25096252679026       -1.19724314396164       -3.69366691964739
H           -4.63481671701637        1.32103491100700       -0.28694432329966
H           -3.58001338476484       -0.56858890810989        1.64667001183122
H           -6.00277104868217       -0.26420214102000        1.39508005522672
H           -5.53519861092476       -1.89420186640950        0.87254905598100
H           -5.90228202003517       -0.65901425316059       -0.32997066592316
H            0.17717055548257        2.43048693578607        1.27426166082350
H           -1.58358069395617        0.37550860735368        1.33844803655407
H           -2.56791027199577        1.45774537725723        3.35820981861832
H           -1.91224258681464        3.01738833047370        2.84491627669997
H           -0.81476614628581        1.70382425618700        3.31593061950314
H            1.94897323682388        0.87056302125108       -1.17433611766263
H            1.03421366839352        3.62871943798492       -0.66846077112496
H            0.02332102389893        3.36899425543415       -2.98068283836263
H            0.75785920698641        1.76851300130880       -3.08821711867054
H            1.78912852192166        3.20830369887309       -3.00053504312623
H            3.86596947160017        1.01217373118787        1.85894765398540
H            5.52220526457489        1.87730225363266        0.33571680529613
H            4.53088223925341        1.47867610951892       -1.07723826380085
H            6.02944398758152       -0.47146783712091        0.72439737895214
H            6.11619806772491       -0.36925261424647       -1.04076185764471
H            3.90266542319710       -1.28362782778527       -1.29905549573815
H            4.44213132189271       -2.15057344925241        0.16383818957805
68
 energy: -106.573595526420 gnorm: 0.001516816971 xtb: 6.7.1-6.fc44.fc44
O            1.21161851282260       -0.17762134033943        1.44899936957622
O            1.00189824915749       -0.90611259527565       -1.64905114584051
O           -3.44974642355275       -2.62079474616578       -0.22003842947671
O           -3.19653410294605        3.08171302321612        0.41098333283208
O           -1.32907553054984        1.64810009843516       -1.37761677159169
O            2.26338715036562        2.84078128916035        1.25573753082331
N            0.30050719878794       -2.33729561631758       -0.09540380875355
N           -2.21878306411525       -0.88600961118463       -0.98173451665160
N           -3.86522695424248        0.95579213493931        0.25886632545605
N           -0.58406642069470        2.08625249784597        0.70328692701028
N            1.92598672357120        1.77160558730136       -0.70631615789201
N            3.22607589160080       -0.46140947728503        0.50561555951169
C            2.00195584416763       -0.88868014694589        0.85043299016382
C            1.63300358017938       -2.33072994673774        0.50085725600239
C            1.49655815899742       -3.20031685337594        1.75365477898731
C            0.30191588290615       -4.09465258084136        1.42981666192702
C           -0.62051671933004       -3.13680631308018        0.68450984967109
C            0.09236608866389       -1.58558484248524       -1.18416833290702
C           -1.30582864440943       -1.64440572681210       -1.81249195041806
C           -1.28071379505181       -1.06413265253191       -3.22130999772683
C           -3.19972905843801       -1.42785458071442       -0.25877605528406
C           -3.98273776737836       -0.43461516753025        0.63391742824524
C           -5.45680468000822       -0.83430738263538        0.64760160609279
C           -2.98418763605406        1.91076621845564        0.64020571626106
C           -1.71048079507493        1.46560719095092        1.37731980135953
C           -1.75504964755029        1.94299601359970        2.82290950280942
C           -0.47251786952908        2.09111120859608       -0.62382355594410
C            0.85643912932997        2.65501030839356       -1.13794530106986
C            0.86073295759095        2.76035062081794       -2.65452346099259
C            2.50545213936403        1.91962412896352        0.49796199436276
C            3.61719719077902        0.91263462064429        0.79376789250965
C            4.84638558855761        1.13948790886768       -0.08894169762988
C            5.46077240040295       -0.25418790321337       -0.18077680148997
C            4.23691775887678       -1.16529157027456       -0.26355246175010
H            2.33398544646474       -2.75353935530559       -0.22420003916625
H            2.40648436815956       -3.75852275302964        1.96505890823704
H            1.26370337999284       -2.56257597734976        2.60800858217153
H            0.60663374510768       -4.90980085351719        0.77244192934873
H           -0.16584709026142       -4.51319971656680        2.31741598135992
H           -1.35848323505794       -3.64059437724113        0.06211307922784
H           -1.15467142472816       -2.49573295987209        1.39551478440827
H           -2.09921503658780        0.12943730375868       -1.04595344712031
H           -1.65425421805485       -2.68337373403939       -1.82794938788042
H           -0.51765637792269       -1.55849985212028       -3.81690457317397
H           -1.05530360302455       -0.00257147321566       -3.16701039362748
H           -2.24966538163315       -1.19640099328610       -3.69479610241116
H           -4.63583225402401        1.32092293710655       -0.28605075848531
H           -3.57897955691494       -0.56875567155207        1.64660051805038
H           -6.00271655089232       -0.26427406912061        1.39502614885738
H           -5.53518396915446       -1.89452083589344        0.87209130787140
H           -5.89983041958445       -0.65866559391915       -0.32975278768356
H            0.17816612076676        2.42925695615776        1.27397160518517
H           -1.58425372621021        0.37682370579148        1.33840151670133
H           -2.56881930203406        1.45895832873306        3.35780620721343
H           -1.91268408832951        3.01878806508627        2.84478682557513
H           -0.81553093420695        1.70495346232166        3.31589493932968
H            1.94904886555985        0.87070460321361       -1.17326174297251
H            1.03336978761658        3.62937014210475       -0.66880200846313
H            0.02219027751764        3.36826512799945       -2.98095719825203
H            0.75785035854095        1.76826148033943       -3.08758331011234
H            1.78822540785892        3.20853822465293       -3.00115825909690
H            3.86478544501193        1.01093432836648        1.85878955186437
H            5.52248247731268        1.87651605760395        0.33730930884864
H            4.53172340332688        1.47955749024775       -1.07649444336389
H            6.02862590333273       -0.47300333839583        0.72405039432991
H            6.11590870868077       -0.36934055980273       -1.04116206957695
H            3.90126743741231       -1.28161247647306       -1.30127132261025
H            4.44040112382240       -2.15094588311707        0.16095500314486
68
 energy: -106.573599765724 gnorm: 0.001300930200 xtb: 6.7.1-6.fc44.fc44
O            1.21271587416118       -0.17918672192537        1.45130972597779
O            1.00283875233273       -0.90636056716168       -1.64836109040790
O           -3.44828324624903       -2.62027012113684       -0.22122476055784
O           -3.19893742699109        3.08253379270860        0.40966561068878
O           -1.33000411903041        1.64964979077202       -1.37779508398975
O            2.26517011753584        2.84228315166432        1.25408241260066
N            0.30122252508045       -2.33858051865390       -0.09507990270214
N           -2.21705908853379       -0.88514143362402       -0.98089406533498
N           -3.86524195138948        0.95610672740276        0.25970242983861
N           -0.58456367115496        2.08744990792849        0.70293912592409
N            1.92606060077004        1.77216041659489       -0.70704254652203
N            3.22537855312040       -0.46163789627008        0.50391390310874
C            2.00244532505136       -0.88983792172990        0.85115137211169
C            1.63343562556631       -2.33195132172241        0.50173464012309
C            1.49645506888905       -3.20133360875363        1.75466820511056
C            0.30196418829771       -4.09570549733814        1.43018027182488
C           -0.62043055068533       -3.13840169757696        0.68406605212083
C            0.09332944588044       -1.58635125519357       -1.18381315521369
C           -1.30492687815996       -1.64378492703704       -1.81215103091933
C           -1.27981595009305       -1.06279470660644       -3.22075502400264
C           -3.19867326476363       -1.42740176328048       -0.25913035167624
C           -3.98173705270996       -0.43468822457302        0.63419880197280
C           -5.45543051404923       -0.83475413936280        0.64827549865079
C           -2.98498394558177        1.91211829924818        0.63968055022857
C           -1.71125537402502        1.46743208378810        1.37689716834397
C           -1.75652221261444        1.94497154080940        2.82266325536481
C           -0.47318581910793        2.09181520890967       -0.62412469576635
C            0.85599166002336        2.65514425606890       -1.13850782901838
C            0.85970239019153        2.76015066729710       -2.65508848524130
C            2.50607402489013        1.92014869050480        0.49715883286248
C            3.61654194713002        0.91208823623552        0.79342608871699
C            4.84687522348840        1.13919492272752       -0.08796736280452
C            5.46040601223276       -0.25473553780517       -0.18092059666761
C            4.23589131229857       -1.16476600767019       -0.26557881129208
H            2.33438755956094       -2.75636409738767       -0.22251438812457
H            2.40629049435016       -3.75954582257924        1.96646067166621
H            1.26311490720645       -2.56365015239518        2.60884953620956
H            0.60711066724349       -4.91183720888459        0.77372273404714
H           -0.16565585387777       -4.51395350122772        2.31829238864682
H           -1.35702011317411       -3.64284951807155        0.06051499681666
H           -1.15616646591528       -2.49889149757704        1.39523337707794
H           -2.09786980511208        0.13036362302335       -1.04557696225055
H           -1.65425030467366       -2.68250147708309       -1.82828021743354
H           -0.51636703893635       -1.55614871553955       -3.81634381526212
H           -1.05519169076047       -0.00074289539735       -3.16533745112871
H           -2.24874656688749       -1.19532978284016       -3.69537403663817
H           -4.63612935704090        1.32059237206939       -0.28497966407246
H           -3.57630190816929       -0.56923510691059        1.64624904446407
H           -6.00108426460104       -0.26536865766759        1.39636151137026
H           -5.53417700165589       -1.89511999743222        0.87189462775407
H           -5.89971920305132       -0.65798905000066       -0.32926908994337
H            0.17918091360665        2.42770297298011        1.27336267166025
H           -1.58534859662316        0.37861282757845        1.33854476307603
H           -2.57028975287550        1.46029824881530        3.35714552791067
H           -1.91383884695619        3.02066807854934        2.84485430581193
H           -0.81700523622479        1.70619136456869        3.31565777528243
H            1.94857726316108        0.87084980307005       -1.17319552729374
H            1.03249310369666        3.62998511907245       -0.66979798854676
H            0.02057075609555        3.36744653498826       -2.98131848125349
H            0.75719001228679        1.76770609177435       -3.08818203489593
H            1.78658076732997        3.20940798142007       -3.00192373331078
H            3.86259198775524        1.00976689887606        1.85879778917176
H            5.52275896713315        1.87536150322004        0.33990876471843
H            4.53306336132781        1.48055336864426       -1.07525458090431
H            6.02722298645517       -0.47506948063851        0.72415422753385
H            6.11616402719647       -0.36931737887837       -1.04107176490896
H            3.90085752428013       -1.27951028713289       -1.30338948545278
H            4.43865555110826       -2.15126445013748        0.15742818066055
68
 energy: -106.573602780147 gnorm: 0.001093344267 xtb: 6.7.1-6.fc44.fc44
O            1.21385145475275       -0.18051231700848        1.45328366813707
O            1.00346412435452       -0.90570375211920       -1.64695659131017
O           -3.44760747119114       -2.61993368338143       -0.22160329198023
O           -3.20000586452445        3.08263969847420        0.40906652641660
O           -1.33100240152253        1.65077962978446       -1.37759484164011
O            2.26594491700351        2.84260321677200        1.25274021395112
N            0.30180621952049       -2.33932865465692       -0.09501939630392
N           -2.21604705803449       -0.88443560711867       -0.98002976351365
N           -3.86566648193197        0.95622190714685        0.25970232398837
N           -0.58477676867066        2.08837578234575        0.70302808963069
N            1.92550417069730        1.77152303149493       -0.70760587384017
N            3.22475041896013       -0.46174012135718        0.50231145920673
C            2.00286125947945       -0.89067758543346        0.85163775363821
C            1.63370465670728       -2.33276615302533        0.50229177087484
C            1.49610297780277       -3.20205213305977        1.75534030079499
C            0.30197570110555       -4.09675552177157        1.43067641822684
C           -0.61985612888569       -3.13999368204427        0.68314972118937
C            0.09389111448085       -1.58633134130040       -1.18295502262801
C           -1.30424074666838       -1.64290049553239       -1.81163844862472
C           -1.27866017651054       -1.06117964831217       -3.21986271732757
C           -3.19803306062815       -1.42702028658125       -0.25906557544217
C           -3.98134935993473       -0.43463959292242        0.63434316856400
C           -5.45484028033476       -0.83538059030604        0.64867038125948
C           -2.98529932962590        1.91252003333749        0.63940609252348
C           -1.71156948522833        1.46854572780183        1.37706852538657
C           -1.75732745454085        1.94660526425884        2.82278267965357
C           -0.47351557052149        2.09242065712079       -0.62413557117592
C            0.85570828762032        2.65504593975663       -1.13902629984769
C            0.85911346061641        2.75970446856585       -2.65573346783080
C            2.50612079074175        1.92006279856307        0.49613934650173
C            3.61607865789053        0.91172102351695        0.79304324955781
C            4.84722993372486        1.13903615988752       -0.08712133783752
C            5.46008255629417       -0.25510003286083       -0.18109207341519
C            4.23507724625774       -1.16438301606096       -0.26759960508943
H            2.33506943292705       -2.75717415209279       -0.22175914508380
H            2.40592292610353       -3.75999850397474        1.96776646245692
H            1.26206945404845       -2.56427129700527        2.60918036793639
H            0.60741124777941       -4.91355731917479        0.77505144667768
H           -0.16625117982244       -4.51408875101017        2.31885686047094
H           -1.35554868265208       -3.64500964700985        0.05883855282779
H           -1.15661631522161       -2.49997682961532        1.39292690646920
H           -2.09737681660513        0.13096528506573       -1.04486105996577
H           -1.65401216998039       -2.68145891732149       -1.82864502076949
H           -0.51497980360966       -1.55394638568044       -3.81550018035579
H           -1.05483800385647        0.00079227920554       -3.16370934684460
H           -2.24736543984565       -1.19416599039150       -3.69487105661503
H           -4.63695399138622        1.32014771456056       -0.28501673519654
H           -3.57546660340573       -0.56900683694077        1.64602184973921
H           -6.00109119872586       -0.26632682570808        1.39671874384714
H           -5.53294923393745       -1.89571422223577        0.87229088168967
H           -5.89903520565970       -0.65899860048181       -0.32873105004237
H            0.18000238346756        2.42651813958364        1.27325751543409
H           -1.58563065261842        0.37973805844665        1.33933667602628
H           -2.57141440571104        1.46205663184680        3.35699824958352
H           -1.91452791481954        3.02231042852640        2.84475795778745
H           -0.81818056894832        1.70749981201453        3.31620746000788
H            1.94713875384437        0.87027508260221       -1.17384995282397
H            1.03287153834411        3.62992724450544       -0.67082147328923
H            0.01941728145559        3.36627919079246       -2.98199460333106
H            0.75773135272532        1.76727395088518       -3.08875191462821
H            1.78555472007558        3.20944129848262       -3.00312321137063
H            3.86093382262423        1.00883537177603        1.85869755615173
H            5.52311971046073        1.87437093500934        0.34210008942857
H            4.53437164894343        1.48152742022403       -1.07432044990752
H            6.02588734151199       -0.47668490885046        0.72432479754895
H            6.11656621684190       -0.36911585171613       -1.04071732512663
H            3.90047615575053       -1.27759326103831       -1.30553302240720
H            4.43732031570546       -2.15146013114649        0.15413418789198
68
 energy: -106.573605377816 gnorm: 0.000767099434 xtb: 6.7.1-6.fc44.fc44
O            1.21575301593631       -0.18277722299281        1.45605059997517
O            1.00470768610775       -0.90583938942595       -1.64560767211683
O           -3.44702792231279       -2.61974803595551       -0.22222972822724
O           -3.20166363865509        3.08292039581562        0.40835906682262
O           -1.33202217344521        1.65217058638226       -1.37728376068060
O            2.26607538777234        2.84228739265733        1.25115692365217
N            0.30287480352629       -2.34052092079154       -0.09527259170851
N           -2.21468580556501       -0.88380531400329       -0.97882885167805
N           -3.86571319651712        0.95600695336382        0.25984447748575
N           -0.58541482833647        2.08989182416606        0.70306682788273
N            1.92444301169520        1.77022158445702       -0.70845258896402
N            3.22423948101988       -0.46207663346121        0.50013599632252
C            2.00394408472724       -0.89214248624124        0.85245092741135
C            1.63434132754465       -2.33413882964430        0.50291269807001
C            1.49529660615401       -3.20268521229438        1.75628680188944
C            0.30146545094075       -4.09750493273885        1.43121910366830
C           -0.61957163546058       -3.14152142715748        0.68171746156087
C            0.09506723550817       -1.58625888568162       -1.18203273977438
C           -1.30302722534674       -1.64175057485653       -1.81100365625466
C           -1.27693323706862       -1.05848326209538       -3.21855122727592
C           -3.19723897851543       -1.42682149168522       -0.25892561914473
C           -3.98090155749998       -0.43482497574363        0.63446802996011
C           -5.45401538291918       -0.83670192177816        0.64941632956585
C           -2.98601505078852        1.91319479987245        0.63924049325367
C           -1.71221252202438        1.47011642955916        1.37720940680719
C           -1.75840927537128        1.94904692563629        2.82269964099118
C           -0.47409488868852        2.09357251586172       -0.62426614144988
C            0.85530350757216        2.65482870818605       -1.13988307808587
C            0.85828001357178        2.75891010788930       -2.65674353986036
C            2.50574786001935        1.91955044939666        0.49457461461000
C            3.61547179695310        0.91111845717216        0.79227984909867
C            4.84790030230885        1.13886834229642       -0.08577073290375
C            5.45991124673613       -0.25554054461022       -0.18120907099592
C            4.23438453141944       -1.16388918672437       -0.27067765853994
H            2.33616880014772       -2.75865893459344       -0.22046867910347
H            2.40493581762545       -3.76044934396642        1.96990828990533
H            1.26035104872133       -2.56441182573408        2.60942372131880
H            0.60714240334684       -4.91520715228684        0.77684396222421
H           -0.16819699995755       -4.51345652444592        2.31919920402331
H           -1.35359153230229       -3.64759560785524        0.05613623914970
H           -1.15846485357653       -2.50194845116714        1.39028776981472
H           -2.09666189648436        0.13176640138400       -1.04356025944889
H           -1.65324781519409       -2.68019287184651       -1.82876931699691
H           -0.51314550002106       -1.55043736686299       -3.81455073965006
H           -1.05372710780000        0.00353123561306       -3.16173227887926
H           -2.24530969374919       -1.19198740850145       -3.69344887063839
H           -4.63684772655016        1.31959466268991       -0.28521235879191
H           -3.57482270350186       -0.56925310198737        1.64609306036294
H           -5.99994451077989       -0.26773154602652        1.39757200711814
H           -5.53082577664818       -1.89694032825893        0.87363637983742
H           -5.89859004281618       -0.66133633594650       -0.32786501349671
H            0.18067106825509        2.42567089447306        1.27304672768824
H           -1.58584023209093        0.38129927760348        1.34053414092064
H           -2.57301482904607        1.46502137862878        3.35668968984396
H           -1.91543779208636        3.02480999973614        2.84419207975827
H           -0.81979143587392        1.70968259483780        3.31675331871314
H            1.94480533256550        0.86911863777609       -1.17498130998886
H            1.03390515032965        3.62954683892584       -0.67221856077281
H            0.01763953990496        3.36427827769986       -2.98285636194085
H            0.75804839108973        1.76637723361652       -3.08921681838409
H            1.78409226828304        3.20985189851753       -3.00424741573034
H            3.85857874847567        1.00726094131287        1.85840001658762
H            5.52384587730994        1.87298401817764        0.34547932847007
H            4.53669567156954        1.48321328046319       -1.07290945613182
H            6.02418653664241       -0.47900079887268        0.72475560674225
H            6.11766256504566       -0.36864061352712       -1.03988646959081
H            3.89966741265621       -1.27412331384028       -1.30935411922985
H            4.43590021057127       -2.15192873445954        0.14887872084108
