68
 energy: -105.367476562124 gnorm: 1.832559050427 xtb: 6.7.1-6.fc44.fc44
O            0.82640735829887       -0.85168241015209        1.23490010605736
O            0.87957787825173       -1.13819021254223       -1.62677980449290
O           -2.52325240835990       -2.58474003025540        0.61133652633297
O           -3.86456617360988        3.15637581961707       -0.37495723104645
O           -1.36082953477039        1.74447832516503       -1.47937604804514
O            2.10119398090319        2.86269302760550        1.28746505902076
N            0.41860532600250       -2.80272991709213       -0.84015986863677
N           -1.98494607446033       -0.76738095065050       -0.84786950423601
N           -3.41722351413623        0.90528676380544        0.39670046258706
N           -0.67794143936447        2.89835109502141        0.58019786373753
N            1.80867986626630        1.53191001441864       -0.53013687111135
N            2.85810398511920       -0.66392330743314        0.70048691673929
C            1.61032679785333       -1.28820855404182        0.75593730190494
C            1.66139036439999       -2.74297919126632        0.11736363517266
C            1.59239906197466       -3.78213387440275        1.06877476412758
C            0.65750638391254       -4.79145872289478        0.30119364585177
C           -0.32384011647799       -4.34505186673799       -0.28892420719525
C            0.08182420824866       -1.82696116354423       -1.42404078276575
C           -1.32443370067009       -1.86608050509451       -1.92748030357847
C           -1.52095828282843       -1.36665031711592       -3.34328195225168
C           -2.39962414012642       -1.16543584757978        0.06807491149468
C           -2.63397210253052       -0.12470122396811        1.21762957063667
C           -3.61857928876442       -0.73450712983623        2.31824579929274
C           -3.26013734488391        2.44560582680773        0.35760384067135
C           -1.89068701895160        2.92242050768135        1.06182757674585
C           -2.32375524628454        4.28018559900029        1.81409204599380
C           -0.55580209119534        2.38724728568963       -0.68838600176391
C            1.01827117078622        2.42632058179499       -1.17237827706879
C            0.91291007532198        2.34395931587803       -2.45390170124967
C            2.19811411868587        1.71587133006407        0.74958591141180
C            2.87550936463948        0.59675378349549        1.29255011316730
C            4.65616587013172        0.79331454499977        1.23025138219098
C            4.81073091453258        0.52737271325452       -0.11044746159432
C            4.11337075095058       -0.93893744234562       -0.21640489178181
H            2.71370116022375       -2.98854955798726       -0.29994543349296
H            2.54537388900009       -4.08845823115611        1.51768759073213
H            0.81291533713898       -3.71804778067680        1.92402154205320
H            1.32591849104621       -5.64721599864769       -0.32120011960554
H            0.22391344746110       -5.70564215563526        1.22644700877755
H           -0.32383261432985       -4.62211681072804       -1.33585755449260
H           -1.17176400290913       -3.96434323050468        0.11885748430652
H           -1.84036558539179        0.12359565065471       -1.33546935152394
H           -1.85006387180559       -2.73877432653555       -1.82645117445033
H           -2.39102692843791       -1.06017481682015       -3.53310802526134
H           -0.87217775685190       -2.17558526171509       -3.95160718564909
H           -1.09766928378893       -0.37131394132653       -3.57034340801640
H           -4.15716302122791        0.54604512623961       -0.12060680430260
H           -1.94337579973649        0.08527686749921        1.54779874717891
H           -3.10946627182757       -1.58628292402852        2.71057154415096
H           -4.56927651000182       -0.83663381499952        2.00142028523750
H           -3.57147819835973        0.22091876062844        3.10642566798552
H           -0.01359704550860        3.30369566581052        0.95753021387846
H           -2.03645246241489        2.18023843172398        2.08376077770754
H           -1.43083672674555        4.78406917859703        2.27437828683408
H           -3.20429805990446        4.36485946640777        2.19426221466214
H           -2.41669883334803        4.75364347528890        0.57644877488769
H            1.63402449299685        0.58517307370435       -0.87172837800827
H            1.18331971044143        3.50210644138567       -1.01271552229841
H            0.81968549902657        1.26690358582552       -3.04734231033113
H            2.07307245555491        2.39792501713627       -2.86439549519528
H            0.06496613180146        2.86912334704615       -3.25819247882683
H            2.79691587261485        0.42828519879947        2.46514151601930
H            5.12495121784637        0.08304267780130        2.30036381946070
H            4.68161183985907        2.04950622327939        1.43720498498939
H            5.89820034278826        0.10655179366761       -0.21998448389247
H            4.46788020136408        1.05738747421776       -0.76354634626323
H            3.72052975868639       -1.19782747215073       -1.27970630600530
H            4.55722591265095       -1.68403738297604       -0.06067686706435
68
 energy: -106.080416361458 gnorm: 0.743479990057 xtb: 6.7.1-6.fc44.fc44
O            0.76005851935029       -0.82277878173090        1.27151417264926
O            0.92014145325769       -1.07126727462594       -1.64782922013282
O           -2.52065954518005       -2.55383175231983        0.59597484621018
O           -3.86865506175406        3.14986335335704       -0.36903959840418
O           -1.35237767881862        1.75771109676043       -1.46099827347179
O            2.10042209653182        2.85180502725975        1.28486280094253
N            0.42893655981393       -2.85641895987382       -0.79664283625863
N           -1.96161532962273       -0.77155611408084       -0.90664234575622
N           -3.41356997932065        0.92889478344514        0.40289475800223
N           -0.70322799897836        2.87935870342851        0.55212621631200
N            1.80669503621305        1.52919830225671       -0.52337283326606
N            2.87239767218119       -0.67129316343485        0.68698158608603
C            1.65991047780632       -1.31592177902932        0.72468718825229
C            1.67026043912591       -2.74113492523708        0.10595459109761
C            1.57494103223910       -3.79955088234524        1.08721918689417
C            0.70127611829316       -4.85010995535849        0.33507834632844
C           -0.33137653134570       -4.31652218432931       -0.32132197483722
C            0.05996367291336       -1.84134982335469       -1.43065452020604
C           -1.33455510989705       -1.84863286252101       -1.92996570057941
C           -1.48910826698955       -1.36917897070270       -3.34439173345859
C           -2.41997709915628       -1.21561640018721        0.13320320880206
C           -2.71676899606821       -0.14336263095362        1.18563332431417
C           -3.60601110326189       -0.71230754993136        2.32797098367535
C           -3.24254283417649        2.42333121945300        0.34655333294701
C           -1.92914625386638        2.90511791050082        1.10348969785096
C           -2.30057348768898        4.29012898454152        1.76912217625035
C           -0.55530635741265        2.37211244574909       -0.69344727554294
C            0.99267021283427        2.44113241193684       -1.15800705995738
C            0.92426270120516        2.32675639479156       -2.52681210267702
C            2.20202786542886        1.72485931308429        0.75342951134180
C            2.90373036099386        0.59041232942754        1.31522742185267
C            4.63418127392462        0.81504486785054        1.26881312095449
C            4.83371317046752        0.48195850845946       -0.09535217370731
C            4.07687288022955       -0.90293782735653       -0.23228071934563
H            2.70221986242871       -2.98134802205052       -0.30927408468268
H            2.54015259503665       -4.09205579692798        1.51548004785666
H            0.82095698575350       -3.70629831096300        1.92533993359542
H            1.32493447843234       -5.63626696520026       -0.31609732988156
H            0.23088797774044       -5.69240775643679        1.21613475860045
H           -0.33764604568056       -4.62812301903330       -1.34390249436460
H           -1.19126669643418       -3.95680090807131        0.12219220357844
H           -1.83726882350624        0.13208114277990       -1.34050308554971
H           -1.85666713642757       -2.74817767136997       -1.82131590932901
H           -2.42650139351951       -1.06686070151489       -3.54463483614441
H           -0.88539744795043       -2.16431850416921       -3.94941898113449
H           -1.08306569155006       -0.37205767327654       -3.56593379165375
H           -4.16343414920040        0.55036523299693       -0.12265320534916
H           -1.86377173026891        0.11315785354120        1.58488145364537
H           -3.11031029445997       -1.58571860152699        2.71233524294578
H           -4.58104678702834       -0.83911478737682        1.99847564626026
H           -3.57482562086250        0.20443269697457        3.10017337628349
H            0.02118253767903        3.32004389357762        0.97110764889330
H           -2.02913156562792        2.18064269148688        2.07620319463496
H           -1.43679545829306        4.77937651860939        2.27060498850854
H           -3.22011669307441        4.36385230686118        2.20311470003200
H           -2.41797835517900        4.76128561393076        0.59928688660390
H            1.63724234121186        0.58453651994583       -0.87096128233699
H            1.19043545749290        3.50525040127480       -1.00328973416025
H            0.81508526025395        1.26845924424463       -3.03466792780225
H            2.06085038394596        2.40814533742845       -2.86876437502099
H            0.08383953044098        2.86799231036450       -3.24116152245646
H            2.79230639899643        0.43363380896544        2.45608685868483
H            5.11597344466067        0.10013860105676        2.27288966685943
H            4.68684567401850        2.02876961897281        1.43930962929293
H            5.89836898440613        0.11441635676109       -0.22445052224862
H            4.45909657368445        1.08038574886445       -0.79409673778079
H            3.71835216177349       -1.18702614119533       -1.27668265468143
H            4.58470511861112       -1.72456723728269       -0.04065012436064
68
 energy: -106.399592039508 gnorm: 0.359497503670 xtb: 6.7.1-6.fc44.fc44
O            0.75340053729968       -0.82526104239580        1.27491405660346
O            0.92948094086397       -1.03738696518861       -1.65496388553709
O           -2.51406681043637       -2.47116584679750        0.55665210801590
O           -3.87073831182451        3.12777695455020       -0.35384374252587
O           -1.34560103259850        1.77652921380899       -1.43317770863349
O            2.09992725900059        2.83646498862254        1.28555087555760
N            0.44915405542999       -2.89537211079838       -0.75172339223426
N           -1.95537006709507       -0.81396356766051       -0.93737867806242
N           -3.40494743853507        0.95761863118075        0.41528949802543
N           -0.72468762442509        2.86525143183811        0.52823602200336
N            1.79783861956360        1.52709784186281       -0.51739462847811
N            2.87700275438484       -0.67915549867520        0.67270440797525
C            1.68145507707657       -1.32591727762402        0.70925091454486
C            1.66939711718717       -2.73904980798990        0.10531100097331
C            1.54670653728875       -3.83092871929483        1.10819677703371
C            0.72644943464106       -4.92304797987882        0.37179623428435
C           -0.30308307129654       -4.25524162095143       -0.35685973450229
C            0.06093939038379       -1.85756704331695       -1.43761914022308
C           -1.34561469037164       -1.81821460462671       -1.91899290593499
C           -1.46384026707796       -1.36431168732382       -3.34850207534145
C           -2.41611418488141       -1.26549020789022        0.17238529979951
C           -2.74394417582254       -0.14353980508499        1.16718505222746
C           -3.59166689943231       -0.67533392963387        2.33486022168690
C           -3.21256640846502        2.38397620373276        0.33280846616299
C           -1.96892433692566        2.87920262325196        1.16459141353375
C           -2.28870703201616        4.30646203995068        1.70025386667508
C           -0.54821942471758        2.35256354653033       -0.69564010682375
C            0.95380683351692        2.45678709783557       -1.15934710174164
C            0.94361837142922        2.30125085744338       -2.60171658508110
C            2.21057777165586        1.73277113692319        0.75515860472975
C            2.95349160634437        0.58496938315907        1.34452891753579
C            4.59361601672114        0.83938878153138        1.30706418705886
C            4.84826113377744        0.42901248745058       -0.08764458926126
C            4.04263906088554       -0.89115617299138       -0.23977211475463
H            2.67594468273397       -2.96760905861949       -0.32896842398440
H            2.52849660599112       -4.10110561049625        1.51347766992268
H            0.83354238422930       -3.68106038057087        1.93124413509257
H            1.31980853820457       -5.61459795793175       -0.30023590617095
H            0.25200961179419       -5.66269378529901        1.18463674930156
H           -0.35796827439140       -4.64505294009459       -1.35439093086447
H           -1.20475158720487       -3.95309092830928        0.12603144511052
H           -1.84010230455848        0.12826935032694       -1.32535859817528
H           -1.86022074943696       -2.75368029790404       -1.81121393150205
H           -2.45775247776084       -1.09183898491414       -3.56055864936441
H           -0.91166377600951       -2.14116118962271       -3.94671952623904
H           -1.05591221293641       -0.37315022040486       -3.55717462260128
H           -4.16531794081337        0.56341141458374       -0.12138827578417
H           -1.84688644242586        0.12446810433706        1.58100112472843
H           -3.11507099482605       -1.57657602966761        2.71370311405332
H           -4.59146752572546       -0.84197373693917        1.99955190106573
H           -3.58135159679105        0.17408915941478        3.09115570679099
H            0.03326272399475        3.32089605501206        0.97255042333252
H           -2.01525317876439        2.18325362272660        2.06491789034379
H           -1.45058317772374        4.76781778697576        2.25789590717291
H           -3.22325514425811        4.35964671898117        2.20751634265631
H           -2.41735678962934        4.77700568683816        0.64490425519038
H            1.64112200451420        0.58295929898405       -0.86981563667179
H            1.20185524017320        3.50783677607302       -0.99252043203135
H            0.80654603257830        1.27124705727721       -3.01125301401886
H            2.03494778552233        2.42995537896700       -2.88310575559130
H            0.12913616711049        2.86334702911274       -3.21112097331137
H            2.77993609501813        0.44045715059003        2.44123235043939
H            5.09318683698274        0.14399815502368        2.21542732966530
H            4.69713816481202        1.98500419830239        1.44695940076382
H            5.89676867026287        0.12984310933099       -0.23137212699342
H            4.46515791842676        1.09149056829691       -0.80534895892851
H            3.71348982298434       -1.16470676750590       -1.27029926462157
H            4.59809593316958       -1.74198044725289       -0.01438651356753
68
 energy: -106.524528928774 gnorm: 0.135308860086 xtb: 6.7.1-6.fc44.fc44
O            0.74662272445128       -0.83157852584912        1.28094387284577
O            0.93062001941962       -1.01801269692896       -1.65683503635592
O           -2.50943604144228       -2.42491317502543        0.52756808615407
O           -3.86554360832412        3.08919034287017       -0.33612335791177
O           -1.35511644097974        1.78725413930942       -1.41285579662696
O            2.10033623783550        2.82260601834859        1.29449454071905
N            0.46593543515356       -2.92580661469843       -0.71270224092103
N           -1.95628653962135       -0.84489727354684       -0.97244658156235
N           -3.40408450144629        0.98136837983576        0.42454545347887
N           -0.74102236516433        2.85237030327474        0.51277972857497
N            1.78642323497408        1.52504980896456       -0.51125613688799
N            2.88425860414004       -0.68356277164882        0.65969666565256
C            1.69629156508816       -1.33383999155331        0.70296707481367
C            1.66560560673507       -2.74892705962099        0.11071327674341
C            1.52653291594793       -3.86383372127283        1.13004094419298
C            0.73726369250703       -4.97269168742349        0.40445684503165
C           -0.26059880263918       -4.17601203098334       -0.39155567369788
C            0.07147937669782       -1.87843898470607       -1.44103685577572
C           -1.35426413460303       -1.79687836030818       -1.90577178051555
C           -1.45088228977685       -1.35292361929235       -3.35023206121297
C           -2.41481209915915       -1.29081859870729        0.19450600223216
C           -2.75646782127905       -0.12745455466785        1.15309149436684
C           -3.58659418017127       -0.64184730500265        2.33354582803035
C           -3.18787616677947        2.33879887380825        0.33175558624926
C           -2.00007653610318        2.85934340481261        1.20724140278294
C           -2.28872532930800        4.30754217600432        1.64625315341098
C           -0.53746275349601        2.33534279722005       -0.69703917989248
C            0.92079126082037        2.47010022689392       -1.16403870048630
C            0.96262168543156        2.27960534801483       -2.65429030782386
C            2.22222681946640        1.73644545289822        0.75216570098121
C            3.00915437504728        0.58208716347724        1.36621723358600
C            4.54998086557684        0.84337996078905        1.32787176015215
C            4.85345328370608        0.38545075317558       -0.08620259661765
C            4.02088607278251       -0.89408619448967       -0.23978281758498
H            2.64295591741886       -2.95628089634583       -0.36299159417247
H            2.51630057812207       -4.11867604186784        1.51687263367222
H            0.84595983039073       -3.64308719780424        1.94703662311470
H            1.32122190751336       -5.59619704162369       -0.27716421628633
H            0.27928386316139       -5.63181365682741        1.13861180315096
H           -0.38699540066610       -4.66486756242071       -1.36213281155634
H           -1.20291415871146       -3.95541520969526        0.12091755178107
H           -1.84304219778905        0.12378811880889       -1.30580513591967
H           -1.86012076168026       -2.75767474495708       -1.80241271738038
H           -2.48350983134404       -1.12695410214726       -3.57972066299345
H           -0.94395327522442       -2.11517042623176       -3.94884871513301
H           -1.02042255437997       -0.37337616479900       -3.54272592548629
H           -4.16645876329566        0.58821152678957       -0.12352166184374
H           -1.81787802447398        0.14880648532960        1.57626055335185
H           -3.12483777075986       -1.55892187563155        2.71207244794213
H           -4.60095555434121       -0.84642329084281        2.00570816785267
H           -3.58976981295255        0.14479932627406        3.08638581776418
H            0.03521157699186        3.31419151318507        0.97488484394209
H           -1.99539726021143        2.19305465995266        2.06390943998375
H           -1.47003493920286        4.75165017175754        2.23568565949691
H           -3.22130101053978        4.35772029757781        2.20761210963990
H           -2.41351339842923        4.79675361582591        0.69322494336510
H            1.64616036382430        0.58180590156739       -0.86836294294374
H            1.21792045910118        3.50803289168084       -0.97826078245943
H            0.79504104219553        1.25935029117758       -2.98442824380203
H            2.00614294397571        2.46105114698586       -2.91430506375479
H            0.19086852960475        2.86215900140053       -3.18607182126476
H            2.75487605157579        0.44567583756160        2.42809954167710
H            5.05344654999657        0.21487116884185        2.14012150494197
H            4.70924202639740        1.92749500771762        1.46065590979133
H            5.90013174068964        0.14576969705002       -0.23861612589917
H            4.47757496310894        1.10348519055949       -0.80692768715881
H            3.70310477829344       -1.13299923444611       -1.26443904159144
H            4.60962921292858       -1.76048877120387        0.01912581255284
68
 energy: -106.556293093436 gnorm: 0.079881647226 xtb: 6.7.1-6.fc44.fc44
O            0.74570568690343       -0.85090105314777        1.28962164566901
O            0.93155365876449       -0.99978646000323       -1.65528642802601
O           -2.52643358342456       -2.47161051627858        0.51403805626996
O           -3.86249077849392        3.04774197747090       -0.32334389319993
O           -1.37785041694582        1.79096755179847       -1.39825443499728
O            2.09814818465613        2.80718390200040        1.31145290477374
N            0.48262379242859       -2.92619895695912       -0.69509303993026
N           -1.96302174372753       -0.84144520081031       -0.99490618358264
N           -3.41093415211614        0.98287122928133        0.43580674110133
N           -0.74855930617327        2.83665820779478        0.51329235140929
N            1.77587736825603        1.52080288561291       -0.50588704664370
N            2.88387559859217       -0.68932353210436        0.65833768371644
C            1.70126523533213       -1.34510500982765        0.70994455522384
C            1.66753364379729       -2.76241053181185        0.12372949522283
C            1.51980473456617       -3.88181515020691        1.15329366489159
C            0.75151149476346       -4.98213773097746        0.40888427380041
C           -0.23458288125738       -4.15049769738157       -0.41514558773995
C            0.09011067778665       -1.88161660189305       -1.44296143575073
C           -1.34951020342699       -1.79244007196363       -1.90452063750594
C           -1.45212053555685       -1.34247950678507       -3.35153922976559
C           -2.40965468712150       -1.27129832253074        0.19611689237809
C           -2.74844584460467       -0.10436666572837        1.14836881456126
C           -3.58801112168904       -0.61667494281225        2.32195624615168
C           -3.16655061260454        2.30560690682827        0.33343110834678
C           -2.01295189592385        2.84234771661236        1.22525003750103
C           -2.29970537034692        4.28856839263966        1.62623979235946
C           -0.53417510953702        2.32284458223785       -0.69526240891971
C            0.91197297434512        2.47208102820954       -1.17411797667957
C            0.98189821480547        2.25820179380853       -2.67887008036232
C            2.22839961524490        1.73236370447368        0.74855968378325
C            3.02367350604469        0.57460819832753        1.37563742460995
C            4.52030447461922        0.84700893497959        1.31674879739090
C            4.85324754658222        0.36398559508828       -0.09613442434484
C            4.01329598350787       -0.90831210096731       -0.22895848383017
H            2.60618353361090       -2.95062634013895       -0.42379703260549
H            2.50155188883086       -4.15513322620676        1.53231395629541
H            0.86566511485019       -3.57936875265959        1.98019816334183
H            1.36220417852713       -5.57805510698253       -0.26649452381347
H            0.25857188381777       -5.63345197286799        1.13234879791628
H           -0.41673459938442       -4.67893815519642       -1.36828260338053
H           -1.18417587638337       -3.95796818172792        0.10769762717490
H           -1.84123796001303        0.13136496435295       -1.29130335070081
H           -1.85284173762960       -2.75997084034665       -1.79406789805546
H           -2.50120808962989       -1.16172472740903       -3.59949601491538
H           -0.97944089056800       -2.09474881322695       -3.97160610815558
H           -0.97890831237292       -0.37432912531531       -3.51646442609891
H           -4.17559533931584        0.61687763689687       -0.12303680580573
H           -1.79221124953366        0.18165289061509        1.56533528444686
H           -3.13312976402188       -1.53107886779725        2.70623978542219
H           -4.60722655507432       -0.84254085027571        2.00772566788239
H           -3.61273549121360        0.12893707735806        3.10988271310350
H            0.03195918746482        3.29555514406431        0.98039147693292
H           -1.95202957598996        2.18715990702585        2.10109449144978
H           -1.48605359209813        4.72260934848946        2.20963843201031
H           -3.22375121768279        4.35124273987432        2.20492065677402
H           -2.42589381866814        4.87078665683153        0.70541861635833
H            1.65305141486269        0.57760586160126       -0.86665172239110
H            1.23888528426336        3.50084679120986       -0.96504237363302
H            0.77637492275101        1.21428433542427       -2.94540129206408
H            1.99625912816851        2.51483160468560       -2.97651975926774
H            0.25498968637904        2.89060753090518       -3.18025575743687
H            2.69922275020188        0.44919061227343        2.42098834312424
H            5.02412410551171        0.27469855433552        2.07325905760926
H            4.74052017919388        1.90158548012948        1.47443337220162
H            5.91269795894547        0.16629629668676       -0.24487246858439
H            4.49555826637804        1.10367559198533       -0.81728860241009
H            3.68731738796490       -1.09668449055407       -1.25841639204606
H            4.60743483658740       -1.78087451184373        0.05581755193922
68
 energy: -106.566847859231 gnorm: 0.048346530483 xtb: 6.7.1-6.fc44.fc44
O            0.74688116548384       -0.88233397603459        1.30896432815986
O            0.92555775314580       -0.98024898313988       -1.65350507483829
O           -2.51622812490607       -2.41568102933049        0.53203205740505
O           -3.85509419471487        3.01879894366093       -0.31574876012961
O           -1.39175798897150        1.78800517007778       -1.38822336855933
O            2.08215833906617        2.79315645712594        1.32834043584928
N            0.48895521178280       -2.91782850293294       -0.68822737063272
N           -1.97512290048680       -0.85066235777184       -1.01187986783989
N           -3.41861590564421        0.97025685738580        0.44850441679909
N           -0.74594988192224        2.81956166656449        0.51655988918244
N            1.76484698576885        1.51796546640187       -0.50221573157220
N            2.88051812881345       -0.69212578503663        0.66285020781837
C            1.70831526340978       -1.36259106926634        0.72654925419165
C            1.67614132389757       -2.77207321199301        0.12568394617365
C            1.52106062824692       -3.88285206013850        1.17009468684167
C            0.75538587987284       -4.97261142654333        0.42032483089545
C           -0.23009629851286       -4.15180478854333       -0.42398468234455
C            0.10045093044186       -1.87737104494860       -1.44322028796947
C           -1.34429002507973       -1.79957064546095       -1.91282446578702
C           -1.45444088717520       -1.33525843854646       -3.35595334815937
C           -2.42054943643530       -1.26084548005333        0.18817091684473
C           -2.74442949647563       -0.10309317255434        1.14574224580301
C           -3.59267743810829       -0.60295013509737        2.31875048904054
C           -3.15487545906396        2.28803323763129        0.34603282558419
C           -2.01404595861825        2.83815202516437        1.22935187828460
C           -2.31188008283422        4.28184395929243        1.61642138339252
C           -0.53211484554754        2.31778163952139       -0.69762360524555
C            0.91369993532799        2.47654274288101       -1.18208242914704
C            1.00162629746282        2.25989132254669       -2.69128075690272
C            2.21380158466137        1.72696866928742        0.74750459662272
C            3.01163082335995        0.57092610968778        1.37802078562623
C            4.50682164358132        0.85923780304908        1.30451900766552
C            4.84773027341195        0.35916978144071       -0.10352733843644
C            4.00956134790696       -0.91687648081785       -0.21914504900446
H            2.58118384393458       -2.95139511102944       -0.48096455682160
H            2.49022419159860       -4.19005830278473        1.54998604151451
H            0.89024835670976       -3.52459663824640        2.00069448378525
H            1.40872927537942       -5.55622633630425       -0.22727527746876
H            0.25109407687901       -5.66184335320745        1.09510091698317
H           -0.43066888463052       -4.66771546073139       -1.37022920693097
H           -1.17199991727257       -3.95359443744536        0.09742303601342
H           -1.84026965758091        0.12746720839583       -1.27695727730538
H           -1.84427250452452       -2.76743162580311       -1.79134662621871
H           -2.50702280798706       -1.18097218988141       -3.61412570581866
H           -1.01054028550831       -2.07899924089538       -4.01122160282878
H           -0.94487421034048       -0.37774771716047       -3.49006148599691
H           -4.18859906363628        0.63860632568206       -0.12065020022473
H           -1.77419182709137        0.19407332743515        1.55038911863619
H           -3.14263491692888       -1.51576715328039        2.70194770038883
H           -4.60862706148964       -0.83561646772984        2.00214688016700
H           -3.63446793096274        0.13145907459153        3.12149560428058
H            0.03694425818282        3.26964529669417        0.98731272196849
H           -1.92165278319177        2.21391474065661        2.13396637796620
H           -1.49398843494277        4.69223143508975        2.20406816290382
H           -3.23073437105988        4.34936938827771        2.19728320390899
H           -2.44234634825037        4.87587062564700        0.71236277565826
H            1.66080818969205        0.57513247766330       -0.86965547211249
H            1.25767636433854        3.49448165828533       -0.94308418409806
H            0.78601849577821        1.21948676581152       -2.93346341808856
H            1.99670020780761        2.51337737282527       -3.03198152331518
H            0.28334501510308        2.90007854811672       -3.18590012820322
H            2.64867373112973        0.45486200095186        2.41023038552871
H            5.06112933050575        0.26191419546230        2.04451160764906
H            4.74055914413276        1.90906093517375        1.45765835969032
H            5.91184829111291        0.17849888972820       -0.24795381843647
H            4.50434832171642        1.10318454931195       -0.82802460374621
H            3.66916280088893       -1.07775705838576       -1.24784461888083
H            4.60042430613836       -1.79276936925267        0.08832202434125
68
 energy: -106.569865687031 gnorm: 0.033707192278 xtb: 6.7.1-6.fc44.fc44
O            0.75751764017934       -0.91631157131368        1.33509425652969
O            0.91086293413991       -0.96460449177626       -1.65243904358418
O           -2.53558797401024       -2.42443596170204        0.51614589200490
O           -3.85028904023241        3.01759946182117       -0.30742162968650
O           -1.38759709867317        1.78820309288823       -1.38548696099361
O            2.06538592273128        2.78048309726424        1.34027483006093
N            0.48452738932084       -2.91070492745172       -0.68705527491456
N           -1.97633461201471       -0.86258801003455       -1.00907548449912
N           -3.41993508131336        0.96812064526931        0.45812076818714
N           -0.73678700727325        2.80411619024008        0.52225573010157
N            1.75644212480382        1.51519229241088       -0.50090503503125
N            2.88180275327092       -0.69339771073064        0.66427764023785
C            1.72036120788981       -1.37853392027152        0.74247548455825
C            1.68588620549887       -2.77726010995653        0.11962277951939
C            1.52504659043845       -3.87647113476142        1.17755577114842
C            0.76539625037684       -4.96222013694762        0.42224608038698
C           -0.22444142787254       -4.15777140031330       -0.42713722340731
C            0.10030563492508       -1.87299541507016       -1.44270914355334
C           -1.34673550476044       -1.80720335724348       -1.91983935161977
C           -1.45924255496436       -1.32852211647682       -3.35837039287396
C           -2.41044035107908       -1.26213804349848        0.19799373386133
C           -2.74620013413940       -0.10080241164670        1.15164074200677
C           -3.59496257173668       -0.60442451036756        2.32154974336716
C           -3.14799224474884        2.28854803242942        0.35636298888818
C           -2.00778704036435        2.83626366378690        1.23112536525699
C           -2.31697252957012        4.28168727633708        1.61095531632723
C           -0.52834169584508        2.32392480616522       -0.70332205312760
C            0.92001934600186        2.48189466412624       -1.18893650557738
C            1.01748920068250        2.26770469187010       -2.69805707148234
C            2.20284779135549        1.72222426270158        0.74493459118889
C            3.00686906053387        0.57038304126674        1.37227461684260
C            4.50685397557841        0.86298193047476        1.29135730335407
C            4.84459698231002        0.35251142862250       -0.11221736991691
C            4.00642150184136       -0.92522582311765       -0.22324917294173
H            2.57243965119643       -2.94816101214123       -0.50576931428425
H            2.48339463558467       -4.21127953488623        1.56456811003390
H            0.91002209319872       -3.49874390391060        2.00000297822284
H            1.45968580119344       -5.51845308868914       -0.22146468137578
H            0.25292552038894       -5.64549043245517        1.09364621438009
H           -0.44418103357458       -4.66200787723144       -1.37119436524971
H           -1.15849708534960       -3.95768793102699        0.10257529224469
H           -1.83244164641584        0.12380306502720       -1.24436686733283
H           -1.84126373281649       -2.77517776485932       -1.79070587966464
H           -2.50866990980562       -1.18581821013738       -3.62165260966562
H           -1.02801131830797       -2.05972909402521       -4.03906802772961
H           -0.92865907373183       -0.38227726772749       -3.47336358024364
H           -4.19563454173273        0.66552999731849       -0.11852304853960
H           -1.77050226469611        0.21095927082216        1.54683274899507
H           -3.14851366055650       -1.51288028800374        2.71389716973249
H           -4.60461063074050       -0.83756345643147        1.99174640171854
H           -3.64305477037566        0.14568450570427        3.10154137488530
H            0.04910048319425        3.23914434577934        0.99970746764052
H           -1.91711889065059        2.23134050223004        2.13945072280674
H           -1.49917741835719        4.68582836132955        2.20173077403826
H           -3.23339739819871        4.33895516685275        2.19275986332909
H           -2.45037987524260        4.86923142588200        0.71480074166104
H            1.66912319871687        0.57256001173243       -0.87418851210136
H            1.27225958809508        3.48942428308760       -0.92271236859212
H            0.79353462587484        1.23318938733972       -2.92903611176221
H            2.00994875355251        2.50529380755884       -3.06181337615307
H            0.28623504381323        2.89774406857959       -3.19187866948096
H            2.64422488778048        0.46290691111357        2.39500931969851
H            4.99835906180626        0.27760479360020        2.05392480879525
H            4.71553875404892        1.91291798456247        1.43872785556538
H            5.90513945265823        0.16948779073845       -0.25229877272682
H            4.51259711574940        1.09361563237780       -0.84247067062006
H            3.65492281996230       -1.08545974864826       -1.24566954520945
H            4.59087790723335       -1.80098160928594        0.10434837686571
68
 energy: -106.570659051605 gnorm: 0.027721826386 xtb: 6.7.1-6.fc44.fc44
O            0.75729984313301       -0.95005494570828        1.35514166286782
O            0.89706882125340       -0.95512267421938       -1.65629012560135
O           -2.54804546839670       -2.44047882887199        0.51271686088716
O           -3.84953510378373        3.02218261551995       -0.29973731158412
O           -1.38359399470946        1.79112957485934       -1.39169732562187
O            2.04065592134715        2.77279071497457        1.34670872620810
N            0.48035154171231       -2.90712970264634       -0.69122854012246
N           -1.97967944961345       -0.87692543977250       -1.01105350841723
N           -3.41733697721997        0.96754586381446        0.45785501746318
N           -0.72738287952457        2.79317412358867        0.52366170495553
N            1.74381578371051        1.51480016003413       -0.50321928914892
N            2.87095312355944       -0.69220543782927        0.66357052796222
C            1.72025646574328       -1.38914422460650        0.74727618705191
C            1.69491797944236       -2.77878351327042        0.10928497960326
C            1.53198099496508       -3.86453172700382        1.17836472628596
C            0.77316914859907       -4.94816808178539        0.42255130528094
C           -0.22080946788944       -4.15678081231852       -0.42319983827482
C            0.10040537214954       -1.87277948249094       -1.44635479927503
C           -1.34841563074001       -1.81750437661836       -1.92722712409725
C           -1.46301997362362       -1.32134182648713       -3.35897667167704
C           -2.40816528599731       -1.26712653164459        0.19875518815094
C           -2.74709991430239       -0.10249778400458        1.15060208165924
C           -3.59521342121183       -0.60610245322715        2.32119602736031
C           -3.14324601117575        2.29051161725480        0.36060971971888
C           -1.99920267762441        2.83393576676300        1.22936928936028
C           -2.31450894326452        4.27867247078841        1.61284083221855
C           -0.52834937840124        2.33401143902303       -0.71412384161514
C            0.92380926919271        2.48969139463427       -1.19811115497742
C            1.02433554950349        2.27290070571351       -2.70337788521940
C            2.18489343855640        1.72081073209508        0.74061785249933
C            2.98662421317158        0.57166025253645        1.36520808124482
C            4.48912634122936        0.85993410392951        1.29318839742378
C            4.83143170614850        0.35005032994154       -0.10564670971474
C            3.99834822530325       -0.92920812151165       -0.22352614407915
H            2.57205163336852       -2.94555635999450       -0.51747813127917
H            2.48304821399856       -4.21620403669474        1.57400353592485
H            0.92669499256819       -3.47292435182782        1.99247697898966
H            1.45705658852098       -5.51760890293457       -0.19903854868436
H            0.27650373510665       -5.65541465296856        1.07284418116357
H           -0.46256317666466       -4.66148400113616       -1.36559178117033
H           -1.14649254039536       -3.95528122903262        0.12015068434564
H           -1.82615917269454        0.11427243496437       -1.22261811722624
H           -1.83815929302529       -2.78490174301438       -1.79467484436091
H           -2.50768499383436       -1.18322297920713       -3.62311754928831
H           -1.03131044585811       -2.04231710680775       -4.04964445859263
H           -0.92679946549222       -0.38198447710057       -3.46152583765373
H           -4.20177937775458        0.68781175386668       -0.11806981542560
H           -1.76871116042198        0.22181605871175        1.53466026581607
H           -3.15134686626661       -1.50924978222203        2.72631305776540
H           -4.59871744233396       -0.84012145931675        1.97694604170527
H           -3.65829200690756        0.15294097026450        3.09485419028892
H            0.06264500366968        3.20930026202221        1.00895983842619
H           -1.90912957188094        2.23306061842859        2.13749611124622
H           -1.50031359232073        4.69312385309665        2.20020380839091
H           -3.22900465384631        4.31736777881219        2.19813517522337
H           -2.45642427487503        4.88560391732919        0.71942399912494
H            1.66963434277443        0.57235441544115       -0.87992792826706
H            1.28223388801297        3.48828950780999       -0.91391351443652
H            0.79485174603433        1.23051488155121       -2.91783991684461
H            2.02114546156978        2.51100073963705       -3.07455651291320
H            0.29515497952459        2.90585682222968       -3.20693010727186
H            2.62933620152108        0.46772026458422        2.38671748124495
H            5.05903393771178        0.30064709772903        2.05164820911873
H            4.72478941455471        1.91856133620811        1.43122543911851
H            5.89258726986613        0.16349590681301       -0.23978414629060
H            4.50790884650731        1.08360888082656       -0.84297589786850
H            3.65136527231515       -1.09733015133160       -1.24494601135139
H            4.57620913248139       -1.80192455101975        0.11996096275615
68
 energy: -106.571764871766 gnorm: 0.015627569555 xtb: 6.7.1-6.fc44.fc44
O            0.75850744922292       -0.95887026078008        1.36202629445362
O            0.89398771259842       -0.95505206125453       -1.65842311032592
O           -2.53462646195857       -2.43377154034919        0.53433472816299
O           -3.84924390683460        3.02335487936678       -0.29613410182200
O           -1.38349101957948        1.79296134396870       -1.39647099820007
O            2.03470434136074        2.77091404893821        1.34896329147739
N            0.48225015666046       -2.90980266857021       -0.69274457661421
N           -1.98537371926277       -0.88542557568994       -1.01721724152264
N           -3.41413965172626        0.96774301809231        0.45214351897731
N           -0.72363882504572        2.79155174408288        0.52322752433232
N            1.74241093447819        1.51531386796058       -0.50321168089089
N            2.86798402190620       -0.68997191828155        0.66125478262236
C            1.71933344927353       -1.38775027077634        0.74332824612749
C            1.69717600520638       -2.77816090249005        0.10620312481445
C            1.53505428503580       -3.86360836470448        1.17294569392226
C            0.77334449956544       -4.95085449400084        0.42259017210268
C           -0.21955264231620       -4.15405269452798       -0.41845901606408
C            0.10299927646378       -1.87690433649903       -1.44841123638887
C           -1.34680662768505       -1.82352583701110       -1.92836613168587
C           -1.46224523203126       -1.31893746725248       -3.35676699491206
C           -2.41862448623699       -1.27111622153020        0.19175912291503
C           -2.74633721656886       -0.10646724437851        1.14461584526826
C           -3.59472558037222       -0.60401801628104        2.31805850152850
C           -3.14181532348787        2.28963460536637        0.36093555954266
C           -1.99499022453897        2.83414118708295        1.22937157129370
C           -2.30723205389979        4.27874402175766        1.61847778097959
C           -0.52860582303181        2.33515734389772       -0.71667476345031
C            0.92515466186981        2.49341525176367       -1.19746153302258
C            1.02358544769005        2.27435363435216       -2.70048452691232
C            2.18675426361728        1.72129430387183        0.74026078605026
C            2.98791700380300        0.57276697823750        1.36500825907953
C            4.48774492314192        0.86823718016135        1.28739579883914
C            4.83365347806529        0.35055497225409       -0.10790106740689
C            3.99928693689385       -0.92775859576011       -0.22065487078615
H            2.57402768356527       -2.94875590707637       -0.52082551407107
H            2.48742613411854       -4.21013455384654        1.57063522457258
H            0.93013450060616       -3.46373301899312        1.98698513681078
H            1.46005277540179       -5.50466775198127       -0.22155765514594
H            0.26243885764390       -5.64812903779851        1.09109224178926
H           -0.46686663765481       -4.65831280333621       -1.36053444473359
H           -1.14268998384173       -3.95376669573225        0.13342794581454
H           -1.82920630291154        0.10409375015627       -1.22474439323644
H           -1.83489519778816       -2.79158957559274       -1.79947724737070
H           -2.50627657641092       -1.17960669413866       -3.61806560736904
H           -1.02334018504180       -2.03785846549497       -4.04358124708844
H           -0.93538606306456       -0.37591088817902       -3.45468099964852
H           -4.20397635609326        0.69127722288238       -0.11739789815009
H           -1.76695968482755        0.22018130432389        1.52261397936086
H           -3.14967413978247       -1.50420462650959        2.72922720070989
H           -4.59720460457440       -0.84189074681821        1.97062302588036
H           -3.66664203285979        0.15275712408693        3.09891378330886
H            0.06963586765670        3.19760335363547        1.01260483640631
H           -1.90104711504077        2.22842071643323        2.14015747490416
H           -1.49391465031341        4.70134687599049        2.20208362832778
H           -3.22138781503229        4.31006207911073        2.20612889494709
H           -2.45952625735907        4.87817403724606        0.71951577362628
H            1.67139854287821        0.57335865139703       -0.88076713503575
H            1.28505608144787        3.48976744183463       -0.91239386604451
H            0.79975745987639        1.23065721312563       -2.91605045197497
H            2.02264891861600        2.51055738257733       -3.06315807014207
H            0.30293174063067        2.90490103965884       -3.21358870104401
H            2.61580062035688        0.46262070841537        2.39084550198049
H            5.02388175596942        0.29516980181557        2.04889775034765
H            4.69703709272428        1.92870247085811        1.41421646880922
H            5.89649034710557        0.16050811725874       -0.23632481604389
H            4.51151025962487        1.07636594913419       -0.85199137706539
H            3.65984852670460       -1.10351551419812       -1.24383334241182
H            4.57371817216879       -1.79880125409128        0.12662088699621
68
 energy: -106.572023641338 gnorm: 0.012898292195 xtb: 6.7.1-6.fc44.fc44
O            0.75933217728827       -0.96570159699933        1.36904583271980
O            0.89196461270513       -0.95409405776306       -1.66023362289175
O           -2.53640701496294       -2.43438561635624        0.54219359652318
O           -3.84697764691691        3.02499149414493       -0.29278359070781
O           -1.38495331434751        1.79687141086964       -1.39885729719833
O            2.03181386229615        2.77102842250064        1.34822296724089
N            0.48378773417027       -2.91168522603320       -0.69302682932154
N           -1.98669888790133       -0.89103379544832       -1.01626373154281
N           -3.41189643741944        0.96886193104749        0.44790154339855
N           -0.72219707966304        2.79068784009291        0.52405264178672
N            1.73879499569279        1.51611008928712       -0.50340908590630
N            2.86447514202201       -0.68777180819050        0.65642572613097
C            1.71808266710207       -1.38725545964253        0.74170842448215
C            1.69597813731611       -2.77826899238668        0.10503168245312
C            1.53539984370985       -3.86593632500806        1.16770486985269
C            0.76792141645543       -4.95317315816144        0.42282132204047
C           -0.22520313595013       -4.15164061865103       -0.41479470686471
C            0.10528010947262       -1.87921696506855       -1.44958178469649
C           -1.34583564929439       -1.82538579550640       -1.92859237749595
C           -1.45954923951544       -1.31840116690447       -3.35676998641960
C           -2.42021846880140       -1.27446561681888        0.19402402533324
C           -2.74689925170518       -0.10707947203861        1.14304673195567
C           -3.59708028014660       -0.60202432053927        2.31454793706074
C           -3.14182548084794        2.28975509632342        0.36322826776105
C           -1.99281208452174        2.83373139731253        1.23210619631599
C           -2.30376094415679        4.27944083153493        1.62089926281864
C           -0.52910647883990        2.33537099283533       -0.71599416373348
C            0.92395745730930        2.49733978656487       -1.19690905437980
C            1.02419971238006        2.27779417292454       -2.69891847490099
C            2.18270377701066        1.72106827649468        0.74121984498483
C            2.98811416055898        0.57373725526353        1.36315464680755
C            4.48397556354482        0.87598170010904        1.28218021705359
C            4.83489401608863        0.35043842992961       -0.11021696301427
C            4.00036538566586       -0.92785917833998       -0.21707445492348
H            2.57337292802712       -2.95152825297179       -0.52689699111914
H            2.49065795201399       -4.20572025642698        1.56364724670046
H            0.92874296534577       -3.46498491820791        1.98208429631265
H            1.44346752588362       -5.51561788985129       -0.22018664656839
H            0.27989267208746       -5.65317535684057        1.09014661805352
H           -0.47435029612571       -4.65427262203134       -1.35488610077617
H           -1.14356981989363       -3.94677723090533        0.14330660932960
H           -1.83162605226262        0.09738287398857       -1.22042995083405
H           -1.83164869510242       -2.79577360323432       -1.80560088948399
H           -2.50454369717699       -1.17857586734576       -3.61669702594283
H           -1.01346157515419       -2.03342320613753       -4.04441521994785
H           -0.94215307064483       -0.36787272942410       -3.44619483960023
H           -4.20388355340800        0.69119012744621       -0.11756693486363
H           -1.76800193694737        0.22254161267924        1.51799737421691
H           -3.14750880484177       -1.49802709069117        2.73040199920436
H           -4.59957853546089       -0.84609449365764        1.96790596834778
H           -3.66574455084621        0.16109530767152        3.08460584790494
H            0.07433693307776        3.18765671225774        1.01715660328277
H           -1.90101934361883        2.22487286049158        2.14267675627480
H           -1.48704386485954        4.70069417639432        2.20178974938773
H           -3.21734177236979        4.31205928247902        2.20924494197103
H           -2.46008716252198        4.85790119289113        0.71844280936021
H            1.67039421585189        0.57536180610882       -0.88316174485183
H            1.28547710563338        3.49237638035826       -0.91137499812634
H            0.80491812520944        1.23957026505161       -2.92273184497134
H            2.02481768410646        2.50455916920506       -3.05146421406146
H            0.30421843737533        2.90219246757530       -3.21521749014518
H            2.62975883792308        0.46118868920117        2.39019887075549
H            5.00364211813427        0.31549176545187        2.05241698221685
H            4.68914678046202        1.93465222051394        1.40910032338993
H            5.89900517743478        0.15864357902227       -0.23224355678108
H            4.51521623676249        1.07111077560230       -0.86115822793738
H            3.66742301237392       -1.10944788767206       -1.24206602420735
H            4.57265643450968       -1.79734219919968        0.13421583128746
68
 energy: -106.572240670013 gnorm: 0.009490406290 xtb: 6.7.1-6.fc44.fc44
O            0.76121747524315       -0.97658897806520        1.37743493314235
O            0.88827134672827       -0.95248154014232       -1.66122504241263
O           -2.54250043678833       -2.43831576550429        0.54198827749883
O           -3.84669538900083        3.02810094162128       -0.28815634481533
O           -1.38475267673497        1.80039803831636       -1.40199348498339
O            2.02307551721312        2.77063384563767        1.34774312644698
N            0.48431367598966       -2.91302994964690       -0.69325190412479
N           -1.98677661436782       -0.89788542662633       -1.01387832725533
N           -3.41043483586207        0.96802137293286        0.44336530626850
N           -0.72098531403921        2.78891716760267        0.52376072225462
N            1.73413779135105        1.51613134488010       -0.50459410775740
N            2.86104072592655       -0.68547805259674        0.65272948970765
C            1.71863838804063       -1.39013871770941        0.74369069343132
C            1.69602274186976       -2.78052487152363        0.10406883019473
C            1.53604461006301       -3.86939460108417        1.16436299751863
C            0.76554239635729       -4.95689495622937        0.42213040549335
C           -0.22763111991187       -4.15149125951260       -0.41239406096383
C            0.10681441963667       -1.88086020181913       -1.44960381359766
C           -1.34536177886011       -1.82799640178417       -1.92943511058746
C           -1.45736819917281       -1.31759664331606       -3.35709875643426
C           -2.41798930072064       -1.27893352056473        0.19794880582519
C           -2.74754974023794       -0.10783014627470        1.14209127171732
C           -3.59896219921948       -0.59892715005761        2.31300117914628
C           -3.14143235054797        2.28960701215530        0.36388867298585
C           -1.99051100190553        2.83041033620950        1.23342736985968
C           -2.30210004881722        4.27504722958314        1.62270304178990
C           -0.52974687511910        2.33782028235138       -0.71784226523356
C            0.92286412641599        2.49967015987363       -1.19932284260914
C            1.02641011635643        2.27827428466676       -2.69980888266040
C            2.17453111301258        1.72054033377572        0.74130278461610
C            2.98409641652277        0.57542300243458        1.36081683624437
C            4.47948150684329        0.88091369847470        1.27932408981705
C            4.83358049622164        0.35006187881547       -0.10983421763824
C            4.00112377798749       -0.92963047529295       -0.21368159974199
H            2.57455648773572       -2.95269695585242       -0.52765966679195
H            2.49263455486395       -4.20616465422362        1.55940942002611
H            0.92772446354370       -3.47205225731638        1.97698479746319
H            1.44800926762849       -5.50962937790467       -0.23283887319953
H            0.26934737123782       -5.64342554934396        1.10317746922947
H           -0.48150553036521       -4.65370649974839       -1.34991787431829
H           -1.14081660947918       -3.94159209796290        0.15197176312570
H           -1.83283590781885        0.09114859765562       -1.21218656086373
H           -1.82879335016323       -2.80035365291177       -1.81167463108943
H           -2.50290800356744       -1.17958079315353       -3.61776736025949
H           -1.00320380225422       -2.02511671776317       -4.04747728657155
H           -0.94766332760063       -0.36118208816801       -3.43895598487634
H           -4.20515971107467        0.69097211605090       -0.11824286589311
H           -1.76967281276929        0.22652536017014        1.51311459070493
H           -3.14550053468849       -1.49031484803994        2.73489466512314
H           -4.59995692339248       -0.84985171681001        1.96547246423130
H           -3.67057216533144        0.17079739400768        3.07381222708625
H            0.07814418183906        3.17610290662423        1.02095525706855
H           -1.90215699932561        2.22007469604290        2.14123710945570
H           -1.48229761895408        4.69607271883371        2.19922035730041
H           -3.21371289587670        4.30762141834153        2.21401478947727
H           -2.45946171763977        4.86230757439865        0.72404621984960
H            1.67029857709671        0.57633533796451       -0.88673254618034
H            1.28583484979766        3.49315899564933       -0.91258776170476
H            0.80359573318164        1.23911533878972       -2.92332954483687
H            2.02927241525545        2.50845206820913       -3.04759209958991
H            0.30827009116323        2.90811381180246       -3.21739555764213
H            2.63599220756833        0.46161872657210        2.38901123408439
H            5.02133280023770        0.33223351874601        2.05128391458832
H            4.68122674868407        1.94078604630862        1.40140259897906
H            5.89798095672914        0.15659670570657       -0.22748196550855
H            4.51665842910176        1.06592078674410       -0.86690767986673
H            3.67286815268093       -1.11775977852312       -1.23936432877479
H            4.57126364825844       -1.79676178530573        0.14358137753171
68
 energy: -106.572355846895 gnorm: 0.008122167307 xtb: 6.7.1-6.fc44.fc44
O            0.76637547274633       -0.98641481290102        1.38497792517313
O            0.88445133132559       -0.94868808920442       -1.66351782046177
O           -2.54739024997774       -2.44291554402198        0.54085262221286
O           -3.85003125246405        3.03096462970818       -0.28336554481829
O           -1.38405414065552        1.80345141650449       -1.40548825167295
O            2.01207344298705        2.76931769241185        1.35087665891027
N            0.48549646152663       -2.91179909182704       -0.69409848926927
N           -1.98828755490191       -0.90388952505247       -1.01417807667601
N           -3.40996823231232        0.96557622301383        0.43812516631758
N           -0.72153455164414        2.78761555635566        0.52253079710005
N            1.73213321494461        1.51677793419672       -0.50485198195326
N            2.86113152099843       -0.68210271362860        0.65029148008545
C            1.72305995469084       -1.39255560035439        0.74687307041422
C            1.69957970328273       -2.78138925700721        0.10216565261291
C            1.53922728951618       -3.86895893049038        1.16346531490862
C            0.76592726831886       -4.95478981178193        0.42207989286375
C           -0.22837220588303       -4.14824365109349       -0.40918446992988
C            0.10857122585855       -1.88026500591630       -1.45012635203878
C           -1.34453352598182       -1.83023626125747       -1.93119075627645
C           -1.45596172687004       -1.31468408625875       -3.35719048576808
C           -2.41774616833362       -1.28247014671784        0.19877082348850
C           -2.74758540489687       -0.10891401039707        1.13965643364808
C           -3.59872528200005       -0.59431594006507        2.31291000334984
C           -3.14181900707957        2.28898747334308        0.36258069469056
C           -1.98993930177322        2.82649260957839        1.23304796247659
C           -2.30035044642635        4.26912457570837        1.62589758810261
C           -0.53093429399816        2.34113077601656       -0.72083555633926
C            0.92251316256005        2.50115845043055       -1.20097102415040
C            1.03040920585616        2.27845087071846       -2.70006445916914
C            2.17007691813021        1.72067276682059        0.74165225520546
C            2.98258995979170        0.57790801241657        1.36009178848433
C            4.47944578974036        0.88895327243454        1.27332917810127
C            4.83503656883663        0.34973808506142       -0.11134658923440
C            4.00405736033120       -0.93162790150553       -0.21114469733580
H            2.57910602074957       -2.95185555529938       -0.52532855321879
H            2.49555495765478       -4.20827482819557        1.55715632258481
H            0.93069775424034       -3.47332505743268        1.97550953467743
H            1.43700160526179       -5.52073788802337       -0.22403689163254
H            0.26461037524890       -5.65110346922708        1.09398980371547
H           -0.49141944835387       -4.65536141030856       -1.34293312328957
H           -1.13621739101128       -3.93315583467162        0.16146276105795
H           -1.83492941512831        0.08651063047983       -1.20587651010787
H           -1.82611541509496       -2.80391458785163       -1.81751866019099
H           -2.50196369355472       -1.18123039667238       -3.62056782734122
H           -0.99397446771300       -2.01387397729160       -4.04940608915585
H           -0.95271834526596       -0.35452676145430       -3.43471120336961
H           -4.20807658397645        0.69011374319091       -0.11943736774255
H           -1.77016230778892        0.23016238320595        1.50551543113931
H           -3.14293994443970       -1.48111484414152        2.74237147427898
H           -4.59691880887866       -0.85274529712862        1.96340195169554
H           -3.68272154822353        0.17814872161697        3.07356452178456
H            0.07945336665668        3.16547472368565        1.02366012356308
H           -1.90094176488388        2.21706798650526        2.14014579264321
H           -1.47753836457836        4.68965421075101        2.19838331971706
H           -3.20883686529755        4.30073268718875        2.22232103588601
H           -2.46037927490590        4.87274282028139        0.73131325616617
H            1.67446135563306        0.57766038835688       -0.88982678702081
H            1.28583980268775        3.49339855626703       -0.91247445893807
H            0.80222467647757        1.23686762939168       -2.92109831799232
H            2.03502740850400        2.51414728519138       -3.04753077904261
H            0.31506754839428        2.91301466304594       -3.21963446673162
H            2.62720495534314        0.46104091763108        2.39011724325929
H            5.01599585901311        0.33783796886210        2.04806158474229
H            4.67257124452746        1.95359059014037        1.38264192715979
H            5.89862259220640        0.15369631136833       -0.22501519039536
H            4.52183099255077        1.06021655097136       -0.87519549740380
H            3.67894077235762       -1.12703250579288       -1.23646132041218
H            4.57192163212008       -1.79614870270790        0.15395194736354
68
 energy: -106.572455668029 gnorm: 0.004897351225 xtb: 6.7.1-6.fc44.fc44
O            0.76766360346282       -0.99018630196214        1.38723548158080
O            0.88415705011383       -0.94794533069977       -1.66415996324417
O           -2.54655432957458       -2.44287217385937        0.54357966107773
O           -3.85359732663939        3.03035299408713       -0.28194221410745
O           -1.38728791065488        1.80516398134100       -1.40724635473161
O            2.00801792853907        2.76754156975258        1.35328242377957
N            0.48611287177404       -2.91203118810397       -0.69418351660763
N           -1.99053583007435       -0.90456242398421       -1.01653774027187
N           -3.41050437566319        0.96497062882500        0.43547558763549
N           -0.72468967430093        2.78811017087344        0.52111780203798
N            1.73084570730698        1.51787901982192       -0.50486314364625
N            2.86048267719962       -0.68253900517780        0.64890448089548
C            1.72413579849368       -1.39512777217683        0.74878489054903
C            1.70029942453499       -2.78385185558199        0.10270212988814
C            1.53948841771933       -3.87201742154769        1.16421971614666
C            0.76575753924533       -4.95585309729987        0.42128765107004
C           -0.22894360326819       -4.14677290167144       -0.40813547153090
C            0.10954491969395       -1.88014081249060       -1.45013030559130
C           -1.34388236176511       -1.83003919045861       -1.93164719732771
C           -1.45492334558632       -1.31148815571870       -3.35644874312766
C           -2.42147570650033       -1.28232175673576        0.19648125010636
C           -2.74751450328340       -0.10873227211960        1.13749046861801
C           -3.59753804942182       -0.59227714583725        2.31256656777249
C           -3.14452691208792        2.28863441471437        0.36280655253254
C           -1.99256159900246        2.82627331368072        1.23263357150425
C           -2.29914785255710        4.26992307840692        1.62770387646889
C           -0.53355521041295        2.34136391874240       -0.72197711825189
C            0.92040691402912        2.50244756956798       -1.20049548529607
C            1.03170732722512        2.28122492974748       -2.69979346714549
C            2.16831016870347        1.72009854160549        0.74182737643436
C            2.98172622646695        0.57748562829778        1.35902287250602
C            4.47721926806048        0.88972324806896        1.27155659263606
C            4.83495420348620        0.34777546643210       -0.11123979003527
C            4.00486081019023       -0.93403834658634       -0.20995367610170
H            2.57969631697179       -2.95445675458010       -0.52477119035535
H            2.49584283714066       -4.21330240044437        1.55593008722681
H            0.93268368195999       -3.47369395366848        1.97901942103815
H            1.43636164205869       -5.52118967262413       -0.22761452010474
H            0.26422599246351       -5.64784509676318        1.09509058646985
H           -0.49532298340013       -4.65350774584385       -1.34047334586726
H           -1.13568517666016       -3.93141002613675        0.16515721720152
H           -1.83770232994486        0.08601238564161       -1.20714748221585
H           -1.82594044337975       -2.80376923755352       -1.82009852386820
H           -2.50123747449661       -1.18104849624228       -3.62200446103090
H           -0.99139730814177       -2.00898928205888       -4.04862485160565
H           -0.95389214184137       -0.35016049637445       -3.43322967832805
H           -4.20911392418442        0.68893113241832       -0.12124487656014
H           -1.76972931504278        0.23076571753391        1.50116271927663
H           -3.14107541961901       -1.47667640269860        2.74647809901365
H           -4.59461447460693       -0.85458720071283        1.96370367915595
H           -3.68548593521926        0.18126647267164        3.07261825434597
H            0.07708692602220        3.16299018610016        1.02291507968646
H           -1.89959844179617        2.21739472728919        2.14112954826412
H           -1.47408467033998        4.68770744264208        2.19962464294013
H           -3.20576948743375        4.30317796429380        2.22685139742716
H           -2.46186047958534        4.86133331103169        0.73101258098061
H            1.67539741500819        0.57946892102201       -0.89199192468683
H            1.28374761146503        3.49481263911738       -0.91084972804507
H            0.80643581963906        1.24225095271667       -2.92403254832181
H            2.03606470456612        2.50975379854126       -3.04627817359977
H            0.31810969712961        2.91136843272259       -3.22104738335917
H            2.62752521827769        0.46052825875523        2.38939113955784
H            5.02178962930468        0.34872662022361        2.04728372974804
H            4.67611331480982        1.95502536732131        1.37882421058805
H            5.89968826114927        0.15434896886350       -0.22342207903825
H            4.52292393561102        1.05671380251413       -0.87749649472791
H            3.68258552132795       -1.13134885805082       -1.23570259732818
H            4.57298100211068       -1.79702518245011        0.15904844040035
68
 energy: -106.572498338227 gnorm: 0.003886150779 xtb: 6.7.1-6.fc44.fc44
O            0.76990106602808       -0.99114571590428        1.39003091918519
O            0.88496326249077       -0.94784151193239       -1.66438745827260
O           -2.54733722995084       -2.44088886034368        0.54635738946569
O           -3.85763237785449        3.03015332554395       -0.27999758901464
O           -1.39110048028851        1.80624826667245       -1.41011289669741
O            2.00582967156973        2.76619840401256        1.35397178037154
N            0.48701902352191       -2.91200099815523       -0.69320682413388
N           -1.99146419437860       -0.90458028434449       -1.01700944608612
N           -3.41145124451914        0.96465361692084        0.43267425020452
N           -0.72815458708781        2.78831889614920        0.51887738082977
N            1.73005041103992        1.51839737292623       -0.50499320161430
N            2.86080048609517       -0.68268260134232        0.64739030058143
C            1.72542115437313       -1.39616828289568        0.75101286897603
C            1.70048746827925       -2.78531217141984        0.10473657576330
C            1.54004840727510       -3.87579281769904        1.16459878930012
C            0.76355403070997       -4.95717566853664        0.42151912508301
C           -0.23128938020891       -4.14511711936789       -0.40585061746712
C            0.11074207396358       -1.87973194008995       -1.44932493670148
C           -1.34279199705886       -1.82924006956445       -1.93153453388934
C           -1.45282984268981       -1.30887981725457       -3.35561453677703
C           -2.42432597640894       -1.28196703472267        0.19567415268828
C           -2.74811157242191       -0.10814856086445        1.13624037353275
C           -3.59696135624661       -0.59080758477017        2.31233763661848
C           -3.14864601884325        2.28868149570057        0.36400047049667
C           -1.99516399450901        2.82504642734569        1.23192442592761
C           -2.29911333568966        4.26874968466127        1.62964900895045
C           -0.53630989814498        2.34013876078661       -0.72346053047875
C            0.91813149396940        2.50218341251535       -1.20036427574920
C            1.03218872596621        2.28171736765563       -2.69968739137216
C            2.16711350289957        1.71950577854012        0.74199604671758
C            2.98314550028180        0.57768860197209        1.35726162398813
C            4.47717935965722        0.89095710226005        1.26896868029499
C            4.83649879728200        0.34600103428728       -0.11178556336401
C            4.00718699484995       -0.93649860381888       -0.20780655687843
H            2.57959500316466       -2.95748937355638       -0.52499598002049
H            2.49689141143694       -4.21816998039162        1.55365779257479
H            0.93502840687716       -3.47951845753746        1.98238555233283
H            1.43429804963402       -5.52127330440750       -0.23072337508462
H            0.26625624667487       -5.64930298610043        1.09398230677337
H           -0.49893855470470       -4.64948438890066       -1.33706260171145
H           -1.13678780942028       -3.92842811261259        0.16909846357964
H           -1.84057065134523        0.08564978654336       -1.20866731686308
H           -1.82561882458013       -2.80295066990362       -1.82264084642231
H           -2.49899326847823       -1.18070302301420       -3.62315653984901
H           -0.98750935963485       -2.00509786580523       -4.04885721037706
H           -0.95489768804785       -0.34532166974004       -3.43033388512103
H           -4.20944506169362        0.68660418345054       -0.12397014319229
H           -1.77059471351506        0.23114144330585        1.49847337336830
H           -3.13776863490257       -1.47146957801324        2.75092205350243
H           -4.59302157215899       -0.85820098099431        1.96525687675966
H           -3.68314901797897        0.18820598574726        3.06441717288296
H            0.07443140211708        3.16033189449439        1.02095206646772
H           -1.90064759116276        2.21287640671663        2.13844646175873
H           -1.47172838172859        4.68485505441633        2.19928804214926
H           -3.20328547693249        4.30406130698519        2.23232869093802
H           -2.46307030207129        4.86237459410447        0.73405312202536
H            1.67604661074715        0.58069523666570       -0.89355170203185
H            1.28028929272969        3.49548364999641       -0.91142145441306
H            0.80739405043873        1.24246164004047       -2.92503373832280
H            2.03730592805743        2.50970563620846       -3.04386090812940
H            0.32170798328397        2.91677738338500       -3.22158716909176
H            2.63651629226976        0.46114442048414        2.38771814488603
H            5.02138184374555        0.35584762173036        2.04742513332851
H            4.66699703739845        1.95533244102300        1.37472691401405
H            5.90202728890245        0.15458511973534       -0.22304934490942
H            4.52440647656155        1.05252879033147       -0.88049782804258
H            3.68743307270945       -1.13656235048554       -1.23372916392662
H            4.57564435443123       -1.79761214165369        0.16505734018922
68
 energy: -106.572535328070 gnorm: 0.003513179021 xtb: 6.7.1-6.fc44.fc44
O            0.77197067405510       -0.99336710941985        1.39292616057556
O            0.88556263463722       -0.94764545139578       -1.66499543682700
O           -2.55183405330703       -2.44094009684983        0.54511254048982
O           -3.86273731022253        3.03135705834901       -0.27701659437155
O           -1.39315694007641        1.80703536634088       -1.41337086406003
O            2.00117783500574        2.76372008802802        1.35606789115685
N            0.48799093640570       -2.91194898178998       -0.69251593987245
N           -1.99071827894336       -0.90533069382053       -1.01646785624330
N           -3.41256025705334        0.96435018746414        0.42991949947664
N           -0.73122990079113        2.78822598538374        0.51685059984642
N            1.72943180477840        1.51877784608454       -0.50496679579686
N            2.86072839310917       -0.68284850895780        0.64618213657873
C            1.72662090812374       -1.39757351463453        0.75268743277793
C            1.70139221890051       -2.78661310773180        0.10592650643793
C            1.54155483590386       -3.87930885859933        1.16401514488009
C            0.76187489185148       -4.95840532549052        0.42091511878333
C           -0.23307604976345       -4.14308476882028       -0.40378508248872
C            0.11195819540474       -1.87933610588377       -1.44863369340910
C           -1.34164278064602       -1.82878228797395       -1.93188343771144
C           -1.45028877484432       -1.30651126732419       -3.35529813110523
C           -2.42476583208878       -1.28247001286097        0.19592896465947
C           -2.74856283671528       -0.10748213788902        1.13495816053098
C           -3.59617619812551       -0.58758889753716        2.31282400963958
C           -3.15214950328474        2.28916526294749        0.36426298719887
C           -1.99728157833298        2.82353827898455        1.23149374173576
C           -2.29961511327659        4.26687669745700        1.63207462778696
C           -0.53855692968528        2.33919034241260       -0.72511651403963
C            0.91634341018079        2.50184375726709       -1.20026197067660
C            1.03381641711391        2.28286403969863       -2.69951425059685
C            2.16488603287194        1.71835213773678        0.74274793436316
C            2.98324796083914        0.57745703057076        1.35642628854688
C            4.47680877399620        0.89597979689841        1.26478944309032
C            4.83774363703354        0.34484498934036       -0.11294787868441
C            4.00975094031070       -0.93892530329652       -0.20448752078989
H            2.58051418286986       -2.95927789144929       -0.52433197680853
H            2.49875617679838       -4.22320673678754        1.55053661537923
H            0.93854386934172       -3.48614522872902        1.98417764226811
H            1.43097894105512       -5.52201129014641       -0.23363723780154
H            0.26286656636390       -5.65125172942502        1.09327176280775
H           -0.50494997872031       -4.64796990474520       -1.33344179788064
H           -1.13621026163017       -3.92354964224882        0.17355801995429
H           -1.84207089697173        0.08510902380660       -1.20856843101741
H           -1.82483161422594       -2.80265371299104       -1.82573526441338
H           -2.49609023793064       -1.18130252317547       -3.62534941907463
H           -0.98105375226184       -1.99941180747380       -4.04967896030799
H           -0.95606848060702       -0.34054633623660       -3.42692265488278
H           -4.21037389217298        0.68471839960386       -0.12625011057420
H           -1.77150058677130        0.23217892832150        1.49546855271902
H           -3.13278402952972       -1.46341710779338        2.75650542942362
H           -4.59054482346673       -0.86230118439001        1.96676532250891
H           -3.68560988647806        0.19596922436729        3.05966006332517
H            0.07226913831710        3.15674556001941        1.01945055889231
H           -1.90289684243244        2.20951423468593        2.13602117516798
H           -1.46952270440445        4.68143564409050        2.19882633798774
H           -3.20098301572937        4.30362324226854        2.23858376908048
H           -2.46527658567781        4.86250955337438        0.73839461775973
H            1.67763119664403        0.58186083418468       -0.89549899338809
H            1.27622733238620        3.49600974339930       -0.91109979763971
H            0.80662740158732        1.24472213900337       -2.92739074710494
H            2.04041550988644        2.51052213075705       -3.04056449512584
H            0.32408329564565        2.91702645877021       -3.22243490938364
H            2.63750001091441        0.46014591716743        2.38754056688056
H            5.01942358603622        0.36401424106971        2.04616861434170
H            4.67093163004786        1.96200751813623        1.36488786585653
H            5.90288683045616        0.15276467336501       -0.22241103570527
H            4.52643506669768        1.04764696070145       -0.88554823331620
H            3.69294036142027       -1.14359471958783       -1.23031137772377
H            4.57843011595303       -1.79756342943012        0.17364704641430
68
 energy: -106.572566046928 gnorm: 0.003895454102 xtb: 6.7.1-6.fc44.fc44
O            0.77620158546310       -0.99645662932708        1.39756754432328
O            0.88676226665177       -0.94718979721125       -1.66584877853283
O           -2.55973032047219       -2.44207614012736        0.54149475453926
O           -3.87139399067100        3.03362578216292       -0.27238614857604
O           -1.39592458564587        1.80772355836928       -1.41857750816787
O            1.99147789534383        2.75973264718972        1.35972316488560
N            0.48935312102366       -2.91158033153416       -0.69131898798403
N           -1.98937344741081       -0.90628955712041       -1.01623261901646
N           -3.41473880011939        0.96424650586484        0.42608819448756
N           -0.73613388629858        2.78813438021407        0.51339253512014
N            1.72790623649696        1.51938913513113       -0.50539434441821
N            2.86193955234258       -0.68267139772087        0.64481295481769
C            1.72976112729782       -1.39962412594123        0.75553295187262
C            1.70357125811990       -2.78806258683109        0.10732670036583
C            1.54423554324472       -3.88362764284359        1.16321999919384
C            0.76039010818971       -4.95931343686699        0.41917889395286
C           -0.23523472623813       -4.13965701874056       -0.40056849091543
C            0.11384282869349       -1.87861294938235       -1.44767992143431
C           -1.33974844443178       -1.82814777898525       -1.93268712540243
C           -1.44598130089968       -1.30252868105499       -3.35498662814758
C           -2.42588624396361       -1.28299967534002        0.19541908454552
C           -2.74900645671029       -0.10598837203049        1.13229244649014
C           -3.59397033626630       -0.58144983032127        2.31397312640764
C           -3.15707971037529        2.29020893317748        0.36377073449971
C           -2.00067147965728        2.82187245766495        1.23072754377023
C           -2.30057791225635        4.26429936808596        1.63623077771254
C           -0.54236100188551        2.33812671628953       -0.72833830906681
C            0.91317663258881        2.50108696811553       -1.20089463372978
C            1.03578534142447        2.28449782908930       -2.70007705378074
C            2.16084958476304        1.71704757727904        0.74329817026207
C            2.98402316555259        0.57826869517279        1.35447143242292
C            4.47725129015277        0.89956539555061        1.25882053497738
C            4.83992668651896        0.34135935297234       -0.11464362145640
C            4.01414082736300       -0.94422808445895       -0.19981823296494
H            2.58237987380243       -2.96039850364768       -0.52233650849529
H            2.50176011117205       -4.23161955983822        1.54541053672262
H            0.94546028242867       -3.49223823216921        1.98728172507191
H            1.42487248741782       -5.52344654040768       -0.23744200715357
H            0.25962522685844       -5.65296333803675        1.09157692756324
H           -0.51555893070515       -4.64538507499269       -1.32809098039681
H           -1.13451540734717       -3.91604000300915        0.18119282629990
H           -1.84368504502268        0.08486290048980       -1.20872029475085
H           -1.82325888604906       -2.80225024687674       -1.83004205753570
H           -2.49112972814543       -1.18348308610786       -3.62992536967272
H           -0.96913209869389       -1.98923393897261       -4.04976990795729
H           -0.95712762207615       -0.33364811367561       -3.42175426944512
H           -4.21278161083981        0.68329627173846       -0.12925586137221
H           -1.77196818062550        0.23407654180839        1.48958248681630
H           -3.12333622643370       -1.44892615252578        2.76634331924113
H           -4.58524543309370       -0.86892900466108        1.96934088242702
H           -3.69360380268648        0.20730898642848        3.05614959117255
H            0.06891660082706        3.15146376973851        1.01660180320798
H           -1.90521690503905        2.20712301539103        2.13411820886841
H           -1.46608619494493        4.67619447147881        2.19876577132378
H           -3.19712064013657        4.30121492225936        2.24970140905802
H           -2.47190366680515        4.86097585468533        0.74513883561377
H            1.68016845897058        0.58342961488473       -0.89875098700389
H            1.26962230939839        3.49644281503408       -0.91066751611673
H            0.80683162854159        1.24773235585940       -2.93117475443688
H            2.04441682780792        2.51030652428043       -3.03648382590391
H            0.32904941317383        2.92099630340075       -3.22452246274142
H            2.63770873946300        0.46009536743734        2.38675418328142
H            5.02495799379149        0.37431663684198        2.04309144481971
H            4.66074395311208        1.96662431398664        1.35159052544738
H            5.90517837491813        0.15016438309633       -0.22286910591583
H            4.52823473345610        1.03857952347431       -0.89217438818641
H            3.70121714189835       -1.15680146275971       -1.22501557307233
H            4.58294560045331       -1.79878496395380        0.18760199267002
68
 energy: -106.572589105702 gnorm: 0.003395538799 xtb: 6.7.1-6.fc44.fc44
O            0.77753163462273       -0.99791339087710        1.39918475805785
O            0.88828251499874       -0.94798528070358       -1.66591205250624
O           -2.56219586722425       -2.44069455136992        0.54096544870934
O           -3.87512732704667        3.03463112625741       -0.27070194430588
O           -1.39782323344356        1.80729189244260       -1.42119717756339
O            1.98598624335492        2.75663296789491        1.36190792969804
N            0.48923692108169       -2.91165345325552       -0.69065464447650
N           -1.98920794726512       -0.90581079909590       -1.01679839029163
N           -3.41642302125763        0.96471086320787        0.42478146549517
N           -0.73881001381190        2.78799034600182        0.51141106954709
N            1.72643711905128        1.51894361459268       -0.50582014238845
N            2.86240547634398       -0.68380159565505        0.64480443950263
C            1.73074829834015       -1.40142822202254        0.75662567487093
C            1.70432050607577       -2.78919773620706        0.10766944509305
C            1.54555091949947       -3.88559766281203        1.16288592258894
C            0.75963579571058       -4.95964722308078        0.41830395479383
C           -0.23668088775599       -4.13873181599565       -0.39814435269887
C            0.11453029452214       -1.87855514567766       -1.44727754430904
C           -1.33878750511727       -1.82756859368818       -1.93298644373946
C           -1.44331397119861       -1.30009034515368       -3.35473186130835
C           -2.42889766960280       -1.28230486825368        0.19352293253222
C           -2.74946288996534       -0.10487921937905        1.13055247916469
C           -3.59191207797188       -0.57929248784735        2.31457929300325
C           -3.15990581714227        2.29106793065480        0.36398785617156
C           -2.00254069751628        2.82174275045730        1.23011429884435
C           -2.30158037345657        4.26322973323712        1.63872438439141
C           -0.54479454947727        2.33748443571868       -0.73033412468032
C            0.91136917450516        2.50005688531356       -1.20148423500346
C            1.03575718351395        2.28484927811004       -2.70060284953769
C            2.15823947983526        1.71565082991428        0.74332093603332
C            2.98373745615258        0.57784739959075        1.35309787917842
C            4.47651820584741        0.90131078973969        1.25615429699859
C            4.84004067081528        0.33896305051201       -0.11513851477185
C            4.01601631854266       -0.94788286646384       -0.19715802437263
H            2.58262689683733       -2.96044881261285       -0.52181233049597
H            2.50335900287743       -4.23640180367586        1.54231990970424
H            0.94981939016839       -3.49350185404545        1.98905190864817
H            1.42313352563029       -5.52211841499416       -0.24092965384917
H            0.26091810672107       -5.65416740825674        1.09008993672528
H           -0.52016358662610       -4.64125428413563       -1.32569630197464
H           -1.13447857120192       -3.91396652656397        0.18567512255832
H           -1.84443356755160        0.08550775380609       -1.21050767968896
H           -1.82262922235439       -2.80145514713655       -1.83118233137167
H           -2.48778824086268       -1.18509509930990       -3.63273020945038
H           -0.96178292096869       -1.98418561644828       -4.04838267804845
H           -0.95692770568416       -0.33028536226037       -3.41897786117251
H           -4.21451215075832        0.68394619802307       -0.13064563167914
H           -1.77160819977287        0.23440136222071        1.48587811370049
H           -3.11675132965785       -1.44154805550182        2.77221150130359
H           -4.58148929156916       -0.87362992055482        1.97159632784332
H           -3.69632385248512        0.21291607076217        3.05253702761248
H            0.06707973821730        3.14946459822211        1.01449022972183
H           -1.90569169049037        2.20611308163530        2.13319200268287
H           -1.46525543265013        4.67544963140819        2.19817892126220
H           -3.19521545858851        4.29768733769105        2.25667744809372
H           -2.47800871617359        4.86372155024098        0.74937211711801
H            1.68033209920898        0.58331139252792       -0.90017804696346
H            1.26658045039767        3.49598017741112       -0.91057775158459
H            0.80638656534166        1.24774288327661       -2.93240407277423
H            2.04533174437543        2.50966694822350       -3.03505389360054
H            0.33241640326962        2.92574929443721       -3.22593192432186
H            2.64006434555943        0.46044771194769        2.38590913568340
H            5.02344944801584        0.38011143480111        2.04251765209697
H            4.66362268204012        1.96988022631372        1.34448176190537
H            5.90567349011514        0.14848149198557       -0.22237176873733
H            4.52801871722687        1.03312838316532       -0.89507352146097
H            3.70548812686416       -1.16544444838942       -1.22198309952794
H            4.58508062774435       -1.79983579314938        0.19574321782183
68
 energy: -106.572607608037 gnorm: 0.002492676966 xtb: 6.7.1-6.fc44.fc44
O            0.77777826149491       -0.99738781202491        1.39925805097867
O            0.89118979112611       -0.94954486463492       -1.66571655871799
O           -2.56579844902416       -2.43919666525630        0.53953434999911
O           -3.87650341696530        3.03556434937210       -0.26997548762336
O           -1.39966331103288        1.80646130369872       -1.42231705680098
O            1.98190651970133        2.75381701194314        1.36368847394901
N            0.48887849159122       -2.91163464243295       -0.68965455562734
N           -1.98816061942554       -0.90419583300490       -1.01711410291941
N           -3.41800686180854        0.96606883239142        0.42474164273351
N           -0.74078373986932        2.78779270203870        0.51044633125887
N            1.72526730281130        1.51835759003925       -0.50618214885012
N            2.86303781728056       -0.68519986068832        0.64567571650954
C            1.73093849646103       -1.40235389226101        0.75674054651756
C            1.70445118495385       -2.78967541597809        0.10777388004424
C            1.54696255071816       -3.88680625265650        1.16219002769694
C            0.75880111368782       -4.95976390117724        0.41794464957879
C           -0.23791006787538       -4.13772601618625       -0.39565795689873
C            0.11527222245136       -1.87860395761630       -1.44702216227164
C           -1.33763267377937       -1.82632024475533       -1.93286331999115
C           -1.44031659046507       -1.29815199071803       -3.35460404876493
C           -2.43182495990694       -1.28087501064985        0.19152101882285
C           -2.75011008060614       -0.10338747217635        1.12928772388806
C           -3.58968888235692       -0.57842836346444        2.31502696995868
C           -3.16204870014831        2.29216106950540        0.36501141962678
C           -2.00395477554523        2.82249919731074        1.23025658072864
C           -2.30332664302191        4.26371567531542        1.64022812284076
C           -0.54661623123785        2.33657216400848       -0.73110313578242
C            0.91010794335162        2.49926722066447       -1.20165422173429
C            1.03513088458921        2.28542881385624       -2.70090269896872
C            2.15632546086152        1.71436259265111        0.74338345680357
C            2.98392706597599        0.57740531670418        1.35225830667475
C            4.47616585572303        0.90188845583617        1.25411541841023
C            4.84021174614435        0.33673568378030       -0.11585995347410
C            4.01775129512434       -0.95116805247608       -0.19401462909056
H            2.58163439440746       -2.95983991167780       -0.52392275058754
H            2.50525534778254       -4.23925852653391        1.53903004073187
H            0.95382015259804       -3.49468949015843        1.98955210255225
H            1.42180330700489       -5.52032635427216       -0.24377719803572
H            0.26158815647481       -5.65683982973273        1.08816210655465
H           -0.52420457850553       -4.63832143450877       -1.32362855918751
H           -1.13493492751194       -3.91255957660669        0.18936977193341
H           -1.84377185023149        0.08694942617587       -1.21286799411241
H           -1.82181444729673       -2.79993814859523       -1.83085230734928
H           -2.48421658197241       -1.18729665321108       -3.63523973464446
H           -0.95436230930074       -1.98084218700285       -4.04697031264844
H           -0.95662357464654       -0.32710054762551       -3.41602710906022
H           -4.21579301259928        0.68582952972414       -0.13133468208502
H           -1.77088497309519        0.23441475016458        1.48324297838912
H           -3.10933389784080       -1.43535971772278        2.77712166929773
H           -4.57776468232566       -0.87952667004939        1.97419142042112
H           -3.69666666060182        0.21735168258485        3.04729606416867
H            0.06586912691324        3.14883523994583        1.01310310240037
H           -1.90649002581524        2.20505292174068        2.13215130179581
H           -1.46586674332967        4.67806721273088        2.19594941032335
H           -3.19450880696340        4.29480567659636        2.26166077457978
H           -2.48414154185658        4.86440724554663        0.75237070684176
H            1.67985702992061        0.58278740384559       -0.90083448331682
H            1.26479712770115        3.49549629129534       -0.91023672914698
H            0.80338342587646        1.24881028616106       -2.93402834886422
H            2.04545505741020        2.50951604222035       -3.03398971128204
H            0.33325542902260        2.92506945554357       -3.22656721455308
H            2.64253394075280        0.46091470129913        2.38559618359535
H            5.02438357690686        0.38295076963373        2.04100241858487
H            4.66202377122159        1.97043830137359        1.34024313428663
H            5.90640757267480        0.14770437319564       -0.22292160529880
H            4.52648691030662        1.02833824913835       -0.89713166858305
H            3.70917945589813       -1.17302518671232       -1.21846177561549
H            4.58708861681728       -1.80075543829334        0.20344408891072
68
 energy: -106.572620072261 gnorm: 0.002155883880 xtb: 6.7.1-6.fc44.fc44
O            0.77771957237682       -0.99668760597568        1.39830993890209
O            0.89475384534975       -0.95180526914859       -1.66572717560043
O           -2.57150744054745       -2.43818562509561        0.53591208335389
O           -3.87776976147584        3.03719369067759       -0.26931108641954
O           -1.40099143799906        1.80594048618093       -1.42286362122253
O            1.97811085785691        2.75091657343240        1.36465366113667
N            0.48823144191860       -2.91178961535799       -0.68855557970122
N           -1.98599407515288       -0.90262529224180       -1.01720045230215
N           -3.41952870777475        0.96734365387062        0.42487631133923
N           -0.74235828932080        2.78806959429173        0.50980033457324
N            1.72392577434096        1.51691320824104       -0.50664060898209
N            2.86374681839686       -0.68674534318636        0.64665336882431
C            1.73102388368086       -1.40325698293315        0.75634501361911
C            1.70425742246084       -2.79043510237824        0.10750777412034
C            1.54812408931137       -3.88833375806013        1.16093121035795
C            0.75760245058709       -4.96020447602453        0.41721127139677
C           -0.23957591035120       -4.13686632128111       -0.39339454756753
C            0.11615858754304       -1.87893707051064       -1.44690931129937
C           -1.33621929202802       -1.82499773914976       -1.93296974232693
C           -1.43699112644815       -1.29680139151769       -3.35500853091640
C           -2.43355422773288       -1.27976071081241        0.18971556354841
C           -2.75071103470057       -0.10223438514280        1.12802237505399
C           -3.58744077064758       -0.57713155509588        2.31572918097407
C           -3.16351523545451        2.29327613921913        0.36534260908906
C           -2.00500237234007        2.82349409062896        1.23049025610565
C           -2.30509411012106        4.26433130570454        1.64167908931551
C           -0.54802996989869        2.33618040449294       -0.73130890222801
C            0.90902160906187        2.49809054352529       -1.20169725317035
C            1.03362695069170        2.28540508090225       -2.70099571362253
C            2.15424239248146        1.71254884735690        0.74340795278309
C            2.98418020270195        0.57677952018797        1.35172823148545
C            4.47592740475685        0.90334695274194        1.25150813010842
C            4.84039363806466        0.33491589932382       -0.11719233288968
C            4.01995458097734       -0.95438912652072       -0.19027321214513
H            2.58045732850528       -2.95968776109508       -0.52640254383395
H            2.50704248866134       -4.24118655773352        1.53549137158190
H            0.95691988768425       -3.49611832413013        1.98925306517890
H            1.41931049935076       -5.52021075737793       -0.24619331402107
H            0.26259071312320       -5.65645277170997        1.08916538275888
H           -0.52893236410378       -4.63695331603491       -1.32137204503354
H           -1.13533087289021       -3.91037860607881        0.19295718317909
H           -1.84195827509340        0.08834317583445       -1.21460329182753
H           -1.82059298053181       -2.79852456063873       -1.83080692584327
H           -2.48052930241485       -1.19074142081703       -3.63843410535613
H           -0.94515301392908       -1.97723634711495       -4.04613323091580
H           -0.95772680913647       -0.32336525846472       -3.41345364062493
H           -4.21740017832345        0.68747720867530       -0.13109671288867
H           -1.76999855193566        0.23447245880542        1.48042867152248
H           -3.10072758109740       -1.42816085523233        2.78205463108757
H           -4.57342530057298       -0.88696703961038        1.97631927472805
H           -3.69987877120290        0.22163485451560        3.04409464748167
H            0.06500776515740        3.14882882112265        1.01231497595281
H           -1.90718618886850        2.20541928449796        2.13191731761989
H           -1.46570251863540        4.67969153167880        2.19413699620072
H           -3.19360337869905        4.29211711813072        2.26676552363587
H           -2.49201706128619        4.86289636742237        0.75456326623733
H            1.67909995739318        0.58131774571395       -0.90132935746020
H            1.26413779464766        3.49420424336105       -0.91013306189073
H            0.80187363871820        1.24974982449951       -2.93616052808416
H            2.04448651635641        2.50733722517086       -3.03297297481458
H            0.33358651253420        2.93051067257911       -3.22552146080264
H            2.64457668143876        0.46093535589672        2.38586852103316
H            5.02505099621221        0.38717468914320        2.03978612523262
H            4.66030810306206        1.97179380355948        1.33558968534045
H            5.90681280882213        0.14709907559279       -0.22410641167030
H            4.52452509565636        1.02355232676142       -0.90013873964964
H            3.71332858893875       -1.18105109759362       -1.21426106053630
H            4.58953179866945       -1.80134211250294        0.21177222128991
68
 energy: -106.572628026312 gnorm: 0.001782641311 xtb: 6.7.1-6.fc44.fc44
O            0.77766709262012       -0.99623231652161        1.39661127902482
O            0.89721563412751       -0.95351806238058       -1.66625176019926
O           -2.57544264903884       -2.43776060247665        0.53246900936983
O           -3.87822568871021        3.03825489354741       -0.26900150217662
O           -1.40083804022937        1.80635173863699       -1.42272274915619
O            1.97598398316843        2.74945931461613        1.36511349366320
N            0.48747320498791       -2.91179144159733       -0.68781348924996
N           -1.98451564628136       -0.90168072058774       -1.01756473445306
N           -3.42046858879264        0.96777480365337        0.42507181785959
N           -0.74281197999606        2.78876525135909        0.50974808344401
N            1.72315419070323        1.51612521855363       -0.50684086063369
N            2.86446702469644       -0.68748810442613        0.64705199808626
C            1.73141919687604       -1.40372228169237        0.75581019082121
C            1.70409877149256       -2.79107484099304        0.10701038890464
C            1.54844762638601       -3.88907139156345        1.16026559780815
C            0.75648482438559       -4.96048359350204        0.41726812718408
C           -0.24092098202157       -4.13639481247171       -0.39206065524550
C            0.11681796159969       -1.87926326979531       -1.44719447492487
C           -1.33525755209784       -1.82412071469474       -1.93344745776400
C           -1.43516130892358       -1.29623994771912       -3.35575385626363
C           -2.43443277361494       -1.27925157148299        0.18832507597216
C           -2.75095580415747       -0.10195539685552        1.12715596495513
C           -3.58592402369444       -0.57661150243735        2.31611779568405
C           -3.16374557461121        2.29359188797079        0.36510693889510
C           -2.00525711283266        2.82371195399335        1.23062828020095
C           -2.30612958420395        4.26385536971240        1.64278554932884
C           -0.54818914655159        2.33703286439298       -0.73110248448863
C            0.90891927134062        2.49818969055875       -1.20150562021725
C            1.03313826887620        2.28595314700495       -2.70088461057245
C            2.15286436914741        1.71140049209833        0.74351621553379
C            2.98441824098297        0.57655013690198        1.35146217452995
C            4.47572194994563        0.90404350965473        1.25020851991140
C            4.84025525421788        0.33399649981689       -0.11785835593279
C            4.02163361884528       -0.95645527887649       -0.18818909966228
H            2.57985846396985       -2.95997500668945       -0.52722581193145
H            2.50767233578614       -4.24181912877445        1.53380785023380
H            0.95792196074260       -3.49604489877237        1.98915360624849
H            1.41702280503099       -5.52137666898308       -0.24650979276261
H            0.26174876825402       -5.65596227494314        1.09026559239569
H           -0.53107054336114       -4.63590764341845       -1.31966014912535
H           -1.13597717315521       -3.90909876946363        0.19495060583837
H           -1.84030782766424        0.08937365293281       -1.21478734171315
H           -1.81971688795369       -2.79769033839470       -1.83126968412485
H           -2.47869519766499       -1.19412476433298       -3.64139086784199
H           -0.93865509195731       -1.97426953593492       -4.04570063801968
H           -0.95991832431729       -0.32073101822026       -3.41322694547833
H           -4.21890643922316        0.68825682366257       -0.13014597684225
H           -1.76912669785230        0.23467790081051        1.47811383923330
H           -3.09503810061058       -1.42371684377470        2.78527690708230
H           -4.57009060993821       -0.89289858041238        1.97714349841108
H           -3.70344459007512        0.22366230756776        3.04276952883158
H            0.06468010411481        3.14950213963707        1.01264025039689
H           -1.90674799658003        2.20618068736467        2.13246247059414
H           -1.46542236087507        4.68043898531208        2.19241378382378
H           -3.19271454285909        4.29000974799836        2.27054612636676
H           -2.49724023601255        4.86338270038870        0.75632096871421
H            1.67894641161650        0.58050647966398       -0.90180400808878
H            1.26499329425027        3.49365559914974       -0.90963071707083
H            0.79914919413987        1.25099970980335       -2.93693368126787
H            2.04414050299982        2.50643690178240       -3.03311699301907
H            0.33292189394390        2.92970588328583       -3.22485623963320
H            2.64650393691965        0.46095567917124        2.38607672265453
H            5.02619774760894        0.39038952302364        2.03911084461640
H            4.65763174046992        1.97274524766442        1.33266071465828
H            5.90681452416948        0.14755301472572       -0.22504838285090
H            4.52280295530327        1.02089657179882       -0.90187449814509
H            3.71596411683585       -1.18632632281000       -1.21175351655589
H            4.59139962207821       -1.80159106604548        0.21682288463595
68
 energy: -106.572635448588 gnorm: 0.002061583632 xtb: 6.7.1-6.fc44.fc44
O            0.77707592444039       -0.99557599255615        1.39290160623056
O            0.90076346663593       -0.95617493490780       -1.66823080207248
O           -2.58076781247178       -2.43771553523361        0.52738607570065
O           -3.87699428712215        3.03891076415715       -0.26929580320783
O           -1.40025812531664        1.80805608926821       -1.42117025539951
O            1.97362694552800        2.74763107059276        1.36557979572747
N            0.48610522454958       -2.91150958674544       -0.68687223343764
N           -1.98278115821124       -0.90045966067466       -1.01859468120553
N           -3.42149571021155        0.96821101183174        0.42584126981011
N           -0.74268004600564        2.79018689760257        0.51098624856744
N            1.72217644840053        1.51446955009402       -0.50667171491348
N            2.86554592073036       -0.68841220508491        0.64764236938396
C            1.73200673333652       -1.40399601744769        0.75476380214206
C            1.70388415889224       -2.79183393059311        0.10614236478421
C            1.54865513016179       -3.88935694668959        1.16001312133630
C            0.75472011377051       -4.96040100421051        0.41865265944852
C           -0.24290294918274       -4.13541058845969       -0.39001858690151
C            0.11790925115885       -1.87983143806692       -1.44838201293660
C           -1.33396026198381       -1.82290392241167       -1.93468358716863
C           -1.43354849519739       -1.29557844761942       -3.35719255383799
C           -2.43596943065293       -1.27872241068007        0.18600417652912
C           -2.75094202376487       -0.10205508461406        1.12608217889730
C           -3.58348496260049       -0.57766496298123        2.31610002675531
C           -3.16360721229049        2.29373577704688        0.36569739090633
C           -2.00521472994547        2.82382566250402        1.23144366483105
C           -2.30754349252774        4.26409417418135        1.64347462898680
C           -0.54769170227759        2.33908716642384       -0.72963162947202
C            0.90926304671075        2.49853834008726       -1.20059035248228
C            1.03195101297487        2.28614839187136       -2.70013255488569
C            2.15144128996992        1.70945315447181        0.74384542217867
C            2.98459365728070        0.57599296462189        1.35181311390408
C            4.47542683005242        0.90583880917725        1.24847177460658
C            4.83973370039031        0.33367055614633       -0.11879886533684
C            4.02411267901140       -0.95874479740804       -0.18556502496939
H            2.57901863551308       -2.96094382661483       -0.52811820325254
H            2.50802941530633       -4.24216867200712        1.53280025497526
H            0.95841171706320       -3.49624335385686        1.98923945446137
H            1.41314210382945       -5.52398259973890       -0.24497562155537
H            0.25780608890976       -5.65575239405807        1.09174023306570
H           -0.53403507357865       -4.63628384923871       -1.31634521300747
H           -1.13738757771026       -3.90768394038069        0.19781649938076
H           -1.83748217241171        0.09085497657230       -1.21366776045851
H           -1.81890171240396       -2.79636765438714       -1.83254061899810
H           -2.47705965458003       -1.19973132887257       -3.64614265189904
H           -0.93083820529234       -1.96993298866034       -4.04562131465030
H           -0.96484097478507       -0.31672331447611       -3.41457332944980
H           -4.22092555886971        0.68936518355061       -0.12824042134395
H           -1.76751312601917        0.23529086548587        1.47445899169280
H           -3.08725480502905       -1.41917178877671        2.78985669992622
H           -4.56460389196739       -0.90307355472471        1.97762832235073
H           -3.70733642458529        0.22501120068604        3.03881479588042
H            0.06451768242336        3.15107461577074        1.01480409087649
H           -1.90637608435112        2.20656349011423        2.13304272658374
H           -1.46510382313465        4.68315484267695        2.18842198424840
H           -3.19137553015616        4.28955000870399        2.27471791072904
H           -2.50240877237576        4.86007304244008        0.75713527718852
H            1.67903645371082        0.57886702363242       -0.90218148840353
H            1.26804950315933        3.49238262154422       -0.90813639174247
H            0.79542642263673        1.25124498342160       -2.93561792509885
H            2.04273203030773        2.50633902799360       -3.03443896745536
H            0.33270405866287        2.93182822981317       -3.22312975725591
H            2.64681865532475        0.46018460880391        2.38704419294832
H            5.02869051336404        0.39466948320354        2.03722683713558
H            4.65459472447337        1.97570690866658        1.32735603930381
H            5.90659117798292        0.15007352947406       -0.22692175020625
H            4.51973591104214        1.01815582650572       -0.90435556487110
H            3.71968393927485       -1.19294930727621       -1.20848473650458
H            4.59450700680896       -1.80114719251328        0.22351211340815
68
 energy: -106.572641393245 gnorm: 0.000776296824 xtb: 6.7.1-6.fc44.fc44
O            0.77628238648080       -0.99531986465984        1.39237103947552
O            0.90076345716631       -0.95632737983362       -1.66901929527066
O           -2.58083909989524       -2.43774066051174        0.52727479673949
O           -3.87689012533101        3.03838702643695       -0.26960059023889
O           -1.40018577298639        1.80825114826097       -1.42089770861103
O            1.97456265526236        2.74755734217847        1.36546841158159
N            0.48594359630748       -2.91145758960201       -0.68708772217437
N           -1.98271120512091       -0.90039700904293       -1.01892368617302
N           -3.42131917287491        0.96796427461259        0.42589017078242
N           -0.74232030998930        2.79046197331958        0.51131978202853
N            1.72245997722489        1.51432291952053       -0.50646516280288
N            2.86540836952576       -0.68869086279428        0.64769884950926
C            1.73156031949030       -1.40379100100279        0.75471790807770
C            1.70354083165925       -2.79170241738274        0.10641645045866
C            1.54838410437577       -3.88902895885104        1.16059774580183
C            0.75446271853099       -4.95990547719226        0.41931377644686
C           -0.24319226313760       -4.13533065311078       -0.39029230111547
C            0.11785310720459       -1.87980868501798       -1.44877671379259
C           -1.33402059218163       -1.82282648984036       -1.93513778932118
C           -1.43401526378591       -1.29536961024604       -3.35746374968727
C           -2.43614857060307       -1.27884102169232        0.18562434809887
C           -2.75045640924936       -0.10224370973722        1.12608976136952
C           -3.58301842613885       -0.57820889921403        2.31601920587141
C           -3.16347892150049        2.29350442410402        0.36555082846063
C           -2.00521821630697        2.82367335517914        1.23134734097929
C           -2.30732278995078        4.26407332488964        1.64304175028159
C           -0.54736335459544        2.33888241193254       -0.72929202121643
C            0.90960696862160        2.49859544786397       -1.20018902430935
C            1.03154097842685        2.28624817565812       -2.69993997940203
C            2.15193789844215        1.70921425829514        0.74393630754210
C            2.98465648604837        0.57561033837169        1.35189967029963
C            4.47540511773234        0.90585253981354        1.24845953629542
C            4.83960235838837        0.33392331789097       -0.11895339326488
C            4.02397779946171       -0.95861805762032       -0.18558696174358
H            2.57876073087455       -2.96134803794422       -0.52807809316890
H            2.50760333643682       -4.24239285262856        1.53352595737224
H            0.95845946309904       -3.49607219216119        1.98998529028317
H            1.41300391196736       -5.52340890676175       -0.24436404252823
H            0.25820937327572       -5.65458212658880        1.09287665153989
H           -0.53415242769362       -4.63634494093907       -1.31673416619540
H           -1.13765916632542       -3.90750491260111        0.19746649343667
H           -1.83693061725082        0.09076899209959       -1.21329836910950
H           -1.81940667737406       -2.79605426262171       -1.83325054399112
H           -2.47712161219710       -1.20088095819277       -3.64658385477207
H           -0.93112558073828       -1.96977182138192       -4.04604600512584
H           -0.96592517030207       -0.31615018907171       -3.41476754499329
H           -4.22060849882761        0.68889815943851       -0.12836930359673
H           -1.76778278987738        0.23585512962038        1.47415709271917
H           -3.08639177945194       -1.41920567427580        2.79003502054650
H           -4.56351117472125       -0.90456978358515        1.97738998939966
H           -3.70764924911840        0.22443162639365        3.03850398306296
H            0.06457700723485        3.15131284829553        1.01517347058547
H           -1.90653554679008        2.20597200660367        2.13282487608875
H           -1.46492133213554        4.68295651728668        2.18831684692970
H           -3.19067023718642        4.29020682024548        2.27504676210013
H           -2.50255772966299        4.86112130599283        0.75652341241343
H            1.67912892605139        0.57895345564041       -0.90229329547679
H            1.26846077664830        3.49242988141724       -0.90745392674465
H            0.79573943752148        1.25140937764743       -2.93501774393624
H            2.04232732203311        2.50584156884196       -3.03420099109162
H            0.33182376756701        2.93160576539176       -3.22307323382774
H            2.64705805045226        0.45982768102505        2.38694520658616
H            5.02803144389830        0.39466860656894        2.03749325373228
H            4.65527366964966        1.97553370723734        1.32786114242537
H            5.90641623346707        0.15042469421082       -0.22740605298402
H            4.51910448933832        1.01829858963682       -0.90430161649538
H            3.71965136793199       -1.19263469069258       -1.20852852090043
H            4.59507343227961       -1.80077169795199        0.22336601524106
68
 energy: -106.572643595123 gnorm: 0.000620913031 xtb: 6.7.1-6.fc44.fc44
O            0.77521003827994       -0.99418231042650        1.39093497869496
O            0.90070780879163       -0.95668989805426       -1.67060784074668
O           -2.58126824658803       -2.43790577660056        0.52689873450260
O           -3.87673139128651        3.03763839891975       -0.27031480863284
O           -1.40000763472899        1.80858366503129       -1.42006615646176
O            1.97610983892045        2.74778678235478        1.36506242941275
N            0.48570385728366       -2.91134151461357       -0.68742974974814
N           -1.98226518469913       -0.90048214988395       -1.01929991404579
N           -3.42102231707335        0.96762185820311        0.42595001530020
N           -0.74185177629443        2.79113652506995        0.51189656820530
N            1.72274668492527        1.51402005651170       -0.50617108328309
N            2.86549035857623       -0.68893882183350        0.64784710190689
C            1.73100549117807       -1.40301526544598        0.75432977751239
C            1.70301065736869       -2.79112654797907        0.10673972636894
C            1.54745213111928       -3.88807025328408        1.16125753395867
C            0.75367620315722       -4.95932064738929        0.42050112668914
C           -0.24367165858556       -4.13507438161502       -0.39036480860995
C            0.11782499438327       -1.87999998158476       -1.44975939681443
C           -1.33413794213032       -1.82293029619686       -1.93597428937819
C           -1.43490500013566       -1.29524993913783       -3.35812852457992
C           -2.43560561753014       -1.27916452337408        0.18529143284615
C           -2.74958156228742       -0.10260951072412        1.12601814393391
C           -3.58202836492705       -0.57933440223145        2.31581481205086
C           -3.16315679771717        2.29321815649313        0.36508200386186
C           -2.00533912874932        2.82373410587727        1.23122135394954
C           -2.30715768265548        4.26398053840080        1.64295550878711
C           -0.54694061822224        2.33901074430378       -0.72868402646747
C            0.91001739350381        2.49853767361345       -1.19965598239132
C            1.03136622911670        2.28603254088236       -2.69956089859359
C            2.15264169364283        1.70901404843063        0.74404769289088
C            2.98482724669669        0.57528844655618        1.35213542981063
C            4.47560649196608        0.90553171496411        1.24870925881638
C            4.83922450545870        0.33437962441604       -0.11912026789737
C            4.02386801127997       -0.95851696598547       -0.18567335950408
H            2.57843730389618       -2.96169649597984       -0.52768636072639
H            2.50656276078893       -4.24186746134052        1.53432760592174
H            0.95802709682547       -3.49491987592406        1.99080523545514
H            1.41245983866810       -5.52287842491508       -0.24298901924313
H            0.25763082593338       -5.65309324785201        1.09451576390673
H           -0.53393139909791       -4.63665523273366       -1.31677575312228
H           -1.13841787391796       -3.90707759721031        0.19682735413224
H           -1.83557109485332        0.09056082392634       -1.21249541991622
H           -1.81997089115402       -2.79591361513318       -1.83421362656527
H           -2.47777268508388       -1.20305927974026       -3.64750942548246
H           -0.93093728749207       -1.96901051612381       -4.04692509982836
H           -0.96832157817648       -0.31530552820549       -3.41532641689018
H           -4.22006613315149        0.68823589388988       -0.12855440530125
H           -1.76770229457392        0.23632353248704        1.47375911978481
H           -3.08412284758515       -1.41912676797055        2.79052688087986
H           -4.56144759083742       -0.90782676728239        1.97673538877265
H           -3.70842241982260        0.22344659197879        3.03772876409254
H            0.06457213588600        3.15208179511002        1.01589049643475
H           -1.90702597599621        2.20576611983269        2.13268866017589
H           -1.46447302576077        4.68296371321832        2.18790589667584
H           -3.19004271344748        4.29116577257581        2.27572013251700
H           -2.50280079948906        4.86157390766417        0.75617086738469
H            1.67917460345785        0.57895213636404       -0.90247476572907
H            1.26906813173686        3.49228340701332       -0.90669467797432
H            0.79611579306810        1.25113749856774       -2.93403500748189
H            2.04198717518969        2.50547514164063       -3.03417551044932
H            0.33092185284105        2.93094776425797       -3.22239665030616
H            2.64741704197513        0.45953676027227        2.38701802358275
H            5.02796169848563        0.39387709380467        2.03757090825385
H            4.65612824216600        1.97502123444893        1.32896396795025
H            5.90595173460314        0.15117134183752       -0.22841479278561
H            4.51775913479889        1.01894957656338       -0.90381554139941
H            3.71951617316686       -1.19249458325293       -1.20855353897159
H            4.59571814169071       -1.80036878828614        0.22313416440899
