68
 energy: -105.599600889142 gnorm: 1.389085371291 xtb: 6.7.1-6.fc44.fc44
O            2.17489493735010       -1.69694614923271        1.37383207772659
O           -1.27991883291664       -4.44444703046208        1.37939314671189
O           -0.93366599184993        0.11307568931069       -0.80563229156323
O           -0.81117373121876        2.92942851727250       -2.79903098526609
O           -2.09244925040167        1.29530652261397        1.75886193421606
O            1.88252886645116        2.79511760169509        0.28806197965063
N            0.34154416840199       -3.26415386980992        0.18545408088457
N           -1.97425424723111       -1.14030239171637        0.31603360781774
N           -2.38628754943934        1.52646833574182       -2.00833960608978
N           -0.97277842965682        2.55998098852724        0.62088167849141
N            1.27984124539235        0.95300251959259        1.68192030776441
N            2.25485349270497       -0.54124488951118       -0.60618819972515
C            1.82930464201069       -1.51057715968950        0.02359184123663
C            1.03894322671800       -2.43782604652759       -0.81726771582600
C            2.17535959812023       -3.47105756565580       -1.80897551258276
C            2.27383965117438       -4.53549482609101       -0.75651315159345
C            0.78088257859909       -4.87274644479673       -0.05463568885943
C           -0.70567728790063       -3.23779301912323        1.06274841590441
C           -1.09053224508256       -1.73956350992236        1.23561025769615
C           -1.79445880621443       -1.85700536080931        2.61629782549690
C           -1.87480694957632       -0.29781042365998       -0.57088568391620
C           -3.11685377098214        0.41595599316267       -0.92844704265276
C           -3.90408571146782       -0.59236920559752       -1.92207682716595
C           -1.61898480794194        2.53277107531945       -1.74261879552636
C           -1.78485315956162        3.01554645422287       -0.35373111566477
C           -2.05164060741147        4.53436911459600       -0.52983195356265
C           -1.11081233836077        1.91213510333214        1.59687949412507
C            0.07372326905529        1.75319292690789        2.51266204739946
C            0.36978811370623        3.12525683498217        3.11387675672304
C            2.00791578145893        1.57449582294269        0.78365085236170
C            3.07014740947029        0.78367610970125        0.19283909780949
C            3.80715370229813        1.28193455970277       -1.16434299435659
C            2.68624442879191        1.38845518246256       -2.16074674212512
C            2.02376550195585       -0.03945477821728       -1.91558495461564
H            0.29051439505262       -1.76763147875293       -1.38040044468247
H            1.38464652023462       -3.62167055416302       -2.64208796781929
H            3.13601432260039       -2.59997418438863       -1.87627757947136
H            2.69787281083044       -5.43732062910335       -1.13343904572040
H            3.09723874623035       -4.24832185489608        0.14543169839916
H            0.18267328072659       -5.52510551847370       -0.76775709522407
H            0.93672667976802       -5.30881179952567        0.86054572646880
H           -2.99814729506927       -1.54388510603881        0.59786039918151
H           -0.33187669778666       -1.29942548452965        1.03656674518784
H           -0.76381979775448       -1.99451456235850        3.43511597778907
H           -2.50187634205119       -2.46838280359474        2.66050270384704
H           -2.15430952123810       -0.75853005051020        2.91066191967722
H           -2.15614571854101        1.05615359318385       -2.96455998337728
H           -3.70020611982413        0.90528580591652       -0.39770729565894
H           -4.38329702598118       -1.17235993290554       -1.13983242475641
H           -3.33545237642992       -1.11897248262688       -2.64068301275431
H           -4.82156810993476       -0.00048714482178       -2.40411125188532
H            0.00443624268459        3.28873349055653        0.41632239053196
H           -3.08586114637233        2.71973859116958        0.01641597692313
H           -2.03035278401084        5.15528244480316        0.46537934243777
H           -2.69456673292211        5.00480857223501       -1.20865066866064
H           -1.04393640557430        4.80594739411644       -1.15146859490454
H            1.41847468059914       -0.04594605593418        1.63052738840961
H           -0.04468838647083        1.01172114437209        3.30374063408606
H            1.33058037071763        2.79924277019303        3.88055160499279
H           -0.35179796106396        3.30425461401871        3.75400373820794
H            0.87293599492845        3.84531314464699        2.35828823268710
H            3.65103109752193        0.30591390206233        1.02545538610749
H            4.48964669660377        0.94647821364582       -1.40885958987679
H            4.08030006784512        2.44690591495413       -0.68761691518600
H            3.30452150332992        1.48504950486444       -3.12025161858246
H            2.17179145023395        2.20381453615198       -2.06082858773297
H            1.24882295635385        0.09509036268024       -2.28331101471459
H            2.62159320458344       -0.69449445116981       -2.62758439616454
68
 energy: -106.147990942530 gnorm: 0.603978208951 xtb: 6.7.1-6.fc44.fc44
O            2.16002893325593       -1.69175543375132        1.33801699208015
O           -1.26410170169791       -4.39918337869654        1.37553472255735
O           -0.84251671114120        0.13714927200615       -0.83462782136540
O           -0.83552630900242        2.92345121314716       -2.75940360160975
O           -2.12000400266103        1.27545249599287        1.77563524311107
O            1.87755495560780        2.78029567231558        0.30432081000503
N            0.33960184127894       -3.31216828953043        0.16955627992759
N           -2.02313034244825       -1.18651645299372        0.34438338719887
N           -2.39833994191268        1.50509660373222       -2.02098162547283
N           -0.94731855302995        2.60708563209227        0.58627215242004
N            1.26972454471584        0.97686811758333        1.68449823438683
N            2.27717631789111       -0.50296604657333       -0.59414794040886
C            1.84025671297761       -1.51573166175625        0.04797252783111
C            1.03471223263982       -2.44544261547357       -0.80117701968972
C            2.14601002330324       -3.43494698436236       -1.77485529458063
C            2.27881795370472       -4.53627189512127       -0.74202657251935
C            0.80685469992763       -4.84977755713226       -0.07687823445298
C           -0.71172865601825       -3.26193675135493        1.03434945888836
C           -1.11873386340755       -1.77881455607245        1.25405734077997
C           -1.75537014284662       -1.81572816306785        2.63748053679209
C           -1.90004124882645       -0.29343535203186       -0.55743081887764
C           -3.10861005300819        0.41369667440301       -0.99223245333535
C           -3.92084485081621       -0.57496897778650       -1.91423299044634
C           -1.61066432005518        2.52504781316863       -1.76103683867766
C           -1.82929368801332        3.03626419292579       -0.36753100608606
C           -2.01388862705593        4.55377735522234       -0.52891012364950
C           -1.10055630552270        1.89364899401779        1.61109086163997
C            0.09453134335956        1.73923548686145        2.50782005076560
C            0.41779930098857        3.10418732030123        3.11276791149387
C            2.00212634017127        1.59284196625620        0.77023607240870
C            3.06781209490454        0.75847151937185        0.18055131363676
C            3.74815381324898        1.34062864113509       -1.10723315741367
C            2.70724649545952        1.37453150720757       -2.16224342525704
C            2.07365257786349       -0.04036383870053       -1.91664927752565
H            0.30108847249974       -1.78182836280819       -1.37726824574660
H            1.40859675512160       -3.62237337807914       -2.63445514416932
H            3.11081498472208       -2.63064568780248       -1.88155953529314
H            2.69705485018296       -5.44325447690173       -1.13767301117441
H            3.07534018359825       -4.24943220156555        0.12737119546949
H            0.18672552053278       -5.50684900536485       -0.75929994378012
H            0.93640926782584       -5.30851356911027        0.86682837918442
H           -2.99678068077266       -1.54181239685015        0.59512424412477
H           -0.28379721761064       -1.27310869695558        1.03870683454100
H           -0.79137047491031       -1.99642781191505        3.41898528963582
H           -2.51732613107026       -2.49021533857041        2.66816150177164
H           -2.15074472214881       -0.76910938149262        2.90765529329062
H           -2.16351784080407        1.05977256462956       -2.95343070907591
H           -3.72368241548168        0.92649989671138       -0.38018396200113
H           -4.38514152126593       -1.18072908906989       -1.14391217977735
H           -3.33685213420375       -1.11564669987491       -2.63781124556030
H           -4.80583465684955       -0.00865567012623       -2.40085019002232
H           -0.00030541557564        3.27232764832564        0.42062887022234
H           -3.05867269463753        2.71761767246587        0.00916557732340
H           -2.02929774749055        5.14515699291478        0.45270602404352
H           -2.70747018767193        4.99606955493402       -1.20691221703603
H           -1.04889141102289        4.81073266600073       -1.13874962079054
H            1.41472184226877       -0.04093134412760        1.64271979447198
H           -0.04953576984356        1.01106740119723        3.30352545253223
H            1.31834312711884        2.81163928659622        3.86911305063923
H           -0.36447719671238        3.31494165578298        3.75939674624919
H            0.86193535915780        3.83683350386588        2.36918216448584
H            3.65245459506858        0.30588142460346        1.01387682046649
H            4.57944494352296        0.90347385441916       -1.42487238933021
H            4.07608971893104        2.43435133330107       -0.69872749600140
H            3.29348971053095        1.47869766655138       -3.11866650427448
H            2.14613329413820        2.22144164347947       -2.05857506128528
H            1.17859330955494        0.09903788911423       -2.30743882030960
H            2.62448691572748       -0.69845548057267       -2.62601813869243
68
 energy: -106.422102393892 gnorm: 0.284884544069 xtb: 6.7.1-6.fc44.fc44
O            2.13860743912988       -1.68345067562754        1.28405380000683
O           -1.24781384965063       -4.33483568055966        1.37172672695664
O           -0.79799307390487        0.12450561998784       -0.83480925509294
O           -0.87413823239720        2.91445312877756       -2.69378842882922
O           -2.13468072245107        1.27025707820568        1.78353923779932
O            1.87152973525433        2.76511531969828        0.32825559056158
N            0.34432366658657       -3.37902322326900        0.13792067238642
N           -2.06419884058282       -1.22563746308480        0.36096874970838
N           -2.42416256779947        1.47501180867888       -2.03642901865758
N           -0.92286012812897        2.65571303850546        0.56424216782481
N            1.25737967922961        1.00911959959517        1.68973800916609
N            2.29797691388303       -0.44984818357310       -0.57950857993110
C            1.86040989202562       -1.50893967519350        0.07077169150217
C            1.04143535849427       -2.45433655002842       -0.78243802932180
C            2.09819058178544       -3.37997799592458       -1.71582368882845
C            2.28205336702202       -4.53683486195346       -0.72354696447097
C            0.84684798778542       -4.81665560399448       -0.09658733195499
C           -0.71556905918464       -3.28923510177715        0.98920361494093
C           -1.12657410513043       -1.81251743574369        1.26506202575358
C           -1.71603210846676       -1.78476956959118        2.66314606421675
C           -1.89979897972067       -0.27794551792123       -0.53691859826713
C           -3.09107463862265        0.43079591308776       -1.06906088039445
C           -3.93731430881204       -0.55129258949926       -1.90502177446664
C           -1.61233143239572        2.50973336096080       -1.77843697806446
C           -1.89106709224164        3.05806634857167       -0.37494659982585
C           -1.96861325088989        4.57941848491627       -0.53395120583391
C           -1.08803842500473        1.87949190303163        1.60774731003965
C            0.12335299406699        1.71917454151477        2.49112976774607
C            0.47282888768210        3.07272765018028        3.12321832533035
C            1.99314736160948        1.61342984143133        0.75129627495139
C            3.05772731187798        0.71987622330077        0.15069857853018
C            3.75518723616789        1.38134289391350       -1.05526377956561
C            2.73752134224082        1.36491611392231       -2.15497975628026
C            2.10076065442307       -0.03253246491280       -1.93476902351588
H            0.32010996801069       -1.80725725978344       -1.36921713554492
H            1.44846877339601       -3.62154251385042       -2.61834401763726
H            3.05972773884279       -2.68259420407880       -1.88586211004269
H            2.69343481672960       -5.44677317063037       -1.14726013654613
H            3.03748675256743       -4.25131208212538        0.09923592007301
H            0.19832369935623       -5.47149421367617       -0.74668616899465
H            0.93488836185537       -5.30366276158858        0.86816639023804
H           -2.99445309609853       -1.53276553762584        0.58638364708154
H           -0.25826372499898       -1.25750330353845        1.05349760458160
H           -0.84271320848931       -1.99459824609392        3.39098671680288
H           -2.50958419718813       -2.49978953927911        2.68052464432615
H           -2.13865380407624       -0.78647170527759        2.90305198976261
H           -2.17602417677523        1.05833311675030       -2.94006000318885
H           -3.72144029396375        0.93487517551597       -0.37671592264209
H           -4.38746478491676       -1.19321101546878       -1.15203508134374
H           -3.34351310776343       -1.10827125245726       -2.63067689422355
H           -4.78339206883023       -0.01894284947189       -2.39673025537260
H           -0.02290218839957        3.23608397138544        0.43004904636026
H           -2.99938613015882        2.72125827481540       -0.00847480681404
H           -2.02331230768352        5.13104038949998        0.43273659878663
H           -2.72640461943906        4.98018782357903       -1.20073880656881
H           -1.05134040735871        4.82162251508005       -1.11560301718959
H            1.40475179507416       -0.02128898378010        1.66639458601477
H           -0.05731452610246        1.00911365331326        3.29979402146635
H            1.30340596667463        2.83102684794944        3.84898191484228
H           -0.36820894437636        3.32742827534319        3.74954903684464
H            0.84600473488373        3.82052076108475        2.38953273012208
H            3.65315042730336        0.30574455366427        0.98970305361441
H            4.60139042105909        0.89330416821462       -1.40593510464672
H            4.06691806406774        2.40791136322845       -0.71677161485788
H            3.27786473777179        1.46843632801295       -3.11437938316376
H            2.11975990139888        2.22456177891983       -2.05616996408683
H            1.13782784922952        0.09056673737418       -2.30824395045570
H            2.62325348078318       -0.70457678358999       -2.62543372303108
68
 energy: -106.527853249157 gnorm: 0.103572269457 xtb: 6.7.1-6.fc44.fc44
O            2.12365392565331       -1.67852394492369        1.25549346760497
O           -1.24777100012728       -4.29022501929079        1.38231716288358
O           -0.75631841195554        0.10747110491406       -0.82335036344997
O           -0.90234763274263        2.91412979942041       -2.62969010391132
O           -2.13751333962488        1.27325384115537        1.78757902514534
O            1.86798887686442        2.77228685144341        0.35163999840540
N            0.36120360004562       -3.42854371554096        0.09448148141558
N           -2.08963736213784       -1.25467981849713        0.36145147379589
N           -2.46425310077659        1.43784403404743       -2.04664692917321
N           -0.91130530400028        2.69291642122464        0.55297112997363
N            1.24804525824403        1.03951234071801        1.70094374064064
N            2.31780535895929       -0.39976539468849       -0.57292046285556
C            1.88201660316450       -1.49387018610502        0.07576464870434
C            1.06505605243095       -2.46505089011669       -0.77940544743972
C            2.04935277553570       -3.33444942546262       -1.65688291233438
C            2.27630427126452       -4.53588276331798       -0.71073738011286
C            0.88116590011260       -4.78555278071254       -0.10171046594733
C           -0.70914087946933       -3.29953388355648        0.93471650563463
C           -1.12100527924687       -1.83206806213973        1.26083204229167
C           -1.68562838239868       -1.77524275551610        2.67402546628372
C           -1.88426531805631       -0.26400470719603       -0.51541960794010
C           -3.06777379499800        0.45271622123879       -1.13068022029563
C           -3.94555624980747       -0.53458161751330       -1.89981363633556
C           -1.64089497035676        2.48721020586729       -1.77980543125750
C           -1.94283774544403        3.07614034250686       -0.37608271602824
C           -1.94489695411999        4.59770736602707       -0.54256344273375
C           -1.08173884498585        1.86978172711616        1.59630086161853
C            0.15063217729556        1.69536314145124        2.46941700464562
C            0.50996680017446        3.03955442965874        3.12964140620865
C            1.98155444701199        1.62910687844317        0.73863381438321
C            3.03406402123063        0.68308687150796        0.12439640190935
C            3.76847073349654        1.40212666145919       -1.01592239703730
C            2.75950012562165        1.36477207972208       -2.14754496141103
C            2.11742686581266       -0.01828866062932       -1.95617342187571
H            0.34488350159854       -1.84292384923106       -1.36015484019774
H            1.48984360369225       -3.61538360317777       -2.58948902643748
H            2.98198023974511       -2.73921816144341       -1.87631101091698
H            2.68407621731659       -5.44008977946260       -1.16650524728184
H            2.99424531664064       -4.25101437192255        0.07538850273490
H            0.22149913177623       -5.42474627318417       -0.73875039878079
H            0.93671756617414       -5.29669303575403        0.86780693644795
H           -3.02319797421090       -1.52819610568612        0.58175931452125
H           -0.23682272867457       -1.23791262092735        1.07024529299414
H           -0.89137786978763       -1.99320423100448        3.37390688700415
H           -2.49473497974418       -2.51000569747348        2.69992763810669
H           -2.11850442786018       -0.79818472473272        2.89479128973646
H           -2.19441880376450        1.04237341181569       -2.93758921930273
H           -3.70304653340756        0.93937393065521       -0.38083071841478
H           -4.38712053431103       -1.20564524743448       -1.16372616875794
H           -3.35463773589736       -1.10269742178321       -2.62463956585289
H           -4.76531643436016       -0.02258637287186       -2.39867441518581
H           -0.04765516203077        3.19983324850457        0.43522207909701
H           -2.92057786777560        2.73640148197275       -0.03002123025858
H           -2.01120853843928        5.12006558898556        0.41355736357907
H           -2.74724532003334        4.96234038274346       -1.19241726492684
H           -1.04137525693198        4.83959276365828       -1.08745877762055
H            1.38761336829651        0.01268581273477        1.70571243193686
H           -0.06732789902362        1.00189325805046        3.28938806321146
H            1.30545347799554        2.84777594766572        3.83412697309146
H           -0.36470728900544        3.33736232090813        3.72819078752967
H            0.83132454000608        3.80192229853849        2.41118041542943
H            3.65137606381489        0.30071865512132        0.95722052119254
H            4.62840728548073        0.87079035990768       -1.38408040610737
H            4.05901440724265        2.39796293234597       -0.72237899863041
H            3.26574447531265        1.45969730158319       -3.11123800344859
H            2.09140154315880        2.21677084211742       -2.05407565690927
H            1.10076326935902        0.07872477790059       -2.29980431252632
H            2.62302362124302       -0.71722392479386       -2.62584644777542
68
 energy: -106.553675106367 gnorm: 0.058852764774 xtb: 6.7.1-6.fc44.fc44
O            2.11318745114475       -1.65890283730463        1.25951250474287
O           -1.25501415120120       -4.25765453806462        1.38865380965823
O           -0.72713391856756        0.08629557244915       -0.80155420996970
O           -0.91122523145756        2.92388802742344       -2.58984730035400
O           -2.14706837485060        1.28281368105202        1.78542549215065
O            1.87473419167902        2.81034971756474        0.38357119025711
N            0.36471905189087       -3.43902208754970        0.06818775866994
N           -2.09793453549158       -1.27250651466493        0.35326102429398
N           -2.50322375401869        1.41874405256794       -2.06969520170842
N           -0.91966461080338        2.70784532703508        0.54668413289815
N            1.24957230509987        1.07041104553705        1.71462967019645
N            2.32251702024263       -0.37826351681208       -0.58534699152740
C            1.88964187217752       -1.47646503573851        0.06345706050071
C            1.07538416633370       -2.46871876533312       -0.77439728119846
C            2.01119261630219       -3.32815111218912       -1.62320416525979
C            2.27326235534472       -4.54096327521270       -0.71262103498960
C            0.90725427642207       -4.77505448302136       -0.09627837160380
C           -0.70322558427728       -3.28651204175177        0.89557614363255
C           -1.11207048153425       -1.83309227636245        1.25144234559961
C           -1.67481426308027       -1.77970412514131        2.66604077372796
C           -1.86246696890545       -0.26686791990522       -0.50263433926585
C           -3.04694606685189        0.45318955638133       -1.15410064040417
C           -3.94557217003336       -0.53462657423160       -1.89906862027089
C           -1.68506531190587        2.46965349396785       -1.77348924328603
C           -1.95521278711615        3.09628187265748       -0.38411223326277
C           -1.93642415496964        4.61260017460955       -0.55422809678150
C           -1.09086949370856        1.86674359657878        1.57983135197424
C            0.15148221765993        1.67950493510607        2.45430872804641
C            0.52452587747181        3.01213141734659        3.12570147280410
C            1.97613739350284        1.65021546412162        0.74036557534074
C            3.01978388602737        0.68942084452771        0.11523623472010
C            3.78344847004478        1.39878475534933       -0.99601855823464
C            2.77168283604769        1.36231618203579       -2.14029630381938
C            2.11521974564735       -0.01270143880652       -1.97557465039091
H            0.36032444957802       -1.87905821761323       -1.36426694040459
H            1.50810963474728       -3.62067666347332       -2.55978373846916
H            2.92314728215082       -2.79082256008010       -1.86608359343918
H            2.67204612294963       -5.43034712845570       -1.20663846846361
H            2.96528349623555       -4.24067400259143        0.07477590538160
H            0.25161114947937       -5.37910251726440       -0.74690294877775
H            0.94630046456260       -5.28815952990384        0.87222075804675
H           -3.05426457451070       -1.51901819613103        0.57701569887498
H           -0.22713423218155       -1.21695625935769        1.08921187484925
H           -0.90233125438456       -2.02275268154884        3.39787161169633
H           -2.47877954876622       -2.51955127636823        2.71970274703985
H           -2.09507849256133       -0.79696527547294        2.87298499990343
H           -2.21969165481862        1.01808991581093       -2.95705463551378
H           -3.67250967224011        0.94016913566962       -0.39060732686759
H           -4.39057256827577       -1.22151050590816       -1.18042764461309
H           -3.36666183283376       -1.10238085485504       -2.62597470583954
H           -4.74966828692407       -0.01316863008858       -2.41077815069229
H           -0.01524120448295        3.17068228163837        0.42044614413458
H           -2.91189071854828        2.72172337555936       -0.00326208035225
H           -2.00023817074742        5.11580019650932        0.40589144385517
H           -2.76715741297401        4.94920618545397       -1.18508450666789
H           -1.01096140687709        4.88308308887152       -1.05931963811672
H            1.38128447065686        0.05547726683858        1.76533287019079
H           -0.08925315844219        0.98314198842539        3.26617815755012
H            1.34007491064937        2.86351300783240        3.83773172543060
H           -0.35347254710366        3.33943211870046        3.70277702598241
H            0.82191036892755        3.77725863912467        2.41504847282291
H            3.64532934305379        0.28708267130508        0.92082557363479
H            4.65188513184834        0.84891733693515       -1.34510853294381
H            4.06325865588643        2.41446911075225       -0.71535981499613
H            3.25658278580128        1.45281337079720       -3.11287715505298
H            2.06834228238349        2.19420339915201       -2.04653199511596
H            1.07461936440744        0.06539570361689       -2.29097662032053
H            2.61439844535391       -0.73602108106145       -2.63070602094704
68
 energy: -106.561009122341 gnorm: 0.043294104243 xtb: 6.7.1-6.fc44.fc44
O            2.10873414215959       -1.63227005691334        1.25311219193385
O           -1.26411883118761       -4.23009694117232        1.36775453380234
O           -0.70962257192040        0.07033048569687       -0.77742764696439
O           -0.92888074549759        2.91735309389135       -2.56707247486513
O           -2.14806147555736        1.29919488249176        1.78400117940602
O            1.87966092646205        2.83425266226057        0.40863440356931
N            0.36232686993399       -3.43590646304636        0.06973167736602
N           -2.10578374459815       -1.29245095454634        0.34387537614369
N           -2.52260631808984        1.40628956841461       -2.08899533750789
N           -0.91399748211613        2.71685973142879        0.54041269624875
N            1.25856342273007        1.09071047657753        1.72469698189512
N            2.30851884081956       -0.36285561228697       -0.58997371365711
C            1.87146393055569       -1.45215588481651        0.06293966983390
C            1.06702097615146       -2.46682167493659       -0.75923756635633
C            2.00473700054456       -3.32931067900655       -1.61896786153857
C            2.26714514994659       -4.52271595370241       -0.70602187688400
C            0.90309046852536       -4.77322359663090       -0.09692553827617
C           -0.69041397908412       -3.27234699172840        0.89606185860036
C           -1.10845127239421       -1.83111961383332        1.24908679394530
C           -1.67029398168001       -1.79199370001328        2.66153188588514
C           -1.84777419905207       -0.27953631555598       -0.49493718704630
C           -3.03947526970797        0.43098850477203       -1.16441405756477
C           -3.94407125284775       -0.54900988202631       -1.90718340998014
C           -1.71058201009186        2.45567936136053       -1.76841259510537
C           -1.94860451819099        3.10822847399856       -0.39182303308220
C           -1.93225717069244        4.62056947260174       -0.55673697134230
C           -1.08948355857271        1.87026012272828        1.56529186527927
C            0.15236185309370        1.67787034625557        2.45072225979444
C            0.52859962952625        3.00227073894461        3.12810145182486
C            1.98445395198408        1.67047649758401        0.75451772567071
C            3.01370333676276        0.70123549520180        0.11392271832000
C            3.78830410294348        1.39957379547127       -0.98700032211961
C            2.77859801134685        1.35912596023323       -2.14172708183866
C            2.10817310344124       -0.00971494065279       -1.98515032475275
H            0.35528611271572       -1.90157908170679       -1.36326452235763
H            1.50768799375584       -3.63653439368407       -2.52965488662093
H            2.94453516940340       -2.83791069238562       -1.90489440245265
H            2.65230599381241       -5.40060291397345       -1.22761912076060
H            2.97960003127541       -4.23567788149225        0.06419075164940
H            0.26061508524473       -5.36247112287715       -0.75926784298394
H            0.93917455696795       -5.27789636885014        0.87194515753148
H           -3.06707929563659       -1.51703742756428        0.57006655803247
H           -0.22664145258055       -1.19321854392002        1.11827149798125
H           -0.90529383114156       -2.02352927563589        3.38382880853878
H           -2.46445148673468       -2.53756530354193        2.74419822414779
H           -2.06914868385879       -0.80204362553648        2.86179843315098
H           -2.24560310489114        1.00585701961385       -2.98046094774774
H           -3.65157862594545        0.91808801311788       -0.39023850431744
H           -4.40178975273734       -1.24509276650418       -1.20792825759064
H           -3.37465720501517       -1.11453584271403       -2.63918796918662
H           -4.73017305784466       -0.00174624260089       -2.42132006879384
H            0.00814944832020        3.13093984515705        0.39622988663561
H           -2.89706571620946        2.80014810722041        0.03026295415254
H           -1.99939883546467        5.11196969416595        0.40977867333057
H           -2.76768518575352        4.94279523339555       -1.17875494985180
H           -1.00110998423536        4.90876839377377       -1.04324960188560
H            1.39844060816991        0.08737671000249        1.82705894555680
H           -0.11516123223418        0.96676127220463        3.24200933362076
H            1.35358026860197        2.83904760064873        3.81252916831381
H           -0.33894840812785        3.34890869306117        3.69713335919465
H            0.81029680174698        3.76126689155865        2.41009110312767
H            3.64044153530729        0.27392041297435        0.90001705205779
H            4.66854249574276        0.83851485291178       -1.30690413452043
H            4.05935935960010        2.40907959766336       -0.69899468988364
H            3.25585684670059        1.45743755641968       -3.11509713158699
H            2.04909102662482        2.17012709321311       -2.04085571843026
H            1.05241548234786        0.05475236235503       -2.27588334202338
H            2.59884520269243       -0.75278168847404       -2.62853356797996
68
 energy: -106.562306523146 gnorm: 0.043293787473 xtb: 6.7.1-6.fc44.fc44
O            2.08826949786944       -1.61086896598446        1.24829874082346
O           -1.26592162264083       -4.21129482048683        1.36831260397814
O           -0.69907157529661        0.06551094569556       -0.76116091027003
O           -0.94227485423506        2.91547366902416       -2.55130257249245
O           -2.14842174645331        1.31623385638553        1.78472346940373
O            1.88437981106567        2.84050188096296        0.42439152776124
N            0.36314864224587       -3.42880124458896        0.05940085458790
N           -2.11061446325945       -1.30239475439640        0.33029047605879
N           -2.52948114554882        1.40278313613914       -2.09541725675353
N           -0.91002746144084        2.72538115295582        0.53651044591115
N            1.27004566654907        1.09440914792202        1.73094051355912
N            2.29263031463517       -0.35364985863224       -0.59337611460290
C            1.85878039418408       -1.43975391570466        0.05532099320354
C            1.06716171200933       -2.46489124464936       -0.76456989058673
C            2.00689096068112       -3.35171017550376       -1.61970643018912
C            2.27429242888917       -4.53715056101356       -0.70988207954068
C            0.90433182959733       -4.77592895157079       -0.09699171078099
C           -0.68588168460206       -3.25670320374761        0.88059654066081
C           -1.10379389863974       -1.82273785208562        1.23995225278411
C           -1.66026315663543       -1.79442347500851        2.65604638994969
C           -1.83745614598578       -0.28656305601509       -0.49514658253089
C           -3.03762867135439        0.41302916144436       -1.16508759050365
C           -3.94316775503662       -0.56040687947378       -1.91497665649213
C           -1.72783628908561        2.45282053005980       -1.75825184749702
C           -1.94720924782831        3.11978368220180       -0.39155775330967
C           -1.91958201553359        4.63506793654885       -0.56095522503539
C           -1.08699383882489        1.87528195307710        1.55193291838294
C            0.15012809513777        1.67995509835072        2.44945547595194
C            0.52769455199816        2.99703871575166        3.13155346185493
C            1.99481725446742        1.67679165266411        0.76756845585895
C            3.01171677920505        0.70662969617179        0.11613782010639
C            3.78583213907296        1.40211797275445       -0.98618626280782
C            2.78015383612091        1.36101235420864       -2.14570533293454
C            2.10240770945084       -0.00483001693489       -1.98924181239854
H            0.35622316053911       -1.91355438768429       -1.38217605541404
H            1.51390273174556       -3.68080451608592       -2.52955424811024
H            2.86725050637263       -2.78636252548350       -1.83610985111859
H            2.65986467229685       -5.40055367056220       -1.24902541515087
H            2.97770202400754       -4.24805761698739        0.07225437199659
H            0.26270964742768       -5.35408938154709       -0.76604612278769
H            0.93266521497231       -5.26848012130968        0.87516848959080
H           -3.06867733026337       -1.51031581798547        0.56453444313978
H           -0.22910368261278       -1.16857246166594        1.13413691897001
H           -0.88412662241763       -2.04252003051930        3.37339904835456
H           -2.44645587916331       -2.54152134934083        2.75711250101443
H           -2.05375256657832       -0.80065802567247        2.85678084672334
H           -2.26790377992862        1.00600821871610       -2.99366429748657
H           -3.62866110109550        0.90665465704344       -0.38216761874374
H           -4.41531060705462       -1.26148371683013       -1.23267360270061
H           -3.37975836039416       -1.12501053382237       -2.65202754684639
H           -4.72083311771096        0.00067821051851       -2.42881313542762
H            0.02559004474152        3.09205907299295        0.36478084026891
H           -2.90029809512638        2.78383618347915        0.04635685560613
H           -1.99783315147639        5.11391392589440        0.41416823101247
H           -2.75513959384031        4.94886874672717       -1.17713618848107
H           -0.99246360489520        4.93945942615520       -1.04124262033135
H            1.43053489422238        0.10226908944390        1.88563614805748
H           -0.13787518612052        0.95301531069880        3.21877510753321
H            1.36617321530367        2.83219866050567        3.79861397243957
H           -0.32378458088745        3.35825730016016        3.70072839889882
H            0.80506293919188        3.74766534011144        2.40203557499213
H            3.63777771131290        0.25919228409165        0.89171261789303
H            4.67716937348436        0.83620123005856       -1.27429781485373
H            4.05423290040067        2.41507258768235       -0.70816175409992
H            3.25582058011329        1.46810752730414       -3.11772885576966
H            2.03724029406117        2.15492458116305       -2.03358509963497
H            1.03877472594025        0.04897493866276       -2.25845680487036
H            2.58564206891949       -0.75781011539372       -2.62555572808890
68
 energy: -106.563536569543 gnorm: 0.038497711220 xtb: 6.7.1-6.fc44.fc44
O            2.06343061020348       -1.60334972665654        1.25239098509655
O           -1.27031889048576       -4.21228600541292        1.38124478662665
O           -0.69590732882008        0.06578952830081       -0.75327738287916
O           -0.94478102238376        2.91689783142595       -2.55016881416829
O           -2.14946840621064        1.32463420279581        1.78653676820330
O            1.88530377455936        2.83441327878453        0.42934786910958
N            0.35568248176502       -3.42446833831614        0.05901088370638
N           -2.11464836065296       -1.30473295633931        0.32195572809375
N           -2.52680066449131        1.40133503850821       -2.08981650016121
N           -0.90840725066924        2.72735590369020        0.53561064754092
N            1.27471810193644        1.08613459399687        1.73525840781505
N            2.28006491920902       -0.35235927190589       -0.59278956175353
C            1.84803173024398       -1.43832519319357        0.05168002516101
C            1.05010403432256       -2.45731130288864       -0.76709555611329
C            2.00570551515170       -3.32872485149746       -1.59659549605854
C            2.27901196997094       -4.53507339652213       -0.70682744662549
C            0.90527474618331       -4.77267339274113       -0.09462434925012
C           -0.69454284510559       -3.25321034354728        0.87803738229091
C           -1.10736396535105       -1.81848634085276        1.23577424336423
C           -1.65689296616829       -1.79144645579620        2.65710224269885
C           -1.83383509787398       -0.28941669651045       -0.49873875197962
C           -3.03740584026256        0.40515848609014       -1.16463557998916
C           -3.94169370627561       -0.56542887612824       -1.92162170888188
C           -1.73229762282692        2.45429944153328       -1.75142869700315
C           -1.94984687290372        3.12207951769999       -0.38706573569135
C           -1.91639931752754        4.64081823445387       -0.56173277527104
C           -1.08606635715583        1.87677306868790        1.54559791180089
C            0.14637721440906        1.67886586556428        2.44960555014222
C            0.52575998537330        2.99315979879167        3.13189857045243
C            1.99675243783939        1.67016914707093        0.77335209086849
C            3.00783870762787        0.70323674805918        0.11767987102507
C            3.77936609406976        1.40197419915755       -0.98984871467207
C            2.77573545089626        1.36248274941931       -2.14697315806587
C            2.09815499365643       -0.00354078764906       -1.98882930566755
H            0.34139485847410       -1.90701459152704       -1.39247289628132
H            1.52088146539129       -3.67390148160495       -2.52182338062409
H            2.94513625810596       -2.82099442294455       -1.89599284247596
H            2.65853637137675       -5.39145738627585       -1.26268722067573
H            2.97888810281419       -4.26271401658891        0.08549259766351
H            0.26112187503198       -5.34653729951411       -0.76821053375814
H            0.92856660555165       -5.26416468805050        0.87712693683524
H           -3.07162066972254       -1.50357415310408        0.56401260451051
H           -0.23843982018274       -1.16026759986310        1.14035269344304
H           -0.86366938118470       -2.04883924661211        3.36942131535998
H           -2.43991212364021       -2.53712821502881        2.76375356333999
H           -2.05178999726212       -0.79876324391069        2.86737256260621
H           -2.27772196623578        1.00971460982357       -2.99336651772752
H           -3.61432370546601        0.90326739106047       -0.37775419678450
H           -4.42074933371604       -1.26779161389830       -1.24612335118019
H           -3.37741647520575       -1.12953196044329       -2.66002007233034
H           -4.72017045805593       -0.00509648092047       -2.43532191376393
H            0.03337627468773        3.07103397109976        0.34322146619077
H           -2.90659061178907        2.77234235363202        0.04667076181872
H           -1.99371174961650        5.11899806146616        0.41305373849113
H           -2.75040939382181        4.95337892154704       -1.17784447613902
H           -0.99220123134709        4.94693059214907       -1.04323821280051
H            1.45450906393320        0.10119168477572        1.91863808845126
H           -0.14865760223057        0.94634869987282        3.20913862758522
H            1.37242392521649        2.83940862487843        3.80291461570194
H           -0.31662075784144        3.36261036867141        3.70361201927308
H            0.80850907233003        3.73851582908821        2.39577754573305
H            3.63470279630374        0.24981326152177        0.89161958671755
H            4.67590402563054        0.83692376889299       -1.25897859116473
H            4.04931074309282        2.42328348398123       -0.72202288054342
H            3.25252095473042        1.47310451539474       -3.11817074013172
H            2.03396779663159        2.15039423819117       -2.02697750314320
H            1.03483804204519        0.04744494960050       -2.24747391856131
H            2.57819628998340       -0.75639603639210       -2.62402538671499
68
 energy: -106.564758045903 gnorm: 0.017811662023 xtb: 6.7.1-6.fc44.fc44
O            2.06108736698494       -1.60536029617077        1.25758759680266
O           -1.26329737908282       -4.22100550533018        1.36369568272890
O           -0.69630806734050        0.07040765448396       -0.75346400918644
O           -0.94387410769083        2.91590083477875       -2.56413426898943
O           -2.14755987553092        1.32334694936909        1.78642447816098
O            1.87858374682549        2.82601354604600        0.42401191420540
N            0.36509061723707       -3.42963797212042        0.06334843234372
N           -2.11445143495539       -1.30607226180136        0.32112859528511
N           -2.52149757796139        1.39969226866065       -2.08298852382970
N           -0.90269901797403        2.72496353449827        0.53412689017712
N            1.27178968294956        1.07837006244235        1.73716898337118
N            2.28077781919498       -0.35189860801086       -0.58916417960142
C            1.85015927966582       -1.44054168115180        0.05641953465142
C            1.06427725749785       -2.46586159621684       -0.76897128733529
C            2.01625572296778       -3.32601413234083       -1.60743345394851
C            2.27375515486133       -4.52739589512523       -0.70382763183630
C            0.90032090248991       -4.77308945884187       -0.10031670664381
C           -0.68875548321115       -3.26108227271705        0.88423019298349
C           -1.10990756262526       -1.82434339570938        1.23508521460169
C           -1.65543754605678       -1.79311843144592        2.65789175578765
C           -1.83523160977276       -0.28826423713520       -0.50066589704178
C           -3.03683787664532        0.40711386422893       -1.16656644308645
C           -3.93979834082114       -0.56336055545169       -1.92313308762438
C           -1.72370651205461        2.45417973271319       -1.75591635127751
C           -1.94793268957090        3.11590303870841       -0.38702055613592
C           -1.92562371042362        4.63300590602799       -0.55861563034988
C           -1.08289786615658        1.87535442778885        1.54650390775803
C            0.14771488795404        1.67488180824473        2.45034217266492
C            0.52905588404054        2.99195579348878        3.12816523846909
C            1.99133386037261        1.66319359682631        0.77150680422658
C            3.00544212780907        0.70073338374534        0.11597388740383
C            3.77386407671129        1.40160841905783       -0.99439384985173
C            2.76976433605720        1.36061339346599       -2.14667886764834
C            2.09861457626335       -0.00682781549582       -1.98784364438096
H            0.35427530728727       -1.91468442042877       -1.39530359319887
H            1.49818254432965       -3.62810323954871       -2.50840675660963
H            2.93775534408983       -2.79825274235529       -1.87658220674535
H            2.64799192603336       -5.39149942883426       -1.24705333904806
H            2.98513366003217       -4.26639973413710        0.07865269040354
H            0.25518831860894       -5.35339794058779       -0.77043636556966
H            0.92216101518928       -5.26793344745199        0.87152670338310
H           -3.07222013151724       -1.50374418793142        0.56646737029389
H           -0.24286600930926       -1.16578289009917        1.13757418977367
H           -0.86071076532397       -2.02207738232550        3.36110439193643
H           -2.43924375831544       -2.54064580854580        2.76351666153161
H           -2.05125237397837       -0.80595976006573        2.88013723228059
H           -2.27528687071237        1.01233093547904       -2.98743508703930
H           -3.61497119905206        0.90142801475567       -0.37657113557368
H           -4.41456472385015       -1.26620354186412       -1.24413638179975
H           -3.36909069665552       -1.12608986899190       -2.65950011347362
H           -4.72067127165048       -0.00879401596516       -2.43790479634793
H            0.03306347505314        3.07645668964517        0.34143011423369
H           -2.90058612979596        2.82440850615451        0.04698396439725
H           -1.99056012941525        5.12187242044986        0.40759094830011
H           -2.75925864184179        4.94866409807986       -1.17916411964653
H           -1.00023232412846        4.92397406672288       -1.04587337431539
H            1.45926644146603        0.09473365607866        1.91691080006285
H           -0.14573019504305        0.94898493711764        3.21527790617881
H            1.36478185623118        2.83376270439323        3.81048653352042
H           -0.31867678863069        3.36437237059891        3.69893623515304
H            0.81994678847783        3.73634023749752        2.39423539731956
H            3.63495641542203        0.25392445295783        0.89238628594473
H            4.67136785720367        0.83861263828712       -1.26433200122941
H            4.04448672121157        2.41788384599919       -0.71648852423347
H            3.24542957505451        1.46980631013919       -3.11894711737261
H            2.03391553000311        2.15321119522196       -2.02564336355307
H            1.03657748027960        0.04623225254955       -2.24687879409679
H            2.57878660750377       -0.75551843546429       -2.62534872902881
68
 energy: -106.565083630132 gnorm: 0.014172517562 xtb: 6.7.1-6.fc44.fc44
O            2.06346935244031       -1.59974736954302        1.26130325049983
O           -1.26518470535666       -4.22138970482413        1.36055924294369
O           -0.69631658917850        0.07211311386427       -0.74714993831386
O           -0.94982069395890        2.91721553640448       -2.56963024938915
O           -2.14590982012368        1.32701691753211        1.78312413355770
O            1.87211854734931        2.82577240536352        0.42128392940378
N            0.36409287693739       -3.42712850408794        0.06767584579021
N           -2.11631271986429       -1.30629161450895        0.32356896085756
N           -2.52116976804508        1.40059885582968       -2.08293576061792
N           -0.89938670026250        2.72896576271129        0.53172488314518
N            1.27058631617762        1.07786297747506        1.73748156947344
N            2.27798966144124       -0.34752383278199       -0.58483519733555
C            1.84319104015706       -1.43134405819009        0.06522656730375
C            1.06441484813816       -2.46020124806598       -0.76162665124322
C            2.01396752668211       -3.32852028908592       -1.61223356540738
C            2.26991594368952       -4.52909232717697       -0.70794697889580
C            0.89773336353598       -4.77029926171175       -0.10297241532399
C           -0.68945398579893       -3.26112547571527        0.88937797518520
C           -1.11183454542793       -1.82445674166983        1.23773715632910
C           -1.65418173840147       -1.79343136716107        2.66141659821013
C           -1.83542948587261       -0.28711611973991       -0.49680407824173
C           -3.03570002668930        0.41041157401591       -1.16322265328489
C           -3.93698589537944       -0.56018428634830       -1.92080013756120
C           -1.72373232756918        2.45609788603091       -1.75891494991653
C           -1.94597233241819        3.11784635720875       -0.38939352136720
C           -1.92476159171894        4.63430968988604       -0.56262562699982
C           -1.08138647392897        1.87825592061814        1.54327146759774
C            0.14803878459129        1.67350321447750        2.44908927726475
C            0.53040151172698        2.99006055379864        3.12804537435219
C            1.99002426264351        1.66465861293569        0.77306830792248
C            3.00503956337693        0.70528714170354        0.11632575764456
C            3.77222359150376        1.40267913450180       -0.99607577551344
C            2.76731547778203        1.35819966688504       -2.14678118444612
C            2.09642980849191       -0.00847257521667       -1.98647994693173
H            0.35325428656253       -1.90982539138487       -1.38510705196837
H            1.53015937454643       -3.65586370847411       -2.54504084661331
H            2.92932171933563       -2.80359698725570       -1.86476626092938
H            2.64820747559105       -5.39212203719493       -1.24920056612203
H            2.98124713572296       -4.26077343780149        0.07261298392637
H            0.25709329315010       -5.35294824096118       -0.77445744367279
H            0.92156187972794       -5.26952201527602        0.86633891584607
H           -3.07491074613718       -1.50067357236401        0.57147433480157
H           -0.24686914301209       -1.16485753534549        1.14134072491106
H           -0.85575778550290       -2.02311921373418        3.35583791002602
H           -2.43612221291430       -2.54265889494759        2.76981154030130
H           -2.05440071654076       -0.80441128526018        2.87349588287158
H           -2.27506299656066        1.01543016172959       -2.98891239511430
H           -3.61059836883722        0.90418360785002       -0.37051216197392
H           -4.41073774366612       -1.26453927868023       -1.24246823997941
H           -3.36356617278165       -1.12143174940467       -2.65625408182037
H           -4.71581565878127       -0.00384032721088       -2.43799518347855
H            0.03615462771115        3.07816638379645        0.33644117485039
H           -2.89425461405596        2.79820587784803        0.04930561702929
H           -1.99541362776094        5.12107963313260        0.40661051019948
H           -2.76014674743902        4.94942377035879       -1.18272734963558
H           -0.99806547066947        4.92626095216346       -1.05091736838809
H            1.46473404136412        0.09708898064527        1.92019856283298
H           -0.14943233547502        0.94916191475140        3.21431379958588
H            1.35773517453078        2.81564650615769        3.80883919045893
H           -0.31960381961476        3.36548558191870        3.69535392479032
H            0.82861353887800        3.73319057365895        2.39709664347675
H            3.63681271263542        0.25945080566251        0.89125752320423
H            4.67189883081203        0.84092977750661       -1.26032074080442
H            4.03862623125899        2.41533870564994       -0.71153629155767
H            3.24062855648734        1.46666277853846       -3.12039548539048
H            2.03101513260384        2.15059055055829       -2.02554914959437
H            1.03420884443769        0.04461957149255       -2.24163100406967
H            2.57548772398844       -0.75998641649737       -2.62270076600601
68
 energy: -106.565309545466 gnorm: 0.010423796690 xtb: 6.7.1-6.fc44.fc44
O            2.05516842482199       -1.59760000122097        1.26021717956031
O           -1.26700682921635       -4.21877638600751        1.36787135370520
O           -0.69558054968738        0.07428988311883       -0.74181972262191
O           -0.95440825621048        2.92058734289627       -2.57041658011255
O           -2.14716042461517        1.33156218430621        1.78004531252892
O            1.86920144730937        2.82487871697286        0.42102254286875
N            0.36234309379084       -3.42668778257516        0.06265001743346
N           -2.11711797881551       -1.30683978124781        0.32244959732623
N           -2.52211513802760        1.40238148159826       -2.08423441031398
N           -0.89793614551375        2.73254234275830        0.52968873755107
N            1.27049734489789        1.07677651488456        1.73762385540108
N            2.27730073350959       -0.34978802691079       -0.58688902540990
C            1.84349524466955       -1.43402041677067        0.06159353172822
C            1.06254539126718       -2.45977290516208       -0.76561140495582
C            2.02032599848680       -3.32954225869052       -1.60717849743630
C            2.27348908663294       -4.53660391288625       -0.71038881448388
C            0.90011541493835       -4.77121005418871       -0.10333424008372
C           -0.69141275676475       -3.25895114605373        0.88376743222364
C           -1.11048445157868       -1.82287161404045        1.23564113320491
C           -1.64989431070811       -1.79346450461869        2.66095419699709
C           -1.83436721395626       -0.28632527007401       -0.49508573740873
C           -3.03525809672779        0.41011664669974       -1.16216147966853
C           -3.93514850417779       -0.56096151240367       -1.92036735530362
C           -1.72679853730696        2.45888147311173       -1.75976504082086
C           -1.94536433308200        3.12097380808850       -0.39069898861808
C           -1.92288560064604        4.63760681040234       -0.56562511893314
C           -1.08186936126712        1.88025278744477        1.53886828260705
C            0.14598267431458        1.67166484304301        2.44748223466102
C            0.53028466484423        2.98560798974759        3.13034849689773
C            1.98983699050707        1.66426194662421        0.77465634996839
C            3.00342731189871        0.70581985829986        0.11654862594240
C            3.77019918707857        1.40493455732983       -0.99600932654926
C            2.76588540408354        1.35698013505689       -2.14723976488338
C            2.09512621958601       -0.00990253423731       -1.98753682756598
H            0.35138063551973       -1.90769020637033       -1.38581659714879
H            1.51819457540783       -3.63408482769713       -2.52199792422808
H            2.93862682920081       -2.80902669870130       -1.85964455509933
H            2.64794927746681       -5.39839277519285       -1.25833070689177
H            2.98186246204105       -4.26793507434432        0.07397914445442
H            0.25666966745117       -5.34903264723516       -0.77662465879103
H            0.92195299554702       -5.27283535084343        0.86475066201150
H           -3.07438303666037       -1.49828028922716        0.57308238185632
H           -0.24819520887981       -1.16104946256032        1.14177447847070
H           -0.85189964056404       -2.02870788041527        3.36012558535104
H           -2.42998728658344       -2.54328310039816        2.77301420158763
H           -2.05192651851401       -0.80406113303073        2.87083789263028
H           -2.27713677717924        1.01838596607837       -2.99144615044396
H           -3.60566009352967        0.90396334696085       -0.36708988630870
H           -4.41004521458052       -1.26650855163774       -1.24456591736533
H           -3.36053637427537       -1.12088297267856       -2.65573631118367
H           -4.71223063307277       -0.00294629873492       -2.43838629733810
H            0.04115600331883        3.07256224696571        0.32965612844189
H           -2.89314958806784        2.78316886221355        0.04838725262825
H           -1.99696404087918        5.12247523802915        0.40558257059741
H           -2.75832641943953        4.95180890484972       -1.18500391150062
H           -0.99712142605461        4.93361845910532       -1.05354157760820
H            1.47226424754278        0.09926079882654        1.92964522794630
H           -0.15657802790268        0.94611959017848        3.20971668725707
H            1.35708138764362        2.81035567898151        3.81194280971611
H           -0.31934956937433        3.36435320938502        3.69447673261259
H            0.83310320647077        3.72767146216953        2.39987404913404
H            3.63729251789733        0.25911393123012        0.88938795121854
H            4.67327834265644        0.84497774551557       -1.25149969649027
H            4.03202476928528        2.42204508665314       -0.71885295474992
H            3.23762654685429        1.46707419496187       -3.12126254339262
H            2.02684899520646        2.14675588997186       -2.02439378209954
H            1.03174052405687        0.04154507577572       -2.23643631768035
H            2.57343622392034       -0.76206304703906       -2.62298199434437
68
 energy: -106.565431350935 gnorm: 0.007278077420 xtb: 6.7.1-6.fc44.fc44
O            2.05258469141071       -1.59564425034830        1.26453462881318
O           -1.26608508076921       -4.21968851496457        1.36778583560970
O           -0.69471773591742        0.07629596405943       -0.73911958099833
O           -0.95453858141613        2.92390952658414       -2.57304559227807
O           -2.14864854317615        1.33318595066545        1.77834507631486
O            1.86790120336181        2.82399791621657        0.42013340397245
N            0.36464583285438       -3.42785810734461        0.06280265955155
N           -2.11602642604280       -1.30763595146469        0.32166786934300
N           -2.52132970613720        1.40281370409490       -2.08315258556765
N           -0.89678872841287        2.73320705577082        0.52901724668655
N            1.27004084473337        1.07496761486933        1.73686266677566
N            2.27940093256100       -0.35128204040646       -0.58592172708165
C            1.84670547088928       -1.43570362498535        0.06299503540421
C            1.06518638738709       -2.46009388231544       -0.76451337311683
C            2.01847174123574       -3.32564051522230       -1.60417116365534
C            2.27104959941922       -4.53538876468844       -0.70937562468570
C            0.89732186750871       -4.77385023353967       -0.10470396804938
C           -0.69041571946007       -3.25971314561101        0.88281581626225
C           -1.10919850955178       -1.82346004405220        1.23470502517198
C           -1.64896268575338       -1.79369882968744        2.65990156436786
C           -1.83318773480684       -0.28624013663085       -0.49474127585685
C           -3.03432508170442        0.40881471835906       -1.16300136483092
C           -3.93383169599131       -0.56258579596227       -1.92110257649164
C           -1.72684808306134        2.46051401896831       -1.76065358801211
C           -1.94481970186224        3.12088773385975       -0.39072350385552
C           -1.92533867517480        4.63727086118625       -0.56517780599712
C           -1.08254857051492        1.88049001144537        1.53710378189803
C            0.14429419271630        1.66958438290525        2.44659909544373
C            0.53002711365580        2.98181917220458        3.13242088439792
C            1.98847945617701        1.66261690267003        0.77347094038852
C            3.00346646546608        0.70632318534791        0.11648552458847
C            3.76801949091264        1.40665954199179       -0.99775348303505
C            2.76403604322297        1.35559560249908       -2.14868154362740
C            2.09474771262846       -0.01160523487966       -1.98616139419109
H            0.35464568951535       -1.90926172758994       -1.38803924238145
H            1.52393903654489       -3.63675933730990       -2.52702986731328
H            2.93944978534041       -2.80470597276861       -1.85918124743047
H            2.64475425124149       -5.39659868324520       -1.25905638764254
H            2.98078128357903       -4.27300959972149        0.07591200741762
H            0.25124463515850       -5.34853914925385       -0.77923632895548
H            0.91782112946416       -5.27751006165340        0.86256372789379
H           -3.07275751206112       -1.49796378804043        0.57389290296055
H           -0.24853410973136       -1.16064338097472        1.14184254227497
H           -0.85053605529473       -2.02437070165132        3.36239877283383
H           -2.42810048534842       -2.54408449240552        2.77343848215825
H           -2.04977083544422       -0.80616640741904        2.87628419764099
H           -2.27755292603923        1.01912985943241       -2.99057179828130
H           -3.60357963307886        0.90149363706795       -0.36728130006576
H           -4.40855330322413       -1.26788739286634       -1.24546039194244
H           -3.35812841666953       -1.12210712221161       -2.65601312411450
H           -4.71209544787615       -0.00672453050363       -2.43886270270112
H            0.04336551078451        3.07066857636782        0.32794114698988
H           -2.89465030817067        2.80703248351665        0.04783113109761
H           -1.99419472164542        5.12601192163695        0.40286181811022
H           -2.75934534710157        4.95205203464834       -1.18569126277094
H           -1.00028746771170        4.93191056151808       -1.05367510192811
H            1.47655055867482        0.09933930820372        1.93220451060717
H           -0.15943795018632        0.94366090302901        3.20726928884788
H            1.35726489024375        2.81188515386271        3.82032698734794
H           -0.32015781959425        3.36192024947652        3.69422132228571
H            0.83620382730001        3.72404521349405        2.40212684766783
H            3.63820874388286        0.26033119000463        0.88908234520749
H            4.67316251048103        0.84902238747786       -1.24849044634691
H            4.02748168623999        2.42800751728489       -0.72603396809661
H            3.23513209110153        1.46569922672021       -3.12298073699979
H            2.02489919495791        2.14505831856175       -2.02556517660864
H            1.03101801799687        0.03902463509729       -2.23127462451974
H            2.57240720654833       -0.76354903433962       -2.62171270821670
68
 energy: -106.565499393978 gnorm: 0.004335968164 xtb: 6.7.1-6.fc44.fc44
O            2.05562167001335       -1.59492428119385        1.26718169944323
O           -1.26612782782369       -4.22044136910111        1.36256751779071
O           -0.69327360236780        0.07776283094819       -0.73618546282313
O           -0.95629903335301        2.92642855332162       -2.57626200863243
O           -2.14917681714708        1.33476887162279        1.77595614514521
O            1.86471698608144        2.82274166537022        0.41689745644829
N            0.36614479554470       -3.42811820653152        0.06613669764974
N           -2.11494091757462       -1.30746895781536        0.32331964400893
N           -2.51984671339297        1.40280682917712       -2.08144951788091
N           -0.89594065391850        2.73595432529868        0.52832341944979
N            1.26840839310301        1.07405744719929        1.73544125486223
N            2.28100015102714       -0.35164821074670       -0.58441615005428
C            1.84693921255786       -1.43450117075678        0.06696999673414
C            1.06819301874113       -2.46095283121926       -0.76109493510380
C            2.02024228147085       -3.32455633092485       -1.60519371844465
C            2.26959372808656       -4.53525171887012       -0.71039669220634
C            0.89548359625018       -4.77306203316390       -0.10768456804894
C           -0.68902284227507       -3.26055923052705        0.88635333580053
C           -1.10884456891842       -1.82404844307863        1.23684042112696
C           -1.64950164351820       -1.79341524644855        2.66132768797452
C           -1.83197712279332       -0.28533583249275       -0.49277371817996
C           -3.03206936270096        0.41087718349031       -1.16191084374491
C           -3.93164403858284       -0.56082453037986       -1.91986986537007
C           -1.72605875038536        2.46207161599415       -1.76193969045872
C           -1.94486179484816        3.12213899782439       -0.39131174217862
C           -1.92555136055650        4.63866489772462       -0.56707842571887
C           -1.08294392935624        1.88209551738496        1.53564564946176
C            0.14350008118156        1.66871223445100        2.44521281439072
C            0.52927842484935        2.97980126901656        3.13380631571143
C            1.98629779030878        1.66171367722016        0.77138804481033
C            3.00333367119587        0.70723270271481        0.11553543592281
C            3.76593528089142        1.40763991510205       -1.00025389791295
C            2.76193738117261        1.35314172810169       -2.15060854186464
C            2.09384595399584       -0.01406259436533       -1.98539337850443
H            0.35727323978717       -1.91053147245255       -1.38516238505302
H            1.52517634600932       -3.63198071696716       -2.52783415762823
H            2.94317771549980       -2.80455903004551       -1.85806824428080
H            2.64211178358378       -5.39714888418398       -1.25939511553487
H            2.97997379017550       -4.27775732392682        0.07516794581796
H            0.24964869191617       -5.34698802353794       -0.78312317216509
H            0.91489961129034       -5.27913779574623        0.85861869020646
H           -3.07222834139036       -1.49669407563375        0.57626371579351
H           -0.24900405657533       -1.16084849013224        1.14411051165811
H           -0.84780400892575       -2.02136128819033        3.35801311597498
H           -2.42738409270369       -2.54537504319353        2.77531384341003
H           -2.05232316995159       -0.80627034602127        2.87607866169672
H           -2.27665931198197        1.01935551068005       -2.98892492342925
H           -3.60041313999070        0.90335521866319       -0.36560598903919
H           -4.40548736595544       -1.26606560967022       -1.24362525968177
H           -3.35529123298822       -1.12068396224030       -2.65422291176398
H           -4.71077448330595       -0.00702271891113       -2.43830754009251
H            0.04286700026816        3.07440840315587        0.32848258909052
H           -2.89303141074879        2.79881718534308        0.04605041115296
H           -1.99561067970404        5.12795302803051        0.40070089049448
H           -2.76039046720906        4.95295042887926       -1.18799771896640
H           -1.00035973566063        4.93370069068134       -1.05560724873590
H            1.47834406475801        0.09957771134935        1.93155550454050
H           -0.16079114698878        0.94241960623034        3.20490089679736
H            1.35164725149157        2.80331903573804        3.82453348163645
H           -0.32270629987540        3.36075059547341        3.69281658968766
H            0.84087321851884        3.72225377854720        2.40609566050228
H            3.63956889567592        0.26416625969968        0.88852160616076
H            4.67278108180441        0.85254685409911       -1.24803685954278
H            4.02263009807456        2.42716480883110       -0.72461295168228
H            3.23254584041661        1.46221022505585       -3.12513898222248
H            2.02318617802551        2.14326080156602       -2.02822865136140
H            1.02995097013816        0.03653697819029       -2.22764989824154
H            2.57062722582822       -0.76648502666684       -2.62107396611776
68
 energy: -106.565543586245 gnorm: 0.003061842566 xtb: 6.7.1-6.fc44.fc44
O            2.05679917879536       -1.59473135911556        1.26872019696208
O           -1.26712150142093       -4.22004572646969        1.36372142332646
O           -0.69218609188671        0.08001514716039       -0.73316106817694
O           -0.95927188456630        2.92893008531961       -2.57989494984013
O           -2.15116376227108        1.33785485285789        1.77263374370366
O            1.86167511185823        2.82193740856266        0.41372714004952
N            0.36629361100585       -3.42830450411625        0.06660117570674
N           -2.11346648262995       -1.30721612853402        0.32421192728042
N           -2.51855394129361        1.40366576672524       -2.08064544669517
N           -0.89526437507600        2.73957853229797        0.52737348438005
N            1.26648868691264        1.07380465785826        1.73366531234393
N            2.28310167222368       -0.35306443234194       -0.58406019769391
C            1.84726538261053       -1.43429827128042        0.06919779022030
C            1.06914713811584       -2.46057678625930       -0.75958018655440
C            2.02389290034524       -3.32578590879752       -1.60340506113594
C            2.26936576545305       -4.53965216689905       -0.71195699549745
C            0.89412277661118       -4.77354425057797       -0.11054275685859
C           -0.68888287069469       -3.26044854803618        0.88687198273803
C           -1.10724882005254       -1.82370031443473        1.23782868624698
C           -1.64725102016574       -1.79369868559772        2.66265109685410
C           -1.83076333795611       -0.28435543456289       -0.49114699653027
C           -3.03043420425636        0.41217725106695       -1.16070827137583
C           -3.92933662853428       -0.56038414517375       -1.91813520837590
C           -1.72578666842654        2.46452063938623       -1.76374429320072
C           -1.94401788746168        3.12487744699901       -0.39262613305253
C           -1.92604994789492        4.64121613948282       -0.56892132785376
C           -1.08428012341588        1.88429820169060        1.53330390535980
C            0.14143481343216        1.66715844640157        2.44338118303549
C            0.52778611506369        2.97609033547357        3.13616844925980
C            1.98461662503689        1.66158593656644        0.76990763836904
C            3.00306982811507        0.70841215338280        0.11455725196388
C            3.76380275880538        1.40935693366107       -1.00256275584457
C            2.75990855879438        1.35039947223725       -2.15253713548974
C            2.09250613099338       -0.01673149482866       -1.98510177954514
H            0.35798961166643       -1.90851944633115       -1.38132781336584
H            1.53144833046512       -3.62972070689288       -2.52877980813422
H            2.94665353294385       -2.80579004858736       -1.85035697285927
H            2.64124263279273       -5.40108673151104       -1.26228587696258
H            2.97895921998840       -4.28274515624866        0.07441032714001
H            0.24802847291259       -5.34448034615088       -0.78807573437423
H            0.91203809427127       -5.28316448494948        0.85407947628974
H           -3.07075881623981       -1.49577891314219        0.57791104342457
H           -0.24850057709037       -1.16013078883464        1.14473989491869
H           -0.84719616224491       -2.01873163884756        3.36134531799071
H           -2.42366996790722       -2.54704564828832        2.77735203487235
H           -2.05273854940792       -0.80684497033015        2.87477796196779
H           -2.27609922137030        1.02056177195679       -2.98855880966226
H           -3.59788103278656        0.90357436319963       -0.36336170798746
H           -4.40235371877286       -1.26603794078281       -1.24162777768952
H           -3.35225440856076       -1.11975017649373       -2.65229173670342
H           -4.70789744890288       -0.00580714952995       -2.43692557725619
H            0.04488311147591        3.07626534516907        0.32775986189643
H           -2.89134204895585        2.80164186115846        0.04742866314736
H           -1.99812488015503        5.13043135644102        0.39932724185195
H           -2.76123418722983        4.95483410369396       -1.19023264015669
H           -1.00071066448432        4.93581341314876       -1.05783009560164
H            1.48056965823647        0.10087079942018        1.93178796459991
H           -0.16468771088266        0.93953888448271        3.20103686893949
H            1.34414518431314        2.79220474184184        3.83012862630905
H           -0.32627020959310        3.35893748861901        3.69083443875029
H            0.84726079860318        3.71835111628888        2.41214345995425
H            3.64153290725486        0.26855557009386        0.88745961938736
H            4.67304456781557        0.85758148104349       -1.24592401767715
H            4.01612048771669        2.43003220659071       -0.72790498841049
H            3.22981842682785        1.45758095889503       -3.12751937585440
H            2.02098063358003        2.14080486121590       -2.03153358130547
H            1.02824457524097        0.03374162934175       -2.22301752019443
H            2.56797734857522       -0.76975246874408       -2.62107207263877
68
 energy: -106.565581879066 gnorm: 0.002947260254 xtb: 6.7.1-6.fc44.fc44
O            2.05861002232513       -1.59356712480560        1.27222533676908
O           -1.26814583319939       -4.21909935838622        1.36457856150424
O           -0.68932777587109        0.08308137787452       -0.72822751236090
O           -0.96300626426824        2.93458645028331       -2.58278711932738
O           -2.15461185083895        1.34177923776743        1.76769233704917
O            1.85762615688987        2.82198393596102        0.40994786508814
N            0.36809265803227       -3.42951039513091        0.06768384481926
N           -2.11001186461946       -1.30727081453369        0.32551773702534
N           -2.51639040507474        1.40482224454785       -2.07953462732337
N           -0.89537346853262        2.74503090072892        0.52653970641083
N            1.26384422981905        1.07381364136309        1.73032810434966
N            2.28773231301526       -0.35590370586451       -0.58353586919613
C            1.85059179129681       -1.43539521711889        0.07216823615841
C            1.07222667639474       -2.46135332788654       -0.75664432138808
C            2.02789150195635       -3.32586021293625       -1.60050176293457
C            2.26692652868932       -4.54317972577880       -0.71282517191346
C            0.89035899589282       -4.77669138072213       -0.11388081412048
C           -0.68720739746112       -3.26033064223059        0.88745787274360
C           -1.10362170626575       -1.82342589857019        1.23952984394512
C           -1.64478371987044       -1.79336068076874        2.66400202188183
C           -1.82766232270570       -0.28314632569611       -0.48831720073038
C           -3.02716865169960        0.41336328755118       -1.15826281627261
C           -3.92577866544822       -0.55954350378912       -1.91551143799184
C           -1.72656484030417        2.46867015770315       -1.76513292991542
C           -1.94396017217118        3.12954540548277       -0.39382894667141
C           -1.92695270900510        4.64589468389481       -0.57138420935870
C           -1.08675715701660        1.88683259924939        1.52958320953079
C            0.13784517503711        1.66448089361643        2.44034987216886
C            0.52509881450813        2.96936499425958        3.14046687552808
C            1.98205814775134        1.66189224235502        0.76706163993088
C            3.00297060880159        0.71064187195318        0.11274192406578
C            3.76075731152340        1.41222494992213       -1.00642923344904
C            2.75737162298061        1.34607564928583       -2.15637947756225
C            2.09076185017151       -0.02083115797003       -1.98418386610208
H            0.36159653729777       -1.90872126820971       -1.37850985537980
H            1.53862391222254       -3.62447942022405       -2.52897445649453
H            2.95245132543790       -2.80680148234952       -1.84016439418567
H            2.63643510245156       -5.40380293361945       -1.26621938551943
H            2.97724605202328       -4.29186744705507        0.07509473111848
H            0.24304260142452       -5.34119483743217       -0.79558284785572
H            0.90553539776977       -5.29153759273903        0.84803966341782
H           -3.06705693727559       -1.49548811629956        0.57937039094847
H           -0.24614533732319       -1.15898006958131        1.14671460681665
H           -0.84416342542258       -2.01670387701651        3.36373597431003
H           -2.41856919264102       -2.54912133675782        2.77957599540163
H           -2.05404469480420       -0.80739268012370        2.87399804888467
H           -2.27468503714738        1.02211722287844       -2.98802318981385
H           -3.59319702684577        0.90366755996667       -0.35963251525795
H           -4.39815213578678       -1.26569826596417       -1.23904459286444
H           -3.34848454019127       -1.11853181389552       -2.64970932567402
H           -4.70462696586289       -0.00540695319795       -2.43430359992572
H            0.04592161252907        3.07940750853404        0.32799977065813
H           -2.89112866135458        2.80302989425102        0.04418636819302
H           -1.99983028674095        5.13587177769386        0.39637006065625
H           -2.76148558669133        4.95851190229146       -1.19363991932377
H           -1.00143798977409        4.94134476645799       -1.05940810961772
H            1.48342502825374        0.10312208489255        1.93211584092700
H           -0.17090134484820        0.93375471651272        3.19392549920824
H            1.33429086225524        2.78049954177157        3.84205906919998
H           -0.33195950331738        3.35559037207832        3.68772250826423
H            0.85508418558245        3.71144457512332        2.42062810080064
H            3.64419126693716        0.27481068398687        0.88547405157652
H            4.67383518648157        0.86553534356420       -1.24294040621820
H            4.00641017558176        2.43622821983476       -0.73601485355205
H            3.22683145028470        1.44995031644750       -3.13183828360504
H            2.01772379461927        2.13651922686481       -2.03821276979372
H            1.02552202261666        0.02883866366458       -2.21484162735715
H            2.56367804779012       -0.77485474691963       -2.62076970160874
68
 energy: -106.565606581375 gnorm: 0.002841457172 xtb: 6.7.1-6.fc44.fc44
O            2.06225476993092       -1.59285703554677        1.27550781076963
O           -1.26864362878781       -4.21845242377028        1.36335731860681
O           -0.68566622569390        0.08568443698923       -0.72447221263308
O           -0.96535057241060        2.94069994929856       -2.58477698274349
O           -2.15816173752719        1.34471802893550        1.76338056608989
O            1.85450914590281        2.82265122408274        0.40649608882599
N            0.36997215439100       -3.43031932612133        0.06967193248865
N           -2.10578018180266       -1.30704931776574        0.32660999030787
N           -2.51322523867216        1.40582921280238       -2.07791868887359
N           -0.89680013653208        2.75026247901862        0.52652635080363
N            1.26114388166039        1.07377231359682        1.72608732729645
N            2.29271180604061       -0.35852994077950       -0.58309283997165
C            1.85433710460766       -1.43632971445763        0.07515763798822
C            1.07551202679371       -2.46247400695168       -0.75323006690650
C            2.03128792018809       -3.32633611202235       -1.59592875193657
C            2.26624464169025       -4.54929769984328       -0.71429120141937
C            0.88777583145822       -4.77861068552802       -0.11801245672879
C           -0.68525990396875       -3.26020315259781        0.88887673717531
C           -1.10004945192482       -1.82312174480976        1.24172300336960
C           -1.64328774043422       -1.79297282244192        2.66537622985622
C           -1.82390594921946       -0.28197716477528       -0.48610817635964
C           -3.02337232511419        0.41425632437423       -1.15653669678741
C           -3.92246309290873       -0.55910144499850       -1.91287867060785
C           -1.72691034211493        2.47293186984352       -1.76570289334179
C           -1.94475541027872        3.13450707855549       -0.39454143856796
C           -1.92809369075725        4.65092433723433       -0.57316981042366
C           -1.08958638560196        1.88898308692554        1.52657238171796
C            0.13430120419922        1.66207960113067        2.43714168673805
C            0.52108029000618        2.96300920105367        3.14454210869481
C            1.97932767630749        1.66227614813269        0.76315555174513
C            3.00341613727857        0.71278778724991        0.11049939526211
C            3.75777092577805        1.41487637550010       -1.01103461144619
C            2.75527113800404        1.34164688132250       -2.16132055598876
C            2.08898028435335       -0.02476948719114       -1.98336172838236
H            0.36544207675766       -1.91000081334251       -1.37633155338258
H            1.54505313021790       -3.61910949704489       -2.52753906210551
H            2.95911968613301       -2.80879616824018       -1.83018837498460
H            2.63356837950633       -5.40860696037238       -1.27157286122036
H            2.97416077263075       -4.30411983364616        0.07794225357240
H            0.23852226651167       -5.33634981131174       -0.80351338221276
H            0.89899218422934       -5.29813729492056        0.84137084794805
H           -3.06290070728440       -1.49626113461588        0.57906587952037
H           -0.24282325488475       -1.15842235844791        1.14900131937871
H           -0.84301100735515       -2.01129786228779        3.36735438591660
H           -2.41455504516444       -2.55118909337682        2.78091183408979
H           -2.05509867570675       -0.80855912171049        2.87573258705358
H           -2.27169259311930        1.02257418359079       -2.98616619742380
H           -3.58903711160508        0.90397410750141       -0.35760102726853
H           -4.39438054299812       -1.26496553043207       -1.23588273368495
H           -3.34577395566958       -1.11833456791540       -2.64731092072212
H           -4.70210862040856       -0.00558710868556       -2.43097040406335
H            0.04509653969428        3.08389823314639        0.32944707671021
H           -2.89301624996434        2.81125414912458        0.04491252980659
H           -2.00180998251976        5.14169288309913        0.39395948024391
H           -2.76195466222191        4.96239955680325       -1.19649640420395
H           -1.00249276648591        4.94663071485425       -1.06055439350728
H            1.48421987618943        0.10456011573838        1.93008781020390
H           -0.17582703355689        0.92753314764765        3.18636040634628
H            1.32295969898755        2.76942318359430        3.85415844157135
H           -0.33904248578359        3.35264808089365        3.68396704997818
H            0.86194598532395        3.70495807250692        2.42915184506538
H            3.64689168690594        0.28175168518965        0.88397373622729
H            4.67437518459662        0.87341205557343       -1.24250815439443
H            3.99763389276511        2.44087893298540       -0.74291954850814
H            3.22552318950297        1.44112013613824       -3.13683292902461
H            2.01532483197452        2.13252008035491       -2.04742928702295
H            1.02287899754492        0.02439073440123       -2.20742505141257
H            2.55864688668002       -0.78010056619806       -2.62077101442242
68
 energy: -106.565625409960 gnorm: 0.002594764045 xtb: 6.7.1-6.fc44.fc44
O            2.06588495316179       -1.59293038026813        1.27709173243749
O           -1.26895501137372       -4.21799421300057        1.36424892756106
O           -0.68230844073146        0.08694841354554       -0.72307211870037
O           -0.96657664174720        2.94459693312701       -2.58437650158727
O           -2.16100424425203        1.34565278011814        1.76122468241923
O            1.85274360972157        2.82367074627296        0.40450393274782
N            0.37172629461796       -3.43152855970720        0.07148423742624
N           -2.10189628131809       -1.30655566454282        0.32748870344541
N           -2.51040706740412        1.40635993724099       -2.07621100418815
N           -0.89951384040656        2.75379878811298        0.52761903624967
N            1.25916644398619        1.07407147260817        1.72293061023895
N            2.29586216740701       -0.36000562502644       -0.58294733695547
C            1.85705118475639       -1.43701827767479        0.07682551892402
C            1.07837609525974       -2.46425607673597       -0.75089894402876
C            2.03543004110938       -3.32713185413736       -1.59281603561228
C            2.26443793401042       -4.55249575707823       -0.71356506021126
C            0.88428040431017       -4.78093848765442       -0.12065883691075
C           -0.68367600770970       -3.26030845684170        0.89020786281827
C           -1.09699704695482       -1.82288784113246        1.24356266181712
C           -1.64166877696302       -1.79220106692802        2.66679776816334
C           -1.82062545473891       -0.28102468353523       -0.48479574890260
C           -3.02017251045968        0.41519200841366       -1.15488850264026
C           -3.92022749530161       -0.55807410022516       -1.91040462185004
C           -1.72724516848116        2.47592885542590       -1.76486349706305
C           -1.94640781509496        3.13861025846645       -0.39442926761928
C           -1.92905991919562        4.65502883766496       -0.57368217080617
C           -1.09214860457711        1.88993058587027        1.52539287043233
C            0.13166564825794        1.66038817653915        2.43496334393191
C            0.51738718484735        2.95888164166599        3.14670236343662
C            1.97750792255229        1.66323198993496        0.76043834663131
C            3.00356068603837        0.71416947338974        0.10864331168092
C            3.75588411153703        1.41666196184090       -1.01408903095757
C            2.75436711291652        1.33866571466391       -2.16496505577218
C            2.08778706956906       -0.02721167312718       -1.98303707283651
H            0.36881208003616       -1.91218153768546       -1.37507663041184
H            1.55187364333177       -3.61657597429907       -2.52705693460991
H            2.96462083043517       -2.81002553073645       -1.82415879518242
H            2.63006249434564       -5.41115666221607       -1.27232882986412
H            2.97362374734498       -4.31200708785589        0.07849712578134
H            0.23396787055441       -5.33370480872249       -0.80910098367766
H            0.89225250073726       -5.30359541558928        0.83683734548323
H           -3.05935926745443       -1.49777114546960        0.57767883749654
H           -0.23881151406235       -1.15893540664811        1.15020114687982
H           -0.84164688090724       -2.00945282114990        3.36989042669223
H           -2.41143800449465       -2.55210014517360        2.78123006629446
H           -2.05648594673363       -0.80843501039575        2.87486236441510
H           -2.26796306722419        1.02225710368320       -2.98373721728609
H           -3.58632701865247        0.90530752112662       -0.35632770912300
H           -4.39200199538077       -1.26345825694385       -1.23272166428946
H           -3.34472101818652       -1.11787064511832       -2.64533321577226
H           -4.70026393026750       -0.00433531132720       -2.42770502708507
H            0.04281152709079        3.08790580512968        0.33151919873928
H           -2.89520236051981        2.81694349999071        0.04242632628435
H           -2.00388527219837        5.14606588592615        0.39314462483299
H           -2.76248850639240        4.96560794889283       -1.19790878840325
H           -1.00306429508136        4.95030708327376       -1.06041419862061
H            1.48274775266346        0.10501246609851        1.92708024012310
H           -0.17844200436071        0.92288147095550        3.18131891968069
H            1.31350455167526        2.76177435651202        3.86155820495108
H           -0.34497025005375        3.35134552756563        3.68024799690716
H            0.86598731087934        3.70041757346257        2.43462514405224
H            3.64834187294004        0.28693705847373        0.88312869800782
H            4.67445211419525        0.87843649520025       -1.24443772951561
H            3.99257464269333        2.44408596961129       -0.74803384263607
H            3.22630911757246        1.43383958194499       -3.14016509161401
H            2.01437804625735        2.13016745858904       -2.05577850543562
H            1.02120214381136        0.02202859830845       -2.20364731339504
H            2.55473604432109       -0.78366491565928       -2.62105077473369
68
 energy: -106.565639707875 gnorm: 0.001963690696 xtb: 6.7.1-6.fc44.fc44
O            2.06881466288857       -1.59265922404140        1.27766289596922
O           -1.26858920802760       -4.21790837343134        1.36399629151211
O           -0.67905415328090        0.08744258588351       -0.72234236920741
O           -0.96716104701425        2.94778808194331       -2.58297678327194
O           -2.16321594358392        1.34490294357120        1.75958533118756
O            1.85053240552405        2.82519850945270        0.40352631477586
N            0.37343784732737       -3.43224779711408        0.07279092038473
N           -2.09831042120900       -1.30613999477375        0.32824071716482
N           -2.50729378247424        1.40668720439503       -2.07510229771836
N           -0.90302059982337        2.75612239960996        0.52886327888005
N            1.25753174317311        1.07439866036464        1.72053841784135
N            2.29756374840651       -0.36029089376761       -0.58304329550042
C            1.85933294597093       -1.43720270477511        0.07736885360122
C            1.08082420214883       -2.46542761703161       -0.74957455823598
C            2.03843610108015       -3.32902997037663       -1.59089085990976
C            2.26288219813822       -4.55618754930506       -0.71327400077636
C            0.88204415031740       -4.78290499166464       -0.12186920679074
C           -0.68187578415101       -3.26055500261632        0.89144509612652
C           -1.09441686786993       -1.82294697204827        1.24507684063372
C           -1.64021003500006       -1.79175162037723        2.66787478249888
C           -1.81750490771907       -0.28022344773443       -0.48363324120968
C           -3.01721687162120        0.41611515145361       -1.15267046919335
C           -3.91841134802544       -0.55631176661930       -1.90789404899782
C           -1.72758485005017        2.47849187036798       -1.76366917142538
C           -1.94864927966289        3.14215802305480       -0.39433475028230
C           -1.93026036669563        4.65847149473110       -0.57349239130870
C           -1.09439527511314        1.88970901744342        1.52450558287935
C            0.12928514628217        1.65882759902818        2.43324711621556
C            0.51419754433157        2.95582393117568        3.14738479719030
C            1.97576581575739        1.66485079719646        0.75869768892458
C            3.00306033516614        0.71586843535083        0.10710540933806
C            3.75440180400708        1.41813405773221       -1.01615634686092
C            2.75429937445158        1.33674275699407       -2.16805379395205
C            2.08715215258977       -0.02855705007044       -1.98312784103669
H            0.37194224282139       -1.91395486019781       -1.37495696431641
H            1.55703466543180       -3.61598527446137       -2.52719589732155
H            2.96960810138011       -2.81330411997900       -1.81789217736410
H            2.62657106400462       -5.41446885244367       -1.27344480760243
H            2.97128116978834       -4.32017577316871        0.08094216066531
H            0.23164999673966       -5.33165875024742       -0.81322529334885
H            0.88702829407154       -5.30821228622585        0.83388835103347
H           -3.05606230473682       -1.50007265859769        0.57558418655865
H           -0.23460894927076       -1.16025112821731        1.15116600717108
H           -0.84091502149381       -2.00616993672244        3.37154416505263
H           -2.40892833432515       -2.55292060868341        2.78146182107071
H           -2.05644252774615       -0.80862170324155        2.87521433683248
H           -2.26286176589599        1.02190349550484       -2.98181568660079
H           -3.58398420265953        0.90741741948153       -0.35474414305389
H           -4.39052604113607       -1.26121699213624       -1.22976082116153
H           -3.34425573366390       -1.11669284668702       -2.64344002285511
H           -4.69843629300932       -0.00179698391698       -2.42457090957822
H            0.03843495545291        3.09193454497700        0.33366708299686
H           -2.89821972256828        2.82009182356914        0.04148460284170
H           -2.00512761587684        5.14989299215510        0.39288426420714
H           -2.76287556412106        4.96895151694953       -1.19854088169741
H           -1.00360173233142        4.95323925828114       -1.05920584448327
H            1.48042785756460        0.10485110304038        1.92408144659248
H           -0.18049564145028        0.91915039637973        3.17777444082312
H            1.30554896240057        2.75756776395966        3.86721365478378
H           -0.35002449830668        3.35126167802443        3.67560587181425
H            0.86820187804503        3.69642219080008        2.43696301443500
H            3.64832187239554        0.29092906590308        0.88241174623057
H            4.67418013037123        0.88178196675152       -1.24755444185299
H            3.98916167280252        2.44642871212668       -0.75156244682184
H            3.22875341982541        1.42787708922080       -3.14256796046974
H            2.01418790300511        2.12872190495682       -2.06402012967358
H            1.02029162589801        0.02112494161510       -2.20218358549383
H            2.55176419661892       -0.78615704573099       -2.62132153017411
68
 energy: -106.565645538554 gnorm: 0.001927003794 xtb: 6.7.1-6.fc44.fc44
O            2.07054958674716       -1.59149650316005        1.27745849836334
O           -1.26818860785380       -4.21789239641392        1.36351999370457
O           -0.67555892278453        0.08763237555172       -0.72081010491578
O           -0.96741723966979        2.95241049759436       -2.58084524405139
O           -2.16532375766518        1.34361463354474        1.75844322625059
O            1.84764699607595        2.82671011848360        0.40334039942485
N            0.37484136435544       -3.43265942716761        0.07428617222302
N           -2.09522261126664       -1.30569830746607        0.32919171281751
N           -2.50324738761661        1.40720397410492       -2.07357994192486
N           -0.90737953123529        2.75851007877925        0.53055260675988
N            1.25551139248483        1.07378886502646        1.71839812609611
N            2.29683472617566       -0.35955773314052       -0.58344481351709
C            1.86060902489834       -1.43694808713894        0.07715231348583
C            1.08356231751346       -2.46711262506978       -0.74872616528890
C            2.04213957623840       -3.33209943647417       -1.58776874280968
C            2.26323942210799       -4.56168982679775       -0.71205410689137
C            0.87998204801500       -4.78394502882163       -0.12428717822934
C           -0.68065211539762       -3.26066020507702        0.89282154938442
C           -1.09240281439036       -1.82286621737017        1.24663894655263
C           -1.63826715239326       -1.79058059161559        2.66935752696080
C           -1.81423405518091       -0.27936618833617       -0.48205743617120
C           -3.01397175874209        0.41693846930371       -1.15082666101960
C           -3.91663321994609       -0.55485727384097       -1.90504822413427
C           -1.72788091096160        2.48173438359129       -1.76197254912859
C           -1.95172425784987        3.14603703780270       -0.39396513280175
C           -1.93126411542713        4.66210763820946       -0.57283057343491
C           -1.09673784800764        1.88923396029909        1.52376639800669
C            0.12698274267878        1.65718947663379        2.43170662010029
C            0.51113355391381        2.95367914975837        3.14687111915232
C            1.97302027273477        1.66601011097286        0.75704727495919
C            3.00148161816075        0.71759750710648        0.10571996828298
C            3.75219222668343        1.41990600510847       -1.01758722803093
C            2.75421227262299        1.33519673727590       -2.17116390061755
C            2.08658506682183       -0.02968564801248       -1.98398063490848
H            0.37535655325743       -1.91718095755411       -1.37619194908241
H            1.56279837667165       -3.61690906395766       -2.52570070583463
H            2.97455388486942       -2.81787543913166       -1.81107605129736
H            2.62445720154684       -5.41969771623701       -1.27439670652556
H            2.97213568811382       -4.32837714675105        0.08259092285452
H            0.22765827513113       -5.32844959133631       -0.81756857242517
H            0.88089395322758       -5.31170292254114        0.82994269132888
H           -3.05315099470518       -1.50226859914034        0.57394550733149
H           -0.23077129899073       -1.16200952416965        1.15242244741938
H           -0.83719224325951       -2.00654725498734        3.37172020334687
H           -2.40614530841527       -2.55271464188330        2.78277648560292
H           -2.05645175921220       -0.80755069953603        2.87448975567235
H           -2.25546106355564        1.02155346277946       -2.97897375262649
H           -3.58074271610100        0.91033870366169       -0.35374902126310
H           -4.38970195976439       -1.25887125093113       -1.22670779209520
H           -3.34352247189036       -1.11595015653973       -2.64087172940917
H           -4.69591457193139        0.00093298167395       -2.42147586751969
H            0.03450541959051        3.09400292235859        0.33408845031305
H           -2.90235819202834        2.82512339404630        0.04043798840045
H           -2.00741176932669        5.15310993049452        0.39394495990678
H           -2.76314873023945        4.97335842691010       -1.19851773885345
H           -1.00391937536562        4.95601472211267       -1.05793435687933
H            1.47796216418464        0.10381725607088        1.92141533503305
H           -0.18288860987367        0.91643808949187        3.17524939861587
H            1.29796283534012        2.75393416607331        3.87092622213984
H           -0.35472711829972        3.35278224461080        3.66944167822701
H            0.87072962565342        3.69253036425031        2.43730688849559
H            3.64685945565808        0.29392118741035        0.88164354365374
H            4.67323795373005        0.88480960101204       -1.25089309037358
H            3.98515974145532        2.44801848307051       -0.75269063278416
H            3.23179887198405        1.42312898824691       -3.14460348726660
H            2.01343464965034        2.12715951977116       -2.07266552715374
H            1.01953731607800        0.02082012044778       -2.20259896845336
H            2.54946381124067       -0.78879853600054       -2.62136182446235
68
 energy: -106.565651065902 gnorm: 0.001433177722 xtb: 6.7.1-6.fc44.fc44
O            2.06979913147417       -1.59100070823332        1.27698617415358
O           -1.26820935391294       -4.21845469505742        1.36400176661284
O           -0.67459006291894        0.08784395662222       -0.71941152799125
O           -0.96816655619740        2.95445227961292       -2.58106803630197
O           -2.16583863841093        1.34304671391828        1.75740617018134
O            1.84518094101923        2.82594909057793        0.40251824278935
N            0.37528005739230       -3.43333018642463        0.07409471124386
N           -2.09488995182277       -1.30587891027825        0.32916487568223
N           -2.50167456154379        1.40746075487325       -2.07285784976083
N           -0.90850300031009        2.75968683103505        0.53083626468474
N            1.25442016320969        1.07289164871805        1.71833899521219
N            2.29477867663520       -0.35913200926542       -0.58382083367262
C            1.86001337281333       -1.43700532920602        0.07661299093529
C            1.08468138238276       -2.46818480806056       -0.74928227006423
C            2.04457170666907       -3.33267290250491       -1.58774491657022
C            2.26233725874064       -4.56313087696278       -0.71208463317977
C            0.87936246110989       -4.78502100962664       -0.12425142328158
C           -0.68073232367465       -3.26119263985240        0.89228995982016
C           -1.09199526757157       -1.82332271035714        1.24605276456200
C           -1.63643856896939       -1.79141213080053        2.66924528266310
C           -1.81340046412411       -0.27902543730338       -0.48136527033377
C           -3.01271181721350        0.41768770894928       -1.15029088379682
C           -3.91571639692952       -0.55377850396874       -1.90438669913538
C           -1.72795004231601        2.48323268572327       -1.76193111215983
C           -1.95268325353162        3.14734170512689       -0.39406490781230
C           -1.93134967227235        4.66335538643080       -0.57251511963375
C           -1.09749610314622        1.88929931356936        1.52309254237699
C            0.12606211012406        1.65681068904745        2.43133830905993
C            0.51051073180221        2.95372095111859        3.14615725047239
C            1.97143333021100        1.66555634796900        0.75696603578745
C            2.99995258219968        0.71775972001007        0.10569200269393
C            3.75060035179454        1.42055556351793       -1.01733301646572
C            2.75371987647083        1.33487976366965       -2.17172821918657
C            2.08640828950088       -0.03023732658667       -1.98473656498976
H            0.37660995515949       -1.91887460888629       -1.37747155463527
H            1.56631909736082       -3.61698334866597       -2.52643583123193
H            2.97722920592066       -2.81874960996737       -1.81030617758397
H            2.62356753326371       -5.42121971650932       -1.27394289745854
H            2.97019675501185       -4.33113177869757        0.08364186585216
H            0.22813783575599       -5.32912500290413       -0.81873074494573
H            0.87925116996714       -5.31356124623557        0.82957724168060
H           -3.05276480294032       -1.50209804276719        0.57451856938923
H           -0.23032601918608       -1.16300103050559        1.15196273758956
H           -0.83714991137826       -2.00307341070865        3.37387234101080
H           -2.40430602748607       -2.55340674698698        2.78422093119896
H           -2.05339577008008       -0.80875876215750        2.87642629767198
H           -2.25253195678428        1.02149672746990       -2.97768797468210
H           -3.57842637028793        0.91196456636226       -0.35306165859918
H           -4.38917586383797       -1.25736751159472       -1.22606808123030
H           -3.34241599642710       -1.11529969658793       -2.63977295625396
H           -4.69467061953422        0.00187409793242       -2.42131063873393
H            0.03337294125833        3.09431458185844        0.33371775171919
H           -2.90355425015040        2.82510489275678        0.04011390394125
H           -2.00769986349284        5.15415477003772        0.39448565293612
H           -2.76306323140668        4.97567933678571       -1.19829848650647
H           -1.00376998691443        4.95707652719182       -1.05741243651176
H            1.47824482681489        0.10328793892595        1.92185307323542
H           -0.18439006095045        0.91673381878306        3.17514477677306
H            1.29582910669376        2.75257903493983        3.87115908372873
H           -0.35571549624825        3.35422574794933        3.66686441049246
H            0.87293930642720        3.69137857719907        2.43677923330233
H            3.64552831757651        0.29396888042958        0.88147943279553
H            4.67232340363482        0.88571190853809       -1.25071203269727
H            3.98277180663775        2.44919139544902       -0.75287545251891
H            3.23208654496374        1.42295598597922       -3.14476287958633
H            2.01245225499649        2.12648574221652       -2.07430355464750
H            1.01938728045794        0.02076042629128       -2.20377122346784
H            2.54975799278466       -0.78976878288189       -2.62112525793557
68
 energy: -106.565654160237 gnorm: 0.001296480820 xtb: 6.7.1-6.fc44.fc44
O            2.06891617882120       -1.59119650621574        1.27668302193022
O           -1.26817059034081       -4.21897186546597        1.36305053578771
O           -0.67469742931958        0.08793964994668       -0.71756535694094
O           -0.96928877719399        2.95487795946302       -2.58269238590900
O           -2.16627450363360        1.34319781036501        1.75614718651063
O            1.84322752563724        2.82462593107244        0.40112207243059
N            0.37520675595296       -3.43367090122896        0.07304662271192
N           -2.09529545316166       -1.30650905807559        0.32965032641740
N           -2.50129032467572        1.40719621697959       -2.07276174401830
N           -0.90807935193881        2.76038552930929        0.53040141482231
N            1.25363311395629        1.07275659742457        1.71900687853903
N            2.29369951804816       -0.35927772026194       -0.58428299106608
C            1.85967962512420       -1.43744987701632        0.07607904219021
C            1.08426711495551       -2.46789577247653       -0.75018880616016
C            2.04434740051247       -3.33307544131452       -1.58784210373920
C            2.26215978970046       -4.56346991892032       -0.71200880578236
C            0.87949117600047       -4.78559456124157       -0.12427459395936
C           -0.68049619753133       -3.26164812772380        0.89171489370803
C           -1.09179265082787       -1.82383676087699        1.24596987624038
C           -1.63559234720659       -1.79185022305759        2.66937073447234
C           -1.81348656653714       -0.27935934606124       -0.48046337848830
C           -3.01228427306166        0.41785669489729       -1.14975691924999
C           -3.91492457737910       -0.55325761556107       -1.90446597235077
C           -1.72796532183753        2.48368277209853       -1.76296775705389
C           -1.95232453967772        3.14750925020978       -0.39456945099038
C           -1.93150240674663        4.66353391408151       -0.57232853198490
C           -1.09798774063603        1.88979412217482        1.52241722448663
C            0.12532141455514        1.65709399137164        2.43138822993447
C            0.51110271931352        2.95417520563067        3.14594610486819
C            1.97050187959359        1.66480819926897        0.75722780378357
C            2.99864314228582        0.71743395019444        0.10578708224170
C            3.74956879206244        1.42056249525362       -1.01693629300572
C            2.75296301899840        1.33503390623462       -2.17140871560739
C            2.08648960628095       -0.03058143407213       -1.98526800091827
H            0.37617227230391       -1.91807185899167       -1.37779895800878
H            1.56671298951340       -3.61709710689711       -2.52692986378675
H            2.97787199937176       -2.81943508376664       -1.80906355560657
H            2.62404818118804       -5.42174523922304       -1.27321569182915
H            2.96887734508840       -4.33164568521166        0.08483366694841
H            0.22917846710067       -5.33019950285522       -0.81912275877121
H            0.87982454269621       -5.31430153155821        0.82957911668567
H           -3.05302103413908       -1.50105638926681        0.57683000137206
H           -0.23103996799279       -1.16303362715515        1.15210639943707
H           -0.83422982464245       -2.00487693056114        3.37106362683692
H           -2.40316752360001       -2.55395286328508        2.78569341916313
H           -2.05354470674324       -0.80884348508853        2.87528456062656
H           -2.25224584107907        1.02141594653616       -2.97774725043466
H           -3.57696445204444        0.91173166468978       -0.35185420986901
H           -4.38845560937099       -1.25686832776676       -1.22621909711996
H           -3.34108265858020       -1.11496093483767       -2.63931330963362
H           -4.69359279328106        0.00222314622017       -2.42207260776606
H            0.03346065022235        3.09448956627912        0.33400600427432
H           -2.90303247564552        2.82677091708077        0.04002260811679
H           -2.00623413410643        5.15487591965520        0.39411353012033
H           -2.76280474636838        4.97691005292302       -1.19825313333176
H           -1.00375937180994        4.95688815055745       -1.05687151169397
H            1.47930565094878        0.10385890455201        1.92326961193391
H           -0.18577246414215        0.91802869246410        3.17570306762647
H            1.29586364887288        2.75331772991308        3.87215527571686
H           -0.35521512062644        3.35507779487619        3.66615218529004
H            0.87453155220457        3.69105498147376        2.43624813267823
H            3.64433616575326        0.29284899830699        0.88101374762333
H            4.67164949008827        0.88593817749819       -1.24911472326306
H            3.98124547302081        2.44975149272451       -0.75299351313880
H            3.23069885467870        1.42437783210999       -3.14457210989304
H            2.01143114445538        2.12627897819748       -2.07273617709127
H            1.01945265078547        0.02044501931447       -2.20460838667917
H            2.55115142205040       -0.78973787827341       -2.62112682169781
68
 energy: -106.565657746760 gnorm: 0.000435476060 xtb: 6.7.1-6.fc44.fc44
O            2.06941043264542       -1.59173430929776        1.27650971782155
O           -1.26850641176280       -4.21911908062482        1.36275653381361
O           -0.67433012260596        0.08754151958493       -0.71775049000916
O           -0.96902180361390        2.95615667231852       -2.58202144445386
O           -2.16680705572369        1.34298141197898        1.75624928045741
O            1.84332617993294        2.82478894043519        0.40100506034981
N            0.37486247164347       -3.43436639316894        0.07288067352064
N           -2.09519995269407       -1.30662049010355        0.32944696204488
N           -2.50066467404240        1.40757854405396       -2.07257735871107
N           -0.90876977862252        2.76092551195064        0.53113267288911
N            1.25292484645727        1.07315055073676        1.71884797801955
N            2.29310297954101       -0.35954899986079       -0.58439956287593
C            1.85944943873552       -1.43788600686022        0.07608699706003
C            1.08434534175931       -2.46893400396330       -0.74999928522599
C            2.04463124016860       -3.33365665371431       -1.58760788686360
C            2.26311402859138       -4.56346199298715       -0.71138448911567
C            0.87933530035595       -4.78592534872780       -0.12514074708522
C           -0.68077845334351       -3.26200528049686        0.89135449378072
C           -1.09158404263246       -1.82415813822965        1.24570749100216
C           -1.63493656097750       -1.79219441798448        2.66937771548499
C           -1.81321064281405       -0.27958226835127       -0.48066924896694
C           -3.01193512467880        0.41792306517432       -1.14990949762863
C           -3.91501252537577       -0.55340134118873       -1.90398419135705
C           -1.72787452501614        2.48439558698909       -1.76248162052169
C           -1.95262188832966        3.14834166775932       -0.39417943634158
C           -1.93079004970728        4.66439518984988       -0.57227491092209
C           -1.09861069051732        1.88998141101305        1.52275822022729
C            0.12492103816434        1.65774484075727        2.43157929559273
C            0.51056536674014        2.95485210809779        3.14584005508995
C            1.96961470246483        1.66455788740522        0.75647736822402
C            2.99817583486300        0.71712965196669        0.10555404791661
C            3.74946413293441        1.42011340048244       -1.01693146771493
C            2.75282445951632        1.33474458028773       -2.17147178332528
C            2.08639843657260       -0.03093137798524       -1.98547765647258
H            0.37641688913396       -1.91971825516488       -1.37837105889619
H            1.56776611900777       -3.61819326624526       -2.52673559051539
H            2.97774919936798       -2.81951815341843       -1.80870603750908
H            2.62545782945247       -5.42169427752630       -1.27272227943127
H            2.97053025416065       -4.33045484523337        0.08463419126096
H            0.22796995703647       -5.33011650923009       -0.81953113465817
H            0.87915280277901       -5.31402361718526        0.82895260023901
H           -3.05286496023869       -1.50073890221953        0.57684643234139
H           -0.23064638123018       -1.16331619144547        1.15170328928203
H           -0.83380632472982       -2.00510051820562        3.37190443879711
H           -2.40253856427869       -2.55409864330173        2.78575424473650
H           -2.05252076553074       -0.80940102994307        2.87596202346377
H           -2.25157243477033        1.02180198457336       -2.97756819198266
H           -3.57651245500888        0.91158614220215       -0.35190349503750
H           -4.38892785775449       -1.25680660689835       -1.22564805258469
H           -3.34145913289082       -1.11529253350031       -2.63887219256683
H           -4.69341605370685        0.00245820800205       -2.42150575135544
H            0.03339629977877        3.09502828530640        0.33481348533476
H           -2.90362465368691        2.82697391662227        0.03948576857582
H           -2.00666793325873        5.15503129317341        0.39468106987576
H           -2.76198573645385        4.97775466612234       -1.19833981293743
H           -1.00285760725908        4.95778087133594       -1.05672559905746
H            1.47791117562344        0.10407127977804        1.92286048286712
H           -0.18608921096165        0.91856501695869        3.17593920695607
H            1.29510423207056        2.75394915279631        3.87206195153704
H           -0.35555834055816        3.35658442037210        3.66527753343733
H            0.87428395907517        3.69134201899925        2.43593770733466
H            3.64350512846176        0.29238977606622        0.88101389987344
H            4.67132298803157        0.88572910690085       -1.24905333907232
H            3.98124523013058        2.44881562807285       -0.75229967443730
H            3.23063307437500        1.42429149312434       -3.14461284947611
H            2.01102498106605        2.12569631030992       -2.07253570353861
H            1.01951212274873        0.02002755960949       -2.20704805386664
H            2.55166973765338       -0.78990363106473       -2.62126447600765
