68
 energy: -104.850804188835 gnorm: 2.780318364654 xtb: 6.7.1-6.fc44.fc44
O            2.29987235998552       -1.64859905239778        1.28768019373091
O           -1.07527622211797       -4.06480485238419        1.48626585827539
O           -0.60859907437108       -0.01861517869727       -0.85795913791720
O           -0.99743545889149        3.04329998950067       -2.64553607563456
O           -2.08457753839981        1.39842278119577        1.88756978548469
O            1.96623947082184        2.81507251232994        0.10737926227787
N            0.38370032246706       -3.38178712085631        0.17198817139005
N           -2.03524806429600       -1.25204151062509        0.28732087259582
N           -2.47466679980406        1.44999552996028       -2.07147313533257
N           -0.76723689485597        2.85192717703646        0.39959522518509
N            1.34173021274176        1.20559787908202        1.72383305764767
N            2.38559449616995       -0.30482816561321       -0.57066655208195
C            1.97082915712413       -1.42708691278586        0.11215860755797
C            1.23675691872745       -2.50617782935178       -0.45108774824980
C            2.10209809469251       -3.33062336931949       -1.44168712095802
C            1.33927333607961       -4.95466305861073       -1.60447998703672
C            0.91329747566464       -4.64131884306351       -0.08039403051348
C           -0.44236000843302       -3.28773355356464        0.96708542475646
C           -0.96008353878882       -1.77822957226728        1.26820920322388
C           -1.33168935907675       -1.54930674641038        2.88437805807032
C           -1.73271621479510       -0.47911165499696       -0.17416140004560
C           -2.98145977617967        0.23538630295073       -1.04231742853058
C           -3.81651447990672       -0.83386591446978       -1.88842929035244
C           -1.78251287200773        2.53500830428107       -1.77903844073322
C           -1.94029919473813        3.28242988801402       -0.41360709821721
C           -1.97031121121191        4.59116591702336       -0.62227354040058
C           -0.93132114108521        1.96882629561809        1.44123547613373
C            0.11114728908850        1.93928392130163        2.55443754638991
C            0.44924449684979        3.01152550222245        3.16117124933097
C            1.96380777154273        1.59475300546843        0.71328770451186
C            3.23534910174706        0.81740940582531        0.02144817865759
C            3.62117773847847        1.53951664441285       -1.18388859933470
C            2.66373632484950        1.23999156972924       -2.36474112742483
C            2.19694003364565        0.19098065078259       -2.14005746559615
H            0.38168354989638       -1.83761878973987       -1.42577921446398
H            2.25227004783427       -2.93843305600649       -2.42641722956420
H            2.92527985860554       -3.65698863952730       -0.87248507967216
H            0.61880693970104       -4.70354376079781       -1.95318742578379
H            1.94574919083988       -5.53506791603383       -1.68876907824012
H            0.04600910215986       -5.46921601109033        0.05176980282318
H            1.82836180228413       -5.13818202051678        0.84373186172586
H           -3.01150334899789       -1.54366599995493        0.76519851200329
H           -0.20166047811336       -1.03433003994747        1.27641000952324
H           -2.47001295648737       -2.54702531362805        3.07520517160690
H           -1.91484891087318       -0.71263372969764        2.97133489015813
H           -0.77701453936660       -1.87141251757628        3.43694923794420
H           -2.30119985821720        1.01895503040544       -2.84145249140465
H           -3.54103101946583        0.93064231743667       -0.38695942259335
H           -4.28783456803265       -1.43494368436405       -1.16141544553581
H           -3.40102245517815       -0.96316459302346       -2.49160066725063
H           -4.50270445737972       -0.13045611422163       -2.37427079595738
H           -0.07751452082271        3.02610835151308        0.20824535100207
H           -3.06702537742188        2.76307685746726       -0.04749076903485
H           -1.96872347321907        5.19914755259704        0.28175172160206
H           -2.76254643444753        4.94411812966982       -1.23233869118184
H           -1.20694046049463        4.90942520467096       -1.04126088357622
H            1.51925587991420       -0.02436393174602        1.82802175962289
H           -0.25854572210706        1.11738759408415        3.19763431138303
H            1.11322963267268        2.83620394910345        3.81158379636648
H           -0.43004651142570        3.45567894304860        3.41508713108902
H            0.72516462738484        3.73393725449264        2.26145769860891
H            3.70606757069075        0.30427829366146        0.91293776325036
H            4.77317022924937        0.76792408209639       -1.42445899815773
H            3.97503039313485        2.51901598652350       -0.70706377913437
H            3.25684120183663        1.52413971904636       -3.11703184033410
H            1.81067290829866        1.96652953459179       -2.15993223084973
H            0.98955539625448       -0.16705065470030       -2.11550709465328
H            2.63621461602510       -0.85903231236685       -2.58905753057743
68
 energy: -105.883816613048 gnorm: 0.917992552402 xtb: 6.7.1-6.fc44.fc44
O            2.30058540777420       -1.64147971768237        1.29235363065318
O           -1.09658341362689       -4.08845078707022        1.50666774749610
O           -0.60596374144614       -0.01503131499072       -0.85372849743046
O           -1.00553165653359        3.03891855121891       -2.63899978754029
O           -2.07052239729332        1.40503174867835        1.87590736181291
O            1.95816312806809        2.80309234317518        0.11994879588782
N            0.41489625860081       -3.38607967985113        0.15092442386960
N           -2.06936634094956       -1.34509327672111        0.36511759226507
N           -2.48108655005146        1.44501780051000       -2.04986246675127
N           -0.84867631787753        2.82621149176951        0.42808338813655
N            1.33970238401665        1.19003517850138        1.72942508278523
N            2.38659523053660       -0.30974299142787       -0.57241495895144
C            1.97745115912928       -1.41874834135134        0.11104006253791
C            1.23181930564376       -2.49679808176225       -0.48893301578344
C            2.09886459733501       -3.34225245983573       -1.44502136431574
C            1.35135797639794       -4.91554746113223       -1.57141841177513
C            0.91451745402323       -4.67430337649618       -0.07240868427733
C           -0.46443662590541       -3.26827680507980        0.98496644994136
C           -0.95925761077157       -1.78009979944342        1.28676271583869
C           -1.37804910247542       -1.55847229578056        2.84670612722384
C           -1.69920389470887       -0.37786904734178       -0.26216117647501
C           -2.98169659500244        0.25473579254618       -1.04722486955402
C           -3.85752125637498       -0.80068439466696       -1.82129566175167
C           -1.77442762616919        2.53740577494477       -1.78224627744436
C           -1.95788441310463        3.24725706333315       -0.41263440782268
C           -1.98636618057410        4.60626735944247       -0.61220745362633
C           -0.95637736913844        1.96535541560364        1.45141723565244
C            0.10775495533750        1.89904425123147        2.52671734035552
C            0.45112391980167        3.03868600035530        3.14627378112180
C            1.97746061151995        1.61695897904216        0.70052674164604
C            3.21154835767313        0.80370015316803        0.03036002260252
C            3.64776098114693        1.53288752683533       -1.17476356440359
C            2.67295219396891        1.28470862547668       -2.35338345373056
C            2.16709495117212        0.11720864383399       -2.12154523747229
H            0.38856408464187       -1.84231487573847       -1.41596297368395
H            2.25416151178603       -2.93736316728383       -2.42630629664057
H            2.93305327656915       -3.65549666616068       -0.87271780089949
H            0.55978680200949       -4.68053075005135       -1.98026550710741
H            1.99470881430147       -5.57418585480334       -1.68815151406190
H            0.05057811653465       -5.46304411749471        0.05467437870454
H            1.81727244870544       -5.12916000588035        0.83125135080806
H           -3.01312128688179       -1.54984378159713        0.76813771401798
H           -0.19727329089832       -1.03192405953512        1.27116563729241
H           -2.45544639569578       -2.53497970406614        3.07284856363968
H           -1.92108263540538       -0.70055486300887        2.96917787268019
H           -0.74113589739176       -1.89138000045959        3.46723185533090
H           -2.29620082131503        1.00809571933458       -2.86233798319852
H           -3.54226469913469        0.92610354839629       -0.38467213400357
H           -4.29727402778332       -1.43884072034117       -1.15149785260551
H           -3.33573801901658       -0.98949021239800       -2.57506143656084
H           -4.51503547802189       -0.12870897469724       -2.36942414889671
H            0.00897342664861        3.04920455040866        0.18377509310695
H           -3.05370612660400        2.76857947734377       -0.04622677754926
H           -1.97254123678611        5.20123221617068        0.28778738790588
H           -2.77053845227349        4.94627480512564       -1.23511670669141
H           -1.17726043861227        4.92065951418813       -1.05828338357357
H            1.51727665478629       -0.00825043573858        1.82965714800096
H           -0.25730301712909        1.11377951358717        3.19764488470716
H            1.13305182172000        2.83920082505219        3.83035424311180
H           -0.44152122609191        3.46393921985357        3.42355589843238
H            0.72988017689463        3.73446171615678        2.26793812270576
H            3.70926314132437        0.30839937653962        0.90683356119488
H            4.76166618204747        0.77943846033905       -1.42433973776478
H            3.97339807057142        2.51586264444102       -0.71642593551195
H            3.26438016397258        1.53258236257622       -3.13248079631837
H            1.81392914229956        1.97334638723355       -2.16302898276598
H            0.99660546306059       -0.16263301678040       -2.11870078536655
H            2.63587057747447       -0.85481234295457       -2.58989612155557
68
 energy: -106.271643002352 gnorm: 0.513327946904 xtb: 6.7.1-6.fc44.fc44
O            2.29721829414216       -1.62231372659892        1.29294030430131
O           -1.11895116344756       -4.11404140486075        1.53270536268471
O           -0.63096575741884       -0.02722702975216       -0.81364371556388
O           -1.02227016640539        3.02879755818622       -2.62817320377976
O           -2.05571127548292        1.41626312561720        1.84832423280280
O            1.93052571253330        2.78640258275246        0.14919851476741
N            0.44163019661030       -3.39777192067549        0.14324384224107
N           -2.05831532843199       -1.34842675141014        0.38736547104546
N           -2.48534359434282        1.42032618093364       -2.02869566080030
N           -0.87499736997035        2.81119205023978        0.44222503750006
N            1.34080308529838        1.16479125154808        1.72917069608079
N            2.38675802534058       -0.32138592550051       -0.58182153478245
C            1.98708837556607       -1.41184220788697        0.10270920755806
C            1.21534223024791       -2.48308624782840       -0.55905709820210
C            2.09590903502856       -3.37124469830582       -1.45511847903966
C            1.36883805116372       -4.85358951241594       -1.53538691628784
C            0.91436714920479       -4.72924758282680       -0.05199578393605
C           -0.49230730913400       -3.24573219187371        1.00496426286842
C           -0.96960565821921       -1.76976015503462        1.31091013561557
C           -1.43974034281220       -1.61433937507283        2.82212459803906
C           -1.70646064238066       -0.36796392484566       -0.31720586091074
C           -2.97191205246124        0.28490698986304       -1.04798844029887
C           -3.84784916014377       -0.76088960135827       -1.80937306518885
C           -1.76694958681206        2.53033889130071       -1.78469086953238
C           -1.97726212522897        3.20350940565436       -0.41237555833032
C           -1.99678072369272        4.62549344332369       -0.60339632814123
C           -0.98930618431820        1.96662582572379        1.46631697320333
C            0.11931265239140        1.84391174011962        2.48432388089726
C            0.45745171370855        3.06347084639000        3.11744059535300
C            1.99939848805956        1.65012900250637        0.69400274569475
C            3.16306760260678        0.77861622152690        0.04498547770470
C            3.69749172039618        1.50442771741811       -1.15488245236805
C            2.67648539408620        1.30739635514077       -2.31496466307456
C            2.14483346507785        0.04489593627671       -2.08933308860336
H            0.41024992917749       -1.85988543467738       -1.38975213626747
H            2.26150706106579       -2.93865990717384       -2.42698914569732
H            2.95299392188275       -3.64678101672642       -0.87503989954252
H            0.51109867790379       -4.66328941384908       -2.00385072001648
H            2.03029747477393       -5.59226020728617       -1.68132165888896
H            0.05870244148075       -5.45378107385138        0.06601044309336
H            1.78501061593696       -5.10609891808992        0.79523843445155
H           -2.99277592672018       -1.53735910691879        0.75534538173331
H           -0.18812795574226       -1.02970504771693        1.25996356185534
H           -2.41221656820295       -2.49728799467723        3.06156376820962
H           -1.92443949317613       -0.68508999006989        2.96306547617280
H           -0.71648515720311       -1.90211088048680        3.47671926148175
H           -2.29066594093470        0.99455973498492       -2.88792030537456
H           -3.54758677349893        0.91547143711310       -0.37243997156881
H           -4.30052858390958       -1.44489032846581       -1.14840249280227
H           -3.30970430822611       -1.00471579778115       -2.59528197011567
H           -4.53559425621005       -0.12723826901330       -2.36526246060671
H            0.01424165224407        3.04933377807172        0.18407739101335
H           -3.01870081085261        2.78148453813483       -0.04259905924550
H           -1.98234678465169        5.20528396433606        0.30283215977062
H           -2.78794420303718        4.95125205907180       -1.23953030411647
H           -1.13811901998299        4.93163808872675       -1.08200786253081
H            1.51259207707859        0.03557497103703        1.83444599150367
H           -0.25150972645071        1.10290103341120        3.19538192167900
H            1.15834052979200        2.85111008084323        3.84845799674671
H           -0.45981361748745        3.47440306924396        3.43908005016055
H            0.74511525803734        3.73895899781336        2.28216503272804
H            3.71563832737394        0.31700983646462        0.89303867101440
H            4.72847683088687        0.81509619356004       -1.42273058484922
H            3.97330557755694        2.50587854514207       -0.74195832429343
H            3.26528644918661        1.53538936670746       -3.15437500183380
H            1.82280604432853        1.98465684583400       -2.16708777271582
H            1.01975850901168       -0.15057708124044       -2.12971192927782
H            2.63101960425816       -0.84166528395589       -2.59188651378323
68
 energy: -106.486725984447 gnorm: 0.201519644795 xtb: 6.7.1-6.fc44.fc44
O            2.29071049079143       -1.60419090480652        1.28416348082695
O           -1.12641235944732       -4.13171784903163        1.54756731046732
O           -0.62699278779762       -0.03154080986722       -0.78345086480745
O           -1.03958751087729        3.01494259190297       -2.61954303510602
O           -2.05971333122211        1.42247929809229        1.82496221074883
O            1.90444204628118        2.77426134928434        0.18561814513194
N            0.45967355886928       -3.40659867551315        0.15049754491016
N           -2.04859942744756       -1.34792217195038        0.41878498959098
N           -2.48913811990925        1.38506105212512       -2.01038764309944
N           -0.89757068962957        2.79842022604531        0.45495154945487
N            1.33828366265114        1.13656458141508        1.72869053495434
N            2.38489323871492       -0.33209052444068       -0.59400708750287
C            1.99164372900761       -1.41001220367994        0.09510022175810
C            1.17950385440224       -2.46323966865229       -0.63520294734224
C            2.08795777954228       -3.40286254300509       -1.46375527946276
C            1.38590831531344       -4.78654566446003       -1.49899416624470
C            0.92407778675364       -4.77106573046650       -0.02627576120103
C           -0.51876304458982       -3.22074638295078        1.02409094520075
C           -0.98638047632112       -1.77103056485198        1.34311796076860
C           -1.51372213646167       -1.68400770564889        2.80876243406552
C           -1.72554326656900       -0.35493320437437       -0.37907060143599
C           -2.96508248687625        0.32218345572572       -1.05888349502119
C           -3.83828737544930       -0.71441390488168       -1.80136621538737
C           -1.76459158395360        2.51832901824959       -1.78479734762077
C           -1.99862273687625        3.16939127996012       -0.41275788504031
C           -2.00166270319554        4.64555292950530       -0.59870044133885
C           -1.02251211989486        1.96153928596311        1.48388185901758
C            0.14839095502848        1.78805149629387        2.43887194025728
C            0.46344436733496        3.07996952869834        3.08709749359050
C            2.01308345038488        1.67379341560106        0.68609994035431
C            3.11338287521486        0.75431795042686        0.05681253265175
C            3.74925831097036        1.46909017051851       -1.13626715157996
C            2.68781480721294        1.32484729183747       -2.27187474217296
C            2.13413429942759       -0.01952002847704       -2.04919994845521
H            0.45683110098326       -1.90143860412481       -1.34159639273729
H            2.27293070935458       -2.94754814854854       -2.42927895740378
H            2.97362434004813       -3.62712279192100       -0.87871995949851
H            0.48338556701359       -4.66557672153746       -2.02573023274848
H            2.04233476497043       -5.59530363367275       -1.68081536556530
H            0.07258749844460       -5.44566642607502        0.07972170579023
H            1.73514957665430       -5.08173611247498        0.74362212268798
H           -2.98457720879329       -1.52956481672506        0.74929655782945
H           -0.18410377286175       -1.03769729119457        1.25240665340692
H           -2.34094644862467       -2.43770664041735        3.03263669030305
H           -1.91954233653246       -0.68117395296846        2.96130448972758
H           -0.70187652452910       -1.89884613127893        3.48111017527151
H           -2.28451320250327        0.98583386266478       -2.90848279221490
H           -3.55337144707749        0.90237435374933       -0.35334829019447
H           -4.29839319835747       -1.44010357290505       -1.15103465147769
H           -3.28104914558857       -1.03605820213508       -2.61776958418834
H           -4.56414294382653       -0.12407670658513       -2.35643867990781
H            0.02562946962068        3.05474520808839        0.18023146827987
H           -2.97689504238130        2.79486057345287       -0.03875554110495
H           -1.99397139125858        5.20660079258985        0.31857416168380
H           -2.80470257586826        4.95590841085024       -1.24203766631337
H           -1.10785737946973        4.93559672861551       -1.10131848275458
H            1.50250357663878        0.10020143290050        1.84056593597048
H           -0.23722933871859        1.09233848386227        3.19136812258261
H            1.17321159300156        2.86811853575627        3.85831536211340
H           -0.46998037390905        3.47578722322861        3.45615859512815
H            0.76643482022937        3.74638549488347        2.29631522993451
H            3.72242551814317        0.32638262924580        0.87512251019244
H            4.67392084747737        0.86789274904855       -1.41038922220860
H            3.97612139733310        2.48964002894189       -0.77211046526361
H            3.25338690856339        1.52680874177574       -3.17266019424591
H            1.83948898771348        1.99896489883953       -2.16724656302390
H            1.04461815025273       -0.13452595947604       -2.14366839466694
H            2.62682073892346       -0.82941116425013       -2.59579877870961
68
 energy: -106.541409229835 gnorm: 0.093454711612 xtb: 6.7.1-6.fc44.fc44
O            2.27694324796057       -1.59057925911217        1.27836211012895
O           -1.13465944145878       -4.14264048441916        1.56491835288419
O           -0.61090007588823       -0.02487139314103       -0.74883902254072
O           -1.05723651346808        2.99191153124810       -2.62294271940671
O           -2.10105756678469        1.41242358047247        1.80133235949493
O            1.85604749355943        2.79969571464827        0.22317966897215
N            0.46297805171697       -3.41383165460210        0.17403486251848
N           -2.04576150217784       -1.33878813743581        0.43427033488008
N           -2.48914808764470        1.35227957588155       -2.01455188098245
N           -0.90936252896194        2.79013323557409        0.46263618515286
N            1.33397782974347        1.13277689294155        1.72793219242747
N            2.37977214181396       -0.35175562184127       -0.59732765201764
C            1.99071602189116       -1.42493038726752        0.09190705236236
C            1.16258395045208       -2.46911982651257       -0.66944925866178
C            2.09899719485351       -3.41056272503532       -1.47220088407466
C            1.38417042606313       -4.75222694494203       -1.47610263178644
C            0.91698228804541       -4.78913349580714       -0.01568041094638
C           -0.54016530566964       -3.20988179668325        1.04709974533874
C           -1.00433750461417       -1.77509063415233        1.36293524967447
C           -1.52788417493179       -1.69652333381869        2.80080334746199
C           -1.74506892799338       -0.34346309296049       -0.41589745903079
C           -2.95996385366839        0.35064200190569       -1.07029248585915
C           -3.82892137863315       -0.67516466671330       -1.80968527558352
C           -1.76932940243886        2.49378175632345       -1.78358616778684
C           -2.00139002788831        3.15577513996142       -0.42025302263172
C           -1.99650615155481        4.65994467199770       -0.60477535350721
C           -1.04728083017062        1.95049628915604        1.49046465162476
C            0.17113829138278        1.74945568597194        2.40285621241663
C            0.46845301655542        3.08010655836276        3.06571042354400
C            2.01908364302893        1.68603474648366        0.69159626273502
C            3.07652678462049        0.73763382686430        0.06561107019839
C            3.75481303051103        1.45300879432161       -1.11006224726180
C            2.70401773786221        1.32449006822489       -2.23694256216562
C            2.13459407680461       -0.05919180725180       -2.01158486593659
H            0.48306915696174       -1.94932152478736       -1.30588886281636
H            2.29637970423020       -2.97042195729737       -2.44325250817004
H            3.01012421213826       -3.57836731917649       -0.88941596177343
H            0.46791271286582       -4.67513232929482       -2.05030167581079
H            2.04307839519804       -5.58611714667956       -1.68477456460178
H            0.06872093364793       -5.45242688911205        0.10882802203840
H            1.69112178664568       -5.05273238041504        0.69261810530375
H           -2.98769402553234       -1.51887528161408        0.73991099001370
H           -0.18374708368217       -1.05690523313133        1.24900105645588
H           -2.28926497494630       -2.40699048399317        2.98687968137769
H           -1.92134283475178       -0.69051292032557        2.96904767330569
H           -0.69892609441035       -1.89193273730740        3.48701870711543
H           -2.27365676180479        0.97112223052177       -2.92965886744120
H           -3.55548904695483        0.87727664741604       -0.31664393870691
H           -4.27891404554916       -1.41831636024658       -1.15919199051091
H           -3.25798594494205       -1.05598790983600       -2.63692230379592
H           -4.60171031758727       -0.12000112724317       -2.34706485034584
H            0.03068347310147        3.05777464728643        0.18260736338252
H           -2.94704384513959        2.80422187868743       -0.00831763897759
H           -2.01103390328228        5.20212179798646        0.33262514070120
H           -2.82016907861895        4.96291033242763       -1.23921009410952
H           -1.08476700416881        4.94275624343779       -1.11897972823066
H            1.49600320641396        0.15145868803267        1.86527816602628
H           -0.19833623763289        1.06546485422479        3.17504088091903
H            1.18685420910027        2.88919439522740        3.85507152520807
H           -0.46850363491507        3.46733537487774        3.46900387764011
H            0.80616640060036        3.77087303099089        2.30722529577623
H            3.72915953782041        0.33196156961023        0.85538000531421
H            4.64261838209609        0.91873588809352       -1.40090224203992
H            3.98743606178331        2.47714086960084       -0.80725550638095
H            3.23449048318720        1.50415090365152       -3.18129456536839
H            1.87270377251803        2.02043779815422       -2.15202906094621
H            1.05028774231251       -0.11331324628615       -2.17297810988998
H            2.63062731682850       -0.82917745533459       -2.61284415469260
68
 energy: -106.554126659956 gnorm: 0.071460933872 xtb: 6.7.1-6.fc44.fc44
O            2.25695426581788       -1.57813601964260        1.28895959147997
O           -1.14768929542950       -4.14189085838919        1.58281280864919
O           -0.61491909099940       -0.00802807577515       -0.72600995499962
O           -1.07045644984347        2.96597346491606       -2.63549072386900
O           -2.13385289434431        1.40712729767485        1.77820890968832
O            1.83003425104268        2.81906581843589        0.26554168658106
N            0.45983323916176       -3.42224026686499        0.19972563548913
N           -2.03500781761718       -1.32091262630787        0.44718256734138
N           -2.48759815753394        1.33141966429023       -2.02770253882562
N           -0.91712093949156        2.78071697891748        0.46691604868152
N            1.31671060706338        1.14346605042281        1.71856773643738
N            2.37159110838358       -0.36793241196900       -0.59298352287676
C            1.98676990401975       -1.44179432020631        0.09965186102208
C            1.16766161207185       -2.49157780277733       -0.66952685796771
C            2.11390953377837       -3.41494310749589       -1.47458379833838
C            1.37756265955725       -4.74223932453693       -1.46771072122813
C            0.88953739400514       -4.80202673462823       -0.01978187217128
C           -0.55572260791784       -3.20569401873247        1.06686727026847
C           -0.99794653173630       -1.76802595535151        1.36891850139791
C           -1.51226444896852       -1.67626463480690        2.79254807115313
C           -1.75217256896773       -0.32673564079957       -0.42608727199484
C           -2.95741761348220        0.35936776903406       -1.07996086774210
C           -3.82699150859853       -0.64783548470924       -1.83018248537783
C           -1.77649747818066        2.47318003662905       -1.78698873696322
C           -1.99583939661017        3.15052336210978       -0.42919375608867
C           -1.98834551686393        4.66704335259448       -0.61403346475094
C           -1.06907238134448        1.93487817212200        1.48663694923344
C            0.17328888473523        1.73099411161424        2.37938496080454
C            0.47187350435590        3.07721928569830        3.05011895028982
C            2.00142732082407        1.69094385662880        0.68942941301895
C            3.04604390242934        0.73777857492575        0.07036741066750
C            3.74374783232620        1.44851005177522       -1.09154649696606
C            2.71379481205598        1.31694385356594       -2.21652010321666
C            2.13315256163901       -0.08095313117778       -1.99058335552233
H            0.43133855359536       -1.95050630947722       -1.31732522403365
H            2.31406860982044       -3.00411674775669       -2.45823415661386
H            3.05128414810424       -3.53034060731685       -0.90731215649244
H            0.47099323095034       -4.67974250963985       -2.08307719620181
H            2.04020230353904       -5.57905292150840       -1.69071060294209
H            0.04560042102946       -5.46636320088553        0.13852374953467
H            1.70457052710701       -5.02747212304622        0.67550455838757
H           -2.98234188586715       -1.50366621293182        0.73584646322913
H           -0.16120618114396       -1.07107485298909        1.23404437557929
H           -2.32195757919036       -2.47333287816461        2.96882848892774
H           -1.90714178912491       -0.67547572960065        2.96969751732314
H           -0.68652442600664       -1.87109862920315        3.48567836635047
H           -2.26002128831198        0.95418328165278       -2.94468876840111
H           -3.54616313357953        0.84768703819905       -0.28603333191561
H           -4.25135834779856       -1.40137322763502       -1.17368774061782
H           -3.24853793606647       -1.06019484294083       -2.65940381226747
H           -4.64039389264462       -0.11155531142668       -2.33365283127111
H            0.03041467846174        3.05551948988093        0.19154757809428
H           -2.92478672008249        2.81681212748897        0.03395924361386
H           -2.02701346178818        5.19004036567883        0.34080610140314
H           -2.83062286094129        4.96917144098412       -1.23314962112492
H           -1.06998554360980        4.95069216260686       -1.13199152297583
H            1.51181200030224        0.17144845556102        1.91646113583721
H           -0.15102259487111        1.03229629894039        3.15683120764682
H            1.20127998120553        2.90800370554772        3.84068301973800
H           -0.45847381823391        3.46324623465890        3.47942506653362
H            0.84433254240878        3.79177965476773        2.32198062387936
H            3.72336607055523        0.34659061830138        0.84125537515722
H            4.66124612498948        0.93884869909551       -1.39042626349762
H            3.98093171737704        2.48061148689688       -0.83900036928432
H            3.21406378050295        1.47635204487632       -3.18541104343023
H            1.91068007691813        2.04439106469430       -2.12593442868866
H            1.05920349025065       -0.09992406411230       -2.19947861523102
H            2.62885911325457       -0.82906563159066       -2.62042098194594
68
 energy: -106.559522807660 gnorm: 0.056349704228 xtb: 6.7.1-6.fc44.fc44
O            2.23114213321759       -1.56035004039571        1.30287758697564
O           -1.15747294377379       -4.14444607460721        1.58825085314130
O           -0.61844169798014        0.01782972149696       -0.70539578352621
O           -1.07670019311356        2.95410171510626       -2.64623324996099
O           -2.14955061299921        1.39928170676356        1.76427413183737
O            1.82070463224414        2.83159688515015        0.28780794184154
N            0.45352082762606       -3.42193742576265        0.21501798734470
N           -2.02333384725738       -1.30860687609403        0.45098209180831
N           -2.48647189563653        1.33090569999875       -2.03865513967647
N           -0.91799437749984        2.77398819295136        0.46957952178215
N            1.30553298470739        1.15076534220847        1.70533464336297
N            2.35856290458664       -0.36721829625613       -0.58909026584417
C            1.96532535331447       -1.43719935236368        0.11233691947786
C            1.16819937881184       -2.49789059827250       -0.65397797401387
C            2.10730829052626       -3.40486273298754       -1.47241322603172
C            1.37677902223255       -4.75163623633666       -1.46770720530606
C            0.87991971790588       -4.79555311911850       -0.02907789388423
C           -0.56958288188164       -3.20743143571477        1.07246719507698
C           -0.98841919052160       -1.76362770875571        1.36868543074153
C           -1.50765852154083       -1.68335826472823        2.79290205973834
C           -1.75200828638137       -0.31309643200027       -0.42276728648548
C           -2.96013474654767        0.35311166370608       -1.09056657986951
C           -3.83643529964447       -0.64152365281260       -1.84812652787856
C           -1.78241395828936        2.46780259393521       -1.78918151713920
C           -1.98875937180160        3.15043510449244       -0.43111841887339
C           -1.98248644610908        4.66896821204560       -0.61887196463841
C           -1.08018895135931        1.92121780856103        1.48074901452838
C            0.16283364722417        1.72577744421493        2.37344479770798
C            0.47434598696112        3.07413948526864        3.04490484662656
C            1.99024780181190        1.69222143907163        0.68587962707907
C            3.03527198551868        0.74899736366737        0.06254573742864
C            3.73689576422986        1.45238051195082       -1.09313525297660
C            2.71966901204665        1.31230599604068       -2.21863296227641
C            2.12983237828682       -0.08614440518618       -1.99266750649637
H            0.44771912682947       -1.99099032142348       -1.32733777510538
H            2.30750762508222       -3.02811317579863       -2.47088428547243
H            3.05706825844715       -3.50334543494291       -0.92806116889442
H            0.48924286594108       -4.68795616614393       -2.11452970731387
H            2.04250585911071       -5.58261185005662       -1.69817193030061
H            0.04733268189124       -5.47380204722329        0.15839873315978
H            1.70036036900786       -5.04558704524975        0.67022643815894
H           -2.97357260834139       -1.49612569236250        0.73087449910029
H           -0.14145422295819       -1.08531454082511        1.22842433150783
H           -2.27403039122749       -2.39287715326817        2.95414213143529
H           -1.93234096684635       -0.70908110613149        2.98588168019703
H           -0.71037757518930       -1.90057501137211        3.49641536658085
H           -2.24827260750537        0.94853669144545       -2.94947353828567
H           -3.53342215641374        0.83213579411953       -0.28371931495779
H           -4.23323474704993       -1.40344565226405       -1.18704056357201
H           -3.25637156064644       -1.06633187255674       -2.67623416646284
H           -4.67012737101530       -0.10471115603972       -2.31222889673736
H            0.03121952771401        3.05639292824769        0.20326035035649
H           -2.92054670873794        2.82529260342851        0.05064913456909
H           -2.03744724598774        5.17702357555433        0.34488050483246
H           -2.83504664628851        4.97161931330250       -1.22589168295101
H           -1.06455663752132        4.95731236029434       -1.13567171694639
H            1.54338715200592        0.17828342577486        1.95613378875368
H           -0.12574872537364        1.01105653626937        3.15060396221376
H            1.21264155206896        2.92041926061674        3.83008747919071
H           -0.44297499391644        3.46832353576796        3.48597725293325
H            0.86849366301900        3.79634156136160        2.33135349126649
H            3.71236471115323        0.36839654305141        0.83141456567899
H            4.67513293333451        0.92481942389326       -1.34541812344420
H            3.96366037677136        2.49216329105316       -0.86223146050209
H            3.19879482031981        1.45359488227042       -3.19635238158177
H            1.94165670227897        2.06639458629178       -2.10961262975750
H            1.06231396814782       -0.08728174211169       -2.21494540602149
H            2.63175897943014       -0.82966092342024       -2.61725454564496
68
 energy: -106.561467461947 gnorm: 0.039861659281 xtb: 6.7.1-6.fc44.fc44
O            2.19971468941235       -1.54072177941581        1.31015050302585
O           -1.16019537223370       -4.14601829116117        1.59053293898995
O           -0.60716596815687        0.03844571735912       -0.68485096869023
O           -1.07860061126841        2.95749468466893       -2.64811612012694
O           -2.14736430951675        1.38886883281201        1.75988610006228
O            1.81889320808587        2.83755954214269        0.29116088629753
N            0.45020158025098       -3.42035101708900        0.22025969487906
N           -2.01545455222022       -1.30690957583889        0.44739663661665
N           -2.48425127578008        1.33709810939251       -2.04007478984826
N           -0.91557662595838        2.77325184196799        0.47318782432249
N            1.30858589950914        1.14835251698268        1.70249588373189
N            2.34560879914149       -0.35921940471654       -0.59043566637748
C            1.94169001974269       -1.42418141838614        0.11560080483399
C            1.16257722612267       -2.49509053888112       -0.64783838819676
C            2.10045992261529       -3.40148337917819       -1.46526254499436
C            1.38150864391006       -4.75361778665647       -1.46359685537073
C            0.88323975683715       -4.78886013084292       -0.02748658189067
C           -0.57736785122806       -3.20926736526700        1.07099464781128
C           -0.98753122670531       -1.76132568154315        1.37371649371906
C           -1.51253600731671       -1.67494921134167        2.80492225315909
C           -1.74802137238200       -0.31057734557115       -0.42202482457614
C           -2.96297661360804        0.34760887315611       -1.09715580245025
C           -3.84407231384899       -0.64738922513902       -1.85164459402376
C           -1.78243262321061        2.47079237169786       -1.78738306604436
C           -1.98593456057483        3.15015690213761       -0.42707960848181
C           -1.98191020558773        4.66718259597217       -0.61817873404787
C           -1.08071362631676        1.91837314133636        1.48246835208964
C            0.15666363260487        1.72657752745503        2.38045758829079
C            0.48091642245962        3.07299531179052        3.04832658837551
C            1.99382601608493        1.69696492125443        0.69088214597926
C            3.03320913873528        0.75608260127051        0.05505258696108
C            3.74207339442522        1.45029288148553       -1.10054120377388
C            2.72487439205766        1.30922332485637       -2.22796157859497
C            2.12709003338372       -0.08557100065112       -2.00282818575672
H            0.47539361507415       -2.00643524541264       -1.30140053053437
H            2.29396900227653       -3.03704615276503       -2.47054491562769
H            3.05243084034735       -3.50345992579883       -0.93747456200558
H            0.50801678809845       -4.68657821473996       -2.12596190580662
H            2.04606368272748       -5.58219410068776       -1.69849816954968
H            0.05244666589336       -5.47081425084374        0.15509060576400
H            1.67637100202116       -5.06967597843733        0.66357591157467
H           -2.96706990350070       -1.49634534963760        0.72236522341760
H           -0.13563342944999       -1.09362473443880        1.23067440066416
H           -2.27771265955238       -2.45405221226629        2.91766014177917
H           -1.90319535674276       -0.67144698305042        2.98521258380926
H           -0.70955403968959       -1.89005401956530        3.50413243734892
H           -2.24138243512469        0.94963106483919       -2.94631434155220
H           -3.52969787601500        0.83476027417672       -0.29968005843214
H           -4.22537886740337       -1.41924298925368       -1.19254899011892
H           -3.26734080488011       -1.07401127407866       -2.67987387830249
H           -4.68513854175230       -0.10758580856012       -2.29070474970346
H            0.03267589338741        3.06436094665191        0.21501006313396
H           -2.92280056017914        2.82319862300945        0.03044275123324
H           -2.04123656850562        5.16897045695441        0.34571841486603
H           -2.83446117631773        4.96851379335453       -1.22363825744416
H           -1.06583888549828        4.95923798855044       -1.13199386611977
H            1.54471343690049        0.19020445877089        1.94005398413739
H           -0.12876826013434        1.01028973015695        3.15689192152433
H            1.22300886023741        2.92441458273866        3.83002230363960
H           -0.42635530183155        3.47779460524929        3.49064116193543
H            0.87720014945587        3.78519395292719        2.33151350616475
H            3.70244099854658        0.38023671479024        0.82993741692722
H            4.66224077145047        0.91752194529177       -1.31564422553830
H            3.95937801313739        2.49135040522674       -0.87096278344277
H            3.19424811152471        1.43694690576702       -3.20710432860073
H            1.95702617249774        2.07439556743416       -2.11198493492512
H            1.06017842176203       -0.08203559462732       -2.22409224322556
H            2.63640918822246       -0.83296807099523       -2.61146645528562
68
 energy: -106.562919590937 gnorm: 0.029856271846 xtb: 6.7.1-6.fc44.fc44
O            2.17667042678733       -1.53137057538544        1.31421751439463
O           -1.15784855278450       -4.14597686875735        1.59061408518484
O           -0.60617875072283        0.05099407487370       -0.68999222022536
O           -1.07895312915753        2.96363078277484       -2.64833698209490
O           -2.14441833183637        1.38040271537017        1.75909928189320
O            1.81884305497748        2.84093060400466        0.28958999128486
N            0.45566058760173       -3.42792866381095        0.22150057741744
N           -2.00743615910543       -1.30664774859942        0.43836679830633
N           -2.48184090174433        1.33987424507082       -2.04154991197418
N           -0.91589699474630        2.77596982267318        0.47647158919947
N            1.30313889015797        1.14473751315075        1.70079560087128
N            2.33946450508536       -0.35816186794408       -0.59010576757021
C            1.93509156704941       -1.42367367434173        0.11316383452244
C            1.16541157357230       -2.50107163042238       -0.65072170499184
C            2.11021184749116       -3.40910388836366       -1.46086956333857
C            1.38463311466464       -4.75001153162546       -1.45961609239300
C            0.88341090597930       -4.79785496035043       -0.02281110547656
C           -0.57348893868170       -3.21416847545246        1.06760599061731
C           -0.98063184069924       -1.76363097637578        1.36425613561589
C           -1.51124773000558       -1.68590539285880        2.79557718637214
C           -1.74311650790198       -0.30897744985696       -0.42628506819409
C           -2.96224395317257        0.34969369381598       -1.10007873902543
C           -3.84241934028979       -0.65026037260250       -1.84962139806511
C           -1.77947347279309        2.47237203787396       -1.78716501544535
C           -1.98601018737375        3.14930015252997       -0.42574381551810
C           -1.98307712485580        4.66466858150980       -0.61790574276920
C           -1.08132349595623        1.92227720246312        1.48765931187461
C            0.15402326847054        1.72954112166814        2.38810973800634
C            0.48951508553638        3.07159356150964        3.05339090129751
C            1.98901299139979        1.70056490193882        0.69410718269056
C            3.02737602468873        0.75641336255101        0.05942201381609
C            3.74500659069986        1.44410739817180       -1.09599695311061
C            2.72892521598310        1.30471668643566       -2.22789378943943
C            2.12719690323774       -0.08696213434333       -2.00458478002682
H            0.43032518473977       -1.97605188573852       -1.28457354388143
H            2.29251053272591       -3.03607235748972       -2.46503356983792
H            3.06543136534822       -3.50713671365443       -0.94094680570044
H            0.52016438187423       -4.68188090650650       -2.12763934249028
H            2.04473914848122       -5.57922644988443       -1.69922140075781
H            0.03669053377804       -5.46848055946877        0.13463544459235
H            1.69285729058475       -5.05303839078780        0.66299143815217
H           -2.95693336440252       -1.49616780580399        0.71705124725706
H           -0.12987155332008       -1.09829859812312        1.22439279592225
H           -2.30444703766502       -2.42096822813215        2.96399951373414
H           -1.91254506391137       -0.69014505197615        2.97521988466731
H           -0.70220863868233       -1.89131785035385        3.49482054300277
H           -2.23760862342783        0.94983560951816       -2.94554326115310
H           -3.53201316626040        0.83992338495275       -0.30799880811652
H           -4.21422740719223       -1.43124292437789       -1.19428304225878
H           -3.27001037227764       -1.07685808397787       -2.67804758581896
H           -4.69219927188737       -0.11628773785904       -2.27737600771500
H            0.03091235780840        3.07488721241445        0.22538481427616
H           -2.92502689208107        2.81977985370560        0.01826701990583
H           -2.04168569455789        5.16410720881535        0.34504533305756
H           -2.83266153384474        4.96482860226677       -1.22563192841317
H           -1.06856490037652        4.95882719586716       -1.12856869642615
H            1.53937121581121        0.19721883692822        1.92895293111626
H           -0.13825764246059        1.01544680943762        3.16289945615688
H            1.23355947842484        2.92179775313708        3.83196349778775
H           -0.41117433872342        3.48489758178034        3.49787859982714
H            0.88165540378430        3.77394685102179        2.32797495805640
H            3.69427215462911        0.37859986829577        0.83734314274376
H            4.66485787331559        0.93044417181025       -1.33273689198437
H            3.96068944745853        2.48350955606948       -0.86517175044474
H            3.19317682068050        1.42359353244024       -3.20699915136335
H            1.96054459064063        2.07023955065557       -2.11719117827995
H            1.05985987537891       -0.08964227840419       -2.23369455986898
H            2.64150531050016       -0.83791034708347       -2.60874613184623
68
 energy: -106.563708186785 gnorm: 0.022275442959 xtb: 6.7.1-6.fc44.fc44
O            2.16387879217050       -1.52453978981547        1.31976938401874
O           -1.16014639709591       -4.15265652787896        1.59079197935820
O           -0.61382472026465        0.05097999511132       -0.69549002937146
O           -1.07980149752348        2.96631238071073       -2.64994390078260
O           -2.14415124650399        1.37920626275763        1.75949498440362
O            1.82007976771707        2.84473499193434        0.28479708789253
N            0.45534387303631       -3.43147100118808        0.22565096655568
N           -2.00817451286749       -1.30667281140177        0.43705642730584
N           -2.48031697111518        1.33845210658777       -2.04531181893061
N           -0.91972961794666        2.77897778423913        0.47831584191856
N            1.28893586050587        1.14731236491607        1.69228604787707
N            2.33435888142391       -0.35683355404500       -0.58574010124606
C            1.93025489459184       -1.42106845332692        0.11677446610016
C            1.16141571770924       -2.49978817550716       -0.64688963923224
C            2.10411961581536       -3.40176516348983       -1.46278889688960
C            1.38619580069038       -4.74597477255018       -1.45829788539777
C            0.88051761762473       -4.80154656793261       -0.02260249055781
C           -0.57558431836908       -3.22056313158908        1.06873561365355
C           -0.98755382727947       -1.77097671868330        1.36533942553795
C           -1.50910779106259       -1.67251372786774        2.79314458648909
C           -1.74267615199754       -0.30910019839202       -0.42362844580671
C           -2.95781147313055        0.35294259482122       -1.10009238888541
C           -3.83653424986348       -0.64850543210331       -1.84757303442005
C           -1.77776844590737        2.47129439006111       -1.78967786292433
C           -1.98745632360978        3.14808989246575       -0.42780750096386
C           -1.98476683314249        4.66294871040532       -0.61900543776028
C           -1.08451128647359        1.92727615466841        1.49090202148123
C            0.15231022152880        1.73443693190362        2.39037995583193
C            0.49992082021630        3.07116468702694        3.05516991267102
C            1.97733393033660        1.70498407686424        0.68953945684054
C            3.02105290990141        0.75758556757619        0.06540819035175
C            3.74307851889822        1.44262983815013       -1.08885169776235
C            2.72951476926591        1.30161978678102       -2.22392179977954
C            2.12738073052671       -0.08867520211324       -2.00022145554310
H            0.43623979319251       -1.99511029106314       -1.31605832001904
H            2.27850767270141       -3.01862410872380       -2.46500922829537
H            3.06446789898757       -3.49096938813595       -0.94768118356704
H            0.52543841210803       -4.68737519319752       -2.13096655429836
H            2.04612211758930       -5.57313209878640       -1.69969639388404
H            0.03502488367390       -5.47247834741102        0.13092201381115
H            1.69058675396049       -5.05594411305368        0.67301834954748
H           -2.95841384992464       -1.49168282917838        0.71627509119011
H           -0.13537026258345       -1.10861022172082        1.22720195625638
H           -2.27691665397900       -2.42685098155484        2.92625008276286
H           -1.91624644372444       -0.68137665032086        2.97141481984840
H           -0.70144195280702       -1.87676943036742        3.49414705434513
H           -2.23480283825192        0.94647067601285       -2.94807420089282
H           -3.53217094720342        0.84075647554696       -0.30635490556446
H           -4.19944227119965       -1.43491983662127       -1.19346610953474
H           -3.26716128024656       -1.07802285811386       -2.67517707742305
H           -4.69534265915290       -0.12500626558253       -2.27069617105280
H            0.02592115796504        3.08465754266300        0.23351841929358
H           -2.92676615287771        2.82003319797570        0.02855567920033
H           -2.04199451783633        5.16037060002611        0.34479976426245
H           -2.83290813923402        4.96301891722910       -1.22775713923154
H           -1.07101855545513        4.95881019215934       -1.12788248335616
H            1.55337084588376        0.19625417075576        1.95061734221144
H           -0.14002758971842        1.01883565941750        3.16323971570530
H            1.24772389247130        2.91755610242365        3.82906947895060
H           -0.39548524635507        3.49043671086437        3.50738012324215
H            0.88887748146779        3.77052264790907        2.32400292747771
H            3.68806646740456        0.37476082094487        0.84358611294796
H            4.68069257713537        0.92965344748564       -1.34131447903821
H            3.95422309829487        2.48381682212734       -0.85864600010862
H            3.18930460263089        1.41218098393650       -3.20462175227732
H            1.95794332407210        2.06414205603069       -2.12092504698934
H            1.06339945155704       -0.10118377727978       -2.23850604574093
H            2.64549647809713       -0.84127826470342       -2.60279175420820
68
 energy: -106.564167771956 gnorm: 0.018021933572 xtb: 6.7.1-6.fc44.fc44
O            2.15233758345985       -1.51531076612680        1.32178441680238
O           -1.16316205147000       -4.15219035676606        1.58796284630466
O           -0.61056586197366        0.06105628138469       -0.69355000667972
O           -1.08055040998096        2.96710365493324       -2.64999209486887
O           -2.14390268007714        1.37933286829509        1.75932661080173
O            1.81774205212928        2.85118612436700        0.28500940302197
N            0.45547960449949       -3.42934729837914        0.22652194349276
N           -2.00420031432445       -1.30258769358620        0.43181821442243
N           -2.47903411346289        1.33612021739081       -2.04892127464052
N           -0.92222524080077        2.78082219135516        0.48060205579881
N            1.28469580195847        1.14940722075390        1.68732773773738
N            2.32789116452643       -0.35252521094711       -0.58426240418501
C            1.92165252784194       -1.41387877830257        0.11941259290196
C            1.15777916539921       -2.49486932172194       -0.64607147252582
C            2.10130998766471       -3.39298352326351       -1.46458302437644
C            1.39216662139695       -4.74610737006177       -1.45836080791559
C            0.88047536872552       -4.79897727935967       -0.02723786940521
C           -0.57812897486279       -3.21995311099066        1.06607843469210
C           -0.98531777717244       -1.76903826096085        1.35972007995211
C           -1.51366594545228       -1.67805790932218        2.78424437937362
C           -1.74090497927386       -0.30473457216896       -0.42739111398778
C           -2.95673670901708        0.35410875488772       -1.10354311929002
C           -3.83488680042831       -0.64830108578754       -1.84820499639689
C           -1.77757941166169        2.46966512328070       -1.79096935917181
C           -1.98813133705230        3.14654410419497       -0.42854874088447
C           -1.98699995979421        4.66190428771261       -0.61911061973129
C           -1.08555397981289        1.92863931827951        1.49244230804252
C            0.15448057042131        1.73655020963749        2.38954445426574
C            0.51181089332836        3.06979476855952        3.05526763099167
C            1.97494759726547        1.71094783068176        0.68903335578787
C            3.01736705556424        0.76098867104776        0.06357866314643
C            3.74155327770923        1.44536226456646       -1.08861362719124
C            2.73105008194937        1.30024605437110       -2.22457831456599
C            2.12784216208433       -0.08952790336768       -1.99847327450244
H            0.44277019960993       -2.00820948114651       -1.31321398752951
H            2.27096952182315       -3.01021659042004       -2.46855137437527
H            3.06447270378741       -3.47441834017394       -0.95315784682090
H            0.53569699461290       -4.70071947309915       -2.14028843471211
H            2.05260537915992       -5.57206821596641       -1.69986620568706
H            0.04252694741519       -5.47538853513855        0.13402366982053
H            1.67319779416238       -5.07721522120987        0.67495561189127
H           -2.95651520577593       -1.48728336658576        0.70743169745199
H           -0.13010555574116       -1.11065430797842        1.22320198964736
H           -2.28639343101994       -2.42257777599650        2.96869692861159
H           -1.92269762766324       -0.68817112995347        2.96088663847446
H           -0.70405407343919       -1.87730309549484        3.48557936808788
H           -2.23099806107065        0.94302501432721       -2.95089378698874
H           -3.53143962490245        0.84032193537230       -0.30702217490352
H           -4.18700704949025       -1.43719503696490       -1.19191288774847
H           -3.26744869076785       -1.08556803112995       -2.67413877349041
H           -4.70055694091264       -0.13400660385848       -2.26617692815806
H            0.02222927963739        3.09427035235302        0.24166677498934
H           -2.92615121871640        2.81761620586292        0.03369525912077
H           -2.04624302032673        5.15682126001869        0.34656284664049
H           -2.83578205002767        4.96096736810165       -1.22789619897703
H           -1.07351196346051        4.96017970230645       -1.12685867888128
H            1.54539361692407        0.19698637690564        1.94570103926328
H           -0.13455914786469        1.01789028781148        3.16093916442265
H            1.26397704647928        2.91438838954647        3.82506314995977
H           -0.37848068925523        3.49362130011192        3.51611173643124
H            0.90103022503601        3.77069753211130        2.32278294291560
H            3.68290167373626        0.37537270392015        0.84217449239624
H            4.67363635857207        0.91521328391587       -1.31170456016989
H            3.94979075644933        2.48802537322724       -0.86101751047168
H            3.18552791952624        1.39998948347133       -3.20871914183710
H            1.95970602981594        2.06308765806959       -2.12494323064655
H            1.06624646828582       -0.10443321040602       -2.24238703290278
H            2.65190507254419       -0.84319565970727       -2.59390151543640
68
 energy: -106.564499482518 gnorm: 0.016159515132 xtb: 6.7.1-6.fc44.fc44
O            2.13899270173656       -1.50938911700999        1.32438632066242
O           -1.16715683886344       -4.15414091627635        1.58680151502805
O           -0.60356151194771        0.06428614088248       -0.68681648374851
O           -1.07906205955916        2.96900264063321       -2.64782494201964
O           -2.14292582465241        1.37969939609567        1.76048499849185
O            1.81624645860875        2.85530740289737        0.28758866767965
N            0.45354346447242       -3.42907949410620        0.22802973133175
N           -2.00260888397165       -1.30180708546415        0.43016131269143
N           -2.47709879845098        1.33555290535530       -2.05048679686800
N           -0.92309010553000        2.78283894209560        0.48343099799321
N            1.28484465772838        1.14897828514095        1.68711538455264
N            2.32046536815665       -0.34980848856216       -0.58288308028823
C            1.91100357395997       -1.40876000160712        0.12202585604930
C            1.15242008989263       -2.49253817812939       -0.64435487314471
C            2.10150909330302       -3.38847301128907       -1.46185230979713
C            1.39850442352653       -4.74615478314002       -1.45737308912177
C            0.87813000313244       -4.79821081589359       -0.03035444819217
C           -0.58218530346035       -3.22178042978573        1.06474704393294
C           -0.98742440037526       -1.76975906833550        1.36201299720091
C           -1.51273447257131       -1.67530631687557        2.78880179317632
C           -1.73883067346344       -0.30501527137888       -0.42732799210110
C           -2.95542538487766        0.35094924082867       -1.10665203148168
C           -3.83517909967787       -0.65298206273427       -1.84726666996974
C           -1.77665028315206        2.46965564813446       -1.79052374863728
C           -1.98843047356057        3.14575005749542       -0.42735106085949
C           -1.98992760887292        4.66073531141988       -0.61802399215907
C           -1.08501285777996        1.93016577818502        1.49480813018855
C            0.15556112656568        1.73985053746615        2.39170380458238
C            0.52299268536205        3.06945535037644        3.05666270636864
C            1.97559342700854        1.71454739521332        0.69240069209020
C            3.01428647613251        0.76269314813646        0.06136138692208
C            3.74041878972733        1.44486844326400       -1.08994957931770
C            2.73366576153531        1.29619659839721       -2.22773612618904
C            2.12909045084684       -0.09187181316831       -1.99976636137046
H            0.42201654921516       -1.99201696646596       -1.28412859501837
H            2.26596518534666       -3.00954944350483       -2.46867222811746
H            3.06418174590991       -3.46734647327467       -0.95358792209704
H            0.54824382413026       -4.71203407350206       -2.14818287150219
H            2.05954013459770       -5.57073600680210       -1.69892908507832
H            0.03637581041143       -5.47378107536881        0.12362324802086
H            1.67895740754390       -5.07727590345610        0.66857013596127
H           -2.95755252867566       -1.48403242360681        0.70139292962306
H           -0.12932849583102       -1.11459466135619        1.22604025078137
H           -2.28311455383770       -2.42379381640933        2.93035999067604
H           -1.92038501292775       -0.68312976486037        2.96277553642541
H           -0.70369914685817       -1.87329615750947        3.48985262112279
H           -2.22716302990290        0.94140985190200       -2.95156385903182
H           -3.52784543697379        0.84200251333340       -0.31317981584108
H           -4.17928592405057       -1.44165621496357       -1.18808155760540
H           -3.27013689230004       -1.09825834870228       -2.67055262339179
H           -4.70146796450642       -0.14330320914634       -2.26162630813231
H            0.01938004109549        3.10416825339430        0.25076482943287
H           -2.92653341720359        2.81285158410481        0.02527600837118
H           -2.05183211244672        5.15482495678085        0.34798602345398
H           -2.83837227252220        4.95832694813702       -1.22813008703954
H           -1.07681681358526        4.96180360968432       -1.12405827880008
H            1.52726299964873        0.19706023256161        1.92502922761273
H           -0.13326276875365        1.01985727830524        3.16253981355937
H            1.27927094999318        2.91172297651692        3.82200813362245
H           -0.36154867487356        3.49864230539409        3.52359149569323
H            0.91138304621417        3.76972526840260        2.32205730840227
H            3.67499160978527        0.37625356710922        0.84309242771065
H            4.66530284836191        0.91464155854343       -1.29821929545679
H            3.95127118597552        2.48665539868281       -0.86381814489301
H            3.18585762356979        1.38595346496738       -3.21273945757155
H            1.96319380286155        2.05982904098441       -2.12880105202082
H            1.06731992590070       -0.10744524978501       -2.24697654189421
H            2.65954099020828       -0.84769573156187       -2.58560596304971
68
 energy: -106.564760738856 gnorm: 0.010480296143 xtb: 6.7.1-6.fc44.fc44
O            2.13528931690682       -1.50930563141680        1.32805149800850
O           -1.16990508003102       -4.15398749883097        1.58545501615972
O           -0.60684672771377        0.06249713061557       -0.69522501806888
O           -1.07638799320512        2.97044806281096       -2.64603772677411
O           -2.14428969960633        1.37956121647385        1.76245510854852
O            1.81633105497439        2.85649528269799        0.28845395380017
N            0.45503990747051       -3.43089226525055        0.22989198806849
N           -2.00137518689423       -1.30050701958518        0.42952158927004
N           -2.47662231097273        1.33655099887948       -2.05122061787423
N           -0.92468071934286        2.78463314873666        0.48503722684374
N            1.28077944488462        1.14930074642999        1.68652230373262
N            2.32047471371992       -0.35072547416990       -0.58067227913439
C            1.91207025940597       -1.41010809900125        0.12382681177586
C            1.15159176000380       -2.49309132289004       -0.64243904142855
C            2.09974858733077       -3.38603336564511       -1.46336053173572
C            1.40021462907137       -4.74106682989680       -1.45729636606695
C            0.87811933776774       -4.80006589419538       -0.02989627525292
C           -0.58220954579074       -3.22327291495475        1.06425790402183
C           -0.98615461695035       -1.76986392176651        1.36022183766680
C           -1.51687475489524       -1.67696266259100        2.78707169963268
C           -1.73760609944217       -0.30449723949998       -0.42762721157067
C           -2.95510526557445        0.35056381007456       -1.10724983102095
C           -3.83349241714614       -0.65706859668053       -1.84448111828528
C           -1.77528183829065        2.47048599143100       -1.79023503714520
C           -1.98974365403388        3.14601105995224       -0.42681433451369
C           -1.99255330679697        4.66048880625567       -0.61742324165658
C           -1.08663544330282        1.93338604696420        1.49801337750924
C            0.15363131925659        1.74354594994028        2.39492809343487
C            0.52820499187211        3.07087945254015        3.05788248246569
C            1.97135309696087        1.71493026591933        0.69217090759952
C            3.01163489397165        0.76341893744122        0.06463194398666
C            3.74054022488089        1.44172374444865       -1.08764788547493
C            2.73632622657308        1.29212740715960       -2.22757462750403
C            2.13255149715565       -0.09526704007356       -1.99934150229709
H            0.42664785519448       -1.99263392459735       -1.29185315001036
H            2.25919648983210       -3.00599635840519       -2.47032195375409
H            3.06266209890614       -3.46316732386591       -0.95672653547915
H            0.55346568701741       -4.71397057564662       -2.15027185744726
H            2.06207360010952       -5.56450663976296       -1.70121640819798
H            0.02999902403097       -5.47133801538052        0.11300847807579
H            1.67135858927099       -5.07507825382180        0.67046186924497
H           -2.95480128323933       -1.47985765517505        0.70367619627892
H           -0.12849935223069       -1.11421961379047        1.22616037849384
H           -2.28812942025698       -2.42891655009452        2.93816937187440
H           -1.92254471676166       -0.68216190929697        2.95856629231554
H           -0.70792250630792       -1.87274117107661        3.48801260579801
H           -2.22641797618098        0.94231131146804       -2.95207847794127
H           -3.52757924737371        0.84415042153103       -0.31584052904746
H           -4.17411942260130       -1.44637355208750       -1.18365297117491
H           -3.27059991577040       -1.10583581732541       -2.66604955871782
H           -4.70086061567805       -0.15085393674501       -2.25893809813572
H            0.01629454886136        3.11033870011655        0.25643811912613
H           -2.92873112819117        2.81245303002470        0.02046780478952
H           -2.05537267200312        5.15548532824330        0.34784891782878
H           -2.83999276478774        4.95744231183491       -1.22912105861264
H           -1.07939602326025        4.96269587223631       -1.12232945542030
H            1.53029863594994        0.19683866311754        1.92702441249527
H           -0.13738216219247        1.02487393093624        3.16697090210995
H            1.28755697989206        2.91007516291779        3.81939888169869
H           -0.35235334859158        3.50346589863368        3.52857965463179
H            0.91410522558186        3.76883032898170        2.32099362753935
H            3.66978555435398        0.37794047232852        0.84933945382380
H            4.67256414033974        0.92778255332825       -1.31596867718343
H            3.95275129334353        2.48357809117462       -0.86258329310188
H            3.18944553586341        1.37814576250305       -3.21145923741990
H            1.96422882302178        2.05418138952635       -2.13060544996612
H            1.07083381537573       -0.11428768340881       -2.25179469537236
H            2.66497266271461       -0.85174287395500       -2.58407060825836
68
 energy: -106.564880440548 gnorm: 0.007981914948 xtb: 6.7.1-6.fc44.fc44
O            2.13562900915988       -1.50955780082266        1.32892899265991
O           -1.17307430561544       -4.15399009404221        1.58190132347592
O           -0.60489632243232        0.06074167719313       -0.69655442311773
O           -1.07392199822405        2.96990634817883       -2.64497693552660
O           -2.14342667206990        1.38045225083874        1.76506415025288
O            1.81726578555998        2.85861863400506        0.28774178150361
N            0.45602176882228       -3.43093521003677        0.23009190742450
N           -2.00206381981994       -1.30053505164917        0.42788120653488
N           -2.47718488970541        1.33650561565411       -2.05247890266600
N           -0.92655925224492        2.78615258766017        0.48527716237250
N            1.27842455373254        1.15152865209259        1.68446671009236
N            2.32172280937565       -0.35099181768329       -0.58010715817460
C            1.91442208289839       -1.41068623556664        0.12407795794536
C            1.15004407808730       -2.49181369952585       -0.64235656889678
C            2.09767973097560       -3.38267903147287       -1.46644643433060
C            1.40189527360826       -4.73841098984679       -1.45733027884883
C            0.87781753918744       -4.80058968744872       -0.03129154032400
C           -0.58291280880325       -3.22364263431191        1.06262263825723
C           -0.98857284735365       -1.77099769865541        1.35943200137935
C           -1.51843700035485       -1.67666874434167        2.78523454419385
C           -1.73710704171143       -0.30541369773647       -0.42892786590861
C           -2.95412894461412        0.35206772004064       -1.10679193748560
C           -3.82956415384709       -0.65867766533313       -1.84208842399903
C           -1.77431401131247        2.47005004024759       -1.79062230648577
C           -1.99156658343577        3.14575782909203       -0.42725662709038
C           -1.99585531440565        4.66020986408426       -0.61760496135159
C           -1.08727008019116        1.93678038586277        1.50022161842671
C            0.15400303152074        1.74693914701758        2.39581044161576
C            0.53416303721579        3.07241628331439        3.05784803664939
C            1.96967824537086        1.71680748117221        0.69002809686449
C            3.01098211351741        0.76443891756922        0.06507629856418
C            3.74093143799420        1.44176037585477       -1.08730410035167
C            2.73706206770720        1.29051864366441       -2.22778826970059
C            2.13618736034779       -0.09751933735347       -1.99852238940280
H            0.42015563798883       -1.99300020370773       -1.29483331346183
H            2.25274191726753       -3.00000276290224       -2.47264819572623
H            3.06247924877164       -3.45440323282603       -0.96043473408468
H            0.55848315119947       -4.72156058331760       -2.15385411897678
H            2.06601337514347       -5.56056025705464       -1.70198216783285
H            0.02842025139813       -5.47026839132902        0.10659271929498
H            1.66672571235786       -5.07961228524827        0.67243066485135
H           -2.95593191849334       -1.47737309177248        0.70180488056052
H           -0.13184832978832       -1.11389326122787        1.22752038271953
H           -2.29134219762007       -2.42917579192239        2.93960882055871
H           -1.93026737508753       -0.68587327625517        2.95685972825008
H           -0.71002130630821       -1.86972049256021        3.48697490094143
H           -2.22676460265047        0.94251539748624       -2.95344636081707
H           -3.52928409350942        0.84426741947744       -0.31479278075678
H           -4.16744776216294       -1.44847264830175       -1.17900887109774
H           -3.26840869369896       -1.11150457506449       -2.66138184195560
H           -4.70003383627421       -0.15808107125809       -2.25877129454944
H            0.01267423870238        3.11640914244050        0.26004983004650
H           -2.93073247603850        2.81352967491217        0.02530792965363
H           -2.05926445937179        5.15651753525474        0.34706004406916
H           -2.84308955145565        4.95651867567684       -1.23016027275652
H           -1.08251132436683        4.96338996391647       -1.12229857417033
H            1.53269064362549        0.19725273746242        1.92964695645211
H           -0.13790566824506        1.02914965950627        3.16874839040175
H            1.29723082299321        2.90786577439387        3.81511029669274
H           -0.34305319891633        3.50640801503010        3.53374514732408
H            0.91757865386115        3.77020313670603        2.32012718850415
H            3.66902146099667        0.37974265070578        0.85149041448591
H            4.67312238933883        0.91884056384254       -1.30678642589515
H            3.94756820626325        2.48590102027465       -0.86182718391952
H            3.19153523278638        1.37377699328516       -3.21118115045730
H            1.96181788127172        2.04948938088507       -2.13433893281306
H            1.07688258290414       -0.12162258330369       -2.25315116676628
H            2.67136611462724       -0.85395663413013       -2.58135060571678
68
 energy: -106.564970792974 gnorm: 0.007168955879 xtb: 6.7.1-6.fc44.fc44
O            2.13479740405021       -1.51028163719583        1.32946657952086
O           -1.17900394837008       -4.15352681153055        1.57661310965257
O           -0.60608467269892        0.05783910602786       -0.70100009095027
O           -1.07094774628324        2.96798741015573       -2.64281243112479
O           -2.14188901859304        1.38264202306614        1.76785282578562
O            1.81768318903307        2.86023545269965        0.28993490124296
N            0.45489287889000       -3.43011603706567        0.22971462938965
N           -2.00293014546059       -1.29799085912608        0.42918121177157
N           -2.47781392695010        1.33593497815834       -2.05320268869514
N           -0.92743825082388        2.78732860932064        0.48553350243232
N            1.27746937486589        1.15307628634561        1.68501737785463
N            2.32136847512865       -0.35104157864353       -0.57892449221092
C            1.91278420883179       -1.41005709569183        0.12537217111246
C            1.14605623147495       -2.48960109377035       -0.64208319258359
C            2.09389479331646       -3.37807667147824       -1.46938897970961
C            1.40515508345301       -4.73868332535620       -1.45714474080844
C            0.87573310644754       -4.80009619697143       -0.03424824624220
C           -0.58596788412299       -3.22327344479981        1.06012257641354
C           -0.99009871841006       -1.77079459093222        1.35953551773417
C           -1.52288457733024       -1.67810962801804        2.78383023935604
C           -1.73703009689038       -0.30436287348565       -0.42865406340677
C           -2.95344324776978        0.35202252118124       -1.10710433703971
C           -3.82765470479899       -0.66077249939025       -1.84032410436729
C           -1.77364776815564        2.46893922624241       -1.79007205641056
C           -1.99283650297980        3.14527327341024       -0.42713605058625
C           -1.99987176416000        4.65981322391224       -0.61777905957279
C           -1.08664369157991        1.93932576900764        1.50185577227524
C            0.15519088061522        1.75031551176956        2.39640882864893
C            0.54013946713689        3.07445692476838        3.05783471093712
C            1.96921284779861        1.71776136020578        0.69020914855232
C            3.01016643882034        0.76465011794463        0.06567490302660
C            3.74055704869826        1.44204337496688       -1.08605572599232
C            2.73913283037942        1.28830307242842       -2.22803380753196
C            2.14077962945563       -0.10055017091015       -1.99782489058559
H            0.41863331463605       -1.98750521930491       -1.29052018772834
H            2.24563275895132       -2.99533859794730       -2.47569730371706
H            3.05991989127370       -3.44550849743780       -0.96457586085139
H            0.56672828815340       -4.73517156968420       -2.16058105489126
H            2.07337616258330       -5.55867938225208       -1.70045706692673
H            0.02637414832888       -5.46966755944299        0.10144657071136
H            1.66684992142763       -5.08254716636923        0.67225909360065
H           -2.95717801937979       -1.47163421272429        0.70397894291539
H           -0.13284359389484       -1.11325981686715        1.22988790567043
H           -2.28962612350547       -2.43367417411593        2.94235986086403
H           -1.93613869604309       -0.68721078481064        2.95396884625893
H           -0.71582706281578       -1.86878359713735        3.48647454877433
H           -2.22680014924517        0.94258652976225       -2.95433906593345
H           -3.52925054274497        0.84426182474966       -0.31528076994300
H           -4.16576013703676       -1.44729130441115       -1.17368808465397
H           -3.26744509272493       -1.12121178704127       -2.65562867138636
H           -4.69752309080886       -0.16375454226281       -2.26107713575525
H            0.00967131435208        3.12295555295061        0.26383694354712
H           -2.93120826366613        2.81104026280545        0.02619000893228
H           -2.06540471495993        5.15755956210612        0.34629276146749
H           -2.84730417807303        4.95464099924652       -1.23123964445836
H           -1.08631900859465        4.96455924532965       -1.12214081074825
H            1.52407357750196        0.19704699179450        1.92499730886999
H           -0.13628209671034        1.03301012666236        3.16991635783519
H            1.30744565249456        2.90613068690020        3.81035651610294
H           -0.33341406706448        3.50900352318077        3.53945629609328
H            0.92224888923150        3.77337919179014        2.32014577881641
H            3.66814929652904        0.38074106718676        0.85291108602919
H            4.67446540707170        0.91862756561890       -1.30417519823560
H            3.94743089843324        2.48557786512476       -0.86083991814141
H            3.19632292281628        1.36868411051974       -3.21042343903070
H            1.96196847793085        2.04564116637224       -2.13773214169008
H            1.08194843532397       -0.12687596434707       -2.25722879011261
H            2.67993286366019       -0.85670616640012       -2.57713668256920
68
 energy: -106.565032501991 gnorm: 0.006092573866 xtb: 6.7.1-6.fc44.fc44
O            2.13626808480385       -1.51174348686955        1.33013740659255
O           -1.18550659198258       -4.15322010264025        1.56944271433095
O           -0.60436888874841        0.05562287269075       -0.70163024909065
O           -1.06704784401714        2.96488354732960       -2.63971079931904
O           -2.14036031153205        1.38502341221568        1.77024049881133
O            1.81828630810264        2.86064224223824        0.29166904464570
N            0.45443848448312       -3.42898642260798        0.22937412014059
N           -2.00429449097049       -1.29575724868889        0.43103644956491
N           -2.47872642947781        1.33564807580056       -2.05282442056903
N           -0.92737850982545        2.78855599467230        0.48564793270004
N            1.27759522567133        1.15497459283402        1.68660293702572
N            2.32252776214087       -0.35134275362882       -0.57797748401985
C            1.91227830608626       -1.40979217428502        0.12681999341325
C            1.14285341780198       -2.48744560597963       -0.64127437830422
C            2.09024639203951       -3.37349949874107       -1.47242188405347
C            1.40875595317334       -4.73825434377592       -1.45796813647094
C            0.87471967677186       -4.79869394932201       -0.03742923887610
C           -0.58879941605438       -3.22276722756073        1.05723161530833
C           -0.99155946715051       -1.77052300796423        1.36073891718251
C           -1.52457590804971       -1.68197152719487        2.78547247874830
C           -1.73721236270024       -0.30395415735151       -0.42824819183837
C           -2.95404717365909        0.35095494602210       -1.10705794369245
C           -3.82782428298329       -0.66350535853993       -1.83849542743106
C           -1.77311786410465        2.46770336797048       -1.78858990950945
C           -1.99385580844303        3.14486706812683       -0.42646919350922
C           -2.00501366243297        4.65924914348108       -0.61824189361710
C           -1.08544109215727        1.94212481162528        1.50340252117749
C            0.15630843810100        1.75445335643636        2.39725987892808
C            0.54490331355635        3.07803609722836        3.05768397870904
C            1.97003845094528        1.71781244615237        0.69063818005848
C            3.01062170575276        0.76490552537351        0.06595921819033
C            3.74080279548518        1.44273203015805       -1.08532520848728
C            2.74213041366335        1.28627543618920       -2.22910333628166
C            2.14708743591712       -0.10375152486856       -1.99831912018986
H            0.41147438071494       -1.98510150942807       -1.28404258804614
H            2.23737697517801       -2.99323265891109       -2.47996258667337
H            3.05738000493127       -3.43861920893443       -0.97047316865123
H            0.57710442292836       -4.74902517038740       -2.16897128753938
H            2.08269294939736       -5.55560318917786       -1.69916534301253
H            0.02568738540034       -5.46849125542838        0.09806586269712
H            1.65594627937017       -5.08787082640902        0.67355055098927
H           -2.95919713057488       -1.46696066594011        0.70624157777620
H           -0.13388378638793       -1.11212378336069        1.23351844758127
H           -2.29435624006922       -2.43525220979077        2.93513388417396
H           -1.94287280343199       -0.69330356170329        2.95496813338713
H           -0.71795229631114       -1.86859797123396        3.48887926421475
H           -2.22700356746687        0.94305040606030       -2.95397167089720
H           -3.53009056205742        0.84384423991254       -0.31654004085128
H           -4.17082488877188       -1.44345371011801       -1.16727516443752
H           -3.26749385124429       -1.13357277715799       -2.64768775572935
H           -4.69323506341915       -0.16677641644374       -2.26595904457473
H            0.00718757052166        3.12992348841845        0.26744413601559
H           -2.93114149511696        2.80697871948874        0.02421973817431
H           -2.07357666597385        5.15893424916949        0.34483380671031
H           -2.85273277007779        4.95161257976631       -1.23283854432810
H           -1.09139504495685        4.96594924899260       -1.12218723851460
H            1.51940977855194        0.19710303016712        1.92453370545616
H           -0.13426710823482        1.03821621779064        3.17190195510500
H            1.31737997357254        2.90571426205338        3.80429166685227
H           -0.32480901772473        3.51166621683877        3.54560788082743
H            0.92495043280020        3.77854544812390        2.32017519409397
H            3.66821568302213        0.38245540553565        0.85370086232913
H            4.67449913350204        0.92333062163589       -1.30486108723519
H            3.94993447064846        2.48506105783387       -0.86077448930625
H            3.20372469566775        1.36582630369409       -3.20971640196580
H            1.96370603104621        2.04253088623537       -2.14091993218907
H            1.08859682497590       -0.13152403088756       -2.26199953577007
H            2.69050784583353       -0.85925035614062       -2.57390580932560
68
 energy: -106.565080727210 gnorm: 0.005618189845 xtb: 6.7.1-6.fc44.fc44
O            2.13744853500725       -1.51346192266654        1.33011141277799
O           -1.19045873311304       -4.15270472688683        1.56452392451272
O           -0.60425539537343        0.05497039267048       -0.70184489859933
O           -1.06452263724224        2.96231972877311       -2.63844135810948
O           -2.13945338294386        1.38590448428481        1.77061465225384
O            1.81946802593237        2.85956849108797        0.29165044116658
N            0.45361407163701       -3.42920155494851        0.22932428849757
N           -2.00582902454986       -1.29442547526765        0.43245501576612
N           -2.47976124338958        1.33615536154395       -2.05219195796957
N           -0.92603454896635        2.78890071634783        0.48517671968426
N            1.27943420200594        1.15561777017378        1.68822498155048
N            2.32496785940070       -0.35283369585643       -0.57843916274716
C            1.91310467112867       -1.41127551224777        0.12645166124175
C            1.14159601496599       -2.48786641513667       -0.64116582148454
C            2.08827157628424       -3.37310447409751       -1.47391208546371
C            1.40949763744459       -4.73828115043936       -1.45706578582678
C            0.87274420694885       -4.79908292688779       -0.03720595692653
C           -0.59091295371514       -3.22238549749216        1.05559287595358
C           -0.99244809976109       -1.77012386579699        1.36137578103182
C           -1.52744845249436       -1.68421077777647        2.78651319718046
C           -1.73822523223980       -0.30374817072333       -0.42820990631245
C           -2.95577638604309        0.35094635440598       -1.10651259954315
C           -3.82939856032614       -0.66382638589299       -1.83812617042158
C           -1.77269090673775        2.46698059933829       -1.78771608454632
C           -1.99368538531697        3.14448950179671       -0.42609913564973
C           -2.00770289763501        4.65855235576614       -0.61920006302474
C           -1.08415615522317        1.94351282082656        1.50388388464971
C            0.15727151413780        1.75631151659335        2.39774297804286
C            0.54536028270786        3.08081856865186        3.05740227906924
C            1.97202282482305        1.71669101000959        0.69065985718707
C            3.01219676212318        0.76410119971337        0.06563595804305
C            3.74160212546111        1.44311525374675       -1.08558533584998
C            2.74297499580010        1.28569993535691       -2.22975666874434
C            2.15109087857522       -0.10576937592099       -1.99944584903357
H            0.41270341520071       -1.98265742039069       -1.28320888264135
H            2.23196174862060       -2.99461183378174       -2.48252608713276
H            3.05708829315837       -3.43661663755411       -0.97469516901988
H            0.58262687937840       -4.75597028910658       -2.17212093652568
H            2.08790907644437       -5.55380317884452       -1.69539646105926
H            0.01989540185843       -5.46670192968633        0.09387524753742
H            1.65931232097059       -5.08177718358951        0.67042344454040
H           -2.96042405142548       -1.46518872976735        0.70896390483676
H           -0.13458287940074       -1.11126465016572        1.23548422678100
H           -2.29056613740326       -2.44392029598349        2.93677142796151
H           -1.94653506918255       -0.69488944944366        2.95565536743403
H           -0.72122740552758       -1.86869030464425        3.49042842870852
H           -2.22776659895135        0.94388708505962       -2.95316819602660
H           -3.53227636852319        0.84323868179330       -0.31644354666912
H           -4.18005241369680       -1.43847809051428       -1.16430615987904
H           -3.26751985349318       -1.13915820032060       -2.64238711078294
H           -4.69033743453644       -0.16413585070509       -2.27179782656068
H            0.00723722769500        3.13249174412343        0.26780691594424
H           -2.93051961531198        2.80574032452427        0.02503760225263
H           -2.07773408137525        5.15939232257814        0.34310569034888
H           -2.85568553466971        4.94888732660986       -1.23429099799616
H           -1.09436888794369        4.96617822979616       -1.12313089455969
H            1.52037857546140        0.19808029808011        1.92677100291496
H           -0.13345633125165        1.04175321168199        3.17367026381199
H            1.32089445646173        2.90692014766732        3.80038629803599
H           -0.32298939082756        3.51194455328418        3.54866470100488
H            0.92264750354578        3.78245816718454        2.31985924394046
H            3.67016895525866        0.38301037252244        0.85306930928425
H            4.67391712467858        0.92301508666212       -1.30013288046142
H            3.94863042295473        2.48653380558035       -0.86108488087158
H            3.20769274555342        1.36850749463524       -3.20907796592693
H            1.96391309259232        2.04113786813826       -2.14167999251442
H            1.09384405668922       -0.13635029394069       -2.26272536954947
H            2.69698917413487       -0.86007685774221       -2.57413473791282
68
 energy: -106.565122591547 gnorm: 0.004524455951 xtb: 6.7.1-6.fc44.fc44
O            2.13711700738990       -1.51392195417726        1.32901831248470
O           -1.19286829634895       -4.15284220618526        1.56006550697273
O           -0.60805282345878        0.05362053862627       -0.70472765547317
O           -1.06384519029484        2.96027697139901       -2.63848685841331
O           -2.13838087143413        1.38648199876917        1.77045936916331
O            1.82071421591192        2.85814642820569        0.29159245325268
N            0.45299565648919       -3.42921075718058        0.22802451728984
N           -2.00734750032866       -1.29340626173930        0.43462070813601
N           -2.48115256573689        1.33654272788316       -2.05177322965849
N           -0.92426079977772        2.78837085220105        0.48449711544109
N            1.28130469219516        1.15519685978658        1.69001948837542
N            2.32715385067606       -0.35365402098704       -0.57937032825508
C            1.91341931500007       -1.41192938718879        0.12485149168705
C            1.14160658633587       -2.48819041596993       -0.64266927484229
C            2.08782769225237       -3.37428089832930       -1.47496162238832
C            1.40983744986124       -4.73986270328326       -1.45605065279956
C            0.87276332276532       -4.79888837580983       -0.03624231032173
C           -0.59211041561723       -3.22206752810076        1.05343567870893
C           -0.99266916549131       -1.77024169182143        1.36169151762969
C           -1.52635686932302       -1.68519329671084        2.78720768599503
C           -1.73969643642128       -0.30360320301493       -0.42759774510412
C           -2.95723662741700        0.35176931449922       -1.10555436137509
C           -3.83157221789818       -0.66183760097660       -1.83843143138788
C           -1.77253314114259        2.46601168726725       -1.78741668988838
C           -1.99288638655028        3.14358041256586       -0.42597672511767
C           -2.00869931632337        4.65734350742737       -0.62032540320361
C           -1.08283532309272        1.94350276379120        1.50362723205199
C            0.15827595253786        1.75645500173946        2.39804922103486
C            0.54384284623738        3.08266959263577        3.05703632410563
C            1.97332057252817        1.71535234679733        0.69103139698299
C            3.01352805113095        0.76302559393430        0.06640776701547
C            3.74255165542483        1.44358929798487       -1.08459817164149
C            2.74371182766675        1.28641808586877       -2.22920878027876
C            2.15334697712313       -0.10599010093998       -2.00033840398900
H            0.41118183234261       -1.98131361282825       -1.28301361249273
H            2.22937177665616       -2.99594866637584       -2.48409463510484
H            3.05849092069381       -3.43602575067330       -0.97803444961103
H            0.58575673968726       -4.76081787695552       -2.17285509229851
H            2.09171488817191       -5.55422704458007       -1.68978965166737
H            0.02053128354434       -5.46678793778591        0.09517161286088
H            1.65787196344725       -5.08274903065408        0.67175850671828
H           -2.96079875817019       -1.46425980396232        0.71370565688406
H           -0.13479313565446       -1.11145963928448        1.23564479547149
H           -2.28749150625082       -2.44805170159513        2.93690069534488
H           -1.94891244675250       -0.69781478107874        2.95805111833262
H           -0.71957994728923       -1.86787763729233        3.49136343667804
H           -2.22917399999154        0.94412881774647       -2.95252601847525
H           -3.53381343674326        0.84320311588340       -0.31516208551066
H           -4.19186927286578       -1.43160144928510       -1.16338370837128
H           -3.26703880934666       -1.14045390830856       -2.63829767096401
H           -4.68799890365508       -0.15772402123100       -2.27859070408347
H            0.00871106126649        3.13194358972652        0.26609605630742
H           -2.92909100650472        2.80516838479093        0.02775631690316
H           -2.07906945192244        5.15849662732641        0.34161794699994
H           -2.85687761593915        4.94594662614010       -1.23559268678218
H           -1.09586355085049        4.96532812638632       -1.12440396515712
H            1.52148677982079        0.19937568287090        1.92839989125653
H           -0.13307832998694        1.04359210402811        3.17511832788817
H            1.32136522118006        2.90916268327054        3.79776592844762
H           -0.32468074647902        3.51061778810887        3.55041899819727
H            0.91727894099511        3.78521330757623        2.31887933138537
H            3.67259757103057        0.38203107369472        0.85264307087322
H            4.67701916984738        0.92397675869822       -1.30012707748199
H            3.94638049890555        2.48815326842216       -0.85953312747608
H            3.21058435380239        1.37391342382510       -3.20767174022709
H            1.96447333103519        2.04170518429184       -2.14120654940009
H            1.09583638108135       -0.13760412137840       -2.26553800976660
H            2.70033908647470       -0.85923350169502       -2.57529100026379
68
 energy: -106.565161138441 gnorm: 0.003992141387 xtb: 6.7.1-6.fc44.fc44
O            2.13471089559588       -1.51340508103353        1.32744717024314
O           -1.19723244587567       -4.15363784154696        1.55382973070810
O           -0.60895259627848        0.05398277873831       -0.70324307517185
O           -1.06327383566613        2.95833352257753       -2.63811877635812
O           -2.13660014160864        1.38689323319854        1.77036880077058
O            1.82169680127370        2.85631661225480        0.29048110280582
N            0.45110370015019       -3.42903004247116        0.22666318640992
N           -2.00999780947456       -1.29227851648358        0.43567538869765
N           -2.48280181255673        1.33685869315595       -2.05169448949388
N           -0.92208703392402        2.78774687364742        0.48409829959112
N            1.28274497732795        1.15507393719231        1.69167201935904
N            2.32852147580671       -0.35422509481396       -0.58039281162694
C            1.91196776481952       -1.41172178361963        0.12312401405177
C            1.14059454939332       -2.48792076417086       -0.64435698888250
C            2.08556664665712       -3.37438503808551       -1.47697271588263
C            1.41254311691618       -4.74311275242256       -1.45379087719553
C            0.87214141079905       -4.79829976245814       -0.03496151275847
C           -0.59498149585832       -3.22193913639690        1.05055392135875
C           -0.99453464545704       -1.77073270555314        1.36136837504640
C           -1.52444596077363       -1.68828327725914        2.78757225562379
C           -1.74193917459011       -0.30388385261177       -0.42801734890933
C           -2.95927212048594        0.35335616155919       -1.10512693563954
C           -3.83562039742964       -0.65838497976636       -1.83880627330156
C           -1.77222540706795        2.46453457104641       -1.78697332261848
C           -1.99178223767512        3.14200680957926       -0.42555888259509
C           -2.01012822125449        4.65541462451879       -0.62139228369444
C           -1.08113841693956        1.94314128240886        1.50335475005158
C            0.15980511800466        1.75667613630111        2.39856116330609
C            0.54303517565296        3.08492371231701        3.05642488702773
C            1.97422704092664        1.71426014939525        0.69163814180998
C            3.01440181807935        0.76162596392275        0.06743376097994
C            3.74327925576264        1.44429967018667       -1.08287750753238
C            2.74487019394366        1.28710919041751       -2.22828380261260
C            2.15620282835918       -0.10625264393742       -2.00152452464473
H            0.41115013862770       -1.98224051353981       -1.28698849337761
H            2.22384914336924       -2.99621342408934       -2.48704370566705
H            3.05851617684518       -3.43330793455200       -0.98396269237967
H            0.59242412041918       -4.77118190802432       -2.17428503772506
H            2.10017407785708       -5.55508823599200       -1.67850168653630
H            0.02158909072179       -5.46744696412808        0.09706778772152
H            1.65760725292012       -5.08075435000858        0.67661453745611
H           -2.96342163085119       -1.46412380304661        0.71523088517816
H           -0.13633149817095       -1.11288519131867        1.23492448627870
H           -2.28489039716062       -2.45194165357968        2.94049457561407
H           -1.95052661119303       -0.70261533366657        2.96092032663973
H           -0.71552244753417       -1.86778073550812        3.49102924152445
H           -2.23050586743170        0.94375369543929       -2.95196856999606
H           -3.53528669839020        0.84477641918822       -0.31453134271671
H           -4.21102427215147       -1.41932405361031       -1.16156420292157
H           -3.26667121039617       -1.14417937769285       -2.63106748559487
H           -4.68377580455371       -0.14767815982257       -2.28965682617887
H            0.01061400977827        3.13174551201409        0.26436914198233
H           -2.92663647613176        2.80246284929832        0.02922920358415
H           -2.08144274091684        5.15637768803725        0.34048622438265
H           -2.85850675882087        4.94132303849828       -1.23716992767103
H           -1.09801497452814        4.96436462731399       -1.12521485048969
H            1.52747528677636        0.20060647021020        1.93531032768861
H           -0.13165893833088        1.04544890378146        3.17694932115487
H            1.32445684198776        2.91279234972678        3.79308470254305
H           -0.32518455360944        3.50874018443119        3.55445199215081
H            0.90969673900299        3.78921767830928        2.31666867884047
H            3.67469076561645        0.37967827527695        0.85204855041900
H            4.67961327586884        0.92875117974378       -1.30339297302616
H            3.94583640215084        2.48827171905448       -0.85673021619609
H            3.21323194016660        1.38045699280308       -3.20630262713347
H            1.96547117705913        2.04222831808597       -2.13986064334698
H            1.09892451039427       -0.13988181601592       -2.26838597382175
H            2.70535552050658       -0.85817343961414       -2.57634151969864
68
 energy: -106.565186302919 gnorm: 0.003942136558 xtb: 6.7.1-6.fc44.fc44
O            2.13017095397126       -1.51134825302969        1.32726972921397
O           -1.20134052530682       -4.15438741506212        1.54829721757257
O           -0.61193276730248        0.05337190399907       -0.70508036577921
O           -1.06229323306657        2.95737081125488       -2.63742202035756
O           -2.13505787096506        1.38634081322443        1.77050521127178
O            1.82208256259785        2.85602505539022        0.28986201946557
N            0.45000113345465       -3.42880121924080        0.22583869879652
N           -2.01203543925599       -1.29016909783469        0.43703062269115
N           -2.48342620684796        1.33652384540556       -2.05222549935878
N           -0.92087988686562        2.78761308493138        0.48448105425283
N            1.28351571051417        1.15520849057550        1.69209500798851
N            2.32817369343977       -0.35396935884790       -0.58085307382349
C            1.90978657721086       -1.41059045754656        0.12260675311170
C            1.13984657892421       -2.48733816584286       -0.64524850237643
C            2.08519962368034       -3.37309153878540       -1.47810725110202
C            1.41741094440697       -4.74436998682731       -1.45192372884666
C            0.87228166455318       -4.79761973009008       -0.03443113782222
C           -0.59761059906998       -3.22211144035198        1.04769070762921
C           -0.99559470998206       -1.77087523188454        1.36030926806319
C           -1.52420678100902       -1.69001236957667        2.78697620569175
C           -1.74387741845178       -0.30337803058022       -0.42797852051645
C           -2.96092901639109        0.35385060937929       -1.10548280688078
C           -3.83936632942546       -0.65667459809743       -1.83851809533829
C           -1.77154652716049        2.46329563569221       -1.78680665823394
C           -1.99095593413129        3.14059655919986       -0.42511382373507
C           -2.01123306333253        4.65385819035089       -0.62164793585373
C           -1.07985247269640        1.94298128955730        1.50370922489656
C            0.16138159768158        1.75712225256355        2.39923369425340
C            0.54510996088325        3.08593973492358        3.05616174503742
C            1.97447303956881        1.71438463341934        0.69213878800610
C            3.01445450457288        0.76134444603439        0.06731795255784
C            3.74353532235590        1.44498504432128       -1.08226604841924
C            2.74569639548386        1.28722152831531       -2.22800226172570
C            2.15829556536790       -0.10649661164180       -2.00241568320879
H            0.40747551841977       -1.98306241947402       -1.28790017797768
H            2.21925013795427       -2.99670067488876       -2.48974596753290
H            3.05966564322206       -3.42783769710059       -0.98829111716026
H            0.60090881921459       -4.78094609173445       -2.17603941442386
H            2.10983692287698       -5.55421064889220       -1.66891836363852
H            0.02208757253042       -5.46748392908818        0.09654383114654
H            1.65209084152320       -5.07983104443665        0.68082256876884
H           -2.96539889597425       -1.46206688071522        0.71674458193661
H           -0.13685906545289       -1.11425896178545        1.23338013380408
H           -2.28048576213351       -2.45624357431301        2.94127944148816
H           -1.95134011768855       -0.70442162392108        2.96140540264882
H           -0.71383327713392       -1.86701660080792        3.48954333821332
H           -2.23065766138479        0.94246153244284       -2.95204861881084
H           -3.53550011136650        0.84678844687397       -0.31490485162868
H           -4.22602554959251       -1.40953661263747       -1.15877207271583
H           -3.26707196257690       -1.15121348413259       -2.62336416519996
H           -4.67972768041079       -0.14167316999614       -2.29866899730475
H            0.01147233639013        3.13300157673521        0.26446257699632
H           -2.92535222387041        2.80022596860498        0.02980674997691
H           -2.08384833745279        5.15446037488963        0.34037217432460
H           -2.85982196018209        4.93768074019268       -1.23798304341392
H           -1.09958363859852        4.96409800486848       -1.12496165044514
H            1.52943248569347        0.20060877185452        1.93739483745902
H           -0.12992500702283        1.04634774147129        3.17806446507333
H            1.33088402888845        2.91518311521480        3.78851609971567
H           -0.32151442881400        3.50759016854587        3.55947400608329
H            0.90590285159120        3.79202895706429        2.31471433655217
H            3.67444212932599        0.37823783364940        0.85177925015099
H            4.67907772424087        0.92932295922262       -1.29962673031525
H            3.94533433978438        2.48855130880019       -0.85556099115590
H            3.21367465657730        1.38283559319780       -3.20628563434870
H            1.96571099866602        2.04167189622507       -2.13880900805735
H            1.10197466401521       -0.14237688071787       -2.27055809395536
H            2.71012156778411       -0.85777546171989       -2.57577933577097
68
 energy: -106.565211299999 gnorm: 0.003590994387 xtb: 6.7.1-6.fc44.fc44
O            2.12261687077654       -1.50839793520043        1.32793140842248
O           -1.20665406810048       -4.15492287313191        1.54254649800008
O           -0.61394757001640        0.05244453687857       -0.70652286391785
O           -1.06060143896043        2.95652810328381       -2.63642872613229
O           -2.13334153296425        1.38504640367018        1.77121924989794
O            1.82238188946381        2.85646504328436        0.29037349540274
N            0.44822934509624       -3.42851536523482        0.22500217070880
N           -2.01474905304057       -1.28820113397644        0.43737114381928
N           -2.48413154345653        1.33620197558378       -2.05326167584784
N           -0.92011865631001        2.78742826627181        0.48541487790562
N            1.28422990601868        1.15494261262357        1.69237271544355
N            2.32666498772463       -0.35352474189367       -0.58108761726841
C            1.90644549370370       -1.40913421510469        0.12246089610073
C            1.13847832024970       -2.48676146842011       -0.64599494799204
C            2.08539680759975       -3.37097690441712       -1.47891296336646
C            1.42438771013956       -4.74530584903543       -1.44846919540571
C            0.87261633399554       -4.79695201096785       -0.03307366689917
C           -0.60136984893270       -3.22234949663242        1.04424586993356
C           -0.99753490554428       -1.77086801261619        1.35844815982001
C           -1.52259790860321       -1.69145510582290        2.78654269746509
C           -1.74629505695264       -0.30349614330033       -0.42880042310938
C           -2.96323639744256        0.35463145029263       -1.10578519010572
C           -3.84336578709782       -0.65505401199117       -1.83761743271957
C           -1.77069516060934        2.46216733961960       -1.78688905244019
C           -1.99016879242119        3.13907813344151       -0.42452919743500
C           -2.01192098862414        4.65230830632493       -0.62123564821318
C           -1.07858599251569        1.94287475349097        1.50480139340249
C            0.16313196812675        1.75767243976477        2.40052394347214
C            0.54907592892845        3.08628095800207        3.05616079514327
C            1.97417860286433        1.71476541199628        0.69299599321294
C            3.01385642518396        0.76128341087792        0.06704449740346
C            3.74353602994101        1.44494944965111       -1.08181810288468
C            2.74648368273371        1.28668770788061       -2.22776077795660
C            2.16007628286376       -0.10689163024814       -2.00336631097046
H            0.40883451055057       -1.98353831627192       -1.28917134420304
H            2.21381525349513       -2.99739200063166       -2.49251051087917
H            3.06140886715765       -3.41875686868205       -0.99217956162613
H            0.61199890671966       -4.79257067292502       -2.17625557117251
H            2.12257229624847       -5.55239154566341       -1.65640705601727
H            0.02127368575063       -5.46702103972879        0.09342253745187
H            1.64983199862163       -5.07731212695805        0.68428240695938
H           -2.96833298755635       -1.46022064449210        0.71594833418671
H           -0.13855291461444       -1.11531604672342        1.23033600357280
H           -2.28006764153260       -2.45693976412736        2.94021603779596
H           -1.95357113253440       -0.70842098123086        2.96270411614510
H           -0.71008420252645       -1.86526256566528        3.48748575122736
H           -2.23084041901077        0.94049062498319       -2.95241610950118
H           -3.53638509289067        0.84964630770949       -0.31503238700275
H           -4.24128230300401       -1.39924669266477       -1.15473978693437
H           -3.26769537721216       -1.16052537702587       -2.61320260688754
H           -4.67558454134690       -0.13695399537831       -2.30886532391649
H            0.01188778112485        3.13425898579954        0.26507151437983
H           -2.92476305738442        2.79882393530256        0.03093590933534
H           -2.08596872187496        5.15253769066980        0.34092717429460
H           -2.86073183038763        4.93441443689194       -1.23811398166357
H           -1.10059354207060        4.96408783125336       -1.12392857243924
H            1.52719762352510        0.19939483677792        1.93419869050897
H           -0.12818806263821        1.04684371976571        3.17938596260138
H            1.34044012022354        2.91766131740609        3.78310747638560
H           -0.31475811349474        3.50643663935580        3.56585100994445
H            0.90308236281424        3.79413890401432        2.31250770980375
H            3.67240777583867        0.37682953403295        0.85242505140204
H            4.68014477071052        0.92924589599499       -1.29758792578288
H            3.94409643168985        2.48905302647820       -0.85517518798241
H            3.21306186561246        1.38313534306365       -3.20642723653294
H            1.96535970119138        2.03998557111564       -2.13731073878536
H            1.10441575288749       -0.14493299691114       -2.27489589856965
H            2.71477295854975       -0.85789271368979       -2.57440185138363
68
 energy: -106.565241334386 gnorm: 0.001372284388 xtb: 6.7.1-6.fc44.fc44
O            2.12367329435419       -1.50942297744512        1.32739297473664
O           -1.20660976404260       -4.15463714449768        1.54250861670316
O           -0.61387813133863        0.05048312375748       -0.70767462467054
O           -1.05944963838734        2.95653233576564       -2.63614067602611
O           -2.13406939994128        1.38564749964328        1.77201990951944
O            1.82277282337292        2.85684439107098        0.29141938993708
N            0.44787601732206       -3.42798488697485        0.22392812801266
N           -2.01596550852849       -1.28837495307759        0.43702134553037
N           -2.48377353519566        1.33663869424471       -2.05359455977706
N           -0.92083542164439        2.78752525298223        0.48570405953945
N            1.28373615105275        1.15471563829573        1.69193769189958
N            2.32645585563477       -0.35343909656744       -0.58129151376713
C            1.90686178524558       -1.40949790878828        0.12204211131978
C            1.13819727404220       -2.48660038264748       -0.64692738624325
C            2.08603284208737       -3.37094918708048       -1.47892488118002
C            1.42607274159675       -4.74582282183824       -1.44793900293345
C            0.87393632023679       -4.79659900646632       -0.03287410029501
C           -0.60178359340337       -3.22212293828853        1.04364595186607
C           -0.99878371405027       -1.77087577653863        1.35795771013673
C           -1.52349799103080       -1.69088116202836        2.78634967917976
C           -1.74692882024146       -0.30389819044655       -0.42924379782078
C           -2.96322281068888        0.35545439955388       -1.10607244338525
C           -3.84368018166391       -0.65403357705600       -1.83749589444057
C           -1.77025947703493        2.46252942546163       -1.78696257568838
C           -1.99041281075885        3.13944105223781       -0.42472457017229
C           -2.01111312568431        4.65308748011292       -0.62042485076593
C           -1.07920190726929        1.94306436494648        1.50520221744665
C            0.16257707411751        1.75736202465419        2.40034323278847
C            0.54911565770632        3.08524842418441        3.05619116161376
C            1.97418738153070        1.71476088632428        0.69295122657643
C            3.01376785092089        0.76132365920601        0.06697066015664
C            3.74387353932982        1.44420450488642       -1.08202509302510
C            2.74621935988010        1.28713269881110       -2.22749477908469
C            2.15959681024024       -0.10662431421758       -2.00334702321707
H            0.40790833563350       -1.98252486302746       -1.28953256663786
H            2.21470715183445       -2.99757810737836       -2.49219913151780
H            3.06162967504017       -3.41739536188973       -0.99172585005210
H            0.61284543351312       -4.79184973080043       -2.17417668169435
H            2.12619167032580       -5.55208972000382       -1.65423058084961
H            0.02304432653004       -5.46709461035778        0.09321262453731
H            1.65150375926687       -5.07625425188357        0.68556245483976
H           -2.96953835800715       -1.46041153464723        0.71527075009317
H           -0.14029096084646       -1.11455790851428        1.22939741946231
H           -2.27977361142022       -2.45730556760368        2.94150552660826
H           -1.95227371749479       -0.70670088711170        2.96188849901360
H           -0.71037802110164       -1.86630518363977        3.48553311523554
H           -2.23081465369191        0.94074033322245       -2.95280491959840
H           -3.53652315378826        0.85106743917266       -0.31571107603126
H           -4.24305398184721       -1.39632478227107       -1.15334038662637
H           -3.27039968362138       -1.16699328982663       -2.60818761193691
H           -4.67509574772174       -0.13712422149992       -2.31125279086319
H            0.01199384241708        3.13156869895319        0.26362393415045
H           -2.92517924591833        2.79940519661227        0.03003781300658
H           -2.08519610264072        5.15360731447958        0.34156255313767
H           -2.85976783819789        4.93629900195546       -1.23725836078410
H           -1.09928862852238        4.96470668231833       -1.12316421281833
H            1.52606862347991        0.19842245928073        1.93271727010354
H           -0.12876487905858        1.04610158227159        3.17890208681167
H            1.34085391234980        2.91812844398244        3.78301200057828
H           -0.31420988781256        3.50511486725190        3.56613922488417
H            0.90299359601750        3.79308289247428        2.31286155437210
H            3.67208477327910        0.37682465958927        0.85256055019115
H            4.67983854464583        0.92827347765942       -1.29896187368439
H            3.94554774581303        2.48813794083942       -0.85527054513721
H            3.21110538363236        1.38145983624586       -3.20663130984456
H            1.96468556107179        2.04000537906850       -2.13637310554478
H            1.10392819934151       -0.14376484712315       -2.27456313133416
H            2.71380559618307       -0.85766321318860       -2.57474548893551
68
 energy: -106.565256185864 gnorm: 0.001336775791 xtb: 6.7.1-6.fc44.fc44
O            2.12406444093447       -1.51109265218773        1.32663846060976
O           -1.20643407670901       -4.15441882338994        1.54233174290106
O           -0.61506454019802        0.04796259836124       -0.70995364111423
O           -1.05705713519603        2.95681447266783       -2.63544507807675
O           -2.13525547492117        1.38657194107665        1.77346893249898
O            1.82328509296510        2.85716796417721        0.29253056212048
N            0.44703310034742       -3.42752869118408        0.22184047080346
N           -2.01831656453674       -1.28834247334714        0.43597136543532
N           -2.48322023456933        1.33774452018135       -2.05440765575062
N           -0.92177336285101        2.78737409488279        0.48613082653112
N            1.28298640814769        1.15393057553659        1.69080481222149
N            2.32509449100784       -0.35328837376495       -0.58142059539410
C            1.90633181952568       -1.40989651742138        0.12160154872498
C            1.13780631906624       -2.48669031436517       -0.64845736321410
C            2.08774429732055       -3.37049180877309       -1.47878181592516
C            1.42998688905632       -4.74660055934191       -1.44603101267188
C            0.87674074787222       -4.79616452109064       -0.03140527109511
C           -0.60248091522785       -3.22208276105517        1.04224632209817
C           -1.00051337731331       -1.77092878527856        1.35601164335273
C           -1.52385565911664       -1.69028010690651        2.78528221076132
C           -1.74889117427554       -0.30424740812660       -0.43053241009788
C           -2.96398072312437        0.35705797346843       -1.10703326905385
C           -3.84545633019511       -0.65267955079122       -1.83615321433689
C           -1.76948866524616        2.46353105906965       -1.78718523257904
C           -1.99052620767799        3.14024946334843       -0.42502362506313
C           -2.00922884099277        4.65434619868060       -0.61933752284744
C           -1.08001835565351        1.94291270572478        1.50573789911640
C            0.16189568764152        1.75637288022937        2.39999139891834
C            0.54864298451778        3.08341952772178        3.05612277203246
C            1.97447743367011        1.71455292729108        0.69265656648195
C            3.01353594165029        0.76104424882461        0.06656730061892
C            3.74399301680451        1.44300510740926       -1.08263756777527
C            2.74540331422557        1.28784718996826       -2.22729688300427
C            2.15760454876963       -0.10603186551046       -2.00307957515156
H            0.40760752632825       -1.98158777996561       -1.29105214942065
H            2.21678127569524       -2.99820874029534       -2.49210932665914
H            3.06259486137054       -3.41393075452926       -0.99023864309619
H            0.61651615205868       -4.79275194219646       -2.17097504504847
H            2.13289631082073       -5.55120421259577       -1.64966444743202
H            0.02726409817464       -5.46813473528992        0.09475951616902
H            1.65432954739282       -5.07259115960465        0.68939851042804
H           -2.97184175729838       -1.46074940206134        0.71388653090652
H           -0.14243648270753       -1.11377370299032        1.22657032580676
H           -2.27984597722439       -2.45657772653795        2.94217008520260
H           -1.94954168424029       -0.70488941951024        2.96037846090944
H           -0.70984723474110       -1.86821499216157        3.48244908268600
H           -2.23062383931203        0.94149747162337       -2.95358751803955
H           -3.53736833489413        0.85347759445011       -0.31719097808984
H           -4.25144081548347       -1.38842148645516       -1.14776630181948
H           -3.27306098223334       -1.17813747002507       -2.59784963219394
H           -4.67273319013031       -0.13597218034819       -2.31697347882261
H            0.01243785454857        3.12640728741435        0.26112664001794
H           -2.92590453963162        2.80100247496439        0.02848104485412
H           -2.08279470651891        5.15437142051738        0.34289814357692
H           -2.85741507821739        4.93996360882618       -1.23602736460617
H           -1.09654845815845        4.96529786223987       -1.12169496900915
H            1.52420458369477        0.19661744146733        1.92972485812653
H           -0.12922376884920        1.04422873051742        3.17798100512891
H            1.34129498778798        2.91718099293193        3.78225836778819
H           -0.31397316321798        3.50271602856154        3.56713437290841
H            0.90204847793122        3.79145588659653        2.31298163758923
H            3.67149460081623        0.37640519819323        0.85244172402326
H            4.67870019259018        0.92582805505672       -1.30095898059841
H            3.94806555381609        2.48654726512330       -0.85554380442255
H            3.20823559742071        1.38027998475517       -3.20701952687603
H            1.96409784577439        2.04074357682545       -2.13466636751947
H            1.10187699339152       -0.14157101112504       -2.27382660974531
H            2.71076326397780       -0.85720474366748       -2.57516221719376
68
 energy: -106.565266081248 gnorm: 0.001085284114 xtb: 6.7.1-6.fc44.fc44
O            2.12356889463130       -1.51147479295717        1.32625550100930
O           -1.20617219478896       -4.15461131923982        1.54190841904004
O           -0.61632020384688        0.04781210712314       -0.71058895005382
O           -1.05621126549536        2.95655460874122       -2.63531458829020
O           -2.13605317144964        1.38682594148913        1.77374999840416
O            1.82317619354900        2.85705976068506        0.29246999819374
N            0.44652114669428       -3.42752431241160        0.22070112708773
N           -2.01948925958058       -1.28809651479152        0.43543741326916
N           -2.48346300306864        1.33819213465853       -2.05466520669931
N           -0.92197767035416        2.78692197027839        0.48606310927365
N            1.28258266475074        1.15339179832512        1.69014270629037
N            2.32415815519227       -0.35310792851158       -0.58157553480871
C            1.90587143095253       -1.40994842264461        0.12127541282530
C            1.13771725307964       -2.48675838255172       -0.64910439509300
C            2.08894600255472       -3.37037064369456       -1.47812046479419
C            1.43306487505042       -4.74741518274172       -1.44426667349173
C            0.87872682489640       -4.79583590278652       -0.02998247135697
C           -0.60285323964155       -3.22224620679310        1.04116045782356
C           -1.00109940644263       -1.77104022686816        1.35456592478268
C           -1.52333792491195       -1.69019741262495        2.78427499039327
C           -1.75021599933503       -0.30387841390056       -0.43091727368014
C           -2.96501095280439        0.35811012291819       -1.10698961524090
C           -3.84750136875844       -0.65152045717917       -1.83509076641737
C           -1.76920838648871        2.46369181294466       -1.78733505828645
C           -1.99032249724367        3.14054444057614       -0.42527019499637
C           -2.00775979028741        4.65469690793269       -0.61904083031048
C           -1.08051050441400        1.94242832996959        1.50566577333401
C            0.16152546940226        1.75552327831102        2.39966798098597
C            0.54827206374283        3.08239813491815        3.05609975289310
C            1.97452828475530        1.71437480941413        0.69245194305222
C            3.01331081364013        0.76081866488937        0.06630151079727
C            3.74384373661558        1.44233602875669       -1.08309449510236
C            2.74459575333298        1.28821898108654       -2.22727778486572
C            2.15599325751727       -0.10544480418957       -2.00306110266064
H            0.40830526362541       -1.98189935659683       -1.29257078703786
H            2.21784603644962       -2.99928175239462       -2.49196690422359
H            3.06373829009150       -3.41209420519344       -0.98918228292456
H            0.62029796740420       -4.79574786910698       -2.16987704852369
H            2.13688435185669       -5.55133166452280       -1.64668412403826
H            0.03041966587510       -5.46918354623075        0.09660596569954
H            1.65606327857849       -5.06949113106862        0.69189707940404
H           -2.97294571172653       -1.46092523853842        0.71337860460425
H           -0.14315205684039       -1.11383727611337        1.22456633874794
H           -2.28038833728888       -2.45538251248132        2.94120793169340
H           -1.94816298859315       -0.70465365101368        2.96003326132537
H           -0.70898447759897       -1.86905634688336        3.48099723038586
H           -2.23095955586246        0.94153106051777       -2.95367739630516
H           -3.53786601642714        0.85526552319508       -0.31722754380636
H           -4.26014464992723       -1.38135139877078       -1.14409043892272
H           -3.27353736851002       -1.18307759302950       -2.59173725866250
H           -4.67037737035035       -0.13373857967510       -2.32227199927000
H            0.01265436776644        3.12434959947613        0.26047186092778
H           -2.92611229143901        2.80191460811568        0.02790903991111
H           -2.08075765566615        5.15405960167896        0.34359398964656
H           -2.85563305258486        4.94144045924600       -1.23555919066651
H           -1.09481090862392        4.96506911408735       -1.12107468844603
H            1.52359126600748        0.19598420398254        1.92857891716437
H           -0.12924114855496        1.04301442998865        3.17744499139390
H            1.34147334161346        2.91573508213047        3.78162486069606
H           -0.31419415645804        3.50123492034882        3.56791907134312
H            0.90090252581371        3.79090876648147        2.31292275268307
H            3.67122885463813        0.37591380485751        0.85207848835678
H            4.67798181986429        0.92407689486065       -1.30167655656278
H            3.94911916160758        2.48559972457205       -0.85584826371545
H            3.20710780656417        1.38103256107561       -3.20718169044397
H            1.96389355947611        2.04161244260496       -2.13395747104373
H            1.10011369159608       -0.14017957468314       -2.27335140093756
H            2.70842512262836       -0.85670035325815       -2.57570590415470
68
 energy: -106.565283334102 gnorm: 0.000931847098 xtb: 6.7.1-6.fc44.fc44
O            2.12240534826000       -1.51269722946230        1.32453239007864
O           -1.20573896803492       -4.15520858802775        1.54033416952958
O           -0.62026035866735        0.04864713616914       -0.71172999503908
O           -1.05473977169908        2.95550566735935       -2.63561006718544
O           -2.13847167339357        1.38746377230129        1.77407285344089
O            1.82281436508921        2.85647247300718        0.29204464335983
N            0.44527349982224       -3.42790126520998        0.21754817583318
N           -2.02284707442131       -1.28780274935149        0.43346929101541
N           -2.48547800870962        1.33980180597981       -2.05521103244450
N           -0.92208813954733        2.78515036063895        0.48561879330241
N            1.28129831522250        1.15166737686034        1.68825100857711
N            2.32132937557762       -0.35264812283464       -0.58254983759557
C            1.90398278575745       -1.41003304524871        0.11977058359833
C            1.13782042273283       -2.48757134391084       -0.65135800388756
C            2.09314275541657       -3.37054422566349       -1.47656084395842
C            1.44322586174991       -4.75033029751372       -1.43793490039999
C            0.88518926325314       -4.79502787197303       -0.02498149392336
C           -0.60381949916208       -3.22275315921868        1.03806056162824
C           -1.00282365241805       -1.77140016050776        1.35021002222446
C           -1.52185708902671       -1.69031188348960        2.78101128066024
C           -1.75418889139526       -0.30258679935716       -0.43188352872591
C           -2.96854550282258        0.36175591874053       -1.10602782074124
C           -3.85455334600668       -0.64690774598526       -1.83169687263808
C           -1.76919752331352        2.46414228144272       -1.78804649452526
C           -1.98933091201122        3.14128593572433       -0.42597048099560
C           -2.00286830361478        4.65553689414042       -0.61858427526420
C           -1.08205810176496        1.94100602666168        1.50534908460047
C            0.16034718370998        1.75274121414473        2.39866093582464
C            0.54702492788527        3.07918784588139        3.05635384976077
C            1.97411983041368        1.71359992336942        0.69168293105305
C            3.01238656214000        0.75993202935929        0.06546204962880
C            3.74331490885921        1.44057017912318       -1.08424140058987
C            2.74229779926367        1.28933422971174       -2.22724178694731
C            2.15113995418696       -0.10326367993210       -2.00354921351828
H            0.41028454972616       -1.98415008839483       -1.29750287433373
H            2.22128451809561       -3.00296110201482       -2.49199473304136
H            3.06799073306994       -3.40655759227280       -0.98697802379121
H            0.63295884771287       -4.80666780543204       -2.16630642411392
H            2.15055257911543       -5.55222929628649       -1.63548146347571
H            0.04041153175834       -5.47259551088997        0.10300937164686
H            1.66216097049957       -5.06006404083790        0.69992907884200
H           -2.97601188724568       -1.46216425449382        0.71146588215180
H           -0.14515674875025       -1.11433519371661        1.21828470664820
H           -2.28177649980216       -2.45255345496700        2.93837862537245
H           -1.94403424094199       -0.70394446260248        2.95891359614147
H           -0.70672025190086       -1.87183461932710        3.47632183243210
H           -2.23302919283576        0.94148375083493       -2.95346977140622
H           -3.53895594991742        0.86129626063581       -0.31606191998240
H           -4.28991630152017       -1.35809723580663       -1.13489379181282
H           -3.27592573643679       -1.19805321357254       -2.57160769900467
H           -4.66168340994741       -0.12418730715156       -2.34045786962311
H            0.01336382786839        3.12009074914030        0.25995650359650
H           -2.92625593280014        2.80492292877840        0.02679206284420
H           -2.07416220082683        5.15341102741195        0.34499959508547
H           -2.85000057888595        4.94534550713495       -1.23445673972774
H           -1.08915762145309        4.96394647164619       -1.12000964411126
H            1.52229529407138        0.19423364586241        1.92599442638712
H           -0.12966975969180        1.03942177131558        3.17587702554299
H            1.34197658919411        2.91159068508527        3.77971391546895
H           -0.31489987800235        3.49635022175298        3.57079116261226
H            0.89692414949668        3.78936519475833        2.31334434950309
H            3.67007637638272        0.37385711659423        0.85082692780221
H            4.67569339737115        0.91926648861939       -1.30393506766505
H            3.95198823158892        2.48305210731013       -0.85684274287247
H            3.20401692880452        1.38320851454114       -3.20768374320727
H            1.96348556864348        2.04445241195545       -2.13221791837649
H            1.09461974974450       -0.13527418958125       -2.27179746870935
H            2.70070061093430       -0.85519873216816       -2.57806969495415
68
 energy: -106.565287538315 gnorm: 0.000548573275 xtb: 6.7.1-6.fc44.fc44
O            2.12242707130205       -1.51295450665093        1.32370605885764
O           -1.20564581642491       -4.15575010454264        1.53933159020185
O           -0.62146263653746        0.04924176870827       -0.71188541671211
O           -1.05508396441620        2.95508617208680       -2.63611336393835
O           -2.13895553846634        1.38777682725267        1.77379811947179
O            1.82290590030228        2.85644359207219        0.29231759197070
N            0.44538351249014       -3.42828180141486        0.21679987219614
N           -2.02379295803808       -1.28837456146623        0.43226911557120
N           -2.48677610253855        1.34043593031468       -2.05500702204944
N           -0.92162095415765        2.78457608140723        0.48522438478948
N            1.28104467696206        1.15125951719681        1.68807931986208
N            2.32076383453132       -0.35261761326062       -0.58319191182138
C            1.90399885063048       -1.41032564682421        0.11892207210465
C            1.13809667012330       -2.48800251499268       -0.65209506469010
C            2.09454775298230       -3.37116391889481       -1.47589825142487
C            1.44711308912740       -4.75200035567160       -1.43558852633091
C            0.88776502218634       -4.79496500912984       -0.02314668397299
C           -0.60412283398297       -3.22318080247952        1.03680006584809
C           -1.00350500801191       -1.77188456528153        1.34875248385667
C           -1.52186889610068       -1.69069252188777        2.77973254676944
C           -1.75533052259710       -0.30215025142725       -0.43201635402805
C           -2.96980850786342        0.36286221164936       -1.10533578771299
C           -3.85756185973841       -0.64465728278332       -1.83049586916608
C           -1.76924077301344        2.46405291098063       -1.78811987806446
C           -1.98865560710504        3.14172960306359       -0.42614635038146
C           -2.00078731108976        4.65596083644176       -0.61897399329169
C           -1.08225259478298        1.94071314765491        1.50503165630358
C            0.16001381871165        1.75197692123311        2.39852610675813
C            0.54658760239319        3.07822283360918        3.05684398360672
C            1.97399126406047        1.71350472535732        0.69182142434722
C            3.01191375898569        0.75972231170563        0.06507113722671
C            3.74284152682321        1.44024229724167       -1.08467750837720
C            2.74143604475339        1.28984044689776       -2.22752368548356
C            2.14945792075763       -0.10233089608121       -2.00398300778362
H            0.41075145618858       -1.98540904190709       -1.29914374296857
H            2.22199165985279       -3.00472879366309       -2.49182119783854
H            3.06957324177061       -3.40479964892835       -0.98649022563610
H            0.63786092924230       -4.81136497311696       -2.16484530131017
H            2.15610002735054       -5.55308713074471       -1.63076015091884
H            0.04407599797974       -5.47375802871911        0.10518750378560
H            1.66450074704492       -5.05747269906538        0.70293910284157
H           -2.97687510505584       -1.46337344160859        0.71010077508981
H           -0.14602129307068       -1.11465211521379        1.21645261167903
H           -2.28209136859188       -2.45257097702166        2.93724714507165
H           -1.94362897992273       -0.70420568974162        2.95805229057399
H           -0.70657409936043       -1.87272201382083        3.47473655148510
H           -2.23469572252714        0.94162127575510       -2.95315555433760
H           -3.53885518398828        0.86302328013020       -0.31484132405092
H           -4.30036881690046       -1.34995598737306       -1.13311365377403
H           -3.27859123646176       -1.20199796755345       -2.56503361690997
H           -4.65902380750067       -0.11994137919303       -2.34551473707216
H            0.01377339919122        3.12026236566593        0.26046289185064
H           -2.92582678419977        2.80633323205327        0.02683539239177
H           -2.07151722977499        5.15412677140581        0.34450846694850
H           -2.84772751757920        4.94639053071872       -1.23480200969111
H           -1.08687225704104        4.96341296788138       -1.12060246230473
H            1.52230036420969        0.19391214205143        1.92592739188086
H           -0.13016116657903        1.03843608341963        3.17547038890917
H            1.34208014677667        2.91041169676699        3.77953864140811
H           -0.31524573474490        3.49456325049464        3.57210848955519
H            0.89568046768906        3.78905506835662        2.31406627588585
H            3.66962454959405        0.37318728219996        0.85016309952256
H            4.67488661017534        0.91845929357936       -1.30463398240273
H            3.95209492935775        2.48252421646717       -0.85708778189264
H            3.20310134363895        1.38379657162650       -3.20800918412333
H            1.96314442116892        2.04547924379830       -2.13221366852582
H            1.09261678052020       -0.13347977578553       -2.27117029247454
H            2.69777740574023       -0.85455173420889       -2.57930093955514
