68
 energy: -105.694748135684 gnorm: 1.195952784570 xtb: 6.7.1-6.fc44.fc44
O            1.15756393023184       -0.26542616731963        1.74644914467545
O            1.18241008845732       -0.75504453635899       -1.55900827025592
O           -3.22927695123228       -2.48617636074528       -0.21638334971897
O           -3.05118701137589        2.99045213268409        0.25749747855540
O           -1.21359853105803        1.71985603269057       -1.37013284801824
O            2.46237919162987        2.96655638330620        1.23687325705134
N            0.31604200188719       -2.50339889291187       -0.24555115013609
N           -2.20034857669787       -0.90438208684991       -0.93913315721017
N           -3.93420096362912        1.02544581552771        0.34691278561313
N           -0.53759880462826        2.12804881666022        0.64030529424660
N            2.03930532380871        1.74357915243582       -0.67186193095864
N            3.18681244914501       -0.56889794392183        0.55343541259442
C            2.01719876477747       -0.89022030380370        0.93045691657529
C            1.84792268991271       -2.52003217340576        0.62041277826990
C            1.32958503525817       -3.20675313557605        1.81226168160127
C            0.33690603540693       -4.19406995081433        1.47390912806948
C           -0.48968524725039       -3.32950166868025        0.87573222982658
C            0.10942487133026       -1.63206983866705       -1.18683852604891
C           -1.18486900367697       -1.75939673347126       -1.73068106810165
C           -1.26012959587053       -1.23176550674923       -3.00680393250946
C           -3.32454260330960       -1.35239178019366       -0.32216260777317
C           -3.82169092230037       -0.43571485467872        0.56232726538612
C           -5.47385030709600       -0.77969301836065        0.62858730268905
C           -2.95668161878518        1.75649831430184        0.56348741543034
C           -1.70046767523156        1.45549773983613        1.43002585252594
C           -1.76636282003185        1.95826211065336        2.81743967327379
C           -0.52581896216151        1.98758698599103       -0.54578988702625
C            0.82884558902235        2.60521762918066       -1.22295098860429
C            0.78751700147321        2.66246868901259       -2.71089658543527
C            2.52666029114657        1.99279186140463        0.45921811420407
C            3.42545869197039        0.88667081037636        0.99748701984081
C            4.90130823267534        1.03789280969111        0.36628405666856
C            4.90719138597418        0.19705791474548       -1.07163355350110
C            4.05174201942937       -0.79314734151406       -0.53519523022308
H            2.62166044349997       -2.59074022606516       -0.09182332589882
H            2.28373812702729       -3.62301801484936        2.09122519341696
H            1.24553580801929       -2.71635362664884        2.61568896475319
H            0.57815734537640       -4.96206366367622        0.70795561416388
H           -0.27266952322852       -4.52550651467456        2.41699762952670
H           -1.48746616151168       -3.77450188941683        0.05417574863886
H           -1.27220784693214       -2.52972672698799        1.22672803423463
H           -2.09647680766897        0.15573128846243       -1.21716084343759
H           -1.67443554958904       -2.69902153327584       -1.74826873096700
H           -0.24758780208685       -1.73109770711053       -3.77804807226143
H           -0.97254344238821       -0.06641154921422       -3.10791182466559
H           -2.31461184870286       -1.16352005603057       -3.68183547128185
H           -4.52441903586300        1.28944646619783       -0.37351869373710
H           -3.52454151368137       -0.54385728140307        1.53568411749624
H           -5.94805771341083       -0.26724977264773        1.22408164143254
H           -5.69092856012101       -1.89551469123477        0.89946912280410
H           -5.85500192313977       -0.62454571873246       -0.60477414310343
H            0.16195821462634        2.36006875067634        1.22416654183441
H           -1.49549604995799        0.44763326612103        1.32533362832508
H           -2.58430239448593        1.58778724087605        3.21786600386911
H           -1.80218231228158        2.88727101937791        2.92567387868054
H           -0.70064189857643        1.43105232968915        3.30691074086168
H            1.94689101022471        0.83120891527296       -1.08826301005672
H            1.08479660449659        3.61089283295275       -0.65541776652415
H            1.74606583357845        3.04230866199529       -3.10018345035447
H            0.16110214857816        3.24747288242662       -2.89662168550950
H            0.79134734562519        1.54886176919820       -3.17358641042944
H            3.72059263295868        0.89607520839398        2.10733679561707
H            5.80940738320402        0.68569644291186        0.93474184075682
H            5.35402664871321        2.03003596742397        0.10774761722807
H            5.67559536446221        0.00515802702737       -1.33254138190343
H            4.35347163410281        0.74708064010836       -1.62801315210594
H            3.51579803160281       -1.60033030439985       -1.39121011044762
H            4.58108559822660       -1.76548762904955       -0.16966302874299
68
 energy: -106.203728119003 gnorm: 0.607921967933 xtb: 6.7.1-6.fc44.fc44
O            1.18033469608219       -0.28394719500255        1.72112271243004
O            1.14283188501498       -0.78830055103529       -1.54640416097172
O           -3.25374122271916       -2.54041879931532       -0.21286348492168
O           -3.05062166242167        2.99348585751769        0.25646359426121
O           -1.25809760425007        1.69291922132824       -1.41814274854475
O            2.45911145350080        2.96651498309775        1.22936946979497
N            0.34555578417734       -2.50476063460278       -0.21856665184028
N           -2.18163259163874       -0.87649804523269       -0.95446265196942
N           -3.93440919463277        1.00785295715327        0.34136402476360
N           -0.54378090877613        2.12288475599009        0.67248169472555
N            2.02264089397819        1.74759831330287       -0.68203248585364
N            3.17919616579296       -0.53853620266762        0.55490666669350
C            1.99452420614464       -0.90243617391472        0.94940686809700
C            1.80529413106495       -2.48036194997193        0.60381634404883
C            1.36541585872283       -3.22798746283533        1.80260375863262
C            0.31888374094311       -4.20186552690075        1.47425573261157
C           -0.54586450292349       -3.30051081804013        0.80945377047271
C            0.13740275747354       -1.62508457505488       -1.17243213446399
C           -1.20210414160460       -1.73921069173314       -1.73706385541430
C           -1.24612015781193       -1.20547668415708       -3.06925270937935
C           -3.28544167220618       -1.35096778004391       -0.32474379294437
C           -3.87309215250069       -0.42567038331964        0.56933014457746
C           -5.45876210397897       -0.81148108196771        0.58613937362991
C           -2.93959642552265        1.79650006250816        0.57491982270343
C           -1.69568302197570        1.45858668350274        1.41382956194630
C           -1.73652831403572        1.92706239845322        2.81743724212500
C           -0.50458511207782        2.00683344704003       -0.57028414910354
C            0.85822579126060        2.60706582560794       -1.19865795616486
C            0.83185084781791        2.62473551657778       -2.69892442124371
C            2.53541213277472        1.98966157667676        0.48159415353378
C            3.47227950500759        0.88349740939244        0.99192085497289
C            4.92011647872303        1.04641257217053        0.35514401434495
C            4.86166152911029        0.21283684919849       -1.02562864558760
C            4.03249250757584       -0.85758360334826       -0.53700016115469
H            2.61274285654486       -2.60434224944128       -0.09118062593693
H            2.30630855365924       -3.64662813411593        2.09818176838553
H            1.22895810750675       -2.68205748263788        2.64633770995496
H            0.58198583509828       -4.96670830380947        0.72305000260700
H           -0.25957961563509       -4.53188017983405        2.40479847915707
H           -1.46528571124969       -3.77761463250751        0.06799351387117
H           -1.25602969515970       -2.53085252733918        1.23611297636521
H           -2.09382516207189        0.14862500131784       -1.21645721564512
H           -1.67155462952380       -2.70781359213277       -1.74257397243720
H           -0.28006852526379       -1.72111821141725       -3.76146392905434
H           -0.97292685656534       -0.08079171690543       -3.10351987575703
H           -2.29037238870993       -1.17581824626872       -3.66699737394091
H           -4.53752994936989        1.29246875268512       -0.38392791067151
H           -3.52370839841309       -0.54699304169136        1.55401900357381
H           -5.96834670959914       -0.23801215833395        1.24597447259195
H           -5.68150987691553       -1.88470512681011        0.88942079280776
H           -5.84748733052850       -0.63005358677101       -0.57165102514947
H            0.18180482761186        2.36934038612048        1.25266856737738
H           -1.49111025179786        0.42878191699644        1.32537607523828
H           -2.60371731723345        1.56365831590680        3.23640804694109
H           -1.78931047504192        2.93206575699994        2.92686229217572
H           -0.72654656846742        1.44585759871415        3.30363591889025
H            1.94563070203774        0.82617036963890       -1.09108257093793
H            1.07945240782634        3.60374978222297       -0.66839578953374
H            1.75564656770142        3.04121639573349       -3.09829456087659
H            0.10867968840924        3.28001360878923       -2.91762408001985
H            0.78620861230161        1.56390629917655       -3.16354538161829
H            3.70628071009151        0.89761155493780        2.09708436938726
H            5.79517095883148        0.67710758315139        0.93919414177019
H            5.33878264898181        2.03709205909686        0.10900015372502
H            5.76638313320850       -0.01909845740303       -1.34958622802956
H            4.31387017516295        0.77838829009528       -1.65295335704142
H            3.51054829583118       -1.57333963284336       -1.38778079518861
H            4.59890959455004       -1.76094095352508       -0.16116165399938
68
 energy: -106.466635101266 gnorm: 0.262562093825 xtb: 6.7.1-6.fc44.fc44
O            1.20932916677228       -0.30535391761534        1.68987503066168
O            1.08117152063722       -0.83847897413739       -1.52714263395502
O           -3.28268636648220       -2.57215461929052       -0.21250184067752
O           -3.05370053584122        3.00004431407905        0.25516741662659
O           -1.27980522982486        1.67267291292726       -1.43348611919337
O            2.45028976897864        2.96511333179770        1.21733463793475
N            0.38009629448984       -2.50332933613150       -0.18094331993340
N           -2.16207316418423       -0.85689278824844       -0.97104479198844
N           -3.92602707753040        0.98772978162860        0.33179195331864
N           -0.55729271057115        2.10872312891273        0.69029006647603
N            1.99850884218856        1.75428262070844       -0.68578716020970
N            3.17098296363671       -0.49861914027942        0.55165328715431
C            1.97446875490677       -0.91820836735862        0.96581412881018
C            1.73704370937377       -2.42940622758756        0.58019272049628
C            1.40769651855275       -3.24742487250163        1.80179006051710
C            0.29341215957318       -4.19487383864568        1.47307367502486
C           -0.59810887499965       -3.27624709256547        0.72488712167184
C            0.16703007209007       -1.61581007123746       -1.15719906944967
C           -1.22116147354812       -1.71170130220893       -1.74427716256627
C           -1.22129406734377       -1.18346052261412       -3.13434129793187
C           -3.23045409156325       -1.35571380938098       -0.32152761292288
C           -3.93824257772215       -0.42541745613228        0.57560499628290
C           -5.45559134699180       -0.82498778123552        0.55302063373349
C           -2.92910089169217        1.83850909062258        0.58551569987139
C           -1.68694413477664        1.46070821750962        1.39160251287223
C           -1.70488274336438        1.90116622152192        2.82372958701938
C           -0.47859885683585        2.03334188276826       -0.60031754645053
C            0.88239031650542        2.60169445292754       -1.17411224470577
C            0.85655025526142        2.60784307157906       -2.69254459737046
C            2.54945210082291        1.98210391131359        0.50293029368622
C            3.52732276264472        0.87745985467640        0.97903906422570
C            4.94087552723102        1.04681877604552        0.33420719128254
C            4.84462786681148        0.22601468505694       -0.98270687952867
C            4.02134155693250       -0.93218612715670       -0.54539770932475
H            2.58859329172340       -2.62951831988602       -0.08365694376096
H            2.33355888879724       -3.67990349545115        2.10703795970012
H            1.20627027076276       -2.65203808721446        2.65834274204177
H            0.58409471431209       -4.96837678514020        0.74683981238402
H           -0.24267182645833       -4.53848421148285        2.38385062238242
H           -1.41844039858955       -3.76838841377845        0.09216546718411
H           -1.23083974592488       -2.53508911720846        1.24578181874936
H           -2.08997236105425        0.13897827746040       -1.21155747461814
H           -1.66220454581097       -2.71188287034245       -1.73496270745550
H           -0.34242644822747       -1.69536422274008       -3.73688615715349
H           -0.97225294539566       -0.10292219565111       -3.10428860907425
H           -2.24274688782879       -1.19330218603890       -3.64884053297626
H           -4.54707475768871        1.29874952153019       -0.39101740884483
H           -3.52560439843815       -0.55574748295285        1.56788558859013
H           -5.97784385590238       -0.21998387259327        1.24937566605217
H           -5.66550545161671       -1.86534339898449        0.87080140968099
H           -5.83323516651792       -0.64333799985988       -0.51639148726464
H            0.19803028614221        2.37831667411084        1.26833894839420
H           -1.48972028661448        0.40613483773562        1.32614564917895
H           -2.61209327733107        1.54592561302408        3.25632878377844
H           -1.77567300740841        2.95323403830672        2.92541305480265
H           -0.76963953488491        1.46900209602648        3.29566684756214
H            1.94649600297381        0.82275445520292       -1.08967192806308
H            1.07156217831289        3.58979984448196       -0.68793016396880
H            1.76254500128960        3.04380683571247       -3.09569186843654
H            0.08579225315586        3.27948037283228       -2.93432183561626
H            0.77625943807381        1.59386395318610       -3.14355622699126
H            3.68717215215775        0.90017343646262        2.08103497690781
H            5.77537019266982        0.66426816263126        0.94535552600219
H            5.31502448955134        2.04651276538990        0.11065782132505
H            5.78261004077538       -0.02554368778038       -1.34856332035775
H            4.30116474552695        0.79692668152107       -1.67923240288672
H            3.50612446891554       -1.52815120478506       -1.37333651744737
H            4.62227425631270       -1.75787431530230       -0.14828546746921
68
 energy: -106.546273298142 gnorm: 0.096038189828 xtb: 6.7.1-6.fc44.fc44
O            1.21722283418414       -0.30096181463840        1.67721682117025
O            1.03953885250951       -0.86669808809273       -1.52482253848549
O           -3.31145986673646       -2.59127901474239       -0.21238184151417
O           -3.06294483788429        3.02327716311188        0.25324719308397
O           -1.28591480072327        1.66090595328948       -1.43308779843377
O            2.43734923710100        2.96238107284466        1.20543941200468
N            0.39208079880353       -2.49965903239267       -0.14708330208617
N           -2.14964997566724       -0.85451189383796       -0.98220742571068
N           -3.91056594127937        0.97605802738780        0.31600322573333
N           -0.56049733715705        2.09464432080365        0.69322591743875
N            1.98356580641562        1.75121639558512       -0.67838635396289
N            3.16496938988531       -0.47436456646452        0.54203999761707
C            1.96632180249588       -0.93526163639360        0.96525722033782
C            1.67140715575363       -2.40142144954763        0.56451726767331
C            1.44018527897064       -3.25719674343727        1.81003057207089
C            0.28102958458711       -4.17757432088138        1.47081625897362
C           -0.61365987736756       -3.24978017005724        0.66995079675299
C            0.16999601962669       -1.61626439118345       -1.14017418236124
C           -1.23867151583230       -1.69389058831286       -1.75061829755787
C           -1.19921949707126       -1.16629186703726       -3.17120295471405
C           -3.18432407561979       -1.36959128934066       -0.30791086016474
C           -3.97796265126354       -0.43404266027455        0.58186753042666
C           -5.45686712041981       -0.82207312113977        0.54199798099516
C           -2.92608726485708        1.87025112499157        0.59095701366187
C           -1.67713548034070        1.45414507108814        1.37215115921186
C           -1.69403357895232        1.88622776170871        2.82422298496893
C           -0.45336042873701        2.05619603400488       -0.62465691926100
C            0.90079968792511        2.59392164238307       -1.15916073730856
C            0.87452183885312        2.61185748830526       -2.68612195160651
C            2.56951381523347        1.96990219268745        0.51480597213673
C            3.56804051188269        0.86922106929382        0.96227529426548
C            4.95668690425225        1.04330184209792        0.31995187824393
C            4.83533062949745        0.23147244647062       -0.96081728260906
C            4.02123775834418       -0.97843028330164       -0.54340580394431
H            2.53410845800845       -2.67665802191975       -0.07546609996839
H            2.36056051295470       -3.72432221153163        2.11106820147052
H            1.18741046715041       -2.62561538336787        2.66194711411490
H            0.58721227192130       -4.97152269604499        0.77937279952259
H           -0.22699903341482       -4.54842293388874        2.36076957638514
H           -1.36015582962795       -3.75982437764391        0.08493788012930
H           -1.19568433475296       -2.52839113806380        1.26613043497993
H           -2.08420894489728        0.13901987847721       -1.20044387838662
H           -1.65073977352545       -2.71148101198445       -1.72963610872444
H           -0.42309720827612       -1.66338156820216       -3.72763282742600
H           -0.95787278104176       -0.10819792906337       -3.11349836624481
H           -2.18402600767815       -1.22514607054817       -3.64830168034889
H           -4.55100107673098        1.30873303335979       -0.39324816057880
H           -3.54100888591379       -0.57240288143421        1.57887254150433
H           -5.99462386164840       -0.20180634425049        1.24955000745174
H           -5.64083880229208       -1.85283383322284        0.84429711104640
H           -5.82602445951832       -0.66181573849021       -0.46613705448489
H            0.20929498482399        2.38633849616419        1.26980030344250
H           -1.49775387416210        0.38009310505631        1.32478276288462
H           -2.61085782145443        1.52710159624513        3.27847657012660
H           -1.76149999302065        2.96403401488813        2.91870969308492
H           -0.80821015426307        1.48964668526906        3.29873755005333
H            1.95441229946951        0.81782869271358       -1.08075388083357
H            1.06554230064901        3.58506147685313       -0.71261765583214
H            1.77949240147301        3.05103443397704       -3.08969452171862
H            0.06569550784938        3.27660533580663       -2.95261766008146
H            0.76344675746716        1.61678974196327       -3.11416541490504
H            3.66428926599162        0.90478371008623        2.06243146825937
H            5.75444967535490        0.64264003163682        0.95698023892713
H            5.27757935400548        2.06485897929847        0.11330634222245
H            5.79617453694829       -0.03483484873932       -1.35809142962723
H            4.29191059982686        0.80280677849476       -1.69777361151332
H            3.48807759584565       -1.46690404952710       -1.36294988337414
H            4.65912598596405       -1.75886591917439       -0.12405687481476
68
 energy: -106.564410163723 gnorm: 0.053782573111 xtb: 6.7.1-6.fc44.fc44
O            1.22177840916807       -0.29128110073560        1.66085458624889
O            1.02773856050165       -0.86799243374915       -1.54784088913552
O           -3.34050190166742       -2.60093382370668       -0.20662733293081
O           -3.07353365975214        3.04814117460248        0.26498142269297
O           -1.27778324698392        1.65298627861383       -1.42947367837412
O            2.42697715441104        2.95640604427028        1.19598323399855
N            0.37654983220712       -2.48443313629651       -0.12890581470166
N           -2.15337121471916       -0.85957396527537       -0.98131024669784
N           -3.89297002342816        0.97686951708076        0.29873044036665
N           -0.54967600721253        2.08061414133165        0.68702389967289
N            1.98011927551824        1.74015384717148       -0.66923232359361
N            3.16484423492219       -0.46814633360601        0.53327918275902
C            1.96773549709895       -0.94175150715820        0.94964453629697
C            1.64768214826951       -2.39881846669170        0.57385954469276
C            1.46149049383536       -3.25656462449871        1.83063320068027
C            0.28460430459864       -4.15724394074365        1.47687023395463
C           -0.59957770535515       -3.21967043837854        0.66391222827595
C            0.14695929519344       -1.61716554323231       -1.13254756646104
C           -1.25542538693059       -1.68010638339366       -1.76291476607146
C           -1.19646452615024       -1.13423841675084       -3.18450012777227
C           -3.16805059750415       -1.38339385214280       -0.28572952880732
C           -3.98821812824035       -0.43600999496078        0.59375031541793
C           -5.46172862431358       -0.81604768784090        0.55147080223748
C           -2.92390666351175        1.88967103313625        0.58769999255467
C           -1.67245902922518        1.44526803657770        1.35754296418819
C           -1.70424461112997        1.88201269887877        2.81496385373096
C           -0.43380287095924        2.06263839186320       -0.63878716206704
C            0.91406009854865        2.59749942012556       -1.15579402670396
C            0.89101432492904        2.63168503515490       -2.68084798871615
C            2.58230288504717        1.95844929885357        0.51728155108434
C            3.58280815662768        0.86446384011589        0.95315858325764
C            4.96148383011065        1.04221601249697        0.31501129356853
C            4.84112483035824        0.22696410604689       -0.96191381490233
C            4.03685095881681       -0.99305794166635       -0.52790309069703
H            2.47178496515389       -2.74587650134324       -0.07868998443020
H            2.37738656012659       -3.77066362358971        2.11468002560017
H            1.19118812425852       -2.60906182503337        2.67351335826469
H            0.59846690914590       -4.97165437493719        0.81705920304038
H           -0.21783377790193       -4.55876716145795        2.35022693271243
H           -1.31607422968433       -3.77983582292291        0.03330760817116
H           -1.15880372483003       -2.51328907042799        1.29470330798967
H           -2.07802244677273        0.14498724151153       -1.16763862723496
H           -1.64678527508195       -2.70438007144869       -1.74148450794852
H           -0.44729776816520       -1.69681842550438       -3.76488812020960
H           -0.93836344321796       -0.08029818410533       -3.12637451937914
H           -2.16244299508231       -1.26094867992615       -3.66796848257526
H           -4.55178309548938        1.32087193185456       -0.39224123196923
H           -3.57316817916930       -0.58503047493579        1.59898543779085
H           -6.01597846157167       -0.19564900702439        1.25345699384449
H           -5.60424430104304       -1.85630484456417        0.82822144349076
H           -5.84891810127107       -0.66960605674872       -0.45361646293810
H            0.22071647172547        2.38824831518860        1.26481890182921
H           -1.51703001680254        0.35955413389770        1.31539409814692
H           -2.60884954608537        1.50904839962617        3.29424702163614
H           -1.75608237021029        2.96739773604717        2.90159594814139
H           -0.82279662685063        1.50477808291919        3.32816730248584
H            1.96266901820551        0.80755373810296       -1.07040152431733
H            1.07188490868023        3.59730286588422       -0.73636544543577
H            1.80516311064526        3.06208813512325       -3.07884099335290
H            0.06314658804591        3.27744252896825       -2.96889062258703
H            0.75242851360970        1.63108963695389       -3.07854315692753
H            3.63668445981838        0.90943918375887        2.05150769646630
H            5.73399378759825        0.62245729954976        0.96885606956072
H            5.22849747510551        2.08761453971098        0.12469734323149
H            5.80775311260822       -0.04431057373576       -1.37094019845795
H            4.29011972263828        0.79488209750720       -1.71045549553958
H            3.44568038612678       -1.39944886856057       -1.36908566120016
H            4.69412394255574       -1.76178587765960       -0.10231543215668
68
 energy: -106.568555338543 gnorm: 0.048520756760 xtb: 6.7.1-6.fc44.fc44
O            1.22553507828177       -0.29182299518376        1.64431581844083
O            1.01336329471564       -0.87755086621448       -1.54923529076991
O           -3.36762729776386       -2.60760060046671       -0.19304139623434
O           -3.08326011909796        3.06926771532790        0.28583737178056
O           -1.27060086545362        1.64253558466746       -1.42011142219750
O            2.41560099023745        2.95666748373765        1.18268009486473
N            0.36439762486773       -2.46101909121143       -0.10758335349472
N           -2.16379417067792       -0.87118760059170       -0.98410544437731
N           -3.87385922365034        0.97895749325030        0.28008922257209
N           -0.53659536068458        2.06330572177907        0.68401591733013
N            1.97470040867411        1.73513108830564       -0.66610065799014
N            3.16363140304830       -0.46046106310621        0.52383158336831
C            1.97555371799218       -0.94924302136829        0.93967269413312
C            1.65022678314986       -2.39968621293805        0.57626112239644
C            1.47640947939707       -3.25351853624034        1.83664021755335
C            0.29421796365442       -4.15024047413071        1.47808069025295
C           -0.58891133919591       -3.21410781060340        0.65708721534701
C            0.12930981076296       -1.62196060660508       -1.12969284115789
C           -1.26542668020295       -1.68074829728374       -1.77540939640657
C           -1.20250367347542       -1.14691045069060       -3.20518377909264
C           -3.16124020295220       -1.39837331479055       -0.26577294762277
C           -3.99129196893744       -0.43189597629064        0.60195654281830
C           -5.46407994972287       -0.81899137980590        0.56102861218283
C           -2.92166031305099        1.90551606487561        0.58469858764088
C           -1.67027409114233        1.43982780308683        1.34707109378585
C           -1.71749636236400        1.88184676703452        2.80572481397682
C           -0.41638937214596        2.06332328836106       -0.64620014401187
C            0.92210960154861        2.60711798356413       -1.15420155876980
C            0.90964385694559        2.64898548200854       -2.67689317662656
C            2.58498594684279        1.95356865383926        0.51475724674003
C            3.57988607854917        0.86548198642053        0.94836711480862
C            4.95572999429919        1.04591404736089        0.31249092653745
C            4.84355329471923        0.22858904263504       -0.96790840289416
C            4.03668430176417       -0.99009403419283       -0.52248720931028
H            2.43571777437453       -2.80286956771870       -0.08736191808989
H            2.38424027885606       -3.80406065203322        2.10554976747673
H            1.19748091676424       -2.59764372781105        2.67280771752729
H            0.62186340164311       -4.97999254405453        0.84645339171859
H           -0.20906842785561       -4.56729035460366        2.34393695412928
H           -1.30721069607702       -3.72503603880135        0.04191746639264
H           -1.15274017420254       -2.54163064451485        1.30957429380933
H           -2.07056145356211        0.14394177873455       -1.12921227433663
H           -1.63777086111283       -2.71072104792120       -1.74669943457402
H           -0.42597221270083       -1.61947590126055       -3.76625227542902
H           -0.92932304170911       -0.10231353645784       -3.18013296607550
H           -2.16704547980512       -1.25102446249102       -3.67335513466342
H           -4.55402215067460        1.33358512589060       -0.38689087095381
H           -3.60519599570622       -0.58779516439274        1.61776202385665
H           -6.03362532747581       -0.20078625643027        1.25708712855555
H           -5.57118468480620       -1.86819651379749        0.82144680710644
H           -5.86075142760704       -0.67097073977429       -0.44298419262674
H            0.23178773619389        2.38528141285379        1.26142357877358
H           -1.54177212486656        0.34622586068841        1.30399570033754
H           -2.60853410457900        1.49274982263248        3.30356109704473
H           -1.75496196478622        2.97186751896373        2.88087968603010
H           -0.83582271613442        1.51976317720344        3.33187830184154
H            1.96145202827717        0.80217421634908       -1.06441154364449
H            1.08878089074048        3.60560737628466       -0.74363598856997
H            1.83477982917170        3.06406028443968       -3.06653732619833
H            0.07073965173675        3.27907891102744       -2.99014721507336
H            0.75671343582234        1.64587207044834       -3.06072174650768
H            3.61169515731395        0.91667578001360        2.04171215084598
H            5.71493264316489        0.61620661411725        0.96946580089968
H            5.18726223965981        2.09949692681467        0.13407703012994
H            5.81591856345797       -0.05105608268019       -1.38158721635705
H            4.29152375368287        0.79406368954655       -1.72593539921282
H            3.45629385708578       -1.40548858589699       -1.32387313372768
H            4.69547583668129       -1.76028691173746       -0.10744839221923
68
 energy: -106.571301041563 gnorm: 0.027059640932 xtb: 6.7.1-6.fc44.fc44
O            1.23155290535469       -0.29963729772491        1.63601337048461
O            1.01741348442011       -0.88419593471542       -1.53681883679495
O           -3.37827064893263       -2.60563293497957       -0.18559344909123
O           -3.08981860676444        3.07697029446207        0.30318787647595
O           -1.26858433825472        1.64040137107969       -1.41039532661619
O            2.41322418173120        2.95793915925088        1.17415605728710
N            0.35644518742408       -2.43860765347990       -0.09101436858084
N           -2.17197143037850       -0.87453416763970       -0.98353919527901
N           -3.86485075868746        0.98072636842714        0.27084668692522
N           -0.53019811672993        2.05434502361498        0.68520494190614
N            1.97436476768215        1.73527869161216       -0.66969076442487
N            3.16964598353572       -0.46208402552855        0.52174068841121
C            1.98823273836660       -0.95391773195539        0.93721882352760
C            1.65771206733653       -2.40195293722683        0.57401115704033
C            1.47344067583719       -3.25009210568688        1.83311630361911
C            0.29498877664616       -4.15201246561315        1.47748377576212
C           -0.59527259940016       -3.22029970849909        0.66445722210224
C            0.12864596588574       -1.61609363020799       -1.12426131647370
C           -1.25806864313446       -1.66940853778410       -1.78100535820899
C           -1.19042338809668       -1.12907063793266       -3.20664857506486
C           -3.16378486201560       -1.40374278007378       -0.25859812422413
C           -3.98706116063225       -0.42500876836990        0.60410455589668
C           -5.46206257753244       -0.82194435075593        0.56289190939929
C           -2.92327716406429        1.91044334823419        0.58543834130751
C           -1.67164172117494        1.43938882662473        1.34440804213125
C           -1.72506011688946        1.88460166865184        2.80066436978910
C           -0.41189246958274        2.06388031827506       -0.64416853171446
C            0.92399618071298        2.61338181274560       -1.15421554658463
C            0.92320315903889        2.65692821086794       -2.67536154031067
C            2.58206964777447        1.95278274864283        0.50923870373116
C            3.57153461515888        0.86686833074307        0.94720636801608
C            4.95136918676828        1.05248009446759        0.31510644778141
C            4.84872159356831        0.23128355793976       -0.96727731381627
C            4.03916210658769       -0.98470565739553       -0.52014227269636
H            2.41871867638898       -2.82629324272616       -0.09606123480595
H            2.37635662622590       -3.81042466120209        2.09160106506651
H            1.20083329845044       -2.59682047517405        2.66750990800401
H            0.63123465075486       -4.98337091647555        0.85386623049100
H           -0.20802480657547       -4.56640388029072        2.34782475238686
H           -1.30555829333051       -3.73527351484346        0.03728299463651
H           -1.16050569462598       -2.56092759209932        1.33907482602463
H           -2.06511549990401        0.14388071191638       -1.09960338695992
H           -1.62417350505760       -2.70094895018082       -1.76459811020160
H           -0.45067900694569       -1.68890264950916       -3.78144313983221
H           -0.95774876521103       -0.06574372930468       -3.17271356664334
H           -2.15432069909294       -1.25840477933064       -3.69162764814041
H           -4.55879343948978        1.33943762347241       -0.37845424939636
H           -3.62000255485513       -0.58041273586511        1.62682269153902
H           -6.03797239467740       -0.21054897755300        1.25663720521934
H           -5.55644749341375       -1.87438070020909        0.81716542738737
H           -5.86047848593598       -0.67635724964629       -0.43816309534955
H            0.23455338131958        2.38143302585634        1.26220307169897
H           -1.55748256918058        0.34563113335885        1.29541783737773
H           -2.60769495515550        1.48462739601561        3.30100535222219
H           -1.75926822513771        2.97330049137383        2.86611873931592
H           -0.84011949898663        1.52930883580065        3.31822135926600
H            1.95727867527847        0.80235694470307       -1.06700418540327
H            1.10136063230130        3.60540678951977       -0.73275878065345
H            1.85648283051631        3.06108860002759       -3.05580029066208
H            0.08773290231375        3.28096522445340       -3.00322497364721
H            0.77408800119370        1.65464208884643       -3.06381674488972
H            3.60095610548818        0.91891917278754        2.03893850781777
H            5.71142669447714        0.62768873565084        0.96927532352768
H            5.17426496357792        2.10206869080281        0.13765711932484
H            5.82134274006658       -0.04933048663230       -1.37877069379729
H            4.29675898331302        0.79387929124006       -1.72575885699056
H            3.44447413935050       -1.39254915091299       -1.33319527395003
H            4.69466175489748       -1.76166385576939       -0.11437156790639
68
 energy: -106.571963505596 gnorm: 0.024972988601 xtb: 6.7.1-6.fc44.fc44
O            1.24075654267533       -0.30477886215191        1.63989099444664
O            1.02200926094985       -0.89628263030220       -1.55023121280928
O           -3.39060511921104       -2.60461472472850       -0.18040542362811
O           -3.09546359526888        3.07862559179833        0.31534263491993
O           -1.27041087937944        1.63877788006373       -1.40347630648425
O            2.41737263313955        2.95755732474772        1.16743058590282
N            0.34434565233941       -2.42811176377894       -0.08060717337480
N           -2.18151747105881       -0.88007568518991       -0.98247402208505
N           -3.86035010111080        0.98094099820376        0.26554069827112
N           -0.52961482311052        2.05057483647267        0.68657403746940
N            1.97534899284027        1.73238874334039       -0.67503562473213
N            3.17514788603589       -0.46607781709611        0.52002298685349
C            1.99735411015185       -0.95358020242752        0.93763074755605
C            1.65321296499806       -2.39988366142976        0.57189953955799
C            1.46764551320207       -3.24845393583708        1.83230319947942
C            0.29463912818907       -4.15721049442730        1.48136493870982
C           -0.60303123104794       -3.22751627185416        0.68015795168688
C            0.12437386371011       -1.61860573872774       -1.12467121206949
C           -1.26087995523625       -1.67257833124882       -1.77893655339882
C           -1.20126438017119       -1.13479788601801       -3.20244835636849
C           -3.17070346564945       -1.40685485515528       -0.25441038766268
C           -3.98154884562987       -0.41815866139208        0.60589050034876
C           -5.45807812242124       -0.81820024183573        0.55938950963716
C           -2.92665536066153        1.91087385143215        0.58785467131519
C           -1.67372527953890        1.43997577679604        1.34374912134743
C           -1.72656379199216        1.88775474277789        2.79712307607604
C           -0.41428542418501        2.06559982006340       -0.64092786362471
C            0.92377122285274        2.61329469527784       -1.15504607583829
C            0.93375988393320        2.66051324863619       -2.67507322148111
C            2.57926369064737        1.95007854764857        0.50358520725068
C            3.56880791761404        0.86692758237963        0.94589859435582
C            4.95163232487575        1.05991498007844        0.31625989292606
C            4.85289068079686        0.23359113672237       -0.96440260612888
C            4.04100670756682       -0.98239140536404       -0.52225280392996
H            2.39581680182313       -2.82856840871931       -0.10510174300913
H            2.37039187693761       -3.80244972038328        2.08190982929428
H            1.20343146210285       -2.59938629589948        2.66656425762339
H            0.63340327615442       -4.98458980449507        0.85588949125443
H           -0.20697467960502       -4.56193014601534        2.35817391456575
H           -1.29526704715461       -3.77943346683629        0.01526025654027
H           -1.17042421136616       -2.57412181677984        1.35953727237842
H           -2.06293211570997        0.13444432456145       -1.08638503741258
H           -1.62641720366927       -2.70413117270312       -1.76833523836424
H           -0.43547141072338       -1.64947512346414       -3.77009308323385
H           -0.94501426538108       -0.07780576117734       -3.18340870518623
H           -2.16813376784377       -1.26636957128357       -3.69329984532511
H           -4.56658282149848        1.34114260252329       -0.36737371487628
H           -3.62324391038261       -0.56805757509128        1.63271781716212
H           -6.03438341269547       -0.21514841739659        1.25579125246962
H           -5.54887835648566       -1.86968453677314        0.81563562339454
H           -5.85838325785473       -0.67865353414704       -0.44182240320363
H            0.23083923681701        2.38142117550312        1.26373144402312
H           -1.56548305781076        0.34907942588407        1.28949779617820
H           -2.60455982062308        1.47944224872835        3.29253295021515
H           -1.76749745504448        2.97385211513962        2.85223454833175
H           -0.83489766849166        1.53961573596799        3.31429076391008
H            1.95144700166241        0.79898227497220       -1.07188587472727
H            1.10333268841337        3.60153292499543       -0.71906193284308
H            1.87290025136340        3.06220037667099       -3.04365814999043
H            0.10621125361528        3.28301891484363       -3.01146503264322
H            0.79374181004955        1.65848285453751       -3.07163832566450
H            3.59957397120620        0.91636178462979        2.03937407792125
H            5.71531942268699        0.64630117898865        0.97359474970315
H            5.17209352010865        2.10730977562613        0.13711775220632
H            5.82497099048308       -0.04451762933970       -1.37001623325908
H            4.30267059331880        0.79333965115544       -1.72201993399631
H            3.43440555359238       -1.37732130498740       -1.36133602005968
H            4.69697741105712       -1.76346395853860       -0.11744083408185
68
 energy: -106.572837910836 gnorm: 0.014761115385 xtb: 6.7.1-6.fc44.fc44
O            1.24558409604955       -0.30517071391286        1.64773071111969
O            1.02422432079995       -0.90566424510063       -1.56243804806931
O           -3.39884256752636       -2.60754786320796       -0.18112616937016
O           -3.10076704285589        3.08023173193045        0.32237703769500
O           -1.27229194735066        1.63708306557494       -1.40099452501116
O            2.41939040363993        2.95812691238821        1.16549237779018
N            0.33825211617399       -2.42641861833489       -0.07771292610961
N           -2.18493723399436       -0.88383674659001       -0.98381193428270
N           -3.85649292203562        0.97875806645666        0.25955757801967
N           -0.53075481229448        2.04837035260224        0.68682983698226
N            1.97329295516949        1.73064994478660       -0.67538776337502
N            3.17343564487931       -0.46445715316021        0.51600905354092
C            1.99750701860894       -0.95242396224453        0.93788222001893
C            1.64771868570054       -2.39653032701935        0.56916625652235
C            1.47097011563301       -3.25079987255844        1.83119388566089
C            0.29945519830812       -4.16254491994061        1.48030205222557
C           -0.60076595618055       -3.23262581208452        0.68077848429177
C            0.12175970326746       -1.62262311377965       -1.12688365993641
C           -1.26483508180427       -1.67438754235577       -1.77927160850902
C           -1.20385059008907       -1.13281090046181       -3.20139770258241
C           -3.17077348518840       -1.41075540720132       -0.25332664191080
C           -3.98023135466225       -0.41679919199283        0.60561587197895
C           -5.45529596077523       -0.81593399906367        0.55703669677960
C           -2.92875550558087        1.91162500571739        0.58914939781264
C           -1.67456295346067        1.43926861741170        1.34238373466179
C           -1.72610365972807        1.88835325565279        2.79548966458830
C           -0.41511998826295        2.06795034358724       -0.64120079338335
C            0.92352000092893        2.61328752534174       -1.15424724928947
C            0.93976160995239        2.66473616767442       -2.67395312302722
C            2.57817065017314        1.94875027027445        0.50326951981582
C            3.56984925228101        0.86732882723198        0.94516540298592
C            4.95068719774208        1.06450179610984        0.31356927880996
C            4.85289511809255        0.23611879761973       -0.96443230659092
C            4.03847554725636       -0.98166199924897       -0.52649076863538
H            2.38352538806129       -2.82708919559872       -0.11092124857036
H            2.37532251645411       -3.79896667175431        2.07849162753253
H            1.20511123329313       -2.60121883425280        2.66507429148050
H            0.63833710875532       -4.98942960182125        0.85531419899247
H           -0.20107985775967       -4.56296329029463        2.35842132631760
H           -1.30524142205445       -3.76168191240919        0.03370308244024
H           -1.17723328941116       -2.59098732174085        1.35206887487768
H           -2.06196513941087        0.12813807819373       -1.08146357364066
H           -1.63032946730898       -2.70627283718865       -1.77393867321565
H           -0.44012966184750       -1.66657526681817       -3.76916634433130
H           -0.95020361265474       -0.07551860622859       -3.17661985690987
H           -2.16581422542406       -1.25673486437472       -3.69052443634175
H           -4.57268827625510        1.34154569874025       -0.36068823962600
H           -3.62286759590908       -0.56248883538883        1.63425071164908
H           -6.03199982561405       -0.21675429951430        1.25657350750329
H           -5.54522723366055       -1.86642243479440        0.81471001631342
H           -5.85071889766440       -0.67306020121567       -0.44640659995476
H            0.22726803431511        2.38363114759112        1.26468592990382
H           -1.56870390269118        0.34906332485249        1.28739220067780
H           -2.60183518914050        1.47431233531894        3.28918376289689
H           -1.77466781534899        2.97432405393334        2.84385303894828
H           -0.83104451060708        1.54718399607962        3.31637195577434
H            1.94690040462742        0.79676854351945       -1.07209125950644
H            1.10079014308556        3.60137640085398       -0.71445061599741
H            1.88150131415609        3.06951237451240       -3.03380132506707
H            0.11472538468591        3.28592729907643       -3.01650675502620
H            0.80459979520973        1.66210721368432       -3.07195214350093
H            3.60002267990470        0.91408340303981        2.03934273933660
H            5.71576012015228        0.65765763607787        0.97527585782556
H            5.16521578875723        2.11474701050526        0.13327525852932
H            5.82682797418776       -0.04149373498269       -1.36516012146697
H            4.30593864298022        0.79385623396157       -1.72586358934994
H            3.45493602421841       -1.39664803725389       -1.34941740475379
H            4.69602258694853       -1.76144138824026       -0.11831830116775
68
 energy: -106.573124709272 gnorm: 0.009580100682 xtb: 6.7.1-6.fc44.fc44
O            1.24933504450994       -0.30508529895044        1.65229759784229
O            1.01931837792414       -0.91176354841279       -1.55610351747414
O           -3.40439652047267       -2.61250621855941       -0.17894870739899
O           -3.10509381970027        3.08201744750964        0.32768786792481
O           -1.27131579057049        1.63224869723747       -1.40036639961428
O            2.42110872253618        2.95869368849806        1.16597741784934
N            0.33210904496342       -2.42110914340063       -0.07070947810196
N           -2.18743042092256       -0.89048583130723       -0.98585139408164
N           -3.85025200953103        0.97603323510067        0.24985120375964
N           -0.53021260248549        2.04490711331320        0.68521538480484
N            1.97056161312174        1.72978760838723       -0.67305922914875
N            3.17278694361567       -0.46418830360963        0.51323137497579
C            1.99729089591709       -0.95310009183243        0.93654399455657
C            1.64816455651525       -2.39613114953674        0.56846497226303
C            1.47301614893152       -3.25087244469707        1.82966625508313
C            0.30102837326819       -4.16321475142754        1.47712038773211
C           -0.60305688750534       -3.23193042529216        0.68183254246428
C            0.11925146252857       -1.62834275382541       -1.12871287324570
C           -1.26769203472368       -1.67943829033867       -1.78118025944741
C           -1.20530360728483       -1.13432734376022       -3.20235097206577
C           -3.16922657326747       -1.41740579711449       -0.25093369251579
C           -3.97882620702992       -0.41713452783122        0.60537114926472
C           -5.45360991446938       -0.81479448107950        0.55705109745817
C           -2.92939273448217        1.91232244934606        0.58862058390674
C           -1.67480290311632        1.43907046966760        1.34100527025749
C           -1.72681232402512        1.89067961132058        2.79402134329193
C           -0.41313871329318        2.06662905403359       -0.64327618074470
C            0.92367139381874        2.61471307806923       -1.15314430926485
C            0.94460320788355        2.66936309311103       -2.67261682248009
C            2.57819841921238        1.94824850910861        0.50501730618443
C            3.56979156036985        0.86631888603365        0.94603292788160
C            4.94914659826165        1.06561520127656        0.31314156297375
C            4.85736103611166        0.23606953311225       -0.96316189948936
C            4.04150082311217       -0.98269560989264       -0.52672319350063
H            2.38271346247957       -2.83403233071726       -0.11133928211764
H            2.37858541607091       -3.79801485391803        2.07760246908196
H            1.20449825080750       -2.60030630533568        2.66317285965465
H            0.63892678692632       -4.99027588057356        0.85247127376118
H           -0.19663741445545       -4.56573035130824        2.35607048391720
H           -1.30456523033206       -3.74882022578463        0.03706285824567
H           -1.18149754312511       -2.59664283719539        1.36235770378802
H           -2.06159023147070        0.12190503706529       -1.07596475071229
H           -1.63184505196636       -2.71241910387028       -1.77980470373354
H           -0.44575616378820       -1.66135712124135       -3.77270566837433
H           -0.95875137985212       -0.07556656955125       -3.17013751626209
H           -2.16844698302712       -1.25580335098792       -3.68743391499302
H           -4.57677401482931        1.34139240642716       -0.35660024547362
H           -3.62126031552731       -0.55727388144092        1.63527996328674
H           -6.03223731921052       -0.21838951860526        1.25799632107828
H           -5.54765352035292       -1.86601416174849        0.81061224411859
H           -5.84526907166417       -0.66634085008756       -0.44779843117850
H            0.22489600695369        2.38583586540155        1.26414889905966
H           -1.57149589270959        0.34848335066398        1.28761982202817
H           -2.59894618179742        1.47035978276764        3.28917718649906
H           -1.78270334574052        2.97652894775206        2.83704015987527
H           -0.82969780657413        1.55510484318512        3.30969731456797
H            1.94210967831425        0.79568455330103       -1.06960202446679
H            1.10208193202255        3.60221089585115       -0.71280068184162
H            1.88745660516759        3.07840504575583       -3.02559602388693
H            0.12092946907621        3.28815061071487       -3.02192925797920
H            0.81634123746579        1.66648394378047       -3.07241846125860
H            3.60061684934307        0.91104947757974        2.03949789369789
H            5.71857116372197        0.66542421889038        0.97314247678264
H            5.15720020674269        2.11695266039915        0.12661304824508
H            5.83291339656163       -0.04149012324021       -1.36027152471545
H            4.31308500368746        0.79207484180724       -1.72792698574301
H            3.45346081262813       -1.39094253295011       -1.35123543699215
H            4.69468381862933       -1.76418243887265       -0.11998764607002
68
 energy: -106.573310879042 gnorm: 0.008409675940 xtb: 6.7.1-6.fc44.fc44
O            1.25504391954809       -0.30451375780648        1.65945782137205
O            1.01898673336014       -0.92072388886959       -1.56345030311794
O           -3.41043023724029       -2.61743202374357       -0.17603375405639
O           -3.10962163098676        3.08210184179074        0.33423204647703
O           -1.27044630046887        1.62696815895804       -1.39999323244646
O            2.42327564711768        2.96052112843901        1.16565503921640
N            0.32747482168164       -2.41237163425835       -0.06356426824713
N           -2.19090552568247       -0.89742858262118       -0.98633721070385
N           -3.84351832294048        0.97257569734569        0.23849138612320
N           -0.53043627658512        2.04162242797046        0.68347647920874
N            1.96848085049492        1.72908213683108       -0.67121526800076
N            3.17320374702161       -0.46300208400807        0.51201511804694
C            1.99952787724000       -0.95292735305504        0.94026546237801
C            1.64580382809574       -2.39281419361735        0.56905190276383
C            1.47319266412763       -3.25040696521880        1.82817263342233
C            0.30272039875447       -4.16449764973929        1.47359636586165
C           -0.60566547945223       -3.23243489534213        0.68240345126709
C            0.11708196990206       -1.63011294692198       -1.12943819615900
C           -1.27013800598433       -1.68388115899858       -1.78135526214842
C           -1.20894794652652       -1.13449158014485       -3.20110508231545
C           -3.16921642686263       -1.42449453936996       -0.24787765544515
C           -3.97732187511929       -0.41755057081666        0.60594187762920
C           -5.45262023230652       -0.81098294611158        0.55580018486568
C           -2.93073271912222        1.91144614786057        0.58894796782788
C           -1.67533835952470        1.43808278297042        1.34017612259725
C           -1.72713168164611        1.89344867601241        2.79260711558614
C           -0.41237717249575        2.06480955418896       -0.64505585809733
C            0.92323501629995        2.61549838620290       -1.15173501158939
C            0.95046882944254        2.67489979251130       -2.67083094424843
C            2.57821440824330        1.94900808060019        0.50593861331828
C            3.57030817087894        0.86702918315428        0.94561281774513
C            4.94772062540011        1.06948343463214        0.31037746551270
C            4.86088423925757        0.23450065619345       -0.96348767956988
C            4.04353320988077       -0.98347330500099       -0.52690309638416
H            2.37674579199490       -2.83151326466522       -0.11370648307040
H            2.38114959754470       -3.79456861775455        2.07649412456695
H            1.20228064493421       -2.60088261912805        2.66212806046065
H            0.64125862208193       -4.99032785403907        0.84754598143423
H           -0.19250956675544       -4.57042858064579        2.35277419637955
H           -1.30468539230167       -3.75873449045880        0.03468279977308
H           -1.18574620261936       -2.60257636856223        1.36796877365435
H           -2.06272246289246        0.11499107037242       -1.06981267680951
H           -1.63316601137982       -2.71797189781438       -1.78354033511467
H           -0.45070625952739       -1.65625980347201       -3.77531350475168
H           -0.96533080565214       -0.07573962567188       -3.16479640777702
H           -2.17370487291504       -1.25832528292762       -3.68570590022698
H           -4.58160622423775        1.34035549095781       -0.35132423726318
H           -3.61927028165241       -0.55085890667869        1.63686914020692
H           -6.03260476913606       -0.21905726637219        1.25928917766245
H           -5.54843732803138       -1.86391667988414        0.80479254584133
H           -5.84659006670551       -0.66056786200503       -0.44722894674770
H            0.22068645585695        2.38905100656403        1.26384658700108
H           -1.57345193891671        0.34750054271985        1.28891578324949
H           -2.59396988023400        1.46500361274809        3.29011458310058
H           -1.79457880779372        2.97842549097992        2.82957818344283
H           -0.82608551237554        1.56886286850320        3.30672180415018
H            1.93777987744468        0.79450386296555       -1.06726734489032
H            1.10176692806218        3.60149516723542       -0.70858336120444
H            1.89365362164135        3.09054530422258       -3.01615827934917
H            0.12896561826947        3.29074355822699       -3.02681906982694
H            0.83172225347118        1.67237639183839       -3.07471470122523
H            3.60260777960996        0.90950899506469        2.03884456066405
H            5.72155082762769        0.67781110878725        0.97117117018448
H            5.15083985698872        2.12085243299857        0.11779450185314
H            5.83789777093226       -0.04318232111305       -1.35462077858666
H            4.32027694189973        0.78719017662395       -1.73289797120859
H            3.45903622938708       -1.39588696279675       -1.34568998555002
H            4.69426259147421       -1.76532097866554       -0.11816730492304
68
 energy: -106.573443026062 gnorm: 0.006637332698 xtb: 6.7.1-6.fc44.fc44
O            1.26433971474100       -0.30304064242442        1.67046724077823
O            1.01971440985089       -0.93469578189820       -1.57863432345134
O           -3.41976837272004       -2.62421011272069       -0.17386001619929
O           -3.11544332277439        3.07994325571100        0.34294545518518
O           -1.26901711836326        1.61951733129560       -1.40121261995716
O            2.42715309404096        2.96216153312533        1.16547011826907
N            0.32179552140529       -2.40451221075093       -0.05686013944688
N           -2.19556767582880       -0.90785974148506       -0.98603338958481
N           -3.83545084598613        0.96747263881856        0.22165790397179
N           -0.53213854271597        2.03855299396488        0.68084206670775
N            1.96748841189955        1.72704375965663       -0.66876833089020
N            3.17515828758894       -0.46283634606023        0.51202356724952
C            2.00334718989090       -0.95210531142240        0.94721548475175
C            1.64024100953428       -2.38868945995237        0.57311351944294
C            1.47181789007695       -3.25089453241121        1.82885851354408
C            0.30522541740994       -4.16803374211083        1.47112150907042
C           -0.60726609271823       -3.23362923008861        0.68552957024950
C            0.11458408440409       -1.63520975139875       -1.13248519214335
C           -1.27393974768853       -1.69221426665432       -1.78167796593610
C           -1.21628591550948       -1.13561403498543       -3.19879248028816
C           -3.17214165650804       -1.43367684034269       -0.24601566527797
C           -3.97673817630095       -0.41866186041706        0.60489305205623
C           -5.45249185321603       -0.80692608895814        0.55627908750360
C           -2.93336424433206        1.90805556551466        0.58959609084707
C           -1.67665220972434        1.43615302174065        1.33972425185765
C           -1.72762525076155        1.89804808496068        2.79061428251757
C           -0.41300414003828        2.06141913422636       -0.64733148627875
C            0.92268743734236        2.61448985439515       -1.14973470039671
C            0.95865540966599        2.68119111725260       -2.66828827516975
C            2.57922407099855        1.94966594807963        0.50696553354588
C            3.57252607563587        0.86748831055436        0.94457027506328
C            4.94776128942147        1.07469069068029        0.30692290376930
C            4.86633849575908        0.23078574227563       -0.96301316767693
C            4.04749379869908       -0.98515778190371       -0.52623206528491
H            2.36664623324572       -2.82390985554248       -0.11599532126006
H            2.38413790780315       -3.78861829653531        2.07807063335299
H            1.19795592815228       -2.60451750151392        2.66422492236949
H            0.64504723724625       -4.98926681452647        0.83932272819047
H           -0.18827148561588       -4.57999553841610        2.34879239020397
H           -1.30127929419147       -3.75527886096747        0.02959110192413
H           -1.19227902787783       -2.61113152426066        1.36955969118190
H           -2.06537931956217        0.10409951136764       -1.06475803614184
H           -1.63729001184774       -2.72650514660236       -1.78786534326843
H           -0.45332860102612       -1.65130293379137       -3.77610070698578
H           -0.97294259650646       -0.07777018101566       -3.15813205624713
H           -2.18166855053588       -1.25618748114025       -3.68364539344751
H           -4.58826410683795        1.33845455430002       -0.34509503195073
H           -3.61722669692468       -0.54296562548773        1.63622053583913
H           -6.03209457013909       -0.22050475571000        1.26400111896614
H           -5.55126043969999       -1.86221713382128        0.79915743690574
H           -5.84444004772142       -0.64785937236273       -0.44550822246345
H            0.21283877086082        2.39483398834092        1.26343906977755
H           -1.57393450453032        0.34594042561139        1.29247455343233
H           -2.58583511153506        1.45784929083743        3.29284392384050
H           -1.81491667900225        2.98119430060277        2.82027847739580
H           -0.81882099647325        1.59208493734158        3.30468980882919
H            1.93439211421892        0.79192548459231       -1.06412756648921
H            1.09866961909505        3.59870388548965       -0.70155136469186
H            1.90050007318546        3.10860347119177       -3.00417983953757
H            0.13971090590946        3.29276957118568       -3.03123977131238
H            0.85393109188813        1.67931493034337       -3.07889842276252
H            3.60748815962319        0.90835138027055        2.03833704726768
H            5.72768150479690        0.69513107780429        0.96945890176370
H            5.14544388909365        2.12568483429546        0.10579480121591
H            5.84480955328915       -0.04716124812559       -1.34539917372676
H            4.33108337403738        0.77886139877779       -1.73816466281270
H            3.45641952771128       -1.38865870117062       -1.35399880848433
H            4.69544349658958       -1.76802760945886       -0.11444629548360
68
 energy: -106.573507931142 gnorm: 0.004257233461 xtb: 6.7.1-6.fc44.fc44
O            1.26518249180509       -0.30085909723642        1.67334192756564
O            1.01898339979033       -0.93392460176968       -1.57750506397083
O           -3.42169976624124       -2.62536993027129       -0.17580381550703
O           -3.11680561320436        3.07842301406123        0.34503566318215
O           -1.26822459977840        1.61789800942664       -1.40327720365058
O            2.42693994980744        2.96280580592601        1.16631559377283
N            0.32282918015857       -2.40494475591150       -0.05750407493024
N           -2.19437066169631       -0.90985015843058       -0.98485424847558
N           -3.83500660642214        0.96614079652535        0.21921880334879
N           -0.53323611996226        2.03962502989127        0.68031687727388
N            1.96822618178276        1.72750438445295       -0.66772524251093
N            3.17431078883774       -0.46174007763710        0.51262196419561
C            2.00242630692164       -0.95037268905495        0.94906181054440
C            1.64084794305921       -2.38763053506271        0.57461721788939
C            1.47133131660697       -3.25061589785153        1.82871290332327
C            0.30570881906154       -4.16766558535013        1.46967318150461
C           -0.60689701795620       -3.23210042071164        0.68556096565287
C            0.11578137096811       -1.63712347103744       -1.13423465722855
C           -1.27350620162977       -1.69406428679582       -1.78269986545268
C           -1.21720258856701       -1.13491802709055       -3.19906669388289
C           -3.17380743713352       -1.43420330753885       -0.24777382455248
C           -3.97742981807236       -0.41977003969663        0.60357519589680
C           -5.45355169196319       -0.80645216550022        0.55745604206104
C           -2.93418586913725        1.90632807483642        0.59056371706611
C           -1.67684682002619        1.43587193469498        1.34050370671021
C           -1.72779399601079        1.89981488037698        2.79067291703770
C           -0.41383895318568        2.06000316621097       -0.64788658135468
C            0.92253182700131        2.61366699786635       -1.14939056457317
C            0.95961087862546        2.68106781275958       -2.66791030425489
C            2.57984747252339        1.95078549433748        0.50772301295191
C            3.57358034449627        0.86836242179561        0.94420937359121
C            4.94811076085694        1.07455482592639        0.30510542339943
C            4.86601859550701        0.22886091892911       -0.96346159502794
C            4.04631399099517       -0.98520373069831       -0.52566672586130
H            2.36973152845329       -2.81919335402198       -0.11587855141985
H            2.38408767103396       -3.78786172455932        2.07916112439693
H            1.19628530845307       -2.60610922415018        2.66521323025036
H            0.64567657698674       -4.98599814319185        0.83404434217649
H           -0.18755526293989       -4.58352317307886        2.34532646511999
H           -1.29944823697143       -3.75652021606931        0.02788124543218
H           -1.19183117524891       -2.60940193360672        1.37184232650483
H           -2.06614187798035        0.10218200877583       -1.06717748237253
H           -1.63715330294143       -2.72782184265407       -1.78873167099475
H           -0.45563928181346       -1.65078491771341       -3.77773347133085
H           -0.97207433578617       -0.07699344082317       -3.15625630257170
H           -2.18133511388303       -1.25774866970602       -3.68538926209942
H           -4.58891485590977        1.33774866505555       -0.34444107722394
H           -3.61648595375171       -0.54455538884637        1.63379134773401
H           -6.03017761840893       -0.21972679573433        1.26744789476794
H           -5.55328985200210       -1.86160311033128        0.79852754334645
H           -5.85000138510944       -0.64610268871167       -0.44355131485939
H            0.21077725512619        2.39735100451558        1.26310091382266
H           -1.57162485622157        0.34548168263600        1.29529895042038
H           -2.58307953484959        1.45745357598337        3.29647049770693
H           -1.82077498066668        2.98250908793999        2.82124739425881
H           -0.81698377361858        1.59810997161318        3.30290020163224
H            1.93717406084890        0.79270335242316       -1.06321481023518
H            1.09613892318097        3.59817410567430       -0.70100859737608
H            1.89945600720864        3.11232983150864       -3.00384569430426
H            0.13875731882508        3.29097090468987       -3.03020087620048
H            0.85732780084877        1.67938331828889       -3.07873165395877
H            3.60993649695395        0.91069908751982        2.03809270108435
H            5.72798409384257        0.69502953765878        0.96736051859446
H            5.14560830167454        2.12532182864508        0.10294698196581
H            5.84480945610251       -0.05058542519511       -1.34378013987986
H            4.33264919954424        0.77619670703806       -1.74050033066646
H            3.45934316762501       -1.39358561165387       -1.35009165130867
H            4.69421416347441       -1.76779809211998       -0.11262489435763
68
 energy: -106.573544705779 gnorm: 0.003371514067 xtb: 6.7.1-6.fc44.fc44
O            1.26546240472834       -0.29815833438657        1.67632255637405
O            1.02002197981457       -0.93274630659023       -1.57844119454353
O           -3.42285304652986       -2.62675513655627       -0.17903167437274
O           -3.12049435712079        3.07704794223291        0.34952303106260
O           -1.26684284472577        1.61552590163410       -1.40657232075155
O            2.42554928679222        2.96346709292525        1.16754882889362
N            0.32473594797641       -2.40326690825547       -0.05715217467292
N           -2.19206906543047       -0.91178115086475       -0.98366781478092
N           -3.83450485468923        0.96396013173747        0.21568446936208
N           -0.53458038156953        2.04076311454705        0.67937356954806
N            1.96888784548386        1.72836521733022       -0.66628654303990
N            3.17361982358939       -0.46010801549003        0.51413642384539
C            2.00167145000156       -0.94827048484132        0.95170195700536
C            1.64219020227724       -2.38616368269426        0.57618731283171
C            1.47081764673310       -3.25050691267484        1.82786399194734
C            0.30660797170361       -4.16761092368939        1.46657909897874
C           -0.60617577097118       -3.23123052103702        0.68342440115871
C            0.11725058435261       -1.63621752649907       -1.13412894261515
C           -1.27188140925246       -1.69519872525933       -1.78393020701690
C           -1.21659788169558       -1.13528888937088       -3.20049954740626
C           -3.17575729543554       -1.43514239645294       -0.25104139635184
C           -3.97841471354881       -0.42164477289689        0.60084676294441
C           -5.45535335975802       -0.80644612125010        0.55968665044435
C           -2.93587543734284        1.90427486646562        0.59181299001469
C           -1.67734035237544        1.43572679918618        1.34097977664228
C           -1.72816922586341        1.90260310748773        2.79007243587021
C           -0.41466003066536        2.05782535897138       -0.64906170573799
C            0.92248378286337        2.61292397631629       -1.14904128280844
C            0.96081368669043        2.68055729690171       -2.66746997481441
C            2.58044831334981        1.95210520425321        0.50881780819194
C            3.57494377639513        0.86968600758184        0.94393945251015
C            4.94900952961124        1.07355257010979        0.30320136103922
C            4.86590042717467        0.22609364126039       -0.96353544239028
C            4.04503122146594       -0.98553627176869       -0.52338542860777
H            2.37469323491307       -2.81340007720976       -0.11523160966222
H            2.38334758434699       -3.78813445135769        2.07981732552662
H            1.19332553475743       -2.60841439043595        2.66574166017008
H            0.64803056242539       -4.98254797417667        0.82668097321399
H           -0.18599801167921       -4.58875393314311        2.33947724651563
H           -1.30529415027931       -3.75876293668899        0.03420220455631
H           -1.18997258368463       -2.60808691870971        1.37136710293478
H           -2.06756907191588        0.10078541876458       -1.07089731107586
H           -1.63421059055228       -2.72908950737062       -1.78870865320000
H           -0.45520771515748       -1.65030033658509       -3.77920059517924
H           -0.97438982876009       -0.07656881264192       -3.15647674589079
H           -2.18113096583008       -1.25750242329664       -3.68506061450751
H           -4.59139665852409        1.33746945278346       -0.34262195850519
H           -3.61523387581346       -0.54791073570099        1.62954874525058
H           -6.02747649204658       -0.21863234535970        1.27277177069546
H           -5.55470361149563       -1.86148790837616        0.79862949943145
H           -5.85580609018538       -0.64427834816468       -0.43915519351671
H            0.20832837938709        2.40066711715383        1.26212219303448
H           -1.56912152165858        0.34493982054817        1.29850073248034
H           -2.57832390967828        1.45638187661872        3.30193602459102
H           -1.82967034832349        2.98482798396242        2.82170006170507
H           -0.81393486267514        1.60837467204290        3.29992499703021
H            1.94216919767083        0.79430791986250       -1.06269553074805
H            1.09432359235998        3.59756719928227       -0.70069303629644
H            1.89835195400682        3.11606288782198       -3.00340137973461
H            0.13613303542098        3.28731399612566       -3.02910087882541
H            0.86167401472979        1.67901142963003       -3.07839995304233
H            3.61297485323516        0.91402542680614        2.03767241732483
H            5.72793002655884        0.69363606011316        0.96542595854728
H            5.14557887668619        2.12400193765555        0.09979762708854
H            5.84517524930638       -0.05625638339510       -1.34179707103871
H            4.33490703369153        0.77246331572922       -1.74311955977041
H            3.45775991489460       -1.39519530292481       -1.34643619132612
H            4.69248517973767       -1.76828316955574       -0.10975575274247
68
 energy: -106.573565842347 gnorm: 0.002835377368 xtb: 6.7.1-6.fc44.fc44
O            1.26550926293641       -0.29736547286537        1.67906133442796
O            1.02137738616300       -0.93446443787840       -1.57870502368124
O           -3.42396760180423       -2.62791299341087       -0.18183493034934
O           -3.12432937521029        3.07634266648080        0.35426429468997
O           -1.26649030541838        1.61415306161792       -1.40861035966684
O            2.42426441839087        2.96389137879408        1.16823023278693
N            0.32387682164764       -2.40291882476193       -0.05643629348010
N           -2.19057663068186       -0.91323847622380       -0.98289335518956
N           -3.83353113636365        0.96223625005880        0.21252766526090
N           -0.53565838625940        2.04130551912086        0.67866100106260
N            1.96847907931450        1.72877280750672       -0.66549108878669
N            3.17310301508679       -0.45912134204683        0.51543207251541
C            2.00160483216883       -0.94725198800320        0.95438904682182
C            1.64117163494930       -2.38504976135769        0.57747780474700
C            1.47070110800147       -3.25137542157969        1.82807908006422
C            0.30718822709065       -4.16857060502789        1.46507943947802
C           -0.60602471286825       -3.23033439944377        0.68484458707801
C            0.11777614001655       -1.63694333451020       -1.13428658164859
C           -1.27113411509060       -1.69589874717272       -1.78487289931407
C           -1.21667016290272       -1.13529834083028       -3.20130618925135
C           -3.17722373855693       -1.43631944666595       -0.25351880775421
C           -3.97835935712578       -0.42270956860562        0.59872139506608
C           -5.45611180726672       -0.80669942382384        0.56121130830524
C           -2.93757518567192        1.90313315402244        0.59317325106754
C           -1.67792806747745        1.43600272238115        1.34120596147809
C           -1.72809808968057        1.90501349195301        2.78938902182365
C           -0.41565897747684        2.05673301994449       -0.64990250242733
C            0.92205948564275        2.61272826575627       -1.14892854777998
C            0.96179111393143        2.68047839137566       -2.66721275085193
C            2.58006801044850        1.95274369388387        0.50940202773740
C            3.57517752930641        0.87068975668963        0.94403506412434
C            4.94921954385363        1.07354511671008        0.30198961783331
C            4.86587906189020        0.22418146396539       -0.96336889461962
C            4.04366583023567       -0.98580861196614       -0.52141934725887
H            2.37422225432061       -2.80961968745505       -0.11531222394286
H            2.38317761305004       -3.78903852031156        2.07907691631533
H            1.19226821550456       -2.61131999502648        2.66703419392414
H            0.64937623397860       -4.98028386062035        0.82135318769386
H           -0.18432161997752       -4.59348905576033        2.33660900585154
H           -1.30128566529787       -3.75083423393022        0.02808690500842
H           -1.18753893161533       -2.60661309758024        1.37396738154531
H           -2.06833961925825        0.09968364055415       -1.07215684047191
H           -1.63236779549589       -2.72999287759178       -1.78975156756021
H           -0.45537747976973       -1.65049189926868       -3.78077759583794
H           -0.97526699829247       -0.07649288227712       -3.15727107105620
H           -2.18203349416565       -1.25942414622371       -3.68528859342943
H           -4.59427403167199        1.33759915093891       -0.33981489987488
H           -3.61341023872169       -0.54976107711039        1.62665135118355
H           -6.02466960481691       -0.21863146494371        1.27715666961313
H           -5.55459555710658       -1.86185670947872        0.79956219760050
H           -5.85956641097654       -0.64236305246671       -0.43575434313411
H            0.20635186931672        2.40326451717274        1.26110473322739
H           -1.56837743837877        0.34517488498950        1.30012121007784
H           -2.57345023233249        1.45435722104284        3.30553069989831
H           -1.83766115917600        2.98678214594171        2.82041247114125
H           -0.81004609519792        1.61837118177543        3.29736773217356
H            1.94480757354240        0.79526528837774       -1.06295854442764
H            1.09366272440343        3.59706809792404       -0.69981118131824
H            1.89831430117231        3.11862359359990       -3.00208585747647
H            0.13450086328995        3.28449326489713       -3.02907464070772
H            0.86589413622014        1.67875084379481       -3.07890302873550
H            3.61483472453851        0.91572161145194        2.03759134725940
H            5.72781436415442        0.69463138931836        0.96480014028495
H            5.14526480870813        2.12344050889402        0.09727798571724
H            5.84570380265610       -0.06067917527143       -1.33971930703828
H            4.33694071182774        0.76950333532340       -1.74503363189993
H            3.45707262751779       -1.39683990541270       -1.34368109249855
H            4.69042448672976       -1.76903289118432       -0.10767460962592
68
 energy: -106.573578598619 gnorm: 0.001797027017 xtb: 6.7.1-6.fc44.fc44
O            1.26493299688404       -0.29792313449362        1.67968653986807
O            1.02248222207985       -0.93519799393394       -1.57883118788036
O           -3.42472652792936       -2.62834863986277       -0.18396957833453
O           -3.12625046573921        3.07661744766995        0.35661755112656
O           -1.26717264627034        1.61474446779927       -1.40899179175745
O            2.42340234683509        2.96375830164997        1.16844236969614
N            0.32387297865803       -2.40217325373871       -0.05615469942695
N           -2.18949056959939       -0.91357442562559       -0.98269715182613
N           -3.83259735238840        0.96194623796689        0.21120462403500
N           -0.53617175891089        2.04170307146403        0.67832516404222
N            1.96786909255563        1.72881744579411       -0.66554995594438
N            3.17263453692994       -0.45895961612318        0.51566303562024
C            2.00134819560957       -0.94710792036118        0.95462301976822
C            1.64070139820961       -2.38471894640719        0.57806991129835
C            1.47090639533202       -3.25211270327848        1.82826597997243
C            0.30748153422013       -4.16927550954990        1.46372990748164
C           -0.60602960591254       -3.22999805274381        0.68534749592531
C            0.11872978794708       -1.63744464519504       -1.13516086667427
C           -1.27035652437252       -1.69569740780874       -1.78510801828567
C           -1.21678614263835       -1.13535396960796       -3.20144628447347
C           -3.17720295449578       -1.43678067143354       -0.25458075961909
C           -3.97747768368493       -0.42271311533065        0.59786831917871
C           -5.45537293593066       -0.80691166717950        0.56212789588159
C           -2.93835708312670        1.90348779101854        0.59416976572534
C           -1.67814119436028        1.43665266211160        1.34131120196747
C           -1.72750383293122        1.90615254284428        2.78924061054907
C           -0.41645230004018        2.05747640908544       -0.65024904303409
C            0.92165420128204        2.61283724822560       -1.14920894853775
C            0.96180267143325        2.68067223396932       -2.66740493726832
C            2.57948785369594        1.95263935929563        0.50936933017829
C            3.57466048457842        0.87093666553134        0.94427706944100
C            4.94890748989299        1.07414461050432        0.30202963451320
C            4.86625805208581        0.22350706093442       -0.96266948430938
C            4.04311497016667       -0.98629315655160       -0.52039244089032
H            2.37265669955334       -2.80999157725415       -0.11497448491776
H            2.38307089411625       -3.79014603752611        2.07811263511203
H            1.19219187992717       -2.61277995464583        2.66752419688260
H            0.65013545276835       -4.97997414862510        0.81903008276690
H           -0.18363806934054       -4.59522414321332        2.33502586992784
H           -1.30362399684081       -3.74925174162718        0.03027620462675
H           -1.18787804770184       -2.60826845955141        1.37502268723378
H           -2.06774897986438        0.09935936590018       -1.07164209848495
H           -1.63088801097887       -2.73008254046529       -1.79048943089281
H           -0.45539666620463       -1.65014118254910       -3.78137123497006
H           -0.97438973084018       -0.07693349412705       -3.15860112828827
H           -2.18147680376413       -1.26017546520197       -3.68599030333862
H           -4.59494408539002        1.33787600904741       -0.33831775447275
H           -3.61191070178407       -0.55015177885125        1.62581783769892
H           -6.02253949043282       -0.21916161991416        1.27947357475344
H           -5.55392011773309       -1.86218997579976        0.80048366422974
H           -5.86050082874936       -0.64200851572662       -0.43438804961889
H            0.20574020203631        2.40461086502842        1.26023700258806
H           -1.56907914860335        0.34597021085221        1.30005008202508
H           -2.57025969234888        1.45263442276906        3.30667878584975
H           -1.84109724188630        2.98761380693070        2.81905629462592
H           -0.80758299615303        1.62331484606416        3.29600704715751
H            1.94544886608996        0.79561288837315       -1.06388196428394
H            1.09327039828462        3.59724267848595       -0.69981173157861
H            1.89836574161093        3.11926477129872       -3.00165581726657
H            0.13356709618391        3.28321871044217       -3.02954193585480
H            0.86721484407876        1.67844863684228       -3.07900107031360
H            3.61441929353653        0.91577325049938        2.03797188322939
H            5.72758475402590        0.69633270631399        0.96554632724871
H            5.14462734723014        2.12405249453923        0.09672086177070
H            5.84640407712111       -0.06256755980174       -1.33810559402562
H            4.33822749912919        0.76820828698518       -1.74523699335174
H            3.45580235884081       -1.39558294998884       -1.34454177271325
H            4.68961336391638       -1.76977582397258       -0.10641621757290
68
 energy: -106.573584863976 gnorm: 0.002100749281 xtb: 6.7.1-6.fc44.fc44
O            1.26314594056635       -0.29918070029893        1.68034689630972
O            1.02572157214778       -0.93704005314794       -1.58073505969592
O           -3.42519885078051       -2.62875968519200       -0.18979831837139
O           -3.13032568212192        3.07750944363152        0.36099306173266
O           -1.26914941743498        1.61705332271634       -1.40992622095597
O            2.42065967835666        2.96333279621636        1.16882781279955
N            0.32331604388590       -2.40047481069629       -0.05514399149109
N           -2.18703014699400       -0.91319805257060       -0.98296459539136
N           -3.83126840275541        0.96165870512702        0.20958104911167
N           -0.53726906449745        2.04280798099684        0.67747581306346
N            1.96597435927185        1.72899298056531       -0.66600049752879
N            3.17165222366681       -0.45879667797200        0.51672685361131
C            2.00087756354278       -0.94768355670547        0.95564606018988
C            1.64087229910505       -2.38504645616428        0.57806051800102
C            1.47130220271583       -3.25387171520994        1.82751900236105
C            0.30727935469069       -4.17052232256467        1.46038877189770
C           -0.60684044416065       -3.22884885181617        0.68614009036150
C            0.12010793588370       -1.63670591077176       -1.13539260985464
C           -1.26854477941521       -1.69475372994274       -1.78544903756582
C           -1.21552130288187       -1.13647213736829       -3.20233295606166
C           -3.17682666125115       -1.43711388681061       -0.25753190841306
C           -3.97576328259545       -0.42307033545978        0.59604222135896
C           -5.45353307918236       -0.80735920412942        0.56473837114119
C           -2.93972823541839        1.90445819513219        0.59592161470633
C           -1.67849804443798        1.43822101743880        1.34164210059038
C           -1.72595643103911        1.90816839399535        2.78941193468226
C           -0.41821411174203        2.05936677350009       -0.65106386063699
C            0.92044925175558        2.61334741225257       -1.15024389604172
C            0.96020935405397        2.68043208843324       -2.66842146243813
C            2.57741796664932        1.95238365452084        0.50917681602603
C            3.57296765672436        0.87156728868071        0.94466752178006
C            4.94768385869388        1.07486759665345        0.30280634826830
C            4.86685063918027        0.22218793021594       -0.96060658656673
C            4.04205901559383       -0.98766362704708       -0.51776904316962
H            2.37183434114002       -2.81235375526407       -0.11408321914564
H            2.38270129357474       -3.79327015669823        2.07528174041894
H            1.19242078091763       -2.61554363488966        2.66734060132958
H            0.65005450247011       -4.97971770377365        0.81411912520767
H           -0.18296328917705       -4.59832490122049        2.33137794718055
H           -1.30655112537488       -3.74702861471681        0.03201774875436
H           -1.18553803818284       -2.60775575360847        1.37907834905569
H           -2.06650995175012        0.09976463912585       -1.07142776814380
H           -1.62790596530743       -2.72972168806606       -1.79108574829326
H           -0.45223403578893       -1.65119909009605       -3.78006605627813
H           -0.97523410937356       -0.07739217094044       -3.16079127244412
H           -2.18024744329627       -1.25850121754795       -3.68510257635751
H           -4.59551150119670        1.33819446511272       -0.33603623745559
H           -3.60794116593469       -0.55155698688538        1.62366793062936
H           -6.01862318046322       -0.21991252491963        1.28409337549674
H           -5.55228936485764       -1.86279732701278        0.80305242809778
H           -5.85916022512042       -0.64199113727607       -0.43096893795204
H            0.20516890364459        2.40691186346517        1.25796299662571
H           -1.57035814608941        0.34781360920714        1.29976865719154
H           -2.56354527924793        1.44894682828915        3.30929749892052
H           -1.84711103893069        2.98890380135072        2.81725846577730
H           -0.80267758943650        1.63230799086157        3.29321980123656
H            1.94597341688949        0.79642652447660       -1.06622220049948
H            1.09250567690236        3.59815360293188       -0.70144313277014
H            1.89633515695133        3.11961595058108       -3.00304321573047
H            0.12987446301911        3.28007891103993       -3.03027737862108
H            0.86764600466737        1.67737317529846       -3.07886872546382
H            3.61269145608704        0.91656789095696        2.03851447050456
H            5.72660094203584        0.69911111956214        0.96743919069511
H            5.14298227740033        2.12484230393457        0.09572184327824
H            5.84762935754052       -0.06616343794831       -1.33435034574118
H            4.34030008212372        0.76560293555124       -1.74486400642979
H            3.45426924116182       -1.39533970140923       -1.34331822499372
H            4.68815836312512       -1.77120396751064       -0.10297420410198
68
 energy: -106.573590211853 gnorm: 0.001596452033 xtb: 6.7.1-6.fc44.fc44
O            1.26250112013749       -0.29956971922599        1.68054712478544
O            1.02684894329781       -0.93720759050933       -1.58081362079287
O           -3.42458600379566       -2.62867437006617       -0.19198494958360
O           -3.13164077905880        3.07760039758670        0.36238323654113
O           -1.26979469277792        1.61802274831945       -1.41035931427629
O            2.41946436140950        2.96330811795447        1.16901535996308
N            0.32375844039363       -2.40061521620142       -0.05557763118431
N           -2.18592034597202       -0.91271419763663       -0.98273908980025
N           -3.83107123941343        0.96139734544868        0.20989427208515
N           -0.53752334852532        2.04339474279785        0.67715664771654
N            1.96544817950355        1.72930994582807       -0.66620500421318
N            3.17131731962156       -0.45864296868081        0.51733356005280
C            2.00062990928061       -0.94785774466123        0.95615962854158
C            1.64113213798011       -2.38527767471230        0.57813114656399
C            1.47111827918173       -3.25456525204142        1.82714553011879
C            0.30701746507282       -4.17095038543358        1.45935258629921
C           -0.60681024028818       -3.22846582042598        0.68572806415521
C            0.12091069845956       -1.63636659197650       -1.13546315052746
C           -1.26762219611171       -1.69416678798048       -1.78553410644010
C           -1.21473932575413       -1.13597214211547       -3.20242015206464
C           -3.17651490829925       -1.43696681102365       -0.25848597089686
C           -3.97500275825439       -0.42360036204911        0.59596825113298
C           -5.45298551744599       -0.80722590717611        0.56515604099769
C           -2.93996845550327        1.90446551147798        0.59651231700589
C           -1.67839913207200        1.43870963109681        1.34196245047845
C           -1.72537482617919        1.90886268598226        2.78971992600536
C           -0.41871696847965        2.05978650489276       -0.65129655585905
C            0.91998770084626        2.61361247244920       -1.15070553939968
C            0.95907987976514        2.67990313908753       -2.66898819222040
C            2.57663056945767        1.95261434999593        0.50909432519537
C            3.57232265316383        0.87197150375030        0.94473486440810
C            4.94715779810453        1.07477788982756        0.30323724363941
C            4.86711463245976        0.22158094196543       -0.95980840855832
C            4.04192159096804       -0.98802882399921       -0.51673017348750
H            2.37234695848910       -2.81233693280718       -0.11364759606107
H            2.38244040450625       -3.79421883110581        2.07481038369952
H            1.19212486626547       -2.61659296130337        2.66724599985356
H            0.64975906636227       -4.97974953031296        0.81249182588523
H           -0.18347905920044       -4.59935251620863        2.32987511380270
H           -1.30839493391576       -3.74514323703302        0.03305465158183
H           -1.18398598631501       -2.60657552782289        1.37869650238451
H           -2.06601263939731        0.10035639327816       -1.07141726102845
H           -1.62715409280834       -2.72906752322265       -1.79120796617261
H           -0.45265605657953       -1.65038985630704       -3.78125950989681
H           -0.97358715211203       -0.07693018999329       -3.16117291498375
H           -2.18003456910556       -1.26184901297607       -3.68583527173436
H           -4.59570314694556        1.33789393953972       -0.33515534756778
H           -3.60579378637603       -0.55235279315683        1.62308442337670
H           -6.01736865178022       -0.21997849265167        1.28523268751627
H           -5.55106202615203       -1.86271705376442        0.80381776170670
H           -5.86145475026185       -0.64247084786934       -0.42968527099093
H            0.20529644897557        2.40755234606307        1.25713730216732
H           -1.56998820542151        0.34834483425162        1.30013802280626
H           -2.56124946216326        1.44777423051778        3.31062312602745
H           -1.84903129600134        2.98924279238494        2.81743413176510
H           -0.80074198678797        1.63528333178844        3.29259013415302
H            1.94599257985221        0.79694492955060       -1.06687416622058
H            1.09244460230967        3.59851680126602       -0.70247916600456
H            1.89453626183576        3.11970680320893       -3.00455466621845
H            0.12800191479156        3.27870777076940       -3.03027907032780
H            0.86703470254708        1.67670625181407       -3.07896556787990
H            3.61204512847855        0.91735391492991        2.03854106141494
H            5.72599283571269        0.69955128125394        0.96829388271235
H            5.14271487275872        2.12453052303021        0.09533822132607
H            5.84804107245360       -0.06738853210759       -1.33279465010399
H            4.34101767106553        0.76453411979200       -1.74464852927910
H            3.45426107553154       -1.39611795386129       -1.34189427376237
H            4.68758018811457       -1.77158232531061       -0.10163298654012
68
 energy: -106.573593828247 gnorm: 0.001412085728 xtb: 6.7.1-6.fc44.fc44
O            1.26203797164528       -0.29991553797628        1.68045395810717
O            1.02664604594160       -0.93680592223114       -1.57981619600353
O           -3.42423673185519       -2.62820546872679       -0.19424160004616
O           -3.13178638260712        3.07754129318511        0.36299471993504
O           -1.27047745133841        1.61909254112083       -1.41041036363890
O            2.41817709009916        2.96341617588832        1.16871423212608
N            0.32480662973706       -2.40216298236508       -0.05709138795881
N           -2.18505479882222       -0.91217972337642       -0.98268762140658
N           -3.83126800383494        0.96137932287857        0.21123099715859
N           -0.53743814632000        2.04402141480941        0.67700231237018
N            1.96538369482401        1.72961151018487       -0.66677156039283
N            3.17088337283796       -0.45838845773025        0.51765760200415
C            2.00012158445876       -0.94796394147328        0.95618509941930
C            1.64094747341813       -2.38553567757513        0.57847769497378
C            1.47044233832159       -3.25513106961788        1.82720939454438
C            0.30626531222364       -4.17087828187265        1.45937323628376
C           -0.60656602328787       -3.22750530572736        0.68528232642738
C            0.12175630052701       -1.63729527565118       -1.13641037529456
C           -1.26702830013883       -1.69420475328102       -1.78604686119530
C           -1.21377181771958       -1.13541925884857       -3.20284841182620
C           -3.17616139329718       -1.43637962197547       -0.25932062169653
C           -3.97458490437533       -0.42420070894806        0.59639610935146
C           -5.45240691342898       -0.80817053334725        0.56622270130405
C           -2.93971970734307        1.90432390120203        0.59699537679392
C           -1.67792606785554        1.43891870511892        1.34242308524029
C           -1.72477679671044        1.90934131968301        2.79025178607875
C           -0.41888772222149        2.06004106186620       -0.65134028496856
C            0.91964961974539        2.61366118264992       -1.15135529758015
C            0.95750663692114        2.67871335226703       -2.66989244783561
C            2.57607768098790        1.95307502443325        0.50865385175515
C            3.57177525577323        0.87238805863041        0.94456816717910
C            4.94656078941048        1.07475141321092        0.30366575284927
C            4.86744507269576        0.22104791813054       -0.95909053842719
C            4.04226360943465       -0.98809847213036       -0.51611751859729
H            2.37257066216650       -2.81171556244627       -0.11339538945252
H            2.38204898598666       -3.79476008318288        2.07542641635138
H            1.19156975178835       -2.61736712000905        2.66762278459652
H            0.64861028493072       -4.97953072838209        0.81198962995986
H           -0.18511070538602       -4.59969582904527        2.32913407193937
H           -1.30872369116288       -3.74385146941301        0.03186908071158
H           -1.18241922358582       -2.60428718218741        1.37819857090100
H           -2.06500064917540        0.10100704691827       -1.07154511246737
H           -1.62795252548537       -2.72846783723700       -1.79152600553082
H           -0.45258667758934       -1.65032051641001       -3.78268423744371
H           -0.97281111320821       -0.07657160364829       -3.16172115845914
H           -2.17858764585889       -1.26071684273106       -3.68669522579075
H           -4.59566971361353        1.33761086128195       -0.33476494445207
H           -3.60401364660382       -0.55298082659918        1.62270083960800
H           -6.01692234269973       -0.22096284013013        1.28616067014570
H           -5.55051241453320       -1.86363383307130        0.80448438793161
H           -5.86109551198404       -0.64228820392221       -0.42836803450451
H            0.20600023585691        2.40769237556398        1.25662070412973
H           -1.56867772540079        0.34844036178436        1.30101922379843
H           -2.55962425058779        1.44708205860592        3.31206173022747
H           -1.84966094174447        2.98933753013066        2.81856748379518
H           -0.79939275143832        1.63672121116268        3.29246404360314
H            1.94543044310902        0.79720763918079       -1.06712990026062
H            1.09244440210669        3.59871018266249       -0.70411147892618
H            1.89183232788513        3.11967284848143       -3.00714878498116
H            0.12600348636050        3.27716752904364       -3.03039426903491
H            0.86540668741099        1.67546704842109       -3.07925847998228
H            3.61093667024800        0.91848140366570        2.03829781555900
H            5.72485693954958        0.69971575830535        0.96948605013178
H            5.14256263303583        2.12424745080003        0.09539552867744
H            5.84843416190971       -0.06787348636075       -1.33104809393191
H            4.34163106847546        0.76353398421340       -1.74454739393449
H            3.45599574486876       -1.39783696361473       -1.34004371363646
H            4.68739551642152       -1.77148185606659       -0.10041239252335
68
 energy: -106.573596810923 gnorm: 0.000934372007 xtb: 6.7.1-6.fc44.fc44
O            1.26154273068185       -0.30059714168229        1.68009334421418
O            1.02730654243247       -0.93703491779596       -1.58113374672487
O           -3.42454105623636       -2.62764577116406       -0.19634214487968
O           -3.13181052911536        3.07764421665511        0.36353751330202
O           -1.27152510612312        1.62031693672628       -1.40995253225297
O            2.41682844494993        2.96311601959668        1.16812639865686
N            0.32472036887302       -2.40203631089110       -0.05743857620714
N           -2.18460355275746       -0.91143442869240       -0.98299267418133
N           -3.83131121890921        0.96155431579779        0.21229548633801
N           -0.53740521587357        2.04449875021950        0.67701588625919
N            1.96519953895943        1.72932941565143       -0.66759978740102
N            3.17066742593303       -0.45863813496490        0.51781100671629
C            2.00005474424143       -0.94873020627594        0.95611747699783
C            1.64133451121358       -2.38638298349479        0.57794914889516
C            1.46999576055803       -3.25583872608506        1.82663965883692
C            0.30545969117075       -4.17097922427443        1.45885326051152
C           -0.60699127433728       -3.22675979152142        0.68530751239666
C            0.12178541369455       -1.63686279769650       -1.13662219919518
C           -1.26680709236190       -1.69365275107883       -1.78652021665444
C           -1.21331028651110       -1.13472655109827       -3.20327810131923
C           -3.17574005635587       -1.43583591433368       -0.25990152773459
C           -3.97389592641788       -0.42429346456656        0.59688412092616
C           -5.45148869806453       -0.80880996758880        0.56709545987728
C           -2.93976687206556        1.90460192220706        0.59781718954076
C           -1.67762069411112        1.43933469896435        1.34279394684058
C           -1.72409922842071        1.90993222097783        2.79061255583353
C           -0.41924450443090        2.06076271809996       -0.65128956717341
C            0.91934033084836        2.61342638651804       -1.15214977274820
C            0.95643611637279        2.67773919639376       -2.67079288544152
C            2.57530351766238        1.95283565863563        0.50805938597789
C            3.57100975705726        0.87234541933238        0.94460906595436
C            4.94605832153396        1.07518060363082        0.30441092276435
C            4.86785468468350        0.22089510526891       -0.95807465881512
C            4.04274966229113       -0.98829324229858       -0.51549753554269
H            2.37319427130565       -2.81301101573555       -0.11349712282296
H            2.38151235750101       -3.79571589351088        2.07499374641672
H            1.19155678547369       -2.61809101518953        2.66717871995970
H            0.64717244236292       -4.97958688374096        0.81121185086629
H           -0.18602831317575       -4.59973671857739        2.32864440319249
H           -1.30956711796355       -3.74196879199765        0.03226520023278
H           -1.18185738140013       -2.60314478150379        1.37957625249383
H           -2.06401470329736        0.10164147359402       -1.07135868256169
H           -1.62840529477829       -2.72773554555033       -1.79204274868958
H           -0.45121504042947       -1.65011158395880       -3.78166133973287
H           -0.97176628195921       -0.07587554900772       -3.16177759787178
H           -2.17812996171364       -1.26035802408187       -3.68734183680458
H           -4.59528571956447        1.33731770969205       -0.33453946179766
H           -3.60277170495533       -0.55317783882107        1.62284717864192
H           -6.01618679777946       -0.22206265676278        1.28718321487645
H           -5.54931939591597       -1.86437120540543        0.80480489727996
H           -5.86087517174453       -0.64377504865716       -0.42753256811269
H            0.20655922984956        2.40781868481498        1.25625711171610
H           -1.56818307870628        0.34884351282358        1.30147712054820
H           -2.55789323976397        1.44636943211641        3.31294797138509
H           -1.85011878857924        2.98963809917381        2.81887296326882
H           -0.79822724860428        1.63817151566404        3.29199707965589
H            1.94485901806896        0.79684743993588       -1.06781393207348
H            1.09219179289739        3.59881843936253       -0.70555993387399
H            1.89027631629682        3.11922708296435       -3.00885198231328
H            0.12462019579814        3.27564530094500       -3.03117942276414
H            0.86464909722811        1.67417996068864       -3.07944492574687
H            3.60939630776968        0.91880193008930        2.03835962672965
H            5.72412817447368        0.70061208824541        0.97068190250795
H            5.14173868060774        2.12482774482919        0.09596690781766
H            5.84897951324737       -0.06775788923381       -1.32909923685095
H            4.34225197971975        0.76293322001897       -1.74393938856371
H            3.45701248873355       -1.39806014000415       -1.33997265363405
H            4.68788412783062       -1.77147860422164       -0.09907499415482
