68
 energy: -105.517940864895 gnorm: 1.684601510478 xtb: 6.7.1-6.fc44.fc44
O            1.03043398142379       -0.35625479413234        1.24868510576262
O            0.85777385545458       -0.70162981147406       -1.60902504056878
O           -3.03390790969112       -2.54330141974865        0.01685568606857
O           -3.44603903774424        3.25841094701175        0.34035148429298
O           -1.28007654309596        1.45507999855048       -1.51046846958124
O            2.31856681022857        2.76678144782420        1.21856978324545
N            0.51494632442767       -2.57089974025523       -0.47116567063652
N           -2.24742844641216       -0.96425190896717       -1.08682338499647
N           -3.71985757512275        1.13435156694915        0.25625078635105
N           -0.38717681721638        2.27672663255351        0.56622027670525
N            1.97141349057934        1.73616344327552       -0.69424897774386
N            3.30459570950188       -0.57759212905372        0.39873322646718
C            2.13537687216813       -0.97667946435316        0.69968012022459
C            1.65852447075415       -2.54009441549321        0.23641925053351
C            1.79569793347928       -3.48914165782030        1.33103493612639
C            0.31455554832319       -3.61532857469195        1.68357438738731
C           -0.46653838907340       -3.74779158146166        0.46672558407006
C            0.00144616853423       -1.77529871211065       -1.37590936660868
C           -1.37112880734787       -1.76800698535420       -1.93332118251676
C           -1.45395676790594       -1.22387092502071       -3.28141420125526
C           -3.13390834933934       -1.32035771559425       -0.09172158177838
C           -3.96430579978401       -0.42663661995907        0.78425713478281
C           -5.26076913017593       -0.79406884863860        0.91520923790998
C           -3.00561554586751        1.90797468712780        0.55466133129829
C           -1.76871661706202        1.83809583573169        1.17164519802856
C           -1.85569505505817        2.18279613742354        2.63019039604463
C           -0.44703927973779        2.11674507911839       -0.62373707865431
C            1.01600541055121        2.74551588586953       -1.22763674417591
C            0.99360679752217        2.65800827954330       -2.68908592415677
C            2.42384233600090        2.00422456421004        0.63036306836562
C            3.40768953208119        0.85155363613574        0.90009397244172
C            5.21910279205538        1.10133300039107        0.12015745278571
C            5.45262765885586       -0.23164875753172        0.29813389807469
C            4.31635184762605       -1.07116113985791       -0.21888523646124
H            2.48244502298553       -2.68319158765117       -0.69086636628299
H            2.29163877008875       -4.31950108485940        1.00454738287073
H            2.56475117595562       -3.20499929118815        2.10751119953923
H            0.14780338044470       -4.52689129753848        2.10531985612989
H            0.06254747745186       -2.84304864838176        2.20321178734747
H           -0.14224934594419       -4.41171178922668       -0.27945675249001
H           -1.35058350975721       -3.42416514139497        0.36463414612912
H           -2.12743065659099        0.05138072197504       -1.02142245899086
H           -1.80695132166448       -2.61250271602612       -1.73027505738535
H           -2.48091279920808       -1.27866258261223       -3.66589782192745
H           -0.46774908297271       -1.85026903907647       -3.92409500059484
H           -1.26392700056818       -0.08083531257060       -3.17063698791608
H           -4.51475366999743        1.20926525892362       -0.30015083148265
H           -3.73571595531510       -0.44167743631058        1.81296377504023
H           -6.01874693680133       -0.07072406865416        1.51526190603772
H           -5.40570311171103       -1.84750816505829        1.05924046034716
H           -5.90461314443275       -0.64794967387268       -0.16428106768296
H            0.14859444750717        2.84115245862983        1.25794693992365
H           -1.76715149905693        0.69344141508076        1.47477577744492
H           -2.76696888053538        1.84833235190181        3.32438604605812
H           -2.05370718880650        3.48311020314267        2.62105770500693
H           -1.02595576231578        2.29839439184988        3.07119545943833
H            1.89156985380115        0.86918258977041       -1.17979755054144
H            1.23901003198388        3.59817569844868       -0.91098651199154
H            0.05358320363365        3.11220578653268       -3.30515716824878
H            0.74368985852735        1.48590331952468       -2.94748322369872
H            2.01806935474373        3.02157095083717       -3.22381230281318
H            3.39381571651080        0.76065023035097        2.24380058902284
H            5.30239257073758        1.86448807123062        0.83644152851488
H            4.59936767912536        1.56319608139389       -0.84672838253802
H            5.89325132725601       -0.42159466332051        1.27415362589158
H            6.24857775915993       -0.27525962451594       -0.52137359990143
H            4.09406183259338       -1.16721205152487       -1.13989948824765
H            4.53936060953755       -2.03886373263520        0.08509060594233
68
 energy: -106.092429951489 gnorm: 0.675791215746 xtb: 6.7.1-6.fc44.fc44
O            1.06009668039117       -0.36588737977592        1.24223119549667
O            0.84364760549744       -0.72565219067365       -1.61273410752651
O           -3.05469812673606       -2.55827880698671        0.03416014915283
O           -3.43327575200146        3.24011439833541        0.34169968381813
O           -1.25791636989000        1.47938841279803       -1.48302035949863
O            2.29926239557857        2.85968672742431        1.28889831963122
N            0.49389538032317       -2.57368729702981       -0.46001851420143
N           -2.25271092939856       -0.93995541959431       -1.07956067254221
N           -3.76702691167986        1.08532077364006        0.24081061397182
N           -0.41873026545702        2.27675136958092        0.58821760954962
N            1.97186813546661        1.73739083466460       -0.70747974495014
N            3.27049243934232       -0.55369948282065        0.42850492141893
C            2.08485180423137       -0.98168237584105        0.70366254117184
C            1.69031993979338       -2.51836346743319        0.21438467087518
C            1.80226315642634       -3.48269465132026        1.33136708984468
C            0.32820216669772       -3.63025196216825        1.67965636270366
C           -0.42899751105543       -3.72890957172774        0.44047118722846
C            0.01876115651789       -1.74478788058857       -1.36560283969203
C           -1.36903986884981       -1.75090163545678       -1.92095793593960
C           -1.43792589457104       -1.21746388427693       -3.29286811819696
C           -3.11373285800270       -1.33472501036662       -0.09914138871753
C           -3.94267167877243       -0.41678297357264        0.77588609909870
C           -5.30745513786587       -0.78456972326771        0.88671393560490
C           -2.98168954230963        1.97388403231291        0.55916764104575
C           -1.74552882902155        1.81750912304500        1.20627709551927
C           -1.88691877850595        2.23059498095712        2.63510670068513
C           -0.44155388487718        2.11155366754656       -0.66735261141979
C            0.99909809007013        2.70886182895270       -1.24091469987854
C            0.98796386210064        2.64245059027770       -2.71897771187270
C            2.44142947136315        1.92909678621055        0.57087192434168
C            3.42929693998255        0.83632795989199        0.91872127227707
C            5.15267950786542        1.12804385939420        0.12745767492668
C            5.48168917267932       -0.23641525857637        0.27703042003485
C            4.33162622222007       -1.07781786351275       -0.20246897126391
H            2.47903127256145       -2.68570465433560       -0.67858343363933
H            2.29246154449731       -4.34126698159259        0.99546416817328
H            2.55232078113873       -3.19752830020894        2.10959720793556
H            0.14617407466194       -4.54802967260986        2.12281491927020
H            0.05291263143736       -2.81783286404116        2.22201143922738
H           -0.14088783768518       -4.43373469548429       -0.28208828730014
H           -1.38281183015428       -3.41275846100378        0.36366985701225
H           -2.12033423792672        0.06283360682775       -1.02953576352035
H           -1.81630953061122       -2.64749440640834       -1.73077029643380
H           -2.47069789388658       -1.28450117747644       -3.67052121992456
H           -0.49647914477340       -1.83097996573771       -3.91450654317175
H           -1.25925551563976       -0.09477283402415       -3.17731727831508
H           -4.54284763960900        1.20535272942391       -0.31461526433978
H           -3.71585773741127       -0.43929589224605        1.81928912008880
H           -6.00410714669625       -0.08499377352413        1.51540350629529
H           -5.41046344960299       -1.84621921016488        1.06545112888987
H           -5.89604201694294       -0.65234599919137       -0.15608092436494
H            0.14282293545805        2.83522866104776        1.25135678088170
H           -1.75420140064061        0.69203213635298        1.46157066993639
H           -2.75270035596735        1.84920792091247        3.30870310610853
H           -2.05804034555567        3.46649104590342        2.62130267866847
H           -0.99412038588596        2.29022646362253        3.09489433932816
H            1.88998990590189        0.86340311924642       -1.18083616364082
H            1.24109133620385        3.62931422004591       -0.89555189854810
H            0.07093078725234        3.11190168839765       -3.29031060584484
H            0.75447570808887        1.50306650159149       -2.94670129003320
H            1.99782146379376        3.01320112499626       -3.21459443681613
H            3.39910362096552        0.76314599054561        2.21493314954027
H            5.31228314396146        1.87715986003259        0.84256274202092
H            4.61661574775910        1.55473278068819       -0.83735737943855
H            5.89156832478680       -0.42711243613222        1.27027268391183
H            6.25878408290089       -0.28774791713576       -0.51902217718499
H            4.09721017354648       -1.16381875750513       -1.18312599253598
H            4.54379482181960       -2.06198079748309        0.09560970085040
68
 energy: -106.398426412797 gnorm: 0.342072544293 xtb: 6.7.1-6.fc44.fc44
O            1.09913763446516       -0.38296493709729        1.23252278008542
O            0.82450911533916       -0.75830516449390       -1.61980140908096
O           -3.08676853518673       -2.57411970385423        0.05921175946887
O           -3.41085553504308        3.19288627958271        0.34030142779074
O           -1.21973129377877        1.52041100410597       -1.44254482887996
O            2.29359034121528        2.85716170769327        1.28269097504490
N            0.46317902542958       -2.57858687044052       -0.43598865175877
N           -2.25903308001612       -0.91294863502191       -1.06726516539077
N           -3.79266303512145        1.05040478712931        0.24361881037970
N           -0.47073002883143        2.27419494738797        0.60375623475620
N            1.96833726380479        1.75432199944710       -0.70207098947519
N            3.23397503639512       -0.52403867968658        0.45912645272220
C            2.02505711579033       -0.99090787768405        0.70082325872215
C            1.73064510881568       -2.49120752177815        0.18622860783728
C            1.81406189009240       -3.47609781071556        1.32621221154790
C            0.34337031891591       -3.64151500552039        1.67833975569612
C           -0.38293341717235       -3.68072203341936        0.39290074882269
C            0.03643849050580       -1.70397724426518       -1.34347671183421
C           -1.37231534764941       -1.73678262788482       -1.89858703512214
C           -1.41568953726928       -1.21444613561780       -3.30151515374688
C           -3.09013111280544       -1.35213641399939       -0.10344075777053
C           -3.92194563656456       -0.38986782224817        0.75988710098090
C           -5.35321198405009       -0.76906684647795        0.84258994630965
C           -2.99028782294666        2.02475839310278        0.55334759215953
C           -1.73279082459552        1.78484944120727        1.24257668056319
C           -1.90889214704748        2.30547265390393        2.64878877183758
C           -0.42983468346151        2.10816591155198       -0.70001582803666
C            0.97637259816750        2.68269842006526       -1.24790967195113
C            0.98100215058852        2.62001168067681       -2.74960493418849
C            2.45579992225713        1.90105958000694        0.54605050384309
C            3.45260982210785        0.83634622724353        0.94628478639031
C            5.03274797291817        1.14948168038525        0.15478537498480
C            5.51044350036106       -0.23589353625246        0.24723255258908
C            4.34001989295232       -1.08566674088355       -0.18542365154972
H            2.47311648054907       -2.68608654594290       -0.65719289085078
H            2.28902268451422       -4.36932772462450        0.98182904752901
H            2.53199100387469       -3.18413985442191        2.11331350200867
H            0.14359735210522       -4.56979102830649        2.14675250569960
H            0.04382638068548       -2.79927717017492        2.23990880228577
H           -0.14418400859273       -4.47110169250137       -0.28310989317560
H           -1.40405694262525       -3.40628597859152        0.36483239535153
H           -2.11121645523193        0.08222856211030       -1.04212539222477
H           -1.81990642566556       -2.68404696282125       -1.73584473925672
H           -2.44933418414016       -1.29610538078707       -3.67973285304402
H           -0.54955419186240       -1.79320618036112       -3.89721703897161
H           -1.24759489933780       -0.11663522601624       -3.19216499352719
H           -4.57078989826227        1.21149308684464       -0.32958711949684
H           -3.68713728124941       -0.43528715340203        1.81928367394088
H           -5.97969592925635       -0.10897323599263        1.51206176796534
H           -5.41522197081875       -1.83751243086409        1.07518681707473
H           -5.88248247751905       -0.65815833869759       -0.14284783690780
H            0.13461952261757        2.82153659728771        1.23506690544714
H           -1.73107464740765        0.68849757351795        1.44251814321131
H           -2.72743880587311        1.85567154991655        3.28267148150764
H           -2.06936545404856        3.43730871193275        2.62020610690321
H           -0.96539917684135        2.27097982358844        3.12207459866147
H            1.89352958898793        0.85969854686277       -1.17047883313961
H            1.23253682860332        3.64725754968970       -0.88360023735797
H            0.10014763082838        3.11113164637866       -3.26655425490189
H            0.77393234998840        1.52777647355600       -2.95329116598443
H            1.96228021243479        2.99644173451709       -3.20182701109656
H            3.41392667055203        0.77243377442106        2.15956445918414
H            5.33428052269521        1.89892433143248        0.85089915963762
H            4.64187750801729        1.54397950778769       -0.82135772919196
H            5.88813347853548       -0.43365335138851        1.25809094699754
H            6.27652583563170       -0.30112980653783       -0.51647851809272
H            4.10575399941819       -1.15327932846610       -1.21679544211697
H            4.54367919541041       -2.09070762272294        0.10990176796900
68
 energy: -106.529470304936 gnorm: 0.135109005792 xtb: 6.7.1-6.fc44.fc44
O            1.11286965855962       -0.38958427306417        1.23740292698136
O            0.81628552148721       -0.78167896769546       -1.63337063219142
O           -3.12319241388023       -2.58274378344984        0.08684668649714
O           -3.39088175495622        3.17086046632359        0.32532166652179
O           -1.20291671859044        1.55193564791715       -1.41984591682770
O            2.28762576354031        2.85781653743341        1.27701715407191
N            0.42757094542125       -2.58657821158058       -0.40163019775174
N           -2.26551336955507       -0.89371973377979       -1.05152148821203
N           -3.81041414795861        1.01343061818620        0.25003564867354
N           -0.51970253969906        2.27466574399853        0.62004404762480
N            1.96431342432954        1.76236787268868       -0.70359138340633
N            3.21382421637679       -0.51147156955451        0.47672814035291
C            1.98689641486427       -1.01028932495284        0.68572944882230
C            1.75930821673787       -2.46955399624343        0.16667610820067
C            1.82742213936337       -3.47430761479136        1.31791655575846
C            0.35648954291119       -3.64851488899294        1.67400022459953
C           -0.33413388332691       -3.61808346205756        0.33347750896501
C            0.04321487273929       -1.67156311096590       -1.31055332775798
C           -1.38212640943890       -1.72974674847534       -1.86998407051523
C           -1.39914137985983       -1.21608044990723       -3.29887756263233
C           -3.07476676639919       -1.36920876185965       -0.10198918594923
C           -3.90846520734503       -0.36519158222572        0.74366147157731
C           -5.38215905325789       -0.76297811393376        0.80851311101550
C           -3.00747492083735        2.05916181157374        0.55027116418642
C           -1.72926381427092        1.75878048534134        1.27409826677684
C           -1.90809295762479        2.35664331621168        2.66558220361555
C           -0.40994543025632        2.11911562708194       -0.71195287540809
C            0.95714820275248        2.66859694819506       -1.24539753300544
C            0.97379198247330        2.59941915212684       -2.76503188740220
C            2.46946012112773        1.88576408029340        0.53090629019903
C            3.49134190558139        0.83549527438469        0.94525015844159
C            4.88466071949355        1.15454476801622        0.21974360264641
C            5.51957878769060       -0.23000244925223        0.22796339436894
C            4.34622007213178       -1.10200047282682       -0.17425577412778
H            2.46832702750748       -2.68064447677992       -0.63688460897776
H            2.28135790298217       -4.39512886969186        0.96572502137678
H            2.50818167683368       -3.16614819095600        2.11856281744310
H            0.14142368339255       -4.58219125986098        2.16511348170991
H            0.03762406458229       -2.79228327397794        2.25265020677496
H           -0.15350356693555       -4.51379637237562       -0.27529945741829
H           -1.40669027014740       -3.40188928478526        0.36261446527213
H           -2.10424660732868        0.10243178468984       -1.05759436694659
H           -1.81839160463869       -2.71538149006511       -1.74297794924334
H           -2.42127217149524       -1.31375259485438       -3.69330529948280
H           -0.61504530509822       -1.74390567637768       -3.87592139850924
H           -1.22610552286672       -0.13748908857585       -3.21426172294044
H           -4.59195707572224        1.21820310791343       -0.33945779150928
H           -3.65054202430409       -0.43110739919608        1.80895204106849
H           -5.95366692736997       -0.13351808558655        1.50681329097345
H           -5.42026002829060       -1.82615794306659        1.08477345409645
H           -5.87266617985714       -0.66177175326229       -0.14384089261675
H            0.12540011584478        2.80459627695524        1.21686320183857
H           -1.69934242169464        0.68033453899081        1.42584603354974
H           -2.70044960410686        1.86994326443427        3.25675050064157
H           -2.08795516858296        3.41270949024191        2.61378442600670
H           -0.94364001950445        2.25238803706670        3.15174526774193
H            1.90240640690993        0.85454526111007       -1.16169187700461
H            1.21788916450564        3.65978463228179       -0.87201002862676
H            0.12807873951878        3.11518625762764       -3.23961254310999
H            0.79986646232756        1.54378386767743       -2.97323992887669
H            1.92293018065867        2.97336675267765       -3.18838613385473
H            3.44932674796990        0.79763821805250        2.07689939120226
H            5.36600709157538        1.91918362730445        0.85722526048041
H            4.65805309774398        1.53649364654964       -0.79704110691089
H            5.88366934931280       -0.44236900557201        1.24017770743814
H            6.29555959356526       -0.30132617738117       -0.51309491601648
H            4.12257943709459       -1.14235920523453       -1.24023237573984
H            4.53902969059218       -2.12104188676533        0.12475956124446
68
 energy: -106.561556897039 gnorm: 0.070585207990 xtb: 6.7.1-6.fc44.fc44
O            1.10616125783154       -0.39342118621423        1.25548416885178
O            0.83449728843733       -0.79079632799093       -1.66742936676127
O           -3.16531468447565       -2.58880273560006        0.12025115810876
O           -3.37321492169303        3.19657088069749        0.27464086799748
O           -1.22203841950363        1.58652387749593       -1.41844357160430
O            2.27653920845621        2.85604423961350        1.25955107030318
N            0.41371731554887       -2.56691079961763       -0.37673063453944
N           -2.27165592172402       -0.88651234397948       -1.03174562243840
N           -3.82423579281088        0.99912996082134        0.25012104812764
N           -0.55592490281081        2.28481987841894        0.63039631532685
N            1.95783526144696        1.76071735949166       -0.71252746467495
N            3.20327511410089       -0.51740800349011        0.47407139127813
C            1.97246786976461       -1.02371373577296        0.67062654631936
C            1.76885661015809       -2.45526800985213        0.16199987093720
C            1.83220425101790       -3.47880828128797        1.30448633668700
C            0.36105896062103       -3.65554449824362        1.66909405108743
C           -0.31557219248420       -3.60471910051803        0.30460188311577
C            0.03199370607872       -1.64430949543676       -1.27459126466778
C           -1.39501507900998       -1.72639339709218       -1.83956048973049
C           -1.40429854372222       -1.21064356505769       -3.27423387864558
C           -3.07597866544393       -1.38067161381716       -0.08950386020467
C           -3.90317811729358       -0.35874055765452        0.73425497589348
C           -5.38632734734050       -0.76775894492928        0.79101307932424
C           -3.02160894050688        2.05996365613796        0.55718279754165
C           -1.73404938178022        1.74214750132491        1.30043546950844
C           -1.88026261868545        2.36168749171159        2.68869944435463
C           -0.40816582934313        2.14351406380962       -0.70231391317181
C            0.94028203351462        2.66112403199818       -1.23956802802702
C            0.96275640056860        2.57957736151318       -2.76180223317199
C            2.46608021596572        1.88681608938599        0.51761902913272
C            3.49796291871353        0.83617246272602        0.91450692505021
C            4.82980428247357        1.15926550078949        0.27410691454767
C            5.51204400325320       -0.22038569526897        0.22237559537204
C            4.34757720084280       -1.11859739566381       -0.17287562587273
H            2.47797065384048       -2.67675856805246       -0.63642293849312
H            2.26915403975109       -4.41455651485187        0.94608579444738
H            2.47468593071277       -3.14418885931033        2.12559917343819
H            0.14387062623921       -4.58800153231947        2.18014552685091
H            0.03505865597840       -2.79642700508482        2.25609025147703
H           -0.16434161577621       -4.55307362921385       -0.25883161224664
H           -1.39514799933474       -3.40082217315953        0.35308434838727
H           -2.10646407275504        0.11891394403504       -1.07356200122825
H           -1.81073526660156       -2.73606888150890       -1.74133082003705
H           -2.39954014161076       -1.33749370555841       -3.70868235671708
H           -0.66163777645157       -1.71028994812344       -3.87717256658669
H           -1.19337471922879       -0.14252434789570       -3.24168790595416
H           -4.60691948386626        1.23225373142785       -0.34733426964316
H           -3.60051838320845       -0.42615729911958        1.79036895956712
H           -5.92566293753185       -0.15479816379707        1.51598744937451
H           -5.42983906393337       -1.81755242813888        1.09182085163032
H           -5.86645795980910       -0.67002302294181       -0.18335284515310
H            0.11495271448867        2.78586793058903        1.20938980618383
H           -1.64538169177564        0.65342227129690        1.40493122942270
H           -2.67471030710745        1.87481973981666        3.24533947589701
H           -2.11613662703084        3.43187478009873        2.59895856027809
H           -0.92238958273725        2.24438086491732        3.19279515380182
H            1.91239116534844        0.84576036570581       -1.15622173806659
H            1.18848376791790        3.66190017029340       -0.86345709955687
H            0.13894437558609        3.14077399654147       -3.20480107637901
H            0.83553170039632        1.52975131065886       -3.01518378229498
H            1.89693201586317        2.95118620027903       -3.17164824019352
H            3.53459349735396        0.84525948456044        2.01260144124815
H            5.36531136049131        1.92147243084487        0.86862876688604
H            4.65199618804226        1.53222497595175       -0.73706619674606
H            5.87810386900254       -0.46165475536166        1.22161594174681
H            6.31702806710223       -0.28651435137899       -0.50203851623424
H            4.14912641221320       -1.13785325472881       -1.25550417014535
H            4.52865772356376       -2.14614486154826        0.14025009546777
68
 energy: -106.569468994104 gnorm: 0.041673649300 xtb: 6.7.1-6.fc44.fc44
O            1.09180360579662       -0.42039192683235        1.24962611274709
O            0.82653477570119       -0.78973121693531       -1.65238976238344
O           -3.19528439377003       -2.58299997710024        0.15052456804993
O           -3.34282131985718        3.19140488941367        0.25078953239021
O           -1.25779318684493        1.62393540030952       -1.41739115616341
O            2.24247939458421        2.85427434923180        1.25036385717289
N            0.41250988337226       -2.55976758037240       -0.37742716090070
N           -2.27086568285544       -0.88448122003404       -1.01589871112874
N           -3.83204400462105        1.00346113815841        0.23513521401154
N           -0.58807792799746        2.29780497313848        0.62592224590251
N            1.94707410201623        1.74720910931912       -0.71242073456595
N            3.19628110195414       -0.51446093664821        0.47943958787501
C            1.97047417367977       -1.03405690190793        0.67264170603398
C            1.76763459338612       -2.45139133677029        0.15791765922584
C            1.82675301146158       -3.48266399013159        1.29474569839804
C            0.35671366870826       -3.66451223095266        1.66436409183463
C           -0.31927038436537       -3.61220418196630        0.29504972842540
C            0.03479439509195       -1.64203219847121       -1.27514180032672
C           -1.39771205072181       -1.71983441150462       -1.82411852543720
C           -1.41529969050094       -1.20086932440659       -3.25783954863033
C           -3.08151073680224       -1.38263441310955       -0.08236872968348
C           -3.89773688974851       -0.35129649345168        0.72556653449240
C           -5.37612972413986       -0.77750345107650        0.78444119665904
C           -3.02535109200177        2.05956640924090        0.54707361050485
C           -1.73984210523487        1.73787657101581        1.31293268478955
C           -1.85930490136399        2.36381844853172        2.70141401639975
C           -0.42734351051033        2.16409432888518       -0.69934917233281
C            0.92419814825676        2.64352482411016       -1.23633168361912
C            0.95700960448756        2.56530364674654       -2.75710345700888
C            2.44666785311511        1.88719679927578        0.51969277421154
C            3.48171255873255        0.83745465969507        0.92923427643384
C            4.84568478125314        1.16931810620159        0.27279281663450
C            5.50990161562455       -0.20618647679135        0.21594126957415
C            4.34731309157276       -1.11726448626882       -0.16722348872983
H            2.48449340586047       -2.66544900427255       -0.63825326720099
H            2.25591251803935       -4.42263031131052        0.93352828594837
H            2.43806468412941       -3.12677545694305        2.13022545884310
H            0.14880273966245       -4.59335903937023        2.19164313432785
H            0.02710206582833       -2.80827602023076        2.25725433864073
H           -0.16903673370818       -4.55958250276326       -0.25323427180124
H           -1.39305240205842       -3.40580104574117        0.34804152384574
H           -2.11258590456580        0.12789895699645       -1.09215168051432
H           -1.79296506783024       -2.74401334784040       -1.74614422411278
H           -2.39707478753237       -1.34692791529674       -3.70397396263756
H           -0.68198697633448       -1.71873916572880       -3.86995007634459
H           -1.17655413892810       -0.13896820039792       -3.25242408980201
H           -4.61691816452068        1.25822123284482       -0.35781413542817
H           -3.54503910218282       -0.41174102983829        1.76798354641758
H           -5.91058097559796       -0.16722135148201        1.49945127364004
H           -5.42855812744382       -1.81873675254792        1.08853162328291
H           -5.85378544344835       -0.67468245708497       -0.18881971168415
H            0.11139202392695        2.76885456956783        1.19253440932630
H           -1.60038647206973        0.64528031397474        1.38798054021802
H           -2.65161216396370        1.87194369970107        3.25182766582643
H           -2.10586350337674        3.41765848175436        2.60318291229452
H           -0.91176606804977        2.24937134339222        3.22167160153071
H            1.92169755769000        0.82728096096496       -1.14482488983673
H            1.15440081703474        3.64852957805215       -0.85765092484535
H            0.13792716845532        3.14180917934563       -3.17696505402534
H            0.84172392366985        1.52525786907798       -3.05839286999265
H            1.89679294882852        2.94426206885409       -3.14552093302313
H            3.56263075740058        0.87147425275761        2.02119752789445
H            5.37415295791816        1.92020909947559        0.85054555782358
H            4.70382822688392        1.54990408158837       -0.74514918976490
H            5.87539192982794       -0.47085929463955        1.20740893960491
H            6.33596671836925       -0.27711771504737       -0.49263933749920
H            4.17261295803451       -1.12760370117390       -1.25684642098364
H            4.51752754789158       -2.14780471180904        0.16072912496014
68
 energy: -106.571531338770 gnorm: 0.036440297072 xtb: 6.7.1-6.fc44.fc44
O            1.09330233124596       -0.42334962507385        1.26120160813523
O            0.84327002403228       -0.80324932710946       -1.67813190372650
O           -3.21444447578626       -2.57005425422169        0.16745164950259
O           -3.30009244379047        3.18520848073998        0.21280202698384
O           -1.29706525458797        1.64934866031535       -1.41838144181018
O            2.22017079002745        2.85268077929673        1.24054327625518
N            0.41432830920039       -2.55351019077518       -0.37685478972689
N           -2.26714055730882       -0.88234910596202       -1.00608888823463
N           -3.83505501584792        1.01033352942091        0.22024842625309
N           -0.60967455352340        2.30223992243681        0.61535324953697
N            1.93089911715552        1.73365630813325       -0.71189392236226
N            3.20060327593554       -0.50337758286955        0.48672011063969
C            1.97727105662185       -1.02707077678186        0.68301402406111
C            1.76895700921862       -2.44943019947964        0.15524447855728
C            1.82384242264286       -3.48230413981277        1.29026955614085
C            0.35290619710165       -3.66721748057404        1.65719737936141
C           -0.32732056752677       -3.61349114801327        0.29065243196404
C            0.03759609898109       -1.64046287208300       -1.27661158801908
C           -1.39706983296575       -1.71322774533372       -1.81726866513574
C           -1.42244646729251       -1.19985779613104       -3.25275856215434
C           -3.08751825682798       -1.37779069501914       -0.08073562077066
C           -3.89732138671885       -0.34300963339722        0.71848866321807
C           -5.36767244503828       -0.78428349232614        0.77994710791442
C           -3.02060272566964        2.05434344824895        0.53494023822371
C           -1.74083348668314        1.72939898702296        1.32214207822569
C           -1.84654847977119        2.36002311642654        2.71011848977961
C           -0.44848334414773        2.16411221405794       -0.70124618064180
C            0.90841767399659        2.62740833986905       -1.23753916398458
C            0.94820717351619        2.56407180968225       -2.75634100539446
C            2.43813839218087        1.88939043994426        0.51764405543557
C            3.49421096387291        0.85629250959654        0.91859484002610
C            4.84880053657608        1.16660586493690        0.28124803253687
C            5.51208128675337       -0.20425596157841        0.21397706318721
C            4.34830101487120       -1.11694586235681       -0.16201798356159
H            2.48356914052815       -2.66732107954452       -0.64614664734725
H            2.24751451507080       -4.42243046299192        0.92702362261175
H            2.41814071550710       -3.12107219745994        2.13027860142964
H            0.15445687548937       -4.59400459584191        2.19227562789051
H            0.02083563966301       -2.81751087314322        2.25755557811618
H           -0.17486740950501       -4.55163385620339       -0.25268744513741
H           -1.39402878030602       -3.40013173012924        0.34692438743154
H           -2.11914497215330        0.13111934975631       -1.10884517513219
H           -1.77626646408942       -2.74373785582184       -1.75014569606564
H           -2.40242681703019       -1.34660771733534       -3.69208146007839
H           -0.68277766854405       -1.73654326341238       -3.84754594829832
H           -1.17460147486663       -0.14220255929683       -3.25404006119631
H           -4.61778192834629        1.28109167680101       -0.36839795922115
H           -3.50378953815629       -0.38844415348426        1.74737477348202
H           -5.90121797182625       -0.17532831579905        1.50485247657938
H           -5.41954211879755       -1.82353269448714        1.08446791043314
H           -5.83325054648835       -0.68810647541412       -0.19848891452082
H            0.11868462641241        2.74728427030613        1.16946982701841
H           -1.58151731636837        0.64472282269741        1.39345487861885
H           -2.63356642816304        1.86254416585388        3.27125350116135
H           -2.08557103823502        3.41060442906856        2.60580395023740
H           -0.90607899981432        2.24921265300617        3.24217339810126
H            1.92376010831870        0.81106996758554       -1.13739621197300
H            1.12511722432149        3.63396162585075       -0.85628604042868
H            0.13206469259196        3.14787105543963       -3.16707748919664
H            0.82724572051546        1.53185624148554       -3.07461008876682
H            1.89778891845872        2.95053648484367       -3.12429537516483
H            3.56310028807400        0.88247027983293        2.01078554764680
H            5.41168289087215        1.90645660904559        0.85522747002618
H            4.65320755812470        1.54924504234742       -0.69166956591400
H            5.89137978420902       -0.48632182881818        1.19590673199731
H            6.33115031198558       -0.26177877996049       -0.50017408692246
H            4.18941409808100       -1.12347106741771       -1.25320140195506
H            4.50710965932198       -2.14611612521725        0.17991988990649
68
 energy: -106.571221865482 gnorm: 0.047571381664 xtb: 6.7.1-6.fc44.fc44
O            1.09096343521039       -0.42860428545462        1.27879931574880
O            0.85822686008052       -0.81696165046450       -1.70007033017640
O           -3.22821017406483       -2.55799912062190        0.17700090130882
O           -3.25864320824288        3.18254821024442        0.17290634708107
O           -1.32270423122342        1.65840984755946       -1.42254564528775
O            2.19930913724985        2.84710001802991        1.23956935321815
N            0.41665169683182       -2.55461692661935       -0.37904917887258
N           -2.25967774936680       -0.88295175237177       -0.99678436883218
N           -3.83526083755176        1.01650653094122        0.21031128152561
N           -0.62145801022521        2.30026356911881        0.60742951242288
N            1.91879888961724        1.71968035778207       -0.70515752302670
N            3.19713633025001       -0.49720599035868        0.49121477220984
C            1.97605861479398       -1.02431629804692        0.68639861602187
C            1.76859678861300       -2.45538912422637        0.15241459798472
C            1.82222430203687       -3.48474099532710        1.28851282373046
C            0.34953936877551       -3.66741219766045        1.65083209284540
C           -0.33450392836024       -3.60718886223744        0.28831889501301
C            0.04076682436002       -1.64457336232293       -1.28105559636621
C           -1.39523030180379       -1.71030738336838       -1.81441550526471
C           -1.42671874150151       -1.20350050823987       -3.25171422209723
C           -3.09042655140012       -1.37174328225254       -0.07761666084314
C           -3.89708033495768       -0.33477880396416        0.71735420394748
C           -5.35798162636744       -0.78858756792951        0.78077781987130
C           -3.01242220158625        2.04566864099588        0.52551073046372
C           -1.73873611196770        1.71874664573585        1.32963317680950
C           -1.83466764570175        2.34988443435309        2.71641814047840
C           -0.46434459510672        2.15395582594681       -0.70187140142254
C            0.89848866042275        2.61196388188595       -1.23489162971541
C            0.93894010839543        2.56647665714495       -2.75218711736365
C            2.43437399762848        1.88964857871150        0.52292046519747
C            3.49448875017700        0.86251182612925        0.92962468446531
C            4.82829975924386        1.16604536176344        0.29180883950035
C            5.50087342757743       -0.19921632031784        0.22045966923797
C            4.34224851134988       -1.11477729222531       -0.15978021838150
H            2.48123307561778       -2.66907504194686       -0.65309667126474
H            2.24227005021693       -4.42345654961148        0.92482262827010
H            2.40826634995108       -3.12391545692009        2.12865061062901
H            0.15608041855758       -4.59300775158040        2.18796208432482
H            0.01786453783989       -2.82496255084429        2.25857941668415
H           -0.18716573845900       -4.54808813722150       -0.24892067772680
H           -1.39424937980421       -3.38482747350817        0.34899977379248
H           -2.12205721984683        0.12857460163299       -1.11981385958561
H           -1.76210908056871       -2.74235785674220       -1.75433815336607
H           -2.40921081079453       -1.34462013022760       -3.68150062616821
H           -0.68591674762549       -1.74234363884300       -3.84076886697301
H           -1.17492010716651       -0.14791329927186       -3.25703986196452
H           -4.61412765857981        1.29796791697352       -0.37458365658775
H           -3.47359649385697       -0.36132920713505        1.73380330060163
H           -5.90287256403166       -0.17913621669200        1.50147714665123
H           -5.40527163044726       -1.82855367384560        1.08718452510070
H           -5.81474195108726       -0.69903028429529       -0.20406029541384
H            0.12825257713911        2.72330797512332        1.15100662641326
H           -1.57139044411632        0.64223016797521        1.40469100770906
H           -2.62138568014851        1.86681440206310        3.29180271626642
H           -2.07503493372378        3.40798085253207        2.61048808550481
H           -0.89915125874356        2.24330693554756        3.25654976314004
H            1.92634129495661        0.79667342087044       -1.12766113286907
H            1.10465072328859        3.61840445957500       -0.85222513286919
H            0.12726529466084        3.16388475357854       -3.15912628311049
H            0.81680448239843        1.53771334521604       -3.08071515536380
H            1.89126715840205        2.95413390738576       -3.11267599499255
H            3.54797631205971        0.88947060193894        2.02672649183009
H            5.40771442085981        1.90000313659496        0.86117729746792
H            4.73326824202362        1.57468237846618       -0.75811761715248
H            5.88690019463720       -0.48839333162739        1.19901116001513
H            6.31725755340486       -0.23669750843199       -0.49661710175004
H            4.19914533998293       -1.11809822012209       -1.25053416280912
H            4.49453213511678       -2.14025362556834        0.19137344991974
68
 energy: -106.573269489113 gnorm: 0.015413671639 xtb: 6.7.1-6.fc44.fc44
O            1.09425892236820       -0.43342968016271        1.27405479182554
O            0.84733640567666       -0.81135051448598       -1.68132761733111
O           -3.22329027560885       -2.55967195310513        0.17052299870903
O           -3.26692479659252        3.18237227266780        0.18738749876469
O           -1.30748417330981        1.64185908386335       -1.42704170038909
O            2.19442007761145        2.84343399883505        1.24226603182070
N            0.41851525777773       -2.56008476806721       -0.38224951593477
N           -2.25411767775747       -0.88595472573597       -0.99778747087848
N           -3.83221793431023        1.01826096996063        0.21162443840191
N           -0.61248603700578        2.29350314733978        0.60942478579827
N            1.91666505130032        1.72067129346216       -0.70487046810173
N            3.19740978601607       -0.50051794840813        0.48717065811182
C            1.97699074766892       -1.02969083085221        0.68144977086944
C            1.76789468946944       -2.45830028231656        0.15423615297270
C            1.82217939262924       -3.48543568451093        1.29180114280778
C            0.34919103842813       -3.66488528040924        1.65312408581698
C           -0.33283656818845       -3.59797914936101        0.29024880598448
C            0.04521795822138       -1.65044413267319       -1.28763712212504
C           -1.39171982155045       -1.71459901754855       -1.81864719636421
C           -1.42325317381464       -1.20613605000516       -3.25509461762193
C           -3.08540490746920       -1.37045356665905       -0.07712816860889
C           -3.89413048933459       -0.33118148297938        0.72112494643936
C           -5.35489284964475       -0.78313366633627        0.78434969608013
C           -3.00885167281566        2.04719842532990        0.52447989655920
C           -1.73633658375101        1.72028287402431        1.32568166417517
C           -1.83615514654068        2.34768758522181        2.71163929394690
C           -0.46150521092644        2.14701921058333       -0.70366663082130
C            0.89880900278815        2.61456153706429       -1.23466622598941
C            0.93774648435154        2.57059497452155       -2.75266949433831
C            2.43104117482485        1.88649112609509        0.52273145491379
C            3.48615684911834        0.85631870475491        0.93208328695397
C            4.84469801255717        1.17164264352476        0.28538666728041
C            5.50663701182324       -0.19765377943252        0.21798117869361
C            4.34429432342797       -1.11175280106866       -0.16316230811585
H            2.48207960877814       -2.66373196368946       -0.64684371001796
H            2.24443065777931       -4.42327172571362        0.92912901546042
H            2.41546998572600       -3.13004529451719        2.13044785325639
H            0.15066506791847       -4.59234714876902        2.18344294898874
H            0.01937551533326       -2.82290742587119        2.26155628094049
H           -0.19383272244468       -4.55010868802421       -0.24663122274186
H           -1.39483302267748       -3.37509590976166        0.35338631766063
H           -2.11710991287916        0.12307382329427       -1.11585773171674
H           -1.76256424365108       -2.74322293655025       -1.75513843402357
H           -2.41030422552174       -1.34432836860406       -3.68257101024684
H           -0.69376602747997       -1.73567961347387       -3.85964037103623
H           -1.17485236715587       -0.14818369190110       -3.25972130017347
H           -4.61087880145385        1.29522061198001       -0.37266597998265
H           -3.48324165233498       -0.35523934220275        1.73956107531825
H           -5.91315712399573       -0.17319427459294        1.48499994901898
H           -5.39732180824827       -1.82518107558405        1.09348691987337
H           -5.81619937983166       -0.69538285659466       -0.19734487649215
H            0.12979265332954        2.71981577729966        1.15505537164599
H           -1.57635412703797        0.64067055024195        1.40252865001263
H           -2.62612746234493        1.87714278981994        3.28811231199492
H           -2.07411737080371        3.40760200641620        2.61481880748646
H           -0.89651264483766        2.23577203973726        3.24744781238672
H            1.92118481596011        0.80000402988985       -1.13198085405112
H            1.10902403884108        3.61940575686570       -0.85130339851708
H            0.12731401255903        3.16907516242720       -3.16298409829455
H            0.81761729062140        1.54008219313120       -3.08003450382418
H            1.88510196788481        2.95096063245505       -3.12217432803107
H            3.55966812357417        0.89600359475678        2.03071950257757
H            5.39947287186142        1.89778694669600        0.86644647093139
H            4.68593698349378        1.56538826973472       -0.72514924125771
H            5.89198792004205       -0.48097826409631        1.19867622475725
H            6.31869977765722       -0.23954962029486       -0.50298028911954
H            4.19728155345457       -1.12000886901721       -1.25153947562513
H            4.50002285574539       -2.13516208524681        0.18551227832121
68
 energy: -106.573454319725 gnorm: 0.012003395670 xtb: 6.7.1-6.fc44.fc44
O            1.09274438652400       -0.43426706156041        1.27064178844226
O            0.85442889644752       -0.81229457299028       -1.69052713650192
O           -3.22416766488489       -2.56075385126767        0.16684728472766
O           -3.26912934278042        3.18376125320293        0.19183406965751
O           -1.30375072006726        1.63527897094344       -1.43010348931731
O            2.18395841247111        2.83940653668080        1.24468257010086
N            0.41777543986278       -2.55452003757500       -0.37824906901465
N           -2.25039584978284       -0.88656615814739       -0.99662357116603
N           -3.83230785692403        1.02086070733467        0.21154770410449
N           -0.60926553296619        2.29096923945856        0.61036909006950
N            1.91768578855390        1.72162289570058       -0.70542747621402
N            3.19635628442312       -0.50026665300845        0.49063180911982
C            1.97717697576019       -1.03186993979879        0.68694290091475
C            1.76895108472179       -2.45467682905690        0.15674030915369
C            1.82201515990255       -3.48442547693276        1.29230962478226
C            0.34934189577368       -3.66726470842894        1.65509841071981
C           -0.33294874918200       -3.59864281718132        0.29243019638620
C            0.04678875643556       -1.64549353980332       -1.28617371829550
C           -1.39008296335443       -1.71550651414255       -1.81904856653510
C           -1.42453883320408       -1.20418227617975       -3.25475493881764
C           -3.08391806652795       -1.37046812902921       -0.07768878434102
C           -3.89245380036388       -0.32790894784964        0.72199270000995
C           -5.35344237277234       -0.77878927609845        0.78342423625980
C           -3.00790552090283        2.04954478744102        0.52292787259504
C           -1.73641040238328        1.72224308614811        1.32444555076110
C           -1.83709279480296        2.35079308312643        2.70875168536263
C           -0.46019582786273        2.14418861981726       -0.70523549114317
C            0.89914576972092        2.61513219460962       -1.23436094275452
C            0.94042935582657        2.57233170468977       -2.75304139412654
C            2.42679294789335        1.88450428897431        0.52375305856550
C            3.48360664025387        0.85645543013408        0.93321539992861
C            4.84003976907562        1.17589609877304        0.28627548145983
C            5.50570205315161       -0.19388439552624        0.21672936306404
C            4.34292394988374       -1.11062682362619       -0.16042821033463
H            2.48329632879888       -2.66673055461549       -0.64377949646277
H            2.24522674429178       -4.42205058901191        0.92889340811329
H            2.41732017646773       -3.13051712131626        2.13246903332936
H            0.15124023868462       -4.59717987210325        2.18133407152277
H            0.01813321233469       -2.82745219871072        2.26655266891211
H           -0.19620325486619       -4.54414361751050       -0.24983215091038
H           -1.39675500350434       -3.37564746455751        0.35998802789750
H           -2.11561479699420        0.12198355111296       -1.11612911992592
H           -1.76083594257232       -2.74406631366676       -1.75533268149913
H           -2.41489042182370       -1.34105688822528       -3.67891939824654
H           -0.70380435791104       -1.74546513340213       -3.86544956952468
H           -1.17533605382813       -0.14548093362613       -3.25947102097954
H           -4.61057659950366        1.29732690582491       -0.37345562601655
H           -3.48543598997739       -0.35315823674444        1.74099333739546
H           -5.91087160682375       -0.17155425348459        1.49293400584420
H           -5.39289934354743       -1.81998469611963        1.09445616410462
H           -5.81152424677270       -0.70007038327028       -0.20187651216350
H            0.13587005559485        2.71180057795578        1.15591490452503
H           -1.57662808759315        0.63887875415684        1.39946463189546
H           -2.62586874915178        1.86490250460749        3.28266542096181
H           -2.05588690993019        3.41045889360164        2.60959816356357
H           -0.89512744602441        2.23057015560884        3.24242381668961
H            1.92378912289806        0.80267536750203       -1.13639833958474
H            1.10922778479468        3.61952570806032       -0.84952125584308
H            0.12765656520611        3.16321363659635       -3.16117631182778
H            0.80949148418115        1.54508847779693       -3.08424752819610
H            1.88866755118418        2.95509315504190       -3.12121602710481
H            3.54052354234229        0.87563412674618        2.02377824039129
H            5.40975019586939        1.90455204920833        0.86401653605263
H            4.67610233215753        1.56997138913079       -0.71433871618526
H            5.89554832453767       -0.47309985150916        1.19582806477328
H            6.31520733229385       -0.23620392593775       -0.50814400101381
H            4.19437513945698       -1.12204345511405       -1.24776828302226
H            4.50078308710950       -2.13272308948535        0.18940490069720
68
 energy: -106.573659405042 gnorm: 0.006987803185 xtb: 6.7.1-6.fc44.fc44
O            1.09324979348794       -0.43434283039426        1.27321037258552
O            0.85680158159984       -0.81440829543938       -1.69350325465246
O           -3.22645539013837       -2.56032344304493        0.16540634390843
O           -3.25793642506194        3.18277655271632        0.18433423140897
O           -1.30705846219081        1.63400281963361       -1.43220675538566
O            2.17349455199045        2.83565840271566        1.24390748032780
N            0.41847875794607       -2.55358293330199       -0.37813971233559
N           -2.24632922103768       -0.88799548382205       -0.99417125269982
N           -3.83144223273177        1.02229983747818        0.21113346558181
N           -0.60763968354095        2.28819096610100        0.60822690028032
N            1.91599405936483        1.71924189079998       -0.70681636369234
N            3.19560993723174       -0.49937803390814        0.49012823936824
C            1.97703341792467       -1.03190702604045        0.68717495259791
C            1.76974091905013       -2.45513011188103        0.15696948410190
C            1.82176152325208       -3.48564116868731        1.29192276118398
C            0.34902272493287       -3.66882491181519        1.65484741379115
C           -0.33474617463269       -3.59731806207731        0.29348473845515
C            0.04916551169745       -1.64628599462012       -1.28877376788852
C           -1.38867985599531       -1.71662242427625       -1.81969662875062
C           -1.42825585637678       -1.20434749277015       -3.25496912295820
C           -3.08368211800212       -1.37057017944232       -0.07804566864570
C           -3.89147734114478       -0.32653787555181        0.72246676967515
C           -5.35072628480983       -0.77928738436515        0.78386725011667
C           -3.00383985849853        2.04740166911201        0.52155062523556
C           -1.73375256015183        1.71815957077428        1.32469231578935
C           -1.83178760423909        2.34801435360048        2.70805737019745
C           -0.46213596440298        2.14098801739469       -0.70763359322684
C            0.89777201043660        2.61259652267711       -1.23612145334369
C            0.93828795008881        2.57389538790493       -2.75473030011862
C            2.42246925657555        1.88246374657797        0.52348097330771
C            3.48225629780442        0.85798439378496        0.93270593947804
C            4.83369487935090        1.17663636806465        0.29250724406322
C            5.50361744368422       -0.19274364345970        0.21735789628453
C            4.34187036092415       -1.10997848162930       -0.16104432660640
H            2.48392306637159       -2.66888319492028       -0.64387810004734
H            2.24480388217029       -4.42318232276518        0.92825261148873
H            2.41749620553932       -3.13275906328176        2.13237904569310
H            0.15116723460582       -4.60021613810979        2.17864845599293
H            0.01799593702329       -2.83133974578035        2.26948166302945
H           -0.20150462329996       -4.53976335057648       -0.25145852629353
H           -1.39739306373964       -3.37026480708642        0.36392606364485
H           -2.11457331777164        0.12022119622926       -1.11781923808176
H           -1.75753027009190       -2.74537668775208       -1.75688559153384
H           -2.42208328152580       -1.33665132348886       -3.67310565618575
H           -0.70733040484638       -1.74600768782738       -3.86412296047951
H           -1.17527927505142       -0.14676897858521       -3.25992010387974
H           -4.60850959537210        1.30047670767992       -0.37437676891893
H           -3.48178480575013       -0.34966445164334        1.74010415252782
H           -5.91178035946326       -0.17036007283224        1.48872530524601
H           -5.38856552441178       -1.81976787854904        1.09647380122510
H           -5.80850786330773       -0.70138692271463       -0.19988370267926
H            0.14397658734662        2.70065875051103        1.15229372970846
H           -1.57653293233439        0.63537949256353        1.40212538395787
H           -2.62500051649749        1.87755159958466        3.28293054873454
H           -2.05350520592786        3.40595262664718        2.61086336042883
H           -0.89005076892383        2.22711267225415        3.24131115016652
H            1.92482098885538        0.80132347499094       -1.13978070419662
H            1.10663294132090        3.61654965231555       -0.84997208456402
H            0.12591287065135        3.17320266286267       -3.15748071198058
H            0.80719225053482        1.54680057805482       -3.08743108731560
H            1.88807589202238        2.95757980675716       -3.12034025730201
H            3.54845976672092        0.88868958277800        2.02848513868281
H            5.39970078706352        1.90095851165572        0.87290181626949
H            4.67443180850549        1.57390612221264       -0.70942866056627
H            5.89553406554101       -0.47252962735766        1.19555918325051
H            6.31215268928340       -0.22959404272098       -0.50918591514501
H            4.19566518133825       -1.12212354745781       -1.24811592784653
H            4.49942138433310       -2.13118075308521        0.19073169532068
68
 energy: -106.573745474127 gnorm: 0.005786914784 xtb: 6.7.1-6.fc44.fc44
O            1.09293818037261       -0.43537027503428        1.27845731405543
O            0.85931158053846       -0.81861435538603       -1.69665274252670
O           -3.23058615200028       -2.55973936361763        0.16423015583286
O           -3.24682092372812        3.18090002779649        0.17600194821878
O           -1.30940286980057        1.63297225101743       -1.43365912371012
O            2.15941100228620        2.83001631134065        1.24613197712963
N            0.41922489355905       -2.55409963981625       -0.37790609094825
N           -2.24126193156628       -0.88939077096203       -0.98941650506998
N           -3.83015284131281        1.02299636458812        0.21092204965697
N           -0.60618099366282        2.28443209316656        0.60727779731144
N            1.91554199042880        1.71725436618740       -0.70720798037847
N            3.19443118703034       -0.49725596801999        0.49073796884460
C            1.97632817044111       -1.03175178031185        0.68715734940847
C            1.77036391371483       -2.45664730284472        0.15781619856039
C            1.82166239361957       -3.48835129686637        1.29177904188046
C            0.34869680294309       -3.66963648424855        1.65422890641786
C           -0.33645882167611       -3.59210973026453        0.29383903365168
C            0.05189412645923       -1.64907519780844       -1.29170005509366
C           -1.38743122243220       -1.71807786252434       -1.81900347906936
C           -1.43249613714133       -1.20501959610689       -3.25401648143365
C           -3.08389185401376       -1.37060689391292       -0.07763509934834
C           -3.89121017031441       -0.32534661755125        0.72307820233108
C           -5.34858780276830       -0.78033160752385        0.78408881697456
C           -2.99908224419610        2.04450639506565        0.51973163599594
C           -1.73117455050049        1.71425115871802        1.32559955634482
C           -1.82645461894150        2.34724275801972        2.70790585831986
C           -0.46342302462983        2.13690083681519       -0.70876035620747
C            0.89645411720731        2.60995592027017       -1.23669315611187
C            0.93602483592574        2.57697662515856       -2.75535866363296
C            2.41796265781136        1.88010980224626        0.52546148797596
C            3.47985858388737        0.85933277537043        0.93650847892468
C            4.83255148655896        1.18003941111135        0.29447765980305
C            5.50189794377674       -0.18882271109214        0.21705384962234
C            4.34081799736035       -1.10721541610412       -0.16040019860341
H            2.48462835881233       -2.66697794847739       -0.64296678258424
H            2.24395567990577       -4.42594919633728        0.92733050704302
H            2.41778256272278       -3.13684093701815        2.13225225098122
H            0.14940270179956       -4.60279721826196        2.17485364080477
H            0.01922728166643       -2.83469659727941        2.27273865736835
H           -0.21188250323339       -4.53916074359654       -0.25039530851205
H           -1.39673675813050       -3.35830204819216        0.36749285320735
H           -2.11241211068936        0.11858981959924       -1.11803726754062
H           -1.75443776273827       -2.74698683509286       -1.75755917845094
H           -2.42967134432580       -1.33071506124973       -3.66589542571538
H           -0.71682109906591       -1.74340035941218       -3.86873177678384
H           -1.17330916956654       -0.14928948168678       -3.26078698065566
H           -4.60573772815239        1.30241894489328       -0.37560097686386
H           -3.47847124318461       -0.34615264472175        1.73928476004299
H           -5.91311746604822       -0.16887847056603        1.48254731087132
H           -5.38471396081131       -1.81958073167211        1.10107157766802
H           -5.80472343869243       -0.70457087001993       -0.20064479633902
H            0.15163540880965        2.68675083117489        1.14961123401709
H           -1.57515424865769        0.63263285191216        1.40638862032486
H           -2.62077861718220        1.87929230191139        3.28459570083282
H           -2.04766122757520        3.40916816038700        2.60286725959375
H           -0.88526668623164        2.22486904085180        3.24036053564078
H            1.92852872879041        0.80077862226333       -1.14333953864703
H            1.10292873767464        3.61342577049866       -0.84859393154906
H            0.12649644958622        3.18143281736687       -3.15608474673295
H            0.80729187818796        1.55056863701046       -3.09195157627317
H            1.88543172545187        2.95779787513834       -3.12147894002410
H            3.53780604094035        0.88951205640137        2.03319998375774
H            5.39786992374807        1.90097591755227        0.87650279798711
H            4.67760439737807        1.58031501623917       -0.70882078002155
H            5.89695131419957       -0.46893881555652        1.19395492453387
H            6.30881013042004       -0.22377625958634       -0.51132894311598
H            4.19724459934886       -1.12078036266045       -1.24727468206012
H            4.49835141490617       -2.12753074531681        0.19395133785395
68
 energy: -106.573806128269 gnorm: 0.004419462349 xtb: 6.7.1-6.fc44.fc44
O            1.09225857659949       -0.43653677476370        1.27835650555784
O            0.86331335197029       -0.82298033178645       -1.70236102145403
O           -3.23412700665543       -2.56036702446146        0.16079594514522
O           -3.24447284665437        3.17842779040703        0.17735034579634
O           -1.30918660105744        1.63073021515033       -1.43629026467738
O            2.14786447990305        2.82564413854270        1.24662662787416
N            0.41928903243434       -2.55341984236697       -0.37694861332758
N           -2.23662096449532       -0.89009569226838       -0.98519733246325
N           -3.82950628660815        1.02318984460205        0.21098933410637
N           -0.60395541265440        2.28068926375787        0.60579984941657
N            1.91627091427070        1.71748930915992       -0.70995593688943
N            3.19376862992492       -0.49658197114275        0.49240496487877
C            1.97660410357270       -1.03296819357114        0.68966282971434
C            1.77055779602793       -2.45701559543622        0.15926908799998
C            1.82134821331846       -3.49038068866133        1.29171200977602
C            0.34853005858824       -3.67149064848321        1.65439002563239
C           -0.33848083948610       -3.58901480928429        0.29528843235604
C            0.05409969390573       -1.65053035715291       -1.29395592586461
C           -1.38628961658406       -1.71875171588101       -1.81869983816064
C           -1.43587705905091       -1.20317593656624       -3.25278501466698
C           -3.08414926779948       -1.37104745280075       -0.07796607276071
C           -3.89118651623318       -0.32506801210935        0.72345190755626
C           -5.34794430577986       -0.78032193237306        0.78387866239341
C           -2.99586620878237        2.04292063556740        0.51758602985233
C           -1.72953461381402        1.71253583122083        1.32391301231003
C           -1.82292048838500        2.34733582748338        2.70544726478708
C           -0.46354579080953        2.13389363775768       -0.71116260888555
C            0.89578471362292        2.60943015219451       -1.23876675348762
C            0.93600762486415        2.57999779338601       -2.75748732564362
C            2.41419822654404        1.87857751539731        0.52500272396087
C            3.47653479916111        0.86030510066363        0.93764546817930
C            4.83134721713295        1.18327873688198        0.29976039978583
C            5.50063188716981       -0.18553615530025        0.21839539713026
C            4.34049302907643       -1.10526735617784       -0.15840870423009
H            2.48501595228771       -2.66549050838460       -0.64149183357211
H            2.24363169370211       -4.42756388018907        0.92592276285899
H            2.41890146810222       -3.14068456211023        2.13211926074821
H            0.14864808948281       -4.60703001889983        2.17085211145898
H            0.02012764392441       -2.83911870853991        2.27678817226206
H           -0.22070872959513       -4.53595054364743       -0.25111449041021
H           -1.39753504084589       -3.34996567061314        0.37236197968419
H           -2.10922635230211        0.11751754418427       -1.11575689806675
H           -1.75326141617911       -2.74745567470718       -1.75808829457759
H           -2.43656912053206       -1.32227277481810       -3.65858873660854
H           -0.73073739263568       -1.74939380188123       -3.87462094151974
H           -1.17161782404406       -0.14875972851243       -3.25896450438038
H           -4.60462573847016        1.30230143927601       -0.37588585373519
H           -3.47877426861998       -0.34613368568847        1.73957142865728
H           -5.91348285098630       -0.16705103719517        1.48080878507068
H           -5.38296752739698       -1.81817780435970        1.10497165443733
H           -5.80214009711250       -0.71009151609648       -0.20298520338314
H            0.15745981550136        2.67477424213215        1.14771303182414
H           -1.57411104471535        0.63040720637879        1.40631190026807
H           -2.61896487887638        1.88450326245190        3.28322050323592
H           -2.03970376503968        3.40919845805498        2.60336243320862
H           -0.88166350361953        2.22163617607362        3.23639767696827
H            1.93200583198937        0.80259823215816       -1.14952051063488
H            1.10082759938133        3.61237835925060       -0.84877282985777
H            0.12786387834037        3.18441326149250       -3.15740362384699
H            0.80334168085699        1.55552520818518       -3.09705032803319
H            1.88604901398436        2.96026003218572       -3.12274658523071
H            3.53967520729852        0.89051378890403        2.03440213133833
H            5.39857619154995        1.90210340549016        0.88382051504950
H            4.67914574708494        1.58704825524194       -0.70408995587366
H            5.89866513106275       -0.46597397978418        1.19400941216356
H            6.30566769117052       -0.21855617115950       -0.51213553556371
H            4.19764228431715       -1.12096425029101       -1.24508059485072
H            4.49941378299590       -2.12481229279596        0.19750922499969
68
 energy: -106.573842748376 gnorm: 0.004107651736 xtb: 6.7.1-6.fc44.fc44
O            1.09228242827279       -0.43564975768540        1.27707585332602
O            0.86645579632863       -0.82640899266318       -1.70787567359724
O           -3.23837379561367       -2.56251233582466        0.15602443873432
O           -3.24149887709769        3.17722434341465        0.17196759410775
O           -1.30927716528124        1.62992483460957       -1.43915085616569
O            2.13924792548008        2.82121237770568        1.24718160442245
N            0.41961611952997       -2.55116972180829       -0.37553392429763
N           -2.23186805679103       -0.89076385896790       -0.98009884300882
N           -3.83026918300368        1.02260169778470        0.21319429482620
N           -0.60186185837746        2.27683684368582        0.60433084575901
N            1.92010520463205        1.71833987650002       -0.71308974665085
N            3.19421416905948       -0.49575706923935        0.49460037098624
C            1.97755439274508       -1.03311700798580        0.69277182418955
C            1.77130016374741       -2.45561338369478        0.16095382019790
C            1.82141080583636       -3.49169790633169        1.29100241988576
C            0.34910018404388       -3.67421750631115        1.65487239590457
C           -0.34045052333976       -3.58665612714345        0.29737702662884
C            0.05644000929680       -1.65123494614602       -1.29632119309465
C           -1.38530431674249       -1.71920160014661       -1.81800229249549
C           -1.44076875277804       -1.20072986905006       -3.25095514305112
C           -3.08465018498290       -1.37254541836401       -0.07834657557759
C           -3.89147187474992       -0.32633799143670        0.72383060955506
C           -5.34847155956796       -0.78105040324965        0.78366513236980
C           -2.99416619772778        2.04168530489116        0.51698488286577
C           -1.72876715049614        1.71140352006291        1.32226854589749
C           -1.82016244448056        2.34890169363323        2.70293044776320
C           -0.46278655682074        2.13163388614375       -0.71379292717785
C            0.89665524968911        2.60850844528372       -1.24084396680999
C            0.93686905245253        2.58138576439367       -2.75963564575598
C            2.41367298707004        1.87725305002112        0.52422356741370
C            3.47591536740716        0.86142153228934        0.93948052600003
C            4.82992202072713        1.18631582491786        0.30292597393015
C            5.50067997946943       -0.18205078709653        0.21840207159102
C            4.34117452587140       -1.10373817293728       -0.15568740660409
H            2.48569992508310       -2.66500917185224       -0.64010096746724
H            2.24377943212922       -4.42826120205959        0.92303220086815
H            2.42029873975647       -3.14418597551446        2.13191350128420
H            0.14961005085168       -4.61293024106007        2.16621028307944
H            0.02143605662152       -2.84495120583898        2.28198613169016
H           -0.22917023164896       -4.53025310451057       -0.25296736982022
H           -1.39897421942315       -3.34311840574304        0.37863047618595
H           -2.10514862577753        0.11673783850589       -1.11144304614786
H           -1.75288714460637       -2.74788439500594       -1.75782819327813
H           -2.44573790203002       -1.31157010677988       -3.64950472141586
H           -0.74544769046307       -1.75366950297311       -3.87770020584781
H           -1.16809791076645       -0.14821075635370       -3.25784175212535
H           -4.60405248551986        1.30010277195002       -0.37622670283749
H           -3.48089991540948       -0.34942996932465        1.74074745401383
H           -5.91480814468760       -0.16480234774710        1.47700007622228
H           -5.38362645254488       -1.81695348177420        1.10934789229309
H           -5.80221741696307       -0.71621519873197       -0.20327014863742
H            0.16329244922969        2.66210613511571        1.14654553548188
H           -1.57391030742997        0.62831572476227        1.40662209540734
H           -2.61749756072539        1.88815462536622        3.28095850127646
H           -2.02853740568874        3.40995845844371        2.60057367996324
H           -0.87866117642535        2.21802663685916        3.23205921800728
H            1.93846174116924        0.80504303657497       -1.15607205343551
H            1.10036553328238        3.61120500104787       -0.84925230267873
H            0.12972286460659        3.19133467246241       -3.15603219766073
H            0.80018619731135        1.55863921910722       -3.10288883791680
H            1.88802146330357        2.96240380727407       -3.12297407892110
H            3.53155545757049        0.89020088395393        2.03453212047815
H            5.39528571066489        1.90319741974994        0.89000380237562
H            4.67593251468442        1.59220953034413       -0.69760960547150
H            5.90161307628763       -0.46190373260706        1.19289297139215
H            6.30422146178327       -0.21388472428621       -0.51393081052530
H            4.19756034179529       -1.12222434759799       -1.24229815000107
H            4.50197136547040       -2.12274646763955        0.20174282788780
68
 energy: -106.573861495302 gnorm: 0.002595086762 xtb: 6.7.1-6.fc44.fc44
O            1.09247074452872       -0.43416298334860        1.27822601963750
O            0.86728784143550       -0.82806653461317       -1.71034577302142
O           -3.24061199870940       -2.56355977091977        0.15351882260043
O           -3.24331629310029        3.17570771072083        0.17348452379365
O           -1.30868168751691        1.63093563289193       -1.44056457245915
O            2.13759288760455        2.82002074149081        1.24735489833806
N            0.41981574742295       -2.55025047681240       -0.37501986722598
N           -2.23062859962391       -0.89053694430826       -0.97768730650021
N           -3.83131988546288        1.02145275838458        0.21426190870800
N           -0.60175194105925        2.27603954219610        0.60313151270737
N            1.92169921213889        1.71924587636645       -0.71423468580710
N            3.19444058695689       -0.49563185465569        0.49530826596215
C            1.97734626830194       -1.03227462019232        0.69294516732241
C            1.77164655709190       -2.45515851489818        0.16130468704588
C            1.82187327960148       -3.49238969567318        1.29022646883486
C            0.34984871726948       -3.67527874123628        1.65490258005139
C           -0.34103385358415       -3.58545577167285        0.29825208917039
C            0.05686990230796       -1.65163567936910       -1.29703000041348
C           -1.38538673696540       -1.71876570108011       -1.81719643928739
C           -1.44320453200343       -1.19968853901374       -3.24978250307155
C           -3.08578292768008       -1.37334208959259       -0.07882081395518
C           -3.89256451320197       -0.32804285917576        0.72345014436827
C           -5.35023553765397       -0.78204259281749        0.78339991510287
C           -2.99439243193514        2.04087398136332        0.51678590643405
C           -1.72899125222434        1.71083505280982        1.32129096713611
C           -1.81933340200135        2.34885977794106        2.70209079406414
C           -0.46189404593612        2.13178358785577       -0.71499486082585
C            0.89758511713911        2.60898794912438       -1.24181126177453
C            0.93800886107159        2.58239315912174       -2.76052436846840
C            2.41345386558214        1.87687313257056        0.52406437765085
C            3.47587140267301        0.86184384618418        0.94009257444530
C            4.83078441292741        1.18650721529256        0.30394216139992
C            5.50125905928287       -0.18148879817519        0.21855131736814
C            4.34171882063074       -1.10347122949810       -0.15437363355964
H            2.48584048939796       -2.66440978790892       -0.64020648946375
H            2.24393835567695       -4.42860173279413        0.92087546913936
H            2.42090580326392       -3.14585982031570        2.13142220029483
H            0.15076708072868       -4.61516239513905        2.16438634706388
H            0.02285732377082       -2.84718604316057        2.28385575902782
H           -0.23274373945384       -4.52886131051111       -0.25280004227496
H           -1.39906417416113       -3.34001566249671        0.38061381631326
H           -2.10337396589343        0.11717646572701       -1.10848713704729
H           -1.75388667417657       -2.74736366432312       -1.75685822143924
H           -2.44997371149569       -1.30555178050665       -3.64486468124902
H           -0.75069199895128       -1.75306849650826       -3.87866227613241
H           -1.16540640477941       -0.14854716763004       -3.25756167254315
H           -4.60496763844743        1.29808881634918       -0.37604781873891
H           -3.48288886835772       -0.35249169970329        1.74107565501648
H           -5.91588103542497       -0.16360468873606        1.47562333842134
H           -5.38645751124723       -1.81701389185438        1.11187003889655
H           -5.80340971312789       -0.71939011960472       -0.20384306854876
H            0.16411539524165        2.65892444415835        1.14594685171734
H           -1.57501207026533        0.62777814983016        1.40666337699780
H           -2.61753634656506        1.88904949002211        3.28000505356572
H           -2.02597776458610        3.41104617716016        2.59559359927490
H           -0.87825245737436        2.21628744821385        3.23111839099520
H            1.94085721975436        0.80646067389016       -1.15800133009483
H            1.10072743649060        3.61166360532644       -0.84963736465082
H            0.13141170389382        3.19133349384250       -3.15745638790998
H            0.80034126642717        1.56011843644844       -3.10420016074343
H            1.89003700658554        2.96097369230739       -3.12374771684510
H            3.53265261178695        0.89282380695509        2.03613783551444
H            5.39787015965133        1.90386152207932        0.89207168802454
H            4.67646436739650        1.59451549649173       -0.69554587510224
H            5.90336645442610       -0.46176527714363        1.19251002111601
H            6.30420600404523       -0.21331753495759       -0.51435679106967
H            4.19723301632333       -1.12280409859077       -1.24125335175236
H            4.50329640943761       -2.12257555080666        0.20314960424143
68
 energy: -106.573874777736 gnorm: 0.002006202466 xtb: 6.7.1-6.fc44.fc44
O            1.09346196404251       -0.43291001323539        1.27813619764522
O            0.86782114118545       -0.82979863014970       -1.71258940008077
O           -3.24368846804652       -2.56439463483895        0.15091169426550
O           -3.24465839314826        3.17428651515276        0.17260006941051
O           -1.30761326182682        1.63196981124623       -1.44243826348045
O            2.13749670848396        2.81904191882045        1.24755672047459
N            0.41991884667292       -2.54942916811257       -0.37448293290288
N           -2.23001820937684       -0.88981251869201       -0.97472109274875
N           -3.83330082158872        1.01980003158987        0.21531593306697
N           -0.60239127153320        2.27469894474564        0.60147212308984
N            1.92315070154475        1.71982433288277       -0.71496341863429
N            3.19612616525112       -0.49558075517076        0.49605231626628
C            1.97836168272816       -1.03131413478750        0.69263460059485
C            1.77190929859361       -2.45466061995875        0.16133054156258
C            1.82286231795045       -3.49282695231074        1.28914834117028
C            0.35106938495699       -3.67569595343968        1.65473186283374
C           -0.34128163712789       -3.58310787715730        0.29898870960156
C            0.05680866029342       -1.65198838381835       -1.29736680747715
C           -1.38586430098514       -1.71747226153563       -1.81585924894985
C           -1.44529450613302       -1.19763205459886       -3.24796002098606
C           -3.08782955518912       -1.37398951927589       -0.07915852799531
C           -3.89456349935582       -0.33014211363880        0.72315241846768
C           -5.35310301334094       -0.78346935569882        0.78352583435202
C           -2.99537660893832        2.03965565309788        0.51625066772307
C           -1.72958657713140        1.70945509603676        1.31989664616311
C           -1.81860329805683        2.34856927911050        2.70076798754605
C           -0.46070770015452        2.13148613038350       -0.71618094257907
C            0.89865926839086        2.60904133385260       -1.24260889209356
C            0.93936764219030        2.58257091934911       -2.76118101609733
C            2.41376898709250        1.87650994842822        0.52401455178196
C            3.47714218695936        0.86237229586763        0.94013252972986
C            4.83263656510371        1.18666057932502        0.30439640693153
C            5.50326560660669       -0.18060637334400        0.21887728649741
C            4.34395756322946       -1.10333305013153       -0.15279766426279
H            2.48589830703713       -2.66193345169032       -0.64059183509984
H            2.24420661726604       -4.42861115679924        0.91800122023686
H            2.42182298976911       -3.14734543297419        2.13046322744813
H            0.15255593281234       -4.61653754251488        2.16270834515991
H            0.02510682608711       -2.84879183024174        2.28558399983278
H           -0.23641572298251       -4.52798647751207       -0.25159978922677
H           -1.39851129988162       -3.33571934001073        0.38207607652339
H           -2.10194397694166        0.11817689169424       -1.10458871827665
H           -1.75563821167082       -2.74599900290533       -1.75561280262716
H           -2.45363792531476       -1.29785676094120       -3.63965862098862
H           -0.75842252811610       -1.75515260591848       -3.88044395380749
H           -1.16248488976685       -0.14815460226436       -3.25583607523404
H           -4.60664048560057        1.29564673231643       -0.37614898725576
H           -3.48529808853318       -0.35560533006995        1.74143367978775
H           -5.91800534260785       -0.16205593499008        1.47376150630419
H           -5.39087012460223       -1.81746150806338        1.11549305514938
H           -5.80508918620632       -0.72313113731388       -0.20468089280501
H            0.16346214644605        2.65654905661051        1.14499635407277
H           -1.57662078698854        0.62681597338176        1.40613936554177
H           -2.61879759580871        1.89285576099863        3.27835609127807
H           -2.02520577628783        3.41141676022647        2.59476897613697
H           -0.87848137506593        2.21406807882843        3.23071878270561
H            1.94356785156968        0.80729679017486       -1.15888463660784
H            1.10099678280576        3.61188346649091       -0.85013834564006
H            0.13428558126260        3.19245994177843       -3.15920590508281
H            0.80181626183761        1.56015837472785       -3.10470435225261
H            1.89169890476190        2.95946291283701       -3.12451926749324
H            3.53274380015368        0.89128059718881        2.03600951744567
H            5.39658198670171        1.90421884420998        0.89417382340564
H            4.67873932132195        1.59568623757511       -0.69537810787725
H            5.90583517845441       -0.46135526957273        1.19262647961494
H            6.30600589483030       -0.21236130448190       -0.51417735517535
H            4.19832011910573       -1.12359492595460       -1.24003421904314
H            4.50632292010911       -2.12247366144218        0.20489582875037
68
 energy: -106.573881528646 gnorm: 0.001676681568 xtb: 6.7.1-6.fc44.fc44
O            1.09427994186836       -0.43245408169068        1.27660958313999
O            0.86762335736620       -0.83036363421210       -1.71336716237081
O           -3.24631096884610       -2.56485440732490        0.14892659394451
O           -3.24544540508523        3.17387381916100        0.17007769024271
O           -1.30687088737973        1.63148663254213       -1.44402109462404
O            2.13823699289107        2.81829908254807        1.24780273745138
N            0.41998665211822       -2.54889622824579       -0.37436513882330
N           -2.22961123466236       -0.88946911808042       -0.97257931211210
N           -3.83521330893686        1.01919892024021        0.21583276337147
N           -0.60319331787258        2.27334489242470        0.60034702163245
N            1.92382952890586        1.71942009004157       -0.71490565571394
N            3.19743373938772       -0.49635345972327        0.49657973331697
C            1.97938564309987       -1.03148143392938        0.69257106046450
C            1.77215951471317       -2.45457047110599        0.16069991890111
C            1.82377691090753       -3.49295194773960        1.28803872259438
C            0.35212669219959       -3.67582524799669        1.65458011251941
C           -0.34162581802676       -3.58144309407800        0.29981317541466
C            0.05675913817417       -1.65210851660626       -1.29789827762651
C           -1.38628188533234       -1.71663855076501       -1.81505612394872
C           -1.44700623289108       -1.19627022086307       -3.24679494544829
C           -3.08936669851562       -1.37417940985020       -0.07914226034056
C           -3.89598162508895       -0.33094171529818        0.72341379634637
C           -5.35490191103248       -0.78410243939421        0.78409715502006
C           -2.99663006519744        2.03922585166340        0.51548600256426
C           -1.73055181663338        1.70890809351557        1.31881530550749
C           -1.81910466700991        2.34835263759186        2.69952868181865
C           -0.46041594618857        2.13060891136793       -0.71693967806704
C            0.89930690707755        2.60829386850273       -1.24267489194277
C            0.94062964101747        2.58188153140907       -2.76120087111942
C            2.41445990281080        1.87604386974865        0.52410066090732
C            3.47788284754800        0.86182375161759        0.94028673762395
C            4.83306641872735        1.18715639826848        0.30500011099603
C            5.50446966411357       -0.17962437703552        0.21929171594453
C            4.34578961544181       -1.10364439477291       -0.15173461348988
H            2.48581181805994       -2.66119611022097       -0.64166609291951
H            2.24449254582289       -4.42846240866293        0.91577412109685
H            2.42318056890190       -3.14826283158088        2.12911937955691
H            0.15433805599961       -4.61729438604589        2.16157822253158
H            0.02693584256849       -2.84991818121472        2.28697600847416
H           -0.23864947366729       -4.52616958851902       -0.25111717862737
H           -1.39841338545418       -3.33294438788893        0.38372291874359
H           -2.10142342782793        0.11859735410767       -1.10207578107512
H           -1.75678461677874       -2.74502870028848       -1.75473885971816
H           -2.45674542302616       -1.29243073109209       -3.63603825014745
H           -0.76398139515810       -1.75614111013435       -3.88027552359643
H           -1.16023952284106       -0.14791579978419       -3.25505651619877
H           -4.60806269165588        1.29439387303490       -0.37650827523798
H           -3.48697203372372       -0.35638103929874        1.74191117043395
H           -5.92055142560720       -0.16041711277768        1.47112622032060
H           -5.39355774069620       -1.81739561034045        1.11827284009598
H           -5.80642765202714       -0.72562903929998       -0.20430959201874
H            0.16241733280242        2.65530221142102        1.14424896230033
H           -1.57780427645782        0.62625324728991        1.40501933836733
H           -2.62030076888698        1.89238704048795        3.27681616064283
H           -2.02147776157516        3.41189694626295        2.59401601401219
H           -0.87972146246607        2.21149957128915        3.23051435788870
H            1.94539013796943        0.80697941859801       -1.15880385699409
H            1.10119744396452        3.61125308169281       -0.85020716812451
H            0.13657117640772        3.19378593496569       -3.15959231323291
H            0.80221942369663        1.55940876464639       -3.10466672341809
H            1.89333257776043        2.95879744067131       -3.12400985977448
H            3.53513658342612        0.89335296787368        2.03650492198297
H            5.39635476664440        1.90528164303131        0.89554387235124
H            4.67993013389899        1.59661574964252       -0.69517924635526
H            5.90796526673955       -0.46031933515728        1.19270633834434
H            6.30656470712971       -0.21074221563522       -0.51444142819888
H            4.19935208163762       -1.12481900164837       -1.23902974361090
H            4.50903895004996       -2.12245569398393        0.20623398379719
68
 energy: -106.573886824912 gnorm: 0.001738079849 xtb: 6.7.1-6.fc44.fc44
O            1.09570931107035       -0.43122770906359        1.27488003309343
O            0.86807958692506       -0.83044828851072       -1.71576073484480
O           -3.25017670255541       -2.56507305928144        0.14651541631389
O           -3.24597565086272        3.17331355519181        0.16804274032607
O           -1.30576342249769        1.62955569442600       -1.44642814222349
O            2.13840097650303        2.81705786512993        1.24926030382582
N            0.42026647738562       -2.54712432444563       -0.37384806124455
N           -2.22907505119681       -0.88907624367785       -0.96972917201703
N           -3.83763412415612        1.01925305088324        0.21584341684614
N           -0.60389987655778        2.27127508040566        0.59886301256346
N            1.92451537755718        1.71829107105992       -0.71378587712676
N            3.19934734301703       -0.49701696014179        0.49714971799800
C            1.98080973036228       -1.03128839627629        0.69194834254177
C            1.77310071384710       -2.45393057784908        0.15927509056864
C            1.82548012192729       -3.49277385814806        1.28596566092856
C            0.35407951853870       -3.67577751352652        1.65450764772963
C           -0.34192412179682       -3.57960722626184        0.30131677778969
C            0.05675541171301       -1.65100635361732       -1.29820918667130
C           -1.38683157883857       -1.71572456721961       -1.81375486111615
C           -1.44968577597716       -1.19493174279823       -3.24517428157680
C           -3.09151712066510       -1.37397786607841       -0.07891124386930
C           -3.89800933162617       -0.33064450837163        0.72391128910044
C           -5.35706752243023       -0.78380759585246        0.78468667652464
C           -2.99798081549161        2.03881404130821        0.51393704147328
C           -1.73153872313565        1.70761656840278        1.31725885726291
C           -1.81939064555457        2.34594739268301        2.69781953440116
C           -0.46029920507773        2.12906589207565       -0.71808584618354
C            0.90031013436108        2.60687462966553       -1.24202144606066
C            0.94299237447460        2.58078430568190       -2.76059126597831
C            2.41511616185923        1.87525518140881        0.52515518140658
C            3.47909287672215        0.86105596114287        0.94124092672044
C            4.83308780600908        1.18812010845152        0.30486803505107
C            5.50628109167060       -0.17793390759039        0.21940272764122
C            4.34837652680736       -1.10377034614645       -0.15058466234517
H            2.48576322833341       -2.66171267357818       -0.64411143618086
H            2.24509908901663       -4.42819172931207        0.91251393098200
H            2.42608721368929       -3.14910440744122        2.12658782898705
H            0.15748194911964       -4.61800305097600        2.16046910753426
H            0.02989841172340       -2.85125698831369        2.28911769904358
H           -0.24108554216509       -4.52311858074287       -0.25071540018039
H           -1.39843724025482       -3.33012124619496        0.38703698041286
H           -2.10165653214929        0.11904194153072       -1.09972455987838
H           -1.75769611389152       -2.74393566207465       -1.75302700535825
H           -2.46167961208407       -1.28556334900075       -3.63082365375261
H           -0.77151454163529       -1.75698044598002       -3.88072269393638
H           -1.15696676000181       -0.14797169589897       -3.25490654635118
H           -4.60996634361750        1.29433960886068       -0.37708646411012
H           -3.48917634982764       -0.35517547014633        1.74229000300720
H           -5.92373820379227       -0.15787454973015        1.46916347637303
H           -5.39625341910172       -1.81599398547310        1.12196859815433
H           -5.80757557602926       -0.72929049006011       -0.20433189206991
H            0.16117319890603        2.65424987636826        1.14308976749885
H           -1.57926153886353        0.62446319409024        1.40248644223354
H           -2.62383022125162        1.89581314125283        3.27408600416322
H           -2.01842201974849        3.40959584088794        2.59247902396201
H           -0.88140549676653        2.20634929341076        3.23063012469638
H            1.94817036042159        0.80602683882357       -1.15796194775793
H            1.10157865849040        3.60990846409807       -0.84954074644522
H            0.13941269921768        3.19309326185752       -3.15933110359677
H            0.80280804633312        1.55864433766068       -3.10438387413715
H            1.89685881842836        2.95630472130449       -3.12235483878996
H            3.53419542048749        0.89312305898513        2.03697895609927
H            5.39461493452916        1.90699413543559        0.89600951953800
H            4.67987220238581        1.59693157338001       -0.69477096563886
H            5.91119024520870       -0.45766983516277        1.19241535428585
H            6.30753020092866       -0.20814662888688       -0.51542533641569
H            4.20116063209424       -1.12636796573230       -1.23769083046314
H            4.51254600483585       -2.12191232292897        0.20821050502935
68
 energy: -106.573890331672 gnorm: 0.001483587222 xtb: 6.7.1-6.fc44.fc44
O            1.09652756268492       -0.43105597103685        1.27382558518299
O            0.86749593504745       -0.82967988448551       -1.71609395845586
O           -3.25209407740259       -2.56485713740113        0.14575019093957
O           -3.24448654108302        3.17300041431546        0.16522013489273
O           -1.30532458020182        1.62794364682148       -1.44719344122291
O            2.13683603945263        2.81629202933915        1.25051577533685
N            0.42043679253133       -2.54616641712866       -0.37388623481376
N           -2.22892687274739       -0.88894447203227       -0.96820858707080
N           -3.83883446358032        1.01969603215729        0.21530505357847
N           -0.60409530559625        2.27010492021805        0.59852481269364
N            1.92367993296493        1.71733104268449       -0.71273359913090
N            3.20050336127088       -0.49690127356027        0.49710537585994
C            1.98166941123376       -1.03099832424243        0.69068321947363
C            1.77360824156140       -2.45342508898133        0.15803191416660
C            1.82677695152684       -3.49281901414771        1.28429200588146
C            0.35566925539610       -3.67540107041528        1.65453258822317
C           -0.34168241070712       -3.57838971897311        0.30214607543124
C            0.05669467914486       -1.65015076386814       -1.29848837030970
C           -1.38726762137085       -1.71533148530047       -1.81307975713674
C           -1.45127705383579       -1.19376652354778       -3.24416385809893
C           -3.09283599558089       -1.37373128452170       -0.07868127357432
C           -3.89940071172322       -0.32981459823753        0.72424412174795
C           -5.35809810614350       -0.78329583215754        0.78492766978837
C           -2.99842605538365        2.03842581272613        0.51260314818361
C           -1.73205487564187        1.70631931785338        1.31661612825430
C           -1.82039186818317        2.34501730258337        2.69686664060041
C           -0.46035117799252        2.12770755972678       -0.71835568308533
C            0.90023802030725        2.60596482205907       -1.24172334016447
C            0.94409041186165        2.57983182101211       -2.76031566560038
C            2.41380366377917        1.87461488223399        0.52617233847972
C            3.47928111476868        0.86119741508118        0.94122212166307
C            4.83327694810435        1.18838892956742        0.30569147246367
C            5.50754409182214       -0.17732273357155        0.21977062521027
C            4.34997536348480       -1.10341722203197       -0.15029750346217
H            2.48587972592730       -2.66054351820483       -0.64572094824251
H            2.24561000410985       -4.42840081800593        0.91040636027874
H            2.42858855795044       -3.14949802638177        2.12441615594743
H            0.15934810709760       -4.61780603319395        2.16033309418806
H            0.03243931129352       -2.85134283534253        2.29023252033903
H           -0.24230340394231       -4.52200262069950       -0.25027296597049
H           -1.39797153579795       -3.32822388419202        0.38921368112818
H           -2.10242770186492        0.11909808480232       -1.09905490213058
H           -1.75781781763919       -2.74357409447047       -1.75239466702238
H           -2.46458693083659       -1.28111881769612       -3.62740835988909
H           -0.77702092827418       -1.76035933548214       -3.88240469004495
H           -1.15607205540459       -0.14766186747605       -3.25357713829345
H           -4.61080904305971        1.29528270245910       -0.37779002765734
H           -3.49018287776956       -0.35326514973521        1.74221576598864
H           -5.92533435646950       -0.15651093071273        1.46861015300973
H           -5.39697843525664       -1.81473406384747        1.12430981800591
H           -5.80795081579292       -0.73074287410686       -0.20428626290062
H            0.16027856568004        2.65478652043838        1.14267157529376
H           -1.58080560636173        0.62323316271519        1.40181615427668
H           -2.62633953814084        1.89511476248815        3.27196476616316
H           -2.01605201989398        3.40951175738835        2.59003068902066
H           -0.88345894357005        2.20288939986270        3.23116294323787
H            1.94857316164452        0.80527710061665       -1.15724163097427
H            1.10127807099802        3.60897414821311       -0.84926035052839
H            0.14102438859487        3.19292167335575       -3.15917598454051
H            0.80427017765482        1.55758826220390       -3.10401909382043
H            1.89855622577191        2.95448836670316       -3.12115994760999
H            3.53671514857425        0.89062637451896        2.03699378499295
H            5.39425222604262        1.90752135986988        0.89680220579234
H            4.67984576118743        1.59699027032873       -0.69381825893596
H            5.91299376105458       -0.45666638017225        1.19262967210198
H            6.30853853139352       -0.20674404751585       -0.51550599627545
H            4.20301004583554       -1.12662719985055       -1.23722422639210
H            4.51415785479428       -2.12122101824418        0.20926806132495
68
 energy: -106.573892974068 gnorm: 0.001130852581 xtb: 6.7.1-6.fc44.fc44
O            1.09642604159692       -0.43182289649358        1.27325493015320
O            0.86693999118030       -0.82961934353974       -1.71651734788401
O           -3.25208998908313       -2.56446484441386        0.14687066042285
O           -3.24404331605814        3.17294242688145        0.16455976619720
O           -1.30499663304171        1.62762918434486       -1.44660184434465
O            2.13767679655641        2.81633754057324        1.25130509833267
N            0.42007914740417       -2.54638758657672       -0.37418746201009
N           -2.22979191815202       -0.88891719395009       -0.96826102040863
N           -3.83893118952318        1.01993417454811        0.21453943938304
N           -0.60414932869696        2.27010793326010        0.59901115333912
N            1.92355634503456        1.71693740240917       -0.71178298491682
N            3.20062952314406       -0.49697997301485        0.49698770367250
C            1.98184490483993       -1.03129252439899        0.69018160230421
C            1.77349712542598       -2.45342770334459        0.15709171559001
C            1.82746808641029       -3.49300930688945        1.28330989619656
C            0.35660558848833       -3.67475722245603        1.65437553304097
C           -0.34118686665662       -3.57794379313253        0.30200506036346
C            0.05586950006823       -1.64999790015946       -1.29819174748343
C           -1.38813538687273       -1.71561893292472       -1.81277545804245
C           -1.45200889069094       -1.19433215582683       -3.24403675531868
C           -3.09327572650125       -1.37358903521702       -0.07835295545656
C           -3.89999286318998       -0.32932870867252        0.72433770930688
C           -5.35834854410508       -0.78306285437754        0.78509635726642
C           -2.99849254061369        2.03839812919249        0.51174267255601
C           -1.73233807758225        1.70605924295403        1.31626363918446
C           -1.82154758710722        2.34512897586785        2.69655904640371
C           -0.46011378078968        2.12749988948234       -0.71796621405445
C            0.90029703354781        2.60559903420336       -1.24131010426791
C            0.94472060181334        2.57890414598955       -2.75989987633269
C            2.41404964154106        1.87442728884400        0.52690649041889
C            3.47957858819864        0.86097518765464        0.94150371356389
C            4.83393723182991        1.18833272100344        0.30539370197844
C            5.50767566157029       -0.17742890332511        0.21974957385241
C            4.35019922503429       -1.10343084616100       -0.15046213920875
H            2.48567215574522       -2.65921035137754       -0.64684198001650
H            2.24587249020420       -4.42883335961864        0.90939667334573
H            2.43006174902967       -3.14950035460400        2.12285935367077
H            0.15981368678747       -4.61676913819272        2.16085192640083
H            0.03411276544490       -2.85013213821718        2.28977349419395
H           -0.24206137527766       -4.52251110374930       -0.25001249157511
H           -1.39725833501236       -3.32757046287103        0.38936864091905
H           -2.10325968167102        0.11906683147274       -1.09961152095296
H           -1.75810422917127       -2.74400422442761       -1.75201423443193
H           -2.46488862944639       -1.28183746312812       -3.62769130996210
H           -0.77679281753747       -1.75957468522355       -3.88086468032457
H           -1.15703458109589       -0.14840416162463       -3.25347355121669
H           -4.61116814040163        1.29599978108132       -0.37801785782584
H           -3.49015030863485       -0.35247710770670        1.74206800780715
H           -5.92563741334875       -0.15627248811584        1.46835191392318
H           -5.39685699565857       -1.81431823666690        1.12486902517275
H           -5.80817982092646       -0.73020215390650       -0.20429712683804
H            0.15914848283526        2.65662771871871        1.14322881427224
H           -1.58103783405236        0.62314522590431        1.40126770586490
H           -2.62798727059598        1.89484777106601        3.27077400894767
H           -2.01735164613914        3.40961443717457        2.59181280565600
H           -0.88527961345182        2.20221292961527        3.23162927531707
H            1.94805198228733        0.80491792322338       -1.15623751023887
H            1.10134477954457        3.60867201377439       -0.84901871597648
H            0.14228843920113        3.19137122637185       -3.15989246374281
H            0.80534626355313        1.55660011497306       -3.10338843231040
H            1.89865887864596        2.95470989266411       -3.12053133755404
H            3.53668666332571        0.89061231404086        2.03758507668972
H            5.39635277145793        1.90790558989832        0.89557089599633
H            4.68000646622446        1.59701415529421       -0.69423993648848
H            5.91298288266989       -0.45682499296832        1.19265475661052
H            6.30894471121925       -0.20722847335463       -0.51513344209745
H            4.20380698428025       -1.12653135271400       -1.23737111591122
H            4.51409582024493       -2.12128966576785        0.20946345466477
68
 energy: -106.573894676014 gnorm: 0.000848274615 xtb: 6.7.1-6.fc44.fc44
O            1.09643466082739       -0.43179447165633        1.27357994683350
O            0.86594902952336       -0.82936318498603       -1.71613757827910
O           -3.25229682695336       -2.56445130731453        0.14780079923746
O           -3.24466422906513        3.17295817086522        0.16432902269471
O           -1.30489651154389        1.62808405008041       -1.44623254692979
O            2.13935578501062        2.81664626830244        1.25143697851601
N            0.42030531410058       -2.54664972987494       -0.37466755830441
N           -2.23009947736313       -0.88892515103356       -0.96785380676342
N           -3.83903032944619        1.02004074772318        0.21443990178813
N           -0.60410609239342        2.27025617330709        0.59920977425968
N            1.92434828073047        1.71715390527399       -0.71153366290059
N            3.20064345850027       -0.49711696642509        0.49729025853584
C            1.98185196977468       -1.03130885275522        0.69043376305899
C            1.77386151755617       -2.45338507936562        0.15621286852240
C            1.82828946839313       -3.49315155114548        1.28226642674260
C            0.35765466006908       -3.67438265540724        1.65409056902854
C           -0.34104695695169       -3.57782621824664        0.30210625100643
C            0.05560421820740       -1.65030197194570       -1.29837340451825
C           -1.38859919078120       -1.71579718046004       -1.81239174890496
C           -1.45270217288557       -1.19466557035721       -3.24372481896213
C           -3.09343793626080       -1.37359653085748       -0.07788122467975
C           -3.90039088088005       -0.32924497371205        0.72434604699864
C           -5.35876893872332       -0.78271685220373        0.78509366294458
C           -2.99867635745759        2.03865967448577        0.51141593460573
C           -1.73272419764563        1.70669281402372        1.31595560907417
C           -1.82255580967989        2.34469962892931        2.69667406716865
C           -0.45986709475059        2.12788305722995       -0.71788387482529
C            0.90074294945673        2.60564768882465       -1.24119753388184
C            0.94535330084492        2.57850411389740       -2.75975073814638
C            2.41533059979570        1.87466296147212        0.52700348590395
C            3.48005002559536        0.86079695185525        0.94203372724634
C            4.83392537198036        1.18827764793912        0.30554701271235
C            5.50756188628137       -0.17750105756955        0.21987019537245
C            4.35014477086055       -1.10357986008030       -0.15026651593666
H            2.48563807212518       -2.65940913783301       -0.64824018829493
H            2.24630854828681       -4.42904580046208        0.90800120375474
H            2.43162508879073       -3.14992093874547        2.12133899041148
H            0.16069039213317       -4.61621720383569        2.16088006567154
H            0.03583934945093       -2.84933715372621        2.28931627332455
H           -0.24207621250654       -4.52224442314709       -0.25005680390087
H           -1.39704834634786       -3.32734750748054        0.38996859884106
H           -2.10308825919277        0.11899714162020       -1.09917121008867
H           -1.75839404340583       -2.74423784327980       -1.75147522003059
H           -2.46550590967736       -1.28202154660573       -3.62727536742515
H           -0.77830259085219       -1.75971255926907       -3.88170566990826
H           -1.15709923331120       -0.14878569767827       -3.25350601508577
H           -4.61152961713744        1.29590608040176       -0.37785557101189
H           -3.49068665369108       -0.35263210683835        1.74220270560997
H           -5.92588159525488       -0.15566238440645        1.46829577626232
H           -5.39732459751974       -1.81381461637180        1.12512475373711
H           -5.80857789984672       -0.73055528319362       -0.20455405017180
H            0.15868060692771        2.65746705898398        1.14386159765784
H           -1.58084695290036        0.62365679817418        1.40060775439317
H           -2.62963028317921        1.89480273064282        3.27021049084574
H           -2.01808247863352        3.40936536779376        2.59092312551902
H           -0.88687300538381        2.20144268657905        3.23210569849663
H            1.94818973156149        0.80513964220746       -1.15594965552450
H            1.10187087560037        3.60877159734631       -0.84903531690953
H            0.14275340788164        3.19036945242764       -3.16027498223840
H            0.80623278237055        1.55614562743622       -3.10288102891595
H            1.89951813535705        2.95372796078192       -3.12035557511754
H            3.53697301002583        0.89144402546426        2.03794216008140
H            5.39555899678645        1.90776641672335        0.89568586648900
H            4.67969850475755        1.59692718804967       -0.69449559104536
H            5.91261818495054       -0.45699708652690        1.19290524883651
H            6.30908379991326       -0.20736641972337       -0.51464710028026
H            4.20387675741386       -1.12664983443498       -1.23721792988629
H            4.51405484508028       -2.12154935651495        0.20967335247200
