68
 energy: -105.659270471817 gnorm: 1.483320743587 xtb: 6.7.1-6.fc44.fc44
O            1.00880117926910       -0.68788103077397        1.57346262346997
O            0.88833900508142       -0.82476766272311       -1.53094462984778
O           -3.19941602115414       -2.53282246315283        0.34329376526793
O           -3.04607856572254        3.16076370925969        0.17925904302276
O           -1.31430995611125        1.51706502212927       -1.31741339135656
O            2.30924055163963        2.78476486613893        1.20037816136142
N            0.36094417352264       -2.53511662829503       -0.38953006717722
N           -2.15302876801778       -0.92564240021632       -1.03809998201861
N           -3.59776350061892        1.14728170936615        0.19093233188775
N           -0.53667128201244        2.28559470868833        0.43189518534153
N            1.96780378932455        1.64175439363810       -0.71056522737845
N            3.07392882912910       -0.59267613882307        0.53516414392679
C            1.84519045372019       -1.17572713840466        0.81347571337373
C            1.80904666107443       -2.77732016157597        0.32696356756293
C            1.69761451386867       -3.70978492390699        1.36965449712497
C            0.37723251297483       -3.74779964059564        1.76237686142462
C           -0.20094001502246       -3.71167584831508        0.23343548657247
C            0.13980838842632       -1.64113796666198       -1.18182207265735
C           -1.30175166700018       -1.75557814773693       -1.78779661546058
C           -1.21310481393946       -1.37844326626143       -3.08902884124260
C           -3.10951041404626       -1.29449811931545       -0.14702822974250
C           -3.93983155377618       -0.02175161739251        0.72731360411303
C           -5.27609634586254       -0.72123533581879        0.77551347844783
C           -3.16144002352873        2.03922960964858        0.60683030428215
C           -1.72695774374450        1.74990015100847        1.42383975336427
C           -1.86996772772389        2.38145374136934        2.60067567410898
C           -0.36203519972110        2.09179275591569       -0.69992641042130
C            1.03243508828225        2.42148124636115       -1.18912183598606
C            1.13051531921651        2.64307824258965       -2.81527016484624
C            2.44731471504893        1.90415672778079        0.72889039301234
C            3.47034799712997        0.81007070456381        1.15652529331390
C            4.76936987671370        0.99793789078789        0.84697069914907
C            5.03446419361298        0.41744993772374       -0.64389580245749
C            4.22382868503566       -0.80715744338913       -0.54292452321958
H            2.55712408680656       -2.85277168394383       -0.47697106944493
H            2.28828992758096       -4.71096315179812        0.86060770465156
H            2.18834570118469       -3.37829203986627        2.13093759765022
H            0.07764621620304       -4.82546065085447        2.05759753222979
H            0.02511346316962       -2.98261965855423        2.22770954054146
H           -0.19038347898293       -4.53912871761656       -0.23816097489172
H           -1.27195424619912       -3.41637684775579        0.40797877689339
H           -2.09729840534633       -0.01660318072183       -0.98288570790832
H           -1.60026473713799       -2.77499637827912       -1.82000952199373
H           -1.09149393761754       -0.13545230831801       -3.02942159257859
H           -2.39538812032833       -1.31806380462047       -3.61055943198585
H           -0.77775476571293       -1.87250687461520       -3.75775324802843
H           -4.83922082390451        1.34124957482627       -0.39730930198133
H           -3.42861251344246       -0.41917380166678        1.59748561479806
H           -5.33262873326346       -1.83687739557944        0.98574329389926
H           -5.67635598901525       -0.53691211127371       -0.10578098514346
H           -5.84984085795517       -0.24747779404524        1.42544349947840
H            0.05773143854385        2.74953983969750        1.02731034732697
H           -1.51629190062517        0.58843714599001        1.57820170055353
H           -0.71634057058659        2.35001719049138        3.12259169958066
H           -2.81845443066863        2.07329203791954        3.19481596785191
H           -2.02953612332435        3.45181732678744        2.70578772762182
H            2.06441857179984        0.73988256208581       -1.05639085749338
H            1.09800541237134        3.65444934238340       -0.82061825073283
H            0.84719485240909        1.53844534742659       -3.21766295615657
H            2.07704505905567        2.99473636106584       -3.05182042085833
H            0.26962394830027        3.24625913023859       -3.22979898822372
H            3.28975754000933        0.56908529656222        2.18525079263230
H            5.73002519029408        0.70320809534429        1.52225362231189
H            5.01194754523861        2.08046108482686        0.69599954979588
H            6.03147035955168        0.36015445913584       -0.89673583331683
H            4.66693999933406        0.79555807124422       -1.43453609883885
H            3.69497902106100       -1.17068527335521       -1.31165702226972
H            4.74949365315385       -1.68358902990826        0.06497955995221
68
 energy: -106.191899914908 gnorm: 0.611408194403 xtb: 6.7.1-6.fc44.fc44
O            1.02209642247775       -0.69340531034178        1.56096071551277
O            0.90397686578051       -0.80351509060048       -1.54172289333223
O           -3.20198482946749       -2.50668553874054        0.32963403203488
O           -3.05597097651235        3.20603308437864        0.18134951052445
O           -1.30764005723230        1.51390982927824       -1.34049713160295
O            2.28984609485208        2.86201836477736        1.24444083175544
N            0.38399844846182       -2.57124028271326       -0.36071651458945
N           -2.17278599858684       -0.94756364578838       -1.02155697974116
N           -3.66591675115222        1.09161690684199        0.16187789256767
N           -0.55663325672332        2.28342912961013        0.48613799118206
N            1.98253980547758        1.64396210181389       -0.69799342683977
N            3.07806287497658       -0.58102825191491        0.53336215293456
C            1.86938617286125       -1.17766719043603        0.82002413759402
C            1.81012349796260       -2.72752760983505        0.30566811544660
C            1.72571358673612       -3.72425625103050        1.34676777968302
C            0.35616976017289       -3.78606586980084        1.72851079366697
C           -0.23554666247727       -3.69165039168921        0.25693522046440
C            0.13365629167152       -1.64568340589003       -1.18789513636844
C           -1.30696158261162       -1.76287632416130       -1.77029712637586
C           -1.25408027142851       -1.33007065342581       -3.10799708701363
C           -3.10091085791816       -1.31651678503758       -0.13168850360420
C           -3.92426323773932       -0.09636312295487        0.72134828443327
C           -5.27707505339745       -0.73052179466542        0.77923521473021
C           -3.10433565680795        2.09218213671021        0.60557225094318
C           -1.72041764992719        1.73057231075692        1.40415102374335
C           -1.85372406962460        2.39643802359885        2.63498621421998
C           -0.37643254857711        2.07678655479333       -0.73432867232719
C            1.01916026050847        2.45876976656293       -1.21026612678183
C            1.10958293943623        2.62118531344897       -2.80870621527201
C            2.46254461880245        1.84804049983375        0.68079163197500
C            3.45019155993827        0.77895997229789        1.15653498818167
C            4.80824741945853        1.01450670041408        0.82932964342663
C            5.03194426379650        0.40408122773599       -0.61808799292155
C            4.21713377402780       -0.83261997304730       -0.50631900539936
H            2.55602655641413       -2.85009224642536       -0.47851612092560
H            2.27369002175313       -4.69983262753800        0.87622204987390
H            2.22230308533310       -3.37322785147924        2.15991859995863
H            0.07467735372197       -4.81747950329793        2.06476341842944
H            0.01240117944510       -2.96877825898021        2.24416191039561
H           -0.18781358971271       -4.56801324683905       -0.25449295930648
H           -1.28491687472501       -3.41850700136854        0.40607943503957
H           -2.09418326915755        0.01621088095430       -0.98741426094151
H           -1.60579550471626       -2.78777594173141       -1.80769898006754
H           -1.08346508381165       -0.15371002944724       -3.03848619101853
H           -2.37998765415502       -1.32155426072446       -3.60128460247368
H           -0.75383272776902       -1.88039544858718       -3.78926102959322
H           -4.81961871597108        1.34384705470133       -0.39856745389518
H           -3.41928763496436       -0.41276806772906        1.61411761236749
H           -5.32373392653941       -1.82720619418390        0.98483772851353
H           -5.69262185268002       -0.53768782121063       -0.13842257535018
H           -5.86828847659420       -0.23435139539826        1.45338176215614
H            0.06899925061376        2.76205585584753        1.05163812544029
H           -1.51603068499872        0.60260843208783        1.57046359601390
H           -0.74122260890226        2.34485500024709        3.12901620727543
H           -2.79716943882567        2.06703549568216        3.19570246170871
H           -2.02903188296557        3.46183449451213        2.69480474390030
H            2.06393920942296        0.72974748985138       -1.06027230666656
H            1.10294918111614        3.63291269242925       -0.82236205007425
H            0.85794129304171        1.55501669272379       -3.21484875120776
H            2.07757127403757        2.99180789860571       -3.05418255562558
H            0.27889302544446        3.24328618978104       -3.22089137937594
H            3.28428504364309        0.57199513386650        2.19692643675500
H            5.71021596769162        0.70013574924688        1.51390485282261
H            5.01193409939105        2.08690827765101        0.69788729458010
H            6.04871492147302        0.34813465371691       -0.88829875435216
H            4.64269247258719        0.82731692045289       -1.45605628996739
H            3.68991051631108       -1.18027989437231       -1.32978771516157
H            4.75081496485745       -1.67988190696091        0.05357718016078
68
 energy: -106.448341397701 gnorm: 0.287514671349 xtb: 6.7.1-6.fc44.fc44
O            1.04607652473000       -0.70164361805756        1.54180415906001
O            0.91346358234329       -0.79598030712834       -1.54634852910195
O           -3.20829010593660       -2.48574098561748        0.31261281386306
O           -3.09136214803031        3.23526285768411        0.18575537647949
O           -1.29242773766185        1.51491423247970       -1.36811303996246
O            2.28271174387192        2.86138461840330        1.24321465486471
N            0.42072805183651       -2.60574594239481       -0.33614302222023
N           -2.19470001973327       -0.95783242071583       -1.00083932773869
N           -3.74533686054059        1.08467973530654        0.13795546037935
N           -0.58161320356016        2.27099241755599        0.53473107513092
N            1.99340265623562        1.66128152555897       -0.66360685434850
N            3.09085839280010       -0.55991860203283        0.53103062070428
C            1.90991663793840       -1.18298245705001        0.82795458036435
C            1.80353237994052       -2.66535867294361        0.28331508366552
C            1.75962978390330       -3.73149604618925        1.32612904959571
C            0.33382630108393       -3.82030582242725        1.68568283876232
C           -0.27850164609764       -3.67929399586298        0.27656359791180
C            0.12992269698544       -1.65781800107829       -1.19100093602450
C           -1.30805326049380       -1.76729876213241       -1.75901043617067
C           -1.30542939537567       -1.27990023032446       -3.13973768623459
C           -3.08931585228497       -1.34045079012838       -0.10356577831991
C           -3.89461029311369       -0.17439477440372        0.70414224918680
C           -5.28491430431100       -0.73453186311004        0.77944160953942
C           -3.04794173415264        2.09580730577096        0.57534562226924
C           -1.72054207074169        1.72040682004701        1.37200123830862
C           -1.82760013669221        2.41017229306801        2.66594947159585
C           -0.39514150488975        2.06185419859293       -0.74143669589589
C            1.00155532152830        2.50627316735745       -1.22169668798580
C            1.08968134143907        2.59416844971365       -2.79149102112932
C            2.47019427342893        1.83716731028301        0.63831028232191
C            3.42479986754274        0.75574342882179        1.15099906914726
C            4.83911821117108        1.03428042048967        0.80371309478177
C            5.02164961030048        0.39032387379808       -0.59776712274258
C            4.20102230555853       -0.86634467358514       -0.46376650098745
H            2.55339817755928       -2.84312994283927       -0.48303603885922
H            2.24846511432369       -4.67198485191868        0.90137845150262
H            2.25851936399359       -3.37407736981435        2.18446274395528
H            0.06983308613905       -4.80506688469128        2.07506057460260
H            0.01019717115254       -2.97220013141199        2.25591044339082
H           -0.18447217645233       -4.58770479356131       -0.26694407237744
H           -1.31165470933542       -3.42148263510537        0.40022814742140
H           -2.09001044746493        0.04053253765489       -0.99960202766389
H           -1.61219617056625       -2.80195682903694       -1.79035054725523
H           -1.07458405511790       -0.18616914007009       -3.05932506710458
H           -2.35223591421202       -1.32085162841174       -3.58344666871124
H           -0.73129832142038       -1.87227106953035       -3.80511528831371
H           -4.75027033332208        1.34310451842417       -0.37670628193030
H           -3.40498481294726       -0.39680745472921        1.64094073555249
H           -5.31377367930607       -1.81217300955766        0.98332401955905
H           -5.71462710041869       -0.54082582651187       -0.16963890810536
H           -5.88521688368003       -0.22063089871773        1.48249051806958
H            0.08337959528603        2.77230007489586        1.07408823147311
H           -1.51976437542884        0.62996446698830        1.55407086096727
H           -0.78983173691440        2.33445126719441        3.14239162330541
H           -2.75350695232226        2.05452296365580        3.20077600468056
H           -2.02532573637253        3.47557818596544        2.67167042948663
H            2.06099733296161        0.73053769793186       -1.05373341472914
H            1.10911259349564        3.59230619605145       -0.82938929979629
H            0.87537494292140        1.57917174703160       -3.20787009707104
H            2.07019602357809        2.98250466371015       -3.05724516681546
H            0.29328637475913        3.23762109625888       -3.20463129496534
H            3.27748682163385        0.58413223784042        2.21069346836955
H            5.67189326608020        0.69525302803022        1.49702288425660
H            5.00996668165781        2.09934727502134        0.70179125647332
H            6.06091682285341        0.32560364573513       -0.87603386586343
H            4.61997310373109        0.86520388683508       -1.45876817453624
H            3.69194344576791       -1.19174292528476       -1.34763909342416
H            4.75315876539002       -1.67933314091726        0.03715165762477
68
 energy: -106.539873803838 gnorm: 0.105011636852 xtb: 6.7.1-6.fc44.fc44
O            1.07987071935887       -0.70655863485803        1.52659350999160
O            0.91543701505331       -0.80263271128799       -1.54871197116365
O           -3.22320379691783       -2.50470198484775        0.30052738888147
O           -3.12983479294584        3.24727799052250        0.19250196580984
O           -1.27226283582476        1.51901805734718       -1.40245004996872
O            2.27374353146045        2.86832045538353        1.24969129283544
N            0.45555304150299       -2.62919277169726       -0.32425970460060
N           -2.20704446148880       -0.95514474214931       -0.98506260503463
N           -3.81882136718678        1.08357627364672        0.11895336927117
N           -0.59563521859785        2.26115147729547        0.57335695778991
N            1.99637549996573        1.66928932552023       -0.63972847607680
N            3.11090342561796       -0.54730323873925        0.52810083590662
C            1.95280628467023       -1.19057577165559        0.82825270681608
C            1.79606487737720       -2.61935654536007        0.26387243336000
C            1.78579919631753       -3.72399350142153        1.31870808169033
C            0.31963903711940       -3.83967194798388        1.65506314669447
C           -0.31153412703262       -3.67676495925023        0.28514281643166
C            0.12498996755008       -1.67039640737348       -1.19253644799617
C           -1.30696012726385       -1.77008294132556       -1.75418401323878
C           -1.34198693069737       -1.24855897117523       -3.16585798417554
C           -3.07414334322728       -1.35546622140511       -0.06922856678105
C           -3.86984564323288       -0.23789251882935        0.68197515059214
C           -5.29744533854498       -0.73501937736330        0.77345141952060
C           -3.00145651908736        2.08830439375535        0.54279853098264
C           -1.72207166577766        1.72880751521324        1.34132050460347
C           -1.81188922583920        2.42557692139281        2.68253298058077
C           -0.40549820291273        2.05569408061687       -0.73619232715670
C            0.98525280277503        2.53667506854631       -1.22767862060517
C            1.07716913721738        2.57915959763836       -2.76847039475003
C            2.47237118849883        1.84180226949431        0.60657489033103
C            3.40433442715061        0.73915740019672        1.14207861179386
C            4.85357145954237        1.05110025454662        0.77727127004575
C            5.01005115526417        0.37818616699147       -0.58734460599101
C            4.18111507079738       -0.89278737229497       -0.43103632785856
H            2.55104545962301       -2.83382387000850       -0.49319022866005
H            2.22654690227063       -4.63928897651029        0.92246411371382
H            2.29460286029745       -3.37687393099892        2.20375301026465
H            0.06402541507580       -4.79733585999399        2.09214374334397
H            0.01279927402775       -2.98393361475166        2.26748142673389
H           -0.18687751840392       -4.60204884937236       -0.28068611260713
H           -1.34869504600840       -3.42058674341136        0.38601353621140
H           -2.08142685734687        0.05976083807195       -1.02206872603850
H           -1.62151698536254       -2.81172245319395       -1.76776605560159
H           -1.06272431654823       -0.20542812873341       -3.09373986283601
H           -2.33846089968438       -1.31334556871641       -3.56807130754727
H           -0.70733072077255       -1.85804381362049       -3.81014535787160
H           -4.64628715680860        1.33346691385631       -0.33104713350272
H           -3.39999149087051       -0.36083361988346        1.66890160003946
H           -5.31081456897823       -1.80087637769264        0.98376812341858
H           -5.74266648389201       -0.55012931871919       -0.19332183278413
H           -5.89137466621933       -0.20863606437277        1.50443606424840
H            0.09772580599959        2.77555778296964        1.09152382879301
H           -1.53381446460986        0.65814232586835        1.52857557051394
H           -0.84548629471391        2.31545844763210        3.16668957816238
H           -2.69579896250057        2.03459399207185        3.21768511969937
H           -2.01889205555351        3.49287625911303        2.63539361586833
H            2.05043419866533        0.73616798409159       -1.05146744136899
H            1.11573200543957        3.55215062367900       -0.83860812253486
H            0.89562898878631        1.59352908046468       -3.19141097713092
H            2.05953069869993        2.96876923316069       -3.05926883032156
H            0.30546254324885        3.23513959709699       -3.18287100939089
H            3.26853804580141        0.61006317401767        2.21985127394259
H            5.62531113888158        0.68515331976761        1.47951099555442
H            5.00476425251128        2.11974589658965        0.70418779151294
H            6.06285398168606        0.28630429324109       -0.86231535923956
H            4.59868198188127        0.90671278494990       -1.44730158420096
H            3.70173605221765       -1.20343848289716       -1.36023764412750
H            4.76197932952349       -1.69284185599145        0.02121747745054
68
 energy: -106.561521323331 gnorm: 0.068935380041 xtb: 6.7.1-6.fc44.fc44
O            1.12430966082432       -0.70092064736982        1.52717895615980
O            0.91652554440260       -0.82434929660598       -1.55340492728951
O           -3.22762807710941       -2.54188522459419        0.27834545456170
O           -3.15494405826546        3.22435548894668        0.18601100256915
O           -1.25102591511177        1.53149118267602       -1.42766103476322
O            2.26393669148822        2.87820838221243        1.25033378415008
N            0.46331063714365       -2.64459216221388       -0.32762302152569
N           -2.20406439600937       -0.95059521628974       -0.97415315916815
N           -3.80125765999087        1.05566990945999        0.13129427885930
N           -0.58831564462149        2.26190845946401        0.58835247678239
N            1.98596393354640        1.67130103470330       -0.63851500745513
N            3.13555520969325       -0.54197436825970        0.52914477500834
C            1.99139308892704       -1.19135043641306        0.82846979934152
C            1.80169077471167       -2.59879791108486        0.25108561057640
C            1.79986911298827       -3.69792946952164        1.32441153289941
C            0.31880765814550       -3.84075268822908        1.64749037560077
C           -0.33507653617781       -3.68510673512529        0.28247776868296
C            0.12139570625191       -1.68740541505872       -1.19817147877639
C           -1.30937540425654       -1.77059799992586       -1.75669583508671
C           -1.34838256937508       -1.23945190647547       -3.17997615154175
C           -3.05534357759178       -1.36934199294693       -0.04405365314490
C           -3.85215388016127       -0.27311416094917        0.69230546531854
C           -5.30891008794408       -0.73358919279782        0.76783507278622
C           -2.97235114766253        2.06567241105111        0.53289185087703
C           -1.71505663433000        1.74306945958180        1.33450245489003
C           -1.80715502580813        2.44479666398975        2.68297395734867
C           -0.40324714776568        2.06506913798506       -0.72744388953802
C            0.97465461801946        2.54691617395671       -1.22710048094220
C            1.07185363319114        2.57054278456561       -2.74959281184280
C            2.46463342538162        1.85895779823544        0.60038258190322
C            3.39203021964923        0.75111287941098        1.13411855788210
C            4.84382096981876        1.07365553234944        0.75694536860176
C            4.99730493656617        0.36833820934608       -0.58585036144465
C            4.17412078349086       -0.91179109712435       -0.42321098675381
H            2.55161502707082       -2.81699570492998       -0.51275681121329
H            2.21806467189251       -4.62255324055007        0.93716178387907
H            2.33001251949390       -3.37135381937062        2.21360847923176
H            0.06753800119753       -4.79057186597466        2.11592226836839
H            0.01162262601379       -2.99875086578957        2.27749929052397
H           -0.20586138152888       -4.61236313953413       -0.29113869035924
H           -1.38683277540480       -3.42218273402814        0.36000384081388
H           -2.07630660323270        0.06684371073154       -1.04074587472557
H           -1.63788836483175       -2.81341411770783       -1.74345990103676
H           -1.02754798268234       -0.20084456420718       -3.14424910372696
H           -2.36349087124793       -1.31590628741157       -3.56631103724057
H           -0.69153503270713       -1.83926815732276       -3.81625122720333
H           -4.66792542383409        1.37961739827340       -0.39506813715909
H           -3.41529945232282       -0.32798827515988        1.71650459223413
H           -5.32086425781286       -1.79501637896199        0.99207559401644
H           -5.76737572807907       -0.56482293644766       -0.20454810975948
H           -5.88747501341522       -0.19620804019259        1.51484023121951
H            0.11660869185192        2.77009341006224        1.10642818130565
H           -1.55400966241392        0.67198055543791        1.49960297411522
H           -0.87882303480751        2.28334584824031        3.22716047505108
H           -2.63429441650517        2.00963147309180        3.25318438805195
H           -2.00991363289227        3.51561013033196        2.58877733737437
H            2.02729861945940        0.74065205402238       -1.05135272414039
H            1.13761268724807        3.54872437811310       -0.82490095352267
H            0.91685465953724        1.58222545796116       -3.16914946960808
H            2.04933089193315        2.94940616565169       -3.05465491091951
H            0.30763740885513        3.23498991351211       -3.14933168399352
H            3.25412038211134        0.65901483465702        2.22113966039807
H            5.57243506000457        0.66630919159542        1.46953468791255
H            4.99708301690577        2.14856857493640        0.69954579814147
H            6.05143213882502        0.22923929831013       -0.84964209427189
H            4.57906041991758        0.94161747668792       -1.42457344928309
H            3.71666438486035       -1.22429843207911       -1.36676253244460
H            4.78421827150675       -1.72144925203377       -0.00508614531723
68
 energy: -106.569915530447 gnorm: 0.042011860140 xtb: 6.7.1-6.fc44.fc44
O            1.15379602499680       -0.69599198528771        1.54314747340441
O            0.91786597192177       -0.84546717880544       -1.56493774078196
O           -3.21117289949698       -2.54751773669889        0.26560702648725
O           -3.17905458740941        3.21241482457271        0.16224372637042
O           -1.22867501210542        1.55341776636557       -1.44244670978957
O            2.25455945939157        2.87979090878663        1.25232270874290
N            0.46492119483326       -2.65448216789688       -0.33464268466693
N           -2.20024102985162       -0.94281031177577       -0.97081242618134
N           -3.78960315176356        1.04591071097901        0.13577567690711
N           -0.57483061554591        2.26711951302561        0.59882007456669
N            1.97491480765198        1.66909596870477       -0.63940543628814
N            3.14483523138325       -0.54274592405056        0.52998145363097
C            2.00247455778535       -1.18806462983970        0.82305060639801
C            1.80681221424335       -2.59208570696959        0.24191421873269
C            1.80554828998218       -3.67553742027224        1.33403642072055
C            0.31711636953895       -3.83774445434249        1.65065740453110
C           -0.34190425798832       -3.69211102012330        0.28175771426068
C            0.11644139176341       -1.70085948208175       -1.20606120734789
C           -1.31448275273494       -1.76996848418173       -1.76088693710195
C           -1.34493727282385       -1.24122247788967       -3.19103810661161
C           -3.04996997745978       -1.37288140680038       -0.04230643662594
C           -3.85240058405595       -0.28196162733193        0.70168870348923
C           -5.31669962127117       -0.73468142147385        0.76434444239968
C           -2.96990983470393        2.06600374485859        0.51744244673242
C           -1.71579387947566        1.74593047239232        1.33105866668502
C           -1.80747359902048        2.43870649439227        2.68777908011158
C           -0.39676072224578        2.08514628432168       -0.71981112103163
C            0.97275095895838        2.55863369282285       -1.21934105157443
C            1.06919095996560        2.56662728598535       -2.73335937334119
C            2.45441199794856        1.86381235997217        0.60043617342634
C            3.38472068377021        0.76045932295950        1.12564617954955
C            4.83551958966894        1.08198134577794        0.74329143341945
C            4.99198819234417        0.36465679721193       -0.59171868290135
C            4.17259628209531       -0.91790524203459       -0.41989286652469
H            2.54865573832178       -2.80804354402738       -0.53166284238325
H            2.22094035298517       -4.60856664438045        0.94768820913507
H            2.35712625134530       -3.36259839000266        2.21973086515911
H            0.07433838910129       -4.78287277656884        2.13558351380230
H            0.00330307568289       -3.00814290013541        2.28794696563580
H           -0.22182574236604       -4.61969203593108       -0.29594364875119
H           -1.39894107644449       -3.42374075750089        0.34705346127681
H           -2.07431203069464        0.07506045535823       -1.06752630358151
H           -1.66330150393535       -2.80842981798078       -1.72451339761201
H           -1.02634216509199       -0.20315862465024       -3.19830584983862
H           -2.36177180929879       -1.28770561025562       -3.57708924285759
H           -0.68343752279600       -1.83326150757375       -3.82524737972434
H           -4.61124361625984        1.33066310554844       -0.36922846636095
H           -3.43917793171310       -0.29704261518400        1.73598422462449
H           -5.33810684892092       -1.79386479184183        1.00403713608509
H           -5.78538503493926       -0.58218387619090       -0.20959248542084
H           -5.88075687246453       -0.18514613373008        1.51810053071767
H            0.13899800693489        2.75787646376375        1.12369694878313
H           -1.57334840039350        0.66820883257080        1.47337117966704
H           -0.88620596484147        2.29113349746813        3.24694850612527
H           -2.61590576898333        2.00389907546629        3.26873662220705
H           -1.99216134989513        3.50803415044680        2.56560719270224
H            1.99559144200662        0.73960544272995       -1.04975439272364
H            1.16620630513836        3.56245389599825       -0.80740517132995
H            0.92330856307872        1.56607191318164       -3.13088997219919
H            2.04489215237761        2.93299535827289       -3.04716303080051
H            0.30485513282336        3.22606309318552       -3.13191514621600
H            3.23834878160113        0.70148102139869        2.21507078712075
H            5.52811669919478        0.65776974554188        1.47738185667010
H            4.99779225462628        2.15682966966202        0.68662406941257
H            6.04203903118820        0.17803774850336       -0.84502300962089
H            4.56802448718134        0.96612511658447       -1.41088109644359
H            3.73052124319452       -1.23717506085034       -1.36851283113720
H            4.79326603899105       -1.73495066728564       -0.02114359968188
68
 energy: -106.572543569359 gnorm: 0.023189113878 xtb: 6.7.1-6.fc44.fc44
O            1.15977634660343       -0.69465416844537        1.55665026029054
O            0.91900729454970       -0.86106707271760       -1.57882878432845
O           -3.20112362423240       -2.54875182524746        0.25014186838250
O           -3.18846380489539        3.20008865751455        0.15217557973419
O           -1.21761335045065        1.57497974663956       -1.44216925086128
O            2.24730966887038        2.87021859373735        1.25407891299870
N            0.46309331261873       -2.65885026114425       -0.34275772723863
N           -2.19396332628081       -0.92910881222220       -0.96438211054511
N           -3.77583537043578        1.03702301820962        0.14873584156813
N           -0.56680131541325        2.27174235673164        0.60932091207641
N            1.96531490342328        1.66900732705053       -0.63652570294884
N            3.14179102589732       -0.54237138440862        0.52929585927589
C            1.99737308959739       -1.18596196803122        0.82044264260523
C            1.80423493073060       -2.59040230402456        0.23711414402240
C            1.80436684189898       -3.66028458044787        1.34076398986565
C            0.31505238245787       -3.83380204430021        1.65596340279150
C           -0.33777020667270       -3.69579658244109        0.28425746049872
C            0.11133915709276       -1.70974200154701       -1.21635202889169
C           -1.32295226346981       -1.76228891272740       -1.76744975652654
C           -1.34926552885293       -1.23858412140610       -3.20097905934117
C           -3.04188498283299       -1.37014259706028       -0.03756326752159
C           -3.85836116149686       -0.28824380182321        0.71409762714721
C           -5.32223497200931       -0.73889300924829        0.76614873420258
C           -2.96463688937273        2.06368169998851        0.51451122558270
C           -1.70858717015939        1.74041856046703        1.33559058727213
C           -1.80159694361016        2.42496196817999        2.69571930170058
C           -0.39518647155828        2.10395445525160       -0.70910067932263
C            0.97325284431174        2.57196156590192       -1.20487100833146
C            1.06544804280675        2.56394104425794       -2.72015598296500
C            2.44820094629333        1.85890608923812        0.59990646820365
C            3.38461160377544        0.76335835163086        1.11907478326775
C            4.83389306368309        1.07995193114846        0.73646128487486
C            4.99240956966051        0.36677643267488       -0.60037922205229
C            4.17171814218286       -0.91296190694156       -0.42067414062234
H            2.54282045745056       -2.80026895842834       -0.54045686729870
H            2.22794382349751       -4.58748383178095        0.95701163482935
H            2.37088967703077       -3.35151865676652        2.21905933282175
H            0.08292343639514       -4.77821992948028        2.14176463788665
H           -0.00775045255343       -3.01261844375643        2.29467243608563
H           -0.22900906579350       -4.62455988497605       -0.29170784241569
H           -1.39267588381755       -3.42710323277581        0.35257836195185
H           -2.06814120621628        0.08568260535215       -1.08079501610817
H           -1.69234871414469       -2.79361082072569       -1.71906487180936
H           -0.99844613643459       -0.20377896781606       -3.21040342204738
H           -2.36296026074138       -1.29442023446884       -3.58862705584568
H           -0.69094847271312       -1.82834657650029       -3.83437102209847
H           -4.55744686359923        1.33328499139027       -0.42198823048224
H           -3.45846710803293       -0.29663524915726        1.73808628640091
H           -5.35481221823512       -1.79581276058307        1.01777694949191
H           -5.79248999961876       -0.59873532103008       -0.20838389641248
H           -5.87815062882117       -0.17780237783899        1.51667936608721
H            0.15425638656180        2.74343724690292        1.14212045172599
H           -1.56642443779296        0.66017329341787        1.45755612191084
H           -0.87409795210412        2.30245469761733        3.24241374259957
H           -2.61447489944201        2.00058310899653        3.27347115344681
H           -1.98391841613375        3.49012605487459        2.55638418996441
H            1.96364412065099        0.73858991929639       -1.04340179004052
H            1.17777090147980        3.57164290328130       -0.80834121090236
H            0.91162900880327        1.55439758298280       -3.08929573466714
H            2.04145835288391        2.91838728296476       -3.04325968519996
H            0.29813440818461        3.20723197941462       -3.13637051928922
H            3.23151081442150        0.71936029260647        2.20512369533250
H            5.50930423959450        0.66032258901165        1.48097201783000
H            5.00503506997356        2.15198479128431        0.67389592859097
H            6.03636032405231        0.15315741954395       -0.84452698299608
H            4.56619818600935        0.97729246060923       -1.40637320365039
H            3.73646680097423       -1.23916564668048       -1.36873255193668
H            4.78495561054525       -1.72569112435684       -0.01562351638146
68
 energy: -106.573131124612 gnorm: 0.018519241589 xtb: 6.7.1-6.fc44.fc44
O            1.15485094100785       -0.69108328923032        1.55952093387196
O            0.91897323993490       -0.87097716607328       -1.58488277920393
O           -3.19341746987244       -2.55189172476269        0.23544178357211
O           -3.19939869908371        3.19445218242369        0.14291402016161
O           -1.21703439837903        1.59670415774535       -1.43693174686331
O            2.24196940589885        2.86212400166767        1.25739407822557
N            0.45909207778008       -2.65962800033159       -0.34357490937865
N           -2.18859908026044       -0.91894576587854       -0.96012306165552
N           -3.75850093529555        1.03009750215882        0.15335755694059
N           -0.56239832880229        2.28090491445777        0.61529978563236
N            1.95534803482572        1.67100031562199       -0.63574389396728
N            3.13625479400631       -0.53918589258474        0.52747684134297
C            1.99012502567024       -1.18274441602739        0.81925572046447
C            1.80004230580522       -2.58806788912318        0.23572930817370
C            1.80334477112560       -3.64872038304427        1.34479030604435
C            0.31719668581447       -3.82774676487833        1.66231280278848
C           -0.33393352886939       -3.69689730329298        0.29076600579663
C            0.10598653928636       -1.71473765302258       -1.21941767153810
C           -1.32809647352562       -1.75814464603034       -1.77054652966927
C           -1.34392784998973       -1.24062808380191       -3.20481313736134
C           -3.03971679767393       -1.37209782000257       -0.04162564350688
C           -3.85480477407746       -0.29461418352651        0.71599745775036
C           -5.31813165674810       -0.74066457341398        0.76530543446021
C           -2.95645022433309        2.06241808124155        0.50641753740996
C           -1.70156594787268        1.74311404777539        1.33789308187021
C           -1.79765088448341        2.42321581388073        2.69778786322595
C           -0.39730618961208        2.12210048966964       -0.70121765589738
C            0.97372741327605        2.58652480987555       -1.19524417798189
C            1.05990763966230        2.55456731231213       -2.71494861037492
C            2.44598764630830        1.85585331502696        0.59880602933539
C            3.38663796165115        0.76555682604986        1.11645230135651
C            4.83506808128893        1.07657709580258        0.73536801539766
C            4.99162246429538        0.36553407004004       -0.60512503748427
C            4.16913340167165       -0.91118247643248       -0.42399157727466
H            2.54026369075989       -2.79187804731483       -0.54085382939874
H            2.22797542219003       -4.57876736832209        0.96243376530132
H            2.38084778370467       -3.33795525651342        2.21437872228485
H            0.09472995688398       -4.77490288364733        2.14451375236566
H           -0.01365263444636       -3.01165013837645        2.30101035708942
H           -0.23299464629118       -4.62727239093865       -0.28187901385698
H           -1.38712554088423       -3.42962463294646        0.36048907621704
H           -2.06331172756763        0.09155447039779       -1.09146296942483
H           -1.71290267746698       -2.78246578091365       -1.71709273704083
H           -1.03640076504052       -0.20988410915130       -3.22046563502912
H           -2.34813272430147       -1.27104162237026       -3.60466342627807
H           -0.68520850939774       -1.82769765153159       -3.83760681144825
H           -4.52096666822687        1.31273511060699       -0.45910253487257
H           -3.46832063527312       -0.29197084237129        1.73969369838784
H           -5.36049973848120       -1.79434240886286        1.03187067412294
H           -5.78627828269245       -0.61352282454520       -0.20998954902000
H           -5.86961507021623       -0.16560561370119        1.50619914507119
H            0.16670681231777        2.73319676976100        1.15466264551183
H           -1.55742334342034        0.66142133863895        1.44798675457391
H           -0.86705888367534        2.28170118287469        3.25302860240432
H           -2.61258806823386        1.99700330121629        3.27763702094953
H           -1.98573219162152        3.48431925150825        2.54915197423198
H            1.93316664598043        0.73908986564875       -1.03933799827833
H            1.19014673294585        3.58354774612801       -0.79608674592055
H            0.90124245596977        1.53672664637643       -3.06521017521265
H            2.03594527319323        2.90241540771358       -3.04319751582409
H            0.28902713680922        3.19132643859093       -3.13851074361855
H            3.23096729079698        0.72470338623211        2.19810636959453
H            5.50705790526451        0.65126529093732        1.47876998040310
H            5.01348303504937        2.14726621270738        0.66989355657419
H            6.02934014079917        0.14155591755329       -0.84357208716894
H            4.56468237399927        0.97752031280877       -1.40138345262184
H            3.73451899010039       -1.24062465236322       -1.36988156502647
H            4.78442995706719       -1.71952768325962       -0.01352468446802
68
 energy: -106.573528942256 gnorm: 0.013686407912 xtb: 6.7.1-6.fc44.fc44
O            1.14732839206892       -0.68651617620901        1.55276021458067
O            0.91834795408620       -0.87487414175180       -1.58865662943828
O           -3.19254820078240       -2.55563909434439        0.22231813522530
O           -3.20299039634711        3.19303255248238        0.13916923030653
O           -1.22318517990129        1.61030685322861       -1.43255379880234
O            2.24002590175712        2.85946913145331        1.26020920743704
N            0.45541816292669       -2.65910419270621       -0.34397285025512
N           -2.18411627955877       -0.91209352881673       -0.95681385224770
N           -3.75216198777799        1.02819192757128        0.15281103924798
N           -0.56167046931665        2.28762873876763        0.61721725767938
N            1.95064387967946        1.67029984298174       -0.63471747841213
N            3.13270936632757       -0.53711445061603        0.52533585980647
C            1.98521367634011       -1.17932287438394        0.81658014601399
C            1.79572556801248       -2.58467874125837        0.23435983560830
C            1.80305202591287       -3.64336597037516        1.34362088456143
C            0.32016741297191       -3.82321073657024        1.66453832283474
C           -0.33412037566471       -3.69564457566667        0.29451258994570
C            0.10266156479402       -1.71716310413880       -1.22314167473427
C           -1.33165491666744       -1.75432781123448       -1.77343091028798
C           -1.34820132671477       -1.23738186826218       -3.20765178044247
C           -3.03765277458024       -1.37303432835785       -0.04437789352214
C           -3.85032037132134       -0.29868780055293        0.71276176362563
C           -5.31356351530802       -0.74033767419564        0.76325555356482
C           -2.95191966989642        2.06224184433652        0.50030858844493
C           -1.69992315288490        1.74601443889113        1.33697141025762
C           -1.79800162692014        2.42184080255511        2.69806233741301
C           -0.40034317212460        2.13141989455574       -0.69817874675459
C            0.97423438425701        2.59113033463318       -1.19362600267736
C            1.05768401183239        2.55281021184216       -2.71275966018439
C            2.44650277986642        1.85566085166936        0.59838334546469
C            3.38730502504123        0.76530263203077        1.11720735334056
C            4.83648842109654        1.07289957077254        0.73780927328982
C            4.98999216613587        0.36333414025227       -0.60540973677236
C            4.16558519669311       -0.91192219049399       -0.42693891369367
H            2.53905670296635       -2.78708700222543       -0.53945574463186
H            2.22549186619671       -4.57678631354872        0.96212681540903
H            2.38456552709430       -3.32777813077210        2.20804496774470
H            0.10326706375644       -4.77314290113201        2.14589568375809
H           -0.01401518945737       -3.00807049610323        2.30363362724420
H           -0.23440139265789       -4.62803382976685       -0.27490510641264
H           -1.38736193368654       -3.42991006451319        0.36297363587935
H           -2.05753335187875        0.09532306515700       -1.09329409813416
H           -1.72402100685331       -2.77475119622417       -1.72036889569385
H           -1.00125186874967       -0.20381579185365       -3.20786294661856
H           -2.36268399690153       -1.29817510057686       -3.60656768949594
H           -0.68913046871474       -1.82783883776541       -3.83764200579155
H           -4.51221226611630        1.29098925573030       -0.45448170440499
H           -3.46842237493062       -0.28830782916416        1.73988413737686
H           -5.35842343324632       -1.79117252275675        1.04082903655961
H           -5.77775968879586       -0.62241148964016       -0.21387995958252
H           -5.86578519601640       -0.15570067282513        1.49460902430058
H            0.17351045360924        2.72737658548152        1.15952974859993
H           -1.55497292279600        0.66395001565113        1.44469662326161
H           -0.86703111914972        2.28037129168739        3.24978296359177
H           -2.61328979184145        1.99253266314206        3.27962819949132
H           -1.98826380686615        3.48082906547191        2.55265750441137
H            1.91870369349896        0.73710737249944       -1.03553152453145
H            1.19678866304154        3.58861268409774       -0.79579545183820
H            0.89705294040563        1.53125905760939       -3.05265407114779
H            2.03368202318803        2.89723007434959       -3.04488551435125
H            0.28482795167964        3.18752069977084       -3.13801162930961
H            3.23270451066428        0.72258822726992        2.19767607892545
H            5.51198835747296        0.64133254416668        1.47688178564647
H            5.01816351979006        2.14365714256001        0.67457121068122
H            6.02522179825734        0.14102636271290       -0.84341940602965
H            4.56309838975421        0.97514598754897       -1.39773386598690
H            3.72845539745857       -1.24012382518706       -1.37182538104898
H            4.78392316281632       -1.71950895207817       -0.01496341605708
68
 energy: -106.573781349370 gnorm: 0.008289062914 xtb: 6.7.1-6.fc44.fc44
O            1.14392977566618       -0.68297965379078        1.54516550329569
O            0.91770948916925       -0.87511636348825       -1.58805621413331
O           -3.19746502671446       -2.55542691880756        0.21720682855837
O           -3.19741846164347        3.19153028154041        0.14355615040233
O           -1.22750817270377        1.61185581198431       -1.43069865936140
O            2.24148003687956        2.86110562496850        1.26199542952877
N            0.45564263731035       -2.65937916331875       -0.34145951556376
N           -2.18095267692314       -0.91283050732516       -0.95592752842308
N           -3.75738973842825        1.02896696863270        0.15649615803739
N           -0.56155342724907        2.28829153257452        0.61799590233497
N            1.95256202990750        1.66782617465374       -0.63240349385188
N            3.13270528978143       -0.53815147124438        0.52426096096947
C            1.98430299261234       -1.17742349639678        0.81400138645229
C            1.79506847962330       -2.58280221683487        0.23456461368617
C            1.80513728448144       -3.64427161577323        1.34190516573578
C            0.32332048648842       -3.82289772136850        1.66557152321958
C           -0.33522950054987       -3.69493131510609        0.29696399053314
C            0.10282058847363       -1.71858725092869       -1.22274486566135
C           -1.33058516633958       -1.75778459429436       -1.77198082188976
C           -1.34789093864632       -1.24009595427821       -3.20605635180539
C           -3.03679675146523       -1.37178065642039       -0.04497161092474
C           -3.85078588636947       -0.30089818956103        0.71357571615277
C           -5.31431767098722       -0.74043370400420        0.76308693492027
C           -2.95264013286244        2.06186772232153        0.50391261655875
C           -1.70129508280348        1.74509102463211        1.33605778389160
C           -1.79990085210153        2.41898071573872        2.69897280293261
C           -0.40061141942800        2.13069411364863       -0.69780378548377
C            0.97552758975168        2.58684094615697       -1.19630458922100
C            1.05829501130961        2.55584439173561       -2.71181530239199
C            2.44794043144447        1.85681794082018        0.59934917908652
C            3.38644495477895        0.76295663282840        1.11839366116213
C            4.83711402916261        1.06949999594112        0.73941638583333
C            4.98877240023464        0.36272076312407       -0.60487603584535
C            4.16243866773910       -0.91238472414834       -0.42860485542732
H            2.53830766798462       -2.78810650010852       -0.53927415249310
H            2.22689777495224       -4.57515727350142        0.95974216426942
H            2.38583953512950       -3.32522620599626        2.20556364411800
H            0.10616281786734       -4.77315869321661        2.14835711296292
H           -0.00986244190898       -3.00640803260626        2.30570652483836
H           -0.23256505021370       -4.62847907268756       -0.27155503645749
H           -1.38959574750128       -3.42987569123205        0.36375103135645
H           -2.05185080981284        0.09413409457589       -1.09334794261988
H           -1.72228356859015       -2.77829377032778       -1.71978756865773
H           -1.00910070989011       -0.20485101959510       -3.21106246536754
H           -2.35726960192810       -1.28735584882596       -3.60628930348048
H           -0.68701532489721       -1.83249845757830       -3.83443404639883
H           -4.51534181676046        1.29642201388051       -0.45925150777759
H           -3.46390815404700       -0.29336771623777        1.73920573346132
H           -5.35661059861411       -1.78962558128100        1.04460535075267
H           -5.77459825540624       -0.62612862673666       -0.21657206659252
H           -5.87017511679109       -0.15248510974475        1.48902486141766
H            0.17576100286311        2.72467209372447        1.15993485076200
H           -1.55642789765072        0.66360311993551        1.44752822238055
H           -0.87021812700056        2.29604223732703        3.23991678600160
H           -2.61526961800272        1.99118043265630        3.27827926023643
H           -1.98820030023748        3.47892141618351        2.56003064300781
H            1.92130591305821        0.73416157800510       -1.03152503143876
H            1.19496328142609        3.58528447709402       -0.80618034010412
H            0.89764477470294        1.53685771876325       -3.05343748049479
H            2.03358259892938        2.89993675127836       -3.04746814721182
H            0.28546462913556        3.18955092110706       -3.13673090884629
H            3.23423215950190        0.71914022134446        2.20105135154006
H            5.51532010764047        0.63849454156842        1.47706800510647
H            5.01883822288111        2.14058150895100        0.68058527882784
H            6.02535086977773        0.14445749255750       -0.84636131085860
H            4.56161539899451        0.97630945593139       -1.39744457757983
H            3.72273656115616       -1.23718280620688       -1.37401139590088
H            4.77805324067776       -1.72286314634970       -0.01825754982884
68
 energy: -106.573904284372 gnorm: 0.006150525209 xtb: 6.7.1-6.fc44.fc44
O            1.13991964355289       -0.67937223198003        1.54015415879540
O            0.91770235520096       -0.87617092951208       -1.58863844985927
O           -3.19824389192893       -2.55435359821382        0.21137724893655
O           -3.19972968031791        3.19364331756131        0.14473774385292
O           -1.22899420903144        1.61556448852537       -1.42913049162777
O            2.24270639573732        2.86124313801946        1.26519713898833
N            0.45540983184699       -2.65945754009316       -0.34091837177100
N           -2.17758243061889       -0.91205963642527       -0.95597645759975
N           -3.76011958260493        1.03049876100001        0.15925407717745
N           -0.56060757408839        2.29086220772221        0.61895030092330
N            1.95338604118210        1.66812424659876       -0.62997548097037
N            3.13183633237274       -0.53898263269855        0.52432315922086
C            1.98182068443311       -1.17547924395718        0.81201556605901
C            1.79440364869391       -2.58192698378258        0.23407152549881
C            1.80634874516314       -3.64370015295584        1.34119501183706
C            0.32551954859218       -3.82200956310486        1.66731626120282
C           -0.33475004271023       -3.69465950249228        0.29873031354882
C            0.10292708616906       -1.72004268775065       -1.22383763968200
C           -1.32971522293383       -1.75920321486783       -1.77253776794631
C           -1.34700545615834       -1.24066090282629       -3.20616960146371
C           -3.03733649932673       -1.37118556983164       -0.04883002410066
C           -3.84977001438324       -0.30161262057837        0.71407189985162
C           -5.31288022005003       -0.74109753205003        0.76344851565248
C           -2.95263931706147        2.06323257026949        0.50343414892435
C           -1.70147016207231        1.74733863394470        1.33559366609767
C           -1.80245906623785        2.42163135428736        2.69804999314058
C           -0.39972210889082        2.13290402429290       -0.69651931065828
C            0.97739366597365        2.58718285212010       -1.19645081370880
C            1.05765139690299        2.55120968157409       -2.71295150768051
C            2.44836417079672        1.85732510723842        0.60171134280541
C            3.38628919272124        0.76162418311358        1.11900583996131
C            4.83765529550826        1.06610079304990        0.74048373651480
C            4.98790294205133        0.36288462565087       -0.60543387918204
C            4.15965360907033       -0.91146782188881       -0.43025799003507
H            2.53674373281159       -2.78832531447507       -0.54069718142809
H            2.22968682114254       -4.57261372068251        0.95864174296109
H            2.38767648415340       -3.32190353658828        2.20328531555737
H            0.10810292226547       -4.77213858005125        2.14999128392363
H           -0.00774297673346       -3.00540068614851        2.30783575883419
H           -0.23159796544032       -4.62907754304894       -0.26858724110910
H           -1.38926034750172       -3.43014648494274        0.36672989934911
H           -2.04702205982365        0.09406131651804       -1.09574771422275
H           -1.72218151572065       -2.77927316988220       -1.72043003546468
H           -1.01319808396414       -0.20591078634864       -3.21347519834388
H           -2.35527844705455       -1.28744950972256       -3.60632330620753
H           -0.68507531862710       -1.83331336290199       -3.83326210026611
H           -4.51680979296276        1.30095086971360       -0.45594511042061
H           -3.45768651859279       -0.29770361595956        1.73586108998117
H           -5.35623316514877       -1.78833307654106        1.05178491657952
H           -5.77024846375863       -0.63315536368857       -0.21844767743664
H           -5.87087713434518       -0.14741384285691        1.48307033725948
H            0.17843014139853        2.72211529949230        1.16192561150198
H           -1.55370384513457        0.66637942641011        1.44950315642297
H           -0.87431017993482        2.28660029480375        3.24942884932309
H           -2.61813586441918        1.99313868420591        3.27418205693837
H           -1.99222834554413        3.48323594957710        2.55986515356859
H            1.92055356372779        0.73431477009494       -1.02808218296700
H            1.19571835579668        3.58545964943360       -0.80391939251400
H            0.89788293558500        1.53377329734082       -3.05998821904320
H            2.03145231343283        2.89702908167317       -3.05053983310355
H            0.28446171139849        3.18534180259650       -3.13589346718202
H            3.23534097394661        0.71660825569483        2.20261948269702
H            5.51612608241544        0.63461064560157        1.47760238504938
H            5.02096167193322        2.13689656078997        0.68419279077345
H            6.02496860466807        0.14510515377142       -0.84995580676371
H            4.56014961239716        0.97864851971444       -1.39668984884659
H            3.71790336373946       -1.23368438599972       -1.37563753654859
H            4.77222031336556       -1.72495257068967       -0.02228678931811
68
 energy: -106.573988846593 gnorm: 0.005096931921 xtb: 6.7.1-6.fc44.fc44
O            1.13425028574836       -0.67484804672078        1.53359068500603
O            0.91831938086244       -0.87946554504993       -1.59062409672081
O           -3.20049412954104       -2.55636298714616        0.19918559481047
O           -3.20270741451890        3.19554945915299        0.14488013447129
O           -1.23233908388045        1.62221160773521       -1.42568656682442
O            2.24326711996710        2.86033085528473        1.26838647604594
N            0.45420436272219       -2.66014202687094       -0.34110430945187
N           -2.17215094048668       -0.90981970069234       -0.95435650911234
N           -3.75958711054765        1.03138470381972        0.16265163430709
N           -0.56015829511834        2.29552092060271        0.62058330380093
N            1.95233986182974        1.66792766415976       -0.62764099215281
N            3.13076824112119       -0.53873589443114        0.52495474427423
C            1.97862503532977       -1.17281665409832        0.80950444181553
C            1.79321216835445       -2.58053111280224        0.23286251159339
C            1.80771647890952       -3.64091749464649        1.34092821569405
C            0.32814449186611       -3.81983237277998        1.66962056318468
C           -0.33401566904452       -3.69485877443282        0.30118928899739
C            0.10258023711322       -1.72285172976418       -1.22629139236536
C           -1.32943204913614       -1.75967993765492       -1.77421979362259
C           -1.34668894503640       -1.24042023980105       -3.20744172881541
C           -3.03714763377025       -1.37169000819747       -0.05318446021832
C           -3.84726026705848       -0.30296481249844        0.71332102624766
C           -5.31016269752182       -0.74171855948940        0.76281544349190
C           -2.95109537362678        2.06469370560644        0.50139694325588
C           -1.70071432157876        1.75074582815166        1.33632526758260
C           -1.80610622494553        2.42256603678065        2.69931249545190
C           -0.40030200022666        2.13720994539668       -0.69416614589146
C            0.97813752327814        2.58737235427731       -1.19628843423587
C            1.05700864607300        2.54754602547671       -2.71309066420018
C            2.44867835837900        1.85737200734578        0.60393890496590
C            3.38696858554692        0.76129358885561        1.12001983611695
C            4.83883619850218        1.06288891726834        0.74205688390741
C            4.98605943256357        0.36245833867106       -0.60582481969893
C            4.15630707483498       -0.91107492750437       -0.43278719998631
H            2.53542826750099       -2.78607814947061       -0.54215804924721
H            2.23194648765101       -4.57083556310797        0.95928767131601
H            2.39083160042413       -3.31530855645310        2.20035681924242
H            0.11182708608951       -4.76995678980428        2.15248592948391
H           -0.00623678357305       -3.00371462231250        2.31011454405734
H           -0.23146004339824       -4.63055083922116       -0.26403782626501
H           -1.38839301637498       -3.43094154691684        0.37088861234159
H           -2.03957887476269        0.09464342367950       -1.09771732293778
H           -1.72487781050481       -2.77838040969989       -1.72157049360267
H           -1.01609345090590       -0.20669865580818       -3.21505856054335
H           -2.35529528094263       -1.29012388048170       -3.60836732364835
H           -0.68354536737229       -1.83285894563348       -3.83292010065824
H           -4.51514121228788        1.29971544887603       -0.45406187474747
H           -3.45350464772126       -0.29892873097160        1.73567004082788
H           -5.35708697473402       -1.78531771688636        1.06480016698398
H           -5.76283629989388       -0.64619040625047       -0.22275243857086
H           -5.87070214392212       -0.13691955505080        1.47141843727197
H            0.18244094810170        2.71766030173967        1.16556833474633
H           -1.54983536144581        0.66986310770725        1.44903794759600
H           -0.87866351971620        2.28641930709849        3.25318968303040
H           -2.62212361352377        1.98979548209645        3.27305507221143
H           -1.99706280274062        3.48485554536671        2.56413305638965
H            1.91616338051370        0.73389217280859       -1.02425355505281
H            1.19999841151314        3.58680589554738       -0.80604556645149
H            0.89786345260013        1.52698157980337       -3.05435774841580
H            2.02957468962759        2.89359344798710       -3.05346026802840
H            0.28227432599848        3.18058580160525       -3.13548757478687
H            3.23708122931622        0.71426080944035        2.20378805092387
H            5.51659105573109        0.62559297524773        1.47704039279320
H            5.02510485214379        2.13330733570383        0.68840183242944
H            6.02264579580728        0.14447291380509       -0.85383693543104
H            4.55738756425896        0.98104745538965       -1.39408189772934
H            3.71181315357381       -1.23000684887395       -1.37801213734220
H            4.76905826303009       -1.72762127410085       -0.02976914767294
68
 energy: -106.574046747934 gnorm: 0.004389484175 xtb: 6.7.1-6.fc44.fc44
O            1.12891103384761       -0.67070610548658        1.52524698642683
O            0.92003949154195       -0.88407140285177       -1.59379758700917
O           -3.20490710467690       -2.55501343678903        0.18669999697701
O           -3.20196560758694        3.19590494341673        0.14456818782142
O           -1.23415023612716        1.62927975257509       -1.42132834124664
O            2.24543294837465        2.85917160888688        1.27225598103659
N            0.45291832556583       -2.66129516728597       -0.34158811398909
N           -2.16555926981548       -0.90671381164821       -0.95242592196976
N           -3.76015375109858        1.03239013729599        0.16833812605200
N           -0.55905256421636        2.30155740525551        0.62311158663760
N            1.95266844815495        1.66831270692644       -0.62458115926455
N            3.13089485380300       -0.53929059321815        0.52579287656369
C            1.97595612698918       -1.17055401815258        0.80565160742798
C            1.79217875661998       -2.57938640451657        0.23106716488333
C            1.80951157026600       -3.63757929185237        1.34090561422013
C            0.33072286547251       -3.81744009841009        1.67163148703588
C           -0.33377475172701       -3.69513378381013        0.30367841492382
C            0.10274685267360       -1.72623353230662       -1.22942762938369
C           -1.32907620469576       -1.76004133768948       -1.77604684452342
C           -1.34762033188207       -1.24098763174062       -3.20933333191024
C           -3.03768387670122       -1.37020138741772       -0.05860741322470
C           -3.84548230231891       -0.30422418201048        0.71290332686685
C           -5.30833728439545       -0.74220482115415        0.76247475300781
C           -2.94985313022554        2.06604015479605        0.50017571453980
C           -1.69980497957427        1.75412473720747        1.33675572633908
C           -1.81087041184748        2.42276411563904        2.70066010705982
C           -0.39949947285818        2.14222803577167       -0.69100330970989
C            0.97983832243231        2.58780689755986       -1.19522797931071
C            1.05641812250060        2.54113202872187       -2.71238771176742
C            2.45011622468949        1.85712629444110        0.60682774657234
C            3.38823846179364        0.76025709485223        1.12151799828351
C            4.84063418498904        1.05909392721869        0.74392724538945
C            4.98357543011057        0.36303704166594       -0.60667025447264
C            4.15293852950644       -0.91009328638390       -0.43665740871901
H            2.53449255341635       -2.78347738455666       -0.54399720164427
H            2.23475002040879       -4.56818757666000        0.96122987002616
H            2.39396495757734       -3.30767235961989        2.19796372135234
H            0.11600096378463       -4.76723550565256        2.15621630894809
H           -0.00437648496889       -3.00156307167099        2.31179413319571
H           -0.23179291956519       -4.63217118704281       -0.25928477356989
H           -1.38819204179627       -3.43136631741027        0.37420501914939
H           -2.03012463054246        0.09625947846021       -1.09994369205765
H           -1.72812512085266       -2.77731221893137       -1.72172966468185
H           -1.01386632738529       -0.20683228091037       -3.21736103942428
H           -2.35583572504186       -1.29185656224516       -3.61128669080778
H           -0.68342676231100       -1.83402970754580       -3.83261065698917
H           -4.51557082429901        1.29783982254869       -0.44967595968336
H           -3.44921136874300       -0.30283807465816        1.73524266460499
H           -5.35859274539014       -1.78038751323459        1.08206996498094
H           -5.75493917810873       -0.66377791351779       -0.22778021859236
H           -5.87246342771391       -0.12337870497761        1.45662211673555
H            0.18702406196649        2.71373537224535        1.17048454650817
H           -1.54941960395713        0.67278070062489        1.44833027520135
H           -0.88518444564332        2.28725396327590        3.25679976887430
H           -2.62805928965682        1.98611580536437        3.27023906686991
H           -2.00296064263451        3.48559575384641        2.56982111032553
H            1.91377187468681        0.73426425748258       -1.02065643662972
H            1.20279610455431        3.58796098049020       -0.80751426823045
H            0.89751677893008        1.52000527424718       -3.05141906236166
H            2.02742269802380        2.88785285788860       -3.05601251323054
H            0.27967977518229        3.17126253044959       -3.13568866095376
H            3.23921713133421        0.71122675378895        2.20548474687561
H            5.51667803773899        0.61594224088080        1.47650042304807
H            5.03034212064227        2.12911669734405        0.69435744235633
H            6.01947540129748        0.14570357940292       -0.85921237201495
H            4.55364959641612        0.98514176784028       -1.39143979266226
H            3.70464460182304       -1.22436881174239       -1.38181935895849
H            4.76542027826803       -1.72925758844758       -0.03893140588600
68
 energy: -106.574078650935 gnorm: 0.003748224011 xtb: 6.7.1-6.fc44.fc44
O            1.12754195956756       -0.66944931461808        1.52153303057897
O            0.92251687549377       -0.88667107404105       -1.59615871614621
O           -3.20996158021114       -2.55592708908556        0.17695020187363
O           -3.20332873993737        3.19766332877868        0.14438390064253
O           -1.23377599252928        1.63024201710920       -1.41914524715095
O            2.24763366349928        2.85843946118553        1.27326265005391
N            0.45283098473750       -2.66189258323795       -0.34226390947172
N           -2.16161344252746       -0.90537684239891       -0.95088575922073
N           -3.76244310190391        1.03391622072699        0.17258854889504
N           -0.55884885620743        2.30428256589731        0.62438682717610
N            1.95415055496574        1.66781404986505       -0.62341763764917
N            3.13202156200549       -0.54053632007548        0.52675636455853
C            1.97530488032496       -1.17016093574075        0.80348736867439
C            1.79220388895731       -2.57950611373123        0.23002873571395
C            1.81009447183733       -3.63587885579476        1.34150501329967
C            0.33087926593257       -3.81600881691993        1.67217020869177
C           -0.33407349952380       -3.69486510576391        0.30437671655932
C            0.10406837055344       -1.72751490224680       -1.23130370709319
C           -1.32807222890293       -1.75960071266730       -1.77704209049718
C           -1.34805238398383       -1.24085890402146       -3.21053334866582
C           -3.03772239775444       -1.36937350856042       -0.06093475370991
C           -3.84475122456069       -0.30407942718126        0.71255726594788
C           -5.30764528183159       -0.74239521771707        0.76300845029789
C           -2.95031660047031        2.06737670412924        0.49967161538814
C           -1.69980707453756        1.75598862829732        1.33629385412770
C           -1.81434659214062        2.42280922250134        2.70086035036491
C           -0.39828146972012        2.14275857815177       -0.68952466143906
C            0.98071619236120        2.58603844020761       -1.19486481491349
C            1.05696177666695        2.53826266037225       -2.71120754159455
C            2.45163014687202        1.85635027922609        0.60799934627451
C            3.38918174321203        0.75909715626787        1.12251612558315
C            4.84181184198266        1.05701366441725        0.74493704452366
C            4.98242833091868        0.36461759737346       -0.60749617747265
C            4.15179620547170       -0.90862890771485       -0.43928666450241
H            2.53419619852350       -2.78344921403476       -0.54540367284878
H            2.23600471138567       -4.56657848493874        0.96358101760085
H            2.39426033493888       -3.30441204868364        2.19839397625052
H            0.11641367802124       -4.76505976326628        2.15808446289026
H           -0.00367224846497       -2.99974807874938        2.31179611937841
H           -0.23269579344757       -4.63236512561156       -0.25771672014543
H           -1.38842113399115       -3.43037256762590        0.37485471353259
H           -2.02408322356570        0.09720104895551       -1.09848210723797
H           -1.72825136650489       -2.77647766010678       -1.72152960111268
H           -1.01488799517152       -0.20646006499059       -3.21918661710722
H           -2.35673095677336       -1.29345423521055       -3.61200177883226
H           -0.68323314873083       -1.83381763478269       -3.83298258153757
H           -4.52039891905066        1.29885726144701       -0.44174543286471
H           -3.44606011611260       -0.30752287977353        1.73403269788444
H           -5.35914537756817       -1.77634049212341        1.09408741950178
H           -5.75110597622569       -0.67606076219496       -0.22962013285198
H           -5.87388013950221       -0.11512880856353        1.44791462317924
H            0.18816702206536        2.71269726543659        1.17274766435633
H           -1.54778308321836        0.67503796472825        1.44742764323648
H           -0.89016355468313        2.28795167361400        3.25891453488558
H           -2.63267937043811        1.98456488187733        3.26714524262078
H           -2.00730047075611        3.48581539063539        2.57226811436324
H            1.91624274510006        0.73415464958556       -1.02030421460104
H            1.20455685201946        3.58756937790129       -0.81202065962869
H            0.89972982300264        1.51513689593269       -3.04482538213412
H            2.02737646269903        2.88522915877234       -3.05624135276787
H            0.27870969916978        3.16538879013749       -3.13637960607323
H            3.23988831912684        0.70966460250792        2.20656282538850
H            5.51612611652958        0.61030714323552        1.47643326221825
H            5.03359755915147        2.12673360101832        0.69839621867987
H            6.01789841263309        0.14788174054226       -0.86294321737406
H            4.55168503190288        0.98891159700802       -1.39040325452793
H            3.70089111653665       -1.21948418420272       -1.38448822752100
H            4.76467122980602       -1.72891533460353       -0.04546951426121
68
 energy: -106.574106188244 gnorm: 0.002884628297 xtb: 6.7.1-6.fc44.fc44
O            1.12852751750285       -0.66943240421848        1.52038701195380
O            0.92535631845008       -0.88762455948535       -1.59834292743235
O           -3.21244662271097       -2.55386391651074        0.17306378080638
O           -3.20274055310640        3.19795179689001        0.14258261384569
O           -1.23119792484909        1.62831009181299       -1.41797497972321
O            2.24996815710667        2.85807149592459        1.27364019001179
N            0.45319803942321       -2.66151801070254       -0.34320487125043
N           -2.16024224907623       -0.90445296333457       -0.95076078197478
N           -3.76521034688978        1.03475022436919        0.17695142120842
N           -0.55899807541747        2.30590512920672        0.62551201031682
N            1.95632229428236        1.66791034143397       -0.62277800005227
N            3.13393254536571       -0.54167463234608        0.52783848825890
C            1.97618195443069       -1.17059979639425        0.80254793898502
C            1.79265183286345       -2.57991643721814        0.22920278582227
C            1.80954572613118       -3.63466811668207        1.34221103179311
C            0.32922540633576       -3.81448659982649        1.67160957798262
C           -0.33493660372475       -3.69357858166959        0.30377772842951
C            0.10578920362023       -1.72682075031449       -1.23252346056867
C           -1.32688038161976       -1.75804116588385       -1.77771932267026
C           -1.34821056421821       -1.24021184042359       -3.21161975710099
C           -3.03979377126488       -1.36845403195007       -0.06420798950819
C           -3.84456531236825       -0.30392820355996        0.71275787197921
C           -5.30764529559251       -0.74306169398461        0.76472872718372
C           -2.95108684098148        2.06774501520534        0.49930871499281
C           -1.70011700139471        1.75616750674158        1.33559376533860
C           -1.81757183532492        2.42166267850424        2.70078139826131
C           -0.39634212522295        2.14190279666447       -0.68845390879666
C            0.98166744900509        2.58494352126017       -1.19397418462521
C            1.05796011108404        2.53337897538030       -2.71039318280446
C            2.45326248726194        1.85558400409874        0.60887562815796
C            3.39017361112918        0.75815950031672        1.12355233800598
C            4.84284206603100        1.05622480316580        0.74567977829888
C            4.98181734778806        0.36710430108102       -0.60833153049497
C            4.15175843477894       -0.90670023210837       -0.44175678129570
H            2.53442842676152       -2.78453399614458       -0.54640285422518
H            2.23550812856796       -4.56595855792499        0.96603320836360
H            2.39242331776177       -3.30339644184287        2.20028292434997
H            0.11430107570867       -4.76264797344127        2.15843193028861
H           -0.00386272968658       -2.99738037195334        2.31064109002995
H           -0.23436923666029       -4.63100942723719       -0.25832699642600
H           -1.38907507265727       -3.42793986029748        0.37367852494733
H           -2.02172059098846        0.09856907668758       -1.09681160929272
H           -1.72680586901044       -2.77502615972736       -1.72111040771349
H           -1.01646495919791       -0.20541900775850       -3.22100420699480
H           -2.35729375238845       -1.29559013801048       -3.61215796626665
H           -0.68269495927036       -1.83271982823626       -3.83377101568837
H           -4.52580099326513        1.30123934182291       -0.43535080914756
H           -3.44461700224477       -0.31236570546140        1.73469492193229
H           -5.35945766201866       -1.77286454338550        1.10662016969377
H           -5.74911520119868       -0.68834077914273       -0.22921172825832
H           -5.87518998809322       -0.10872068137919        1.44158318442992
H            0.18742982730732        2.71395045331399        1.17444000658823
H           -1.54770822332277        0.67540722083211        1.44626181861454
H           -0.89472119039990        2.28953316534242        3.25911288215296
H           -2.63717001182561        1.98263319810297        3.26451518400309
H           -2.01075796460189        3.48454045119364        2.57294548281630
H            1.92131573222323        0.73495347430057       -1.02184042677455
H            1.20578231481771        3.58707636126119       -0.81207619585215
H            0.90345240485380        1.50904482740927       -3.04146541208501
H            2.02788613162321        2.88149720489517       -3.05570922428285
H            0.27841638170747        3.15794584024246       -3.13696861346193
H            3.24000860601236        0.70900310585308        2.20737638482871
H            5.51587254655828        0.60544017588824        1.47565597100089
H            5.03622699204969        2.12573610667365        0.70236343807132
H            6.01681293283242        0.15079423962321       -0.86583491413895
H            4.55047616558080        0.99321968610691       -1.38976205502775
H            3.69855451656843       -1.21442112289984       -1.38696988346007
H            4.76638959409246       -1.72758593328590       -0.05231887411183
68
 energy: -106.574122475147 gnorm: 0.002866176767 xtb: 6.7.1-6.fc44.fc44
O            1.13102072763577       -0.67019222216693        1.52183030780030
O            0.92731734630558       -0.88713211159383       -1.60015308193705
O           -3.21626492600263       -2.55478686268377        0.16885447211743
O           -3.20037789231914        3.19646855466644        0.13867553642545
O           -1.22807215668221        1.62520256171138       -1.41802604642250
O            2.25113071505899        2.85788479190573        1.27342462687480
N            0.45375311167216       -2.66047619397296       -0.34416472272031
N           -2.16010194579177       -0.90376531118253       -0.95037169009730
N           -3.76754795545286        1.03470676064046        0.17982393761124
N           -0.55907361290282        2.30636593454083        0.62566447733170
N            1.95821125825361        1.66736679773532       -0.62255517240417
N            3.13564646955017       -0.54198977579076        0.52825449812852
C            1.97793996044637       -1.17118966281798        0.80294352313108
C            1.79315327237432       -2.58008330599252        0.22923016043815
C            1.80797896504200       -3.63418965065662        1.34281227291044
C            0.32671193888121       -3.81294081629653        1.67068851447580
C           -0.33592197444900       -3.69162761931324        0.30254733931627
C            0.10710099657064       -1.72508195563174       -1.23326947581771
C           -1.32625974955108       -1.75609158294970       -1.77785471655633
C           -1.34849349224975       -1.23923408980616       -3.21209404762487
C           -3.04011967880522       -1.36792097315142       -0.06443517146573
C           -3.84529782767170       -0.30396888839609        0.71354553525079
C           -5.30834568165635       -0.74409828005901        0.76729071943368
C           -2.95156645590509        2.06720327441271        0.49831816775509
C           -1.70051477419521        1.75539131708320        1.33451100360830
C           -1.81934768570857        2.42081763468651        2.69978888891373
C           -0.39452479972378        2.14046341161651       -0.68835873381679
C            0.98284922923372        2.58394352121937       -1.19337541617550
C            1.05958646968645        2.52987603282406       -2.70995204751915
C            2.45442898016187        1.85482395935741        0.60929373421159
C            3.39125116992230        0.75771090562461        1.12446374111214
C            4.84375311026013        1.05653710472833        0.74620675913498
C            4.98183867646827        0.36958345169433       -0.60910457962199
C            4.15237360349276       -0.90491338286513       -0.44359183524908
H            2.53539061419266       -2.78572178091405       -0.54570860132751
H            2.23350493578067       -4.56619784204451        0.96759518815060
H            2.38935407614642       -3.30427122147270        2.20244185518524
H            0.11100904555498       -4.76068426704354        2.15786344802377
H           -0.00499273637894       -2.99476756848232        2.30907448449497
H           -0.23609769868495       -4.62885000363770       -0.25993457105918
H           -1.38979117821029       -3.42503889381861        0.37155406217870
H           -2.02067013444275        0.09991174905145       -1.09285061069194
H           -1.72560214071439       -2.77328496490531       -1.72100132099214
H           -1.01786492114805       -0.20365756697967       -3.22206703919981
H           -2.35687744820306       -1.29452055083368       -3.61236483938130
H           -0.68291570149097       -1.83113616548409       -3.83481775309481
H           -4.53012231011681        1.30198675308428       -0.42975747527759
H           -3.44501078745070       -0.31587220392016        1.73575471120620
H           -5.35927333682165       -1.77136967478059        1.11680772140876
H           -5.74940010765759       -0.69719278439323       -0.22672883558693
H           -5.87608728652103       -0.10561975432560        1.43940987228052
H            0.18624579717305        2.71655927353065        1.17471560098051
H           -1.54966350728633        0.67428661118651        1.44482529421316
H           -0.89730088440003        2.28699674346186        3.26014971227626
H           -2.63997933752513        1.98231838408305        3.26253440831730
H           -2.01214391672642        3.48344039197930        2.57052928674132
H            1.92616330595495        0.73485957879233       -1.02333539337823
H            1.20604045364268        3.58607094201282       -0.81182972908037
H            0.90654214261751        1.50541006957356       -3.04039349492949
H            2.02933216071504        2.87881220759118       -3.05527056390846
H            0.27925418069858        3.15190427744880       -3.13850570721571
H            3.24028689291560        0.70918223361192        2.20787406056521
H            5.51708157529531        0.60401063724472        1.47461152589507
H            5.03767717970746        2.12598182826831        0.70528221390566
H            6.01645358214663        0.15338232718368       -0.86696102399813
H            4.55029331190194        0.99661531743913       -1.38958076608880
H            3.69775178376788       -1.21109677411181       -1.38851741105518
H            4.76785169064340       -1.72570899065320       -0.05615473587260
68
 energy: -106.574132998972 gnorm: 0.002117258698 xtb: 6.7.1-6.fc44.fc44
O            1.13316446301432       -0.67088318406473        1.52443549375627
O            0.92769738791139       -0.88543839519531       -1.60075538961179
O           -3.21580985447586       -2.55408976708301        0.16972567967032
O           -3.20042480631555        3.19504839529671        0.13535245724413
O           -1.22637744463243        1.62280276560530       -1.41874318603060
O            2.25107852966769        2.85778976067141        1.27311130069731
N            0.45391857531446       -2.65884326034654       -0.34449884920433
N           -2.16169354748919       -0.90345217138097       -0.95137243190350
N           -3.76927146247302        1.03389518358357        0.18143044968806
N           -0.55905080509673        2.30582203652211        0.62508194740097
N            1.95906037541469        1.66608983326960       -0.62236619810181
N            3.13635001218305       -0.54188223896018        0.52830299440761
C            1.97913611445260       -1.17140307534342        0.80402523983326
C            1.79311534241384       -2.57972560614424        0.22968400469059
C            1.80613038356158       -3.63427166300612        1.34289993542757
C            0.32452956615390       -3.81157162811248        1.67002343410160
C           -0.33709548222103       -3.68937626117308        0.30153903308884
C            0.10732896269575       -1.72286740881411       -1.23327679291057
C           -1.32611022402461       -1.75451603281690       -1.77796072095117
C           -1.34825361968295       -1.23798953061216       -3.21226477893745
C           -3.04125772885775       -1.36823567521813       -0.06550670187238
C           -3.84537961976834       -0.30520616912559        0.71445253796524
C           -5.30835663936566       -0.74581408962384        0.77004537526266
C           -2.95152602135928        2.06595675690083        0.49699097750286
C           -1.70061892944945        1.75467201238444        1.33323561781246
C           -1.81975116579895        2.42011267260396        2.69862758107089
C           -0.39361036054533        2.13900758029318       -0.68888578822499
C            0.98382446504743        2.58274433679263       -1.19357532690518
C            1.06130370026814        2.52894064716430       -2.70975227016261
C            2.45498460916429        1.85434158681406        0.60937021892760
C            3.39196953142972        0.75745034677076        1.12512865225616
C            4.84436654415512        1.05672047503092        0.74677332984947
C            4.98209462549609        0.37105074489520       -0.60942426353584
C            4.15246711165891       -0.90371823702280       -0.44449441011373
H            2.53593946524534       -2.78634842577869       -0.54439909008511
H            2.23094106630164       -4.56632488015653        0.96745667496366
H            2.38673748111048       -3.30574156956318        2.20346411022866
H            0.10775115281924       -4.75926007517006        2.15699545983675
H           -0.00634032194414       -2.99258435636174        2.30807684318846
H           -0.23762758860646       -4.62651776910521       -0.26131821866025
H           -1.39088084067498       -3.42232667049560        0.36959000158392
H           -2.02255439686214        0.10086388200707       -1.09146650063844
H           -1.72460857519267       -2.77197067047328       -1.72164883947807
H           -1.01924335348584       -0.20193038357604       -3.22241591743831
H           -2.35660484516178       -1.29394352029551       -3.61271898906861
H           -0.68209911089618       -1.82905292765648       -3.83551617269286
H           -4.53259682902458        1.30070537528075       -0.42715694806447
H           -3.44433058288880       -0.31825646134646        1.73589277714297
H           -5.35840077855483       -1.77191662522785        1.12354416289831
H           -5.75007016159411       -0.70289363188181       -0.22346759723902
H           -5.87548749667831       -0.10510528070771        1.44026482258435
H            0.18564950349629        2.71821832530059        1.17400222133160
H           -1.54907910023699        0.67363635144361        1.44299316199627
H           -0.89799259494363        2.28488139161328        3.26012070990027
H           -2.64076866154116        1.98238578621702        3.26145899567948
H           -2.01199351350212        3.48247362876220        2.56783352379592
H            1.92866673086606        0.73365336613189       -1.02351755051656
H            1.20697082408151        3.58492406508833       -0.81296448673683
H            0.90921207967632        1.50388030721777       -3.03888920939891
H            2.03104942708901        2.87814113880867       -3.05494387742145
H            0.28068382560287        3.14969866841139       -3.13948824532454
H            3.24073803332147        0.70946048652964        2.20835075432530
H            5.51860445025710        0.60414472382777        1.47449493658735
H            5.03816942663399        2.12618726600963        0.70703980916035
H            6.01656333821316        0.15447877352849       -0.86685306759456
H            4.55056817425220        0.99876762924987       -1.38912216656298
H            3.69719094680831       -1.20935190275681       -1.38918160627902
H            4.76796492459172       -1.72473510856733       -0.05776458195346
68
 energy: -106.574141777112 gnorm: 0.001700977855 xtb: 6.7.1-6.fc44.fc44
O            1.13474770175690       -0.67126807796853        1.52772868219810
O            0.92754376671022       -0.88317822984881       -1.60100909633163
O           -3.21574837492868       -2.55577802339444        0.16825057523212
O           -3.20018394122821        3.19294440862724        0.13121753324869
O           -1.22497946877025        1.62138428558577       -1.41967066882387
O            2.25065698379266        2.85801722301371        1.27337270687957
N            0.45394314657726       -2.65683021265599       -0.34476855975279
N           -2.16301503546746       -0.90307011368723       -0.95196506005653
N           -3.77097875460874        1.03274231251320        0.18344140361841
N           -0.55877798718458        2.30548926682687        0.62409706888666
N            1.95940641163101        1.66523396636477       -0.62175675607298
N            3.13640399374471       -0.54148828589761        0.52856456947224
C            1.97977315556138       -1.17122036602408        0.80571076013582
C            1.79278212967712       -2.57892461301607        0.23030287037061
C            1.80400366015644       -3.63443253102559        1.34272305151921
C            0.32243430836277       -3.80968890805040        1.66956611094291
C           -0.33829940045641       -3.68671238383292        0.30062723118404
C            0.10725915045029       -1.72055797439983       -1.23341867593649
C           -1.32607928372983       -1.75282854570837       -1.77829399423171
C           -1.34802552398436       -1.23569788199132       -3.21234160271990
C           -3.04137707479842       -1.36931293163430       -0.06563039753512
C           -3.84528499957771       -0.30718635017026        0.71589327332800
C           -5.30792034349110       -0.74836189191744        0.77356971696999
C           -2.95117216171575        2.06433248174276        0.49530111292989
C           -1.70037460370546        1.75368799173077        1.33167848524822
C           -1.81988574487119        2.41897160041087        2.69718881373540
C           -0.39279884304189        2.13852258686563       -0.68966663615881
C            0.98519339893786        2.58246498667238       -1.19405492118892
C            1.06308504931666        2.52684433927495       -2.71043824707076
C            2.45533722797883        1.85439720626980        0.60980006435369
C            3.39256639981654        0.75745806886019        1.12585556358451
C            4.84486446668622        1.05668236605877        0.74754624114780
C            4.98226521246183        0.37206876732832       -0.60941438646559
C            4.15180219008996       -0.90256406286460       -0.44517378775057
H            2.53609050932276       -2.78656410054118       -0.54298405452541
H            2.22768401068545       -4.56658722788346        0.96656173390352
H            2.38434706286320       -3.30707593695739        2.20372610576818
H            0.10398997875886       -4.75729766134080        2.15605062141576
H           -0.00794251626677       -2.98992919224733        2.30719600987467
H           -0.23906427831263       -4.62404908039735       -0.26224214790117
H           -1.39201525790942       -3.41940410771937        0.36793042897955
H           -2.02398410185755        0.10171552305610       -1.08945163678865
H           -1.72378419878687       -2.77054620787160       -1.72328394984536
H           -1.02110784751750       -0.19944810479505       -3.22189728743989
H           -2.35673858939794       -1.29338838872434       -3.61287227343609
H           -0.68106887742044       -1.82535709669403       -3.83630458732436
H           -4.53343823971586        1.29833332864180       -0.42693321264681
H           -3.44307897355469       -0.31981584013217        1.73657285065443
H           -5.35713293512206       -1.77315950576549        1.13141655862594
H           -5.75017808760135       -0.70994128297769       -0.21972985949923
H           -5.87467594861596       -0.10478091167111        1.44142531665929
H            0.18529685985251        2.71975888539252        1.17301478499705
H           -1.54729325733473        0.67283193487916        1.44108862128971
H           -0.89816189447099        2.28436485030212        3.25837496698381
H           -2.64137519429404        1.98217990423381        3.25999055727274
H           -2.01135582617730        3.48117282102937        2.56529829745512
H            1.92960388425854        0.73262898340451       -1.02253889459529
H            1.20888007622471        3.58442011067781       -0.81189738700957
H            0.91209797090076        1.50157203919276       -3.04009997020567
H            2.03260636499483        2.87676247374944       -3.05532200773688
H            0.28237568473453        3.14764412871649       -3.13996666878115
H            3.24153992363543        0.70951904362905        2.20905159186335
H            5.52022440978918        0.60383999300818        1.47465019477145
H            5.03846823833508        2.12617788953970        0.70845969185039
H            6.01665704356413        0.15489407908169       -0.86657344079591
H            4.55076133101443        1.00077512507615       -1.38798585293380
H            3.69579582383383       -1.20751840822017       -1.38970024363591
H            4.76746472646415       -1.72446688686732       -0.05975284991578
68
 energy: -106.574147958387 gnorm: 0.001831772485 xtb: 6.7.1-6.fc44.fc44
O            1.13565267435429       -0.67159931879110        1.53137671833414
O            0.92672736526838       -0.88070440946483       -1.60091554636372
O           -3.21521450449673       -2.55762108019178        0.16684277816081
O           -3.19698719879889        3.18890474808368        0.12437807495868
O           -1.22395362030048        1.62055933437499       -1.42064866502980
O            2.24974186830815        2.85846599720076        1.27410398489368
N            0.45352788475495       -2.65475615025064       -0.34512065213170
N           -2.16441351869328       -0.90298733586348       -0.95257236424209
N           -3.77222280538540        1.03078620537638        0.18592044069150
N           -0.55807785875874        2.30535862340480        0.62233327838973
N            1.95952084723247        1.66436299287617       -0.62056546084924
N            3.13596552014209       -0.54073412674761        0.52931400620739
C            1.97994181374266       -1.17081718570067        0.80792416886880
C            1.79209704927959       -2.57781968712435        0.23090531520378
C            1.80159346452824       -3.63461613651951        1.34235229870112
C            0.32027966553127       -3.80721412788415        1.66922246914301
C           -0.33951116823316       -3.68407760644818        0.29968214538896
C            0.10672946346207       -1.71857999950916       -1.23384765232497
C           -1.32637047241314       -1.75140415553743       -1.77913273097754
C           -1.34822005102104       -1.23242265973575       -3.21250387875186
C           -3.04142219902824       -1.37087620857127       -0.06565571189444
C           -3.84475999992371       -0.30993256124013        0.71804703429017
C           -5.30673534721814       -0.75201963222154        0.77857278172199
C           -2.94975864907161        2.06184237043244        0.49235174025336
C           -1.69936126440614        1.75239929259938        1.32986249268543
C           -1.82006180306415        2.41813637882967        2.69492000067630
C           -0.39197178569381        2.13856614226026       -0.69097985448015
C            0.98694223446068        2.58175253686420       -1.19519845195423
C            1.06587692224351        2.52634253188796       -2.71128350716714
C            2.45536950402789        1.85480469735453        0.61085285648026
C            3.39306099820130        0.75794962508366        1.12691138012136
C            4.84512124527805        1.05663942677064        0.74852563429249
C            4.98194047548127        0.37245682434862       -0.60888856018076
C            4.15031670477880       -0.90167943087531       -0.44570912001726
H            2.53576667029090       -2.78579585582577       -0.54177594660500
H            2.22360608504209       -4.56750170689533        0.96531838325266
H            2.38236849038470       -3.30803248206857        2.20317370141759
H            0.09963059189462       -4.75444586136703        2.15563903052319
H           -0.01004671964984       -2.98677265803311        2.30608022775943
H           -0.24023773821375       -4.62192491905398       -0.26261961918858
H           -1.39314020993202       -3.41676904591080        0.36656291955868
H           -2.02551644071882        0.10217117128056       -1.08804318369075
H           -1.72332764608573       -2.76950062588044       -1.72612176966979
H           -1.02224380537222       -0.19573649321050       -3.22034676394473
H           -2.35643219776560       -1.29076061616830       -3.61355987601539
H           -0.68035405718479       -1.81998186639472       -3.83733294201067
H           -4.53285186555321        1.29440943669134       -0.42729230201972
H           -3.44065126355871       -0.31999740912701        1.73842526945488
H           -5.35542607504238       -1.77485202551345        1.14190829545688
H           -5.74933922780088       -0.71966380270853       -0.21496067245903
H           -5.87367276649763       -0.10450806503889        1.44281365240228
H            0.18513673174480        2.72114713206821        1.17124588084772
H           -1.54606589359245        0.67146589936351        1.43989058054889
H           -0.89879670032003        2.28206650781016        3.25748441246332
H           -2.64222745688795        1.98180127626624        3.25712654912739
H           -2.01073363124798        3.48058163527486        2.56238037873958
H            1.92937973043382        0.73127846665815       -1.01988076344268
H            1.21087086897629        3.58388707753249       -0.81407847723246
H            0.91502605275596        1.50048127238463       -3.03946834375572
H            2.03522194957681        2.87646540396776       -3.05636931707862
H            0.28496349493970        3.14671395574233       -3.14125515869165
H            3.24277612461212        0.70920654020937        2.21026178715719
H            5.52134156742918        0.60338777784714        1.47478479294199
H            5.03849795356775        2.12619106485378        0.70936787617706
H            6.01625620903682        0.15479780571926       -0.86637739645844
H            4.55045332777617        1.00243707064798       -1.38602625743300
H            3.69329417970628       -1.20548025841578       -1.39021789197102
H            4.76576489971193       -1.72483007091381       -0.06200944702115
68
 energy: -106.574152203035 gnorm: 0.001233336445 xtb: 6.7.1-6.fc44.fc44
O            1.13559750564742       -0.67224964638274        1.53223531416168
O            0.92665609536827       -0.88035175173530       -1.60051099571693
O           -3.21609615283743       -2.55824655958136        0.16585033543427
O           -3.19671255331732        3.18794657843954        0.12170745160962
O           -1.22292890713410        1.62053016743203       -1.42154453977448
O            2.24997379587407        2.85875395248888        1.27461405808356
N            0.45317988688430       -2.65458433797067       -0.34528284832353
N           -2.16446055710545       -0.90332808722278       -0.95261205283376
N           -3.77283685572195        1.03012263837740        0.18708182554358
N           -0.55731901883523        2.30516960592169        0.62141494572352
N            1.95993209969720        1.66509292976067       -0.62020332897412
N            3.13562245555049       -0.54071580275226        0.52978229012312
C            1.97963328074356       -1.17102193633694        0.80827522820818
C            1.79176270589120       -2.57784155257348        0.23107676588013
C            1.80082897138209       -3.63476594050627        1.34258428158077
C            0.31931968285234       -3.80666007386199        1.66908769104214
C           -0.33994228692822       -3.68398923152021        0.29924102025190
C            0.10665339395526       -1.71851946505279       -1.23401845149946
C           -1.32632514775158       -1.75116587523527       -1.77984029919898
C           -1.34828929742755       -1.23053829782989       -3.21268778807066
C           -3.04118837681512       -1.37123135426885       -0.06541702884557
C           -3.84411577446861       -0.31078945735228        0.71896856852237
C           -5.30580449028973       -0.75352830674993        0.78102113422403
C           -2.94922125010977        2.06081101631533        0.49091039918603
C           -1.69865782236586        1.75251056523125        1.32872288561475
C           -1.82019888377529        2.41797739673627        2.69375774778119
C           -0.39111785564061        2.13876683580585       -0.69179326753070
C            0.98775599873301        2.58213464566248       -1.19552465446047
C            1.06717631146975        2.52591049089254       -2.71170299672671
C            2.45547230616230        1.85520177463675        0.61150182296174
C            3.39283044655875        0.75810028491339        1.12734318969966
C            4.84480045174248        1.05642911672050        0.74886326836969
C            4.98122518372411        0.37223959557707       -0.60853102023682
C            4.14958954056609       -0.90171144057705       -0.44561091593400
H            2.53550747053561       -2.78505869570861       -0.54167416290485
H            2.22241109481424       -4.56774930934078        0.96558267305727
H            2.38215332101437       -3.30834192677499        2.20315990131188
H            0.09812682728653       -4.75339097466988        2.15645641799329
H           -0.01117497857731       -2.98614202511037        2.30546886839573
H           -0.24025600789384       -4.62198847879067       -0.26265953966908
H           -1.39366742742335       -3.41674202237570        0.36570764352038
H           -2.02535541945734        0.10187782263891       -1.08794039547007
H           -1.72304111673811       -2.76956624817673       -1.72764267300487
H           -1.02258145458535       -0.19350380169382       -3.21929822764840
H           -2.35631496221452       -1.28839005466281       -3.61412303197027
H           -0.67996205725885       -1.81692411945635       -3.83786147729830
H           -4.53385412510482        1.29257437819670       -0.42543527177389
H           -3.43818584451513       -0.32030889723820        1.73828502937355
H           -5.35417468161149       -1.77546188021610        1.14590085832591
H           -5.74894859465929       -0.72315602737648       -0.21236625190264
H           -5.87295134626842       -0.10532116963385        1.44422174846548
H            0.18518674224261        2.72135905891055        1.17046197099175
H           -1.54446090507319        0.67179207535313        1.43879611074533
H           -0.89936983081594        2.28309293849663        3.25613725212622
H           -2.64255833011387        1.98087591075507        3.25535403036587
H           -2.01071274018580        3.48049877922853        2.56251091818100
H            1.92909486829758        0.73181581415169       -1.01910500476345
H            1.21090084018845        3.58435537562969       -0.81450199624292
H            0.91619596938321        1.50063728789849       -3.04088786173638
H            2.03653223526547        2.87613622918710       -3.05654935573199
H            0.28638930433401        3.14604284856451       -3.14224293973688
H            3.24260240052741        0.70890664443872        2.21082174072353
H            5.52015245491974        0.60360629051489        1.47573437176119
H            5.03837764168147        2.12599974233993        0.70937483423355
H            6.01548835593725        0.15468382093742       -0.86650756850405
H            4.54979819683067        1.00252374962813       -1.38548957866867
H            3.69221673930166       -1.20480170131771       -1.39026152104737
H            4.76429516468245       -1.72498826486559       -0.06208249513508
68
 energy: -106.574155169601 gnorm: 0.000913289503 xtb: 6.7.1-6.fc44.fc44
O            1.13486615202587       -0.67269799492559        1.53258463307427
O            0.92703826378983       -0.88030330191564       -1.59990874799236
O           -3.21665303941712       -2.55864941376366        0.16559661130680
O           -3.19461577596685        3.18666116608849        0.11857023335015
O           -1.22183058609506        1.61992415319822       -1.42257338462800
O            2.25024257922100        2.85913117550618        1.27450732843220
N            0.45286595835789       -2.65473729075737       -0.34531567709499
N           -2.16451980420455       -0.90387391949585       -0.95229852957804
N           -3.77336146419781        1.02966934366419        0.18827892582155
N           -0.55657500106577        2.30456235752099        0.62054795451150
N            1.96065076001606        1.66625628800468       -0.62064043956560
N            3.13484255845159       -0.54075453242456        0.53020121166387
C            1.97884160549535       -1.17130004911421        0.80843947061811
C            1.79141516428691       -2.57811073704915        0.23115317748481
C            1.80027533257927       -3.63483811671345        1.34296268026156
C            0.31835163820236       -3.80660093828881        1.66887614533881
C           -0.34028856517996       -3.68449013322633        0.29880153060767
C            0.10682194808982       -1.71854485069951       -1.23392095691611
C           -1.32609621875020       -1.75075928264626       -1.78038925552606
C           -1.34806407456578       -1.22814349713877       -3.21258922333757
C           -3.04130328310417       -1.37162743250467       -0.06507647757217
C           -3.84357780043556       -0.31101556122229        0.72004026577969
C           -5.30503728365298       -0.75445364472603        0.78374589808927
C           -2.94875403133468        2.05995720145147        0.48961248314475
C           -1.69810060518921        1.75204694885799        1.32751088951774
C           -1.82039394314308        2.41771334845050        2.69234154867345
C           -0.39032050865008        2.13849347877357       -0.69281422606236
C            0.98811502746486        2.58256463554658       -1.19604745809166
C            1.06830705615368        2.52616810240488       -2.71210275894361
C            2.45544115660385        1.85567146785213        0.61150445284865
C            3.39195147620655        0.75820024858269        1.12753875517790
C            4.84405870549981        1.05630098208935        0.74910037241003
C            4.98042266040598        0.37222241118533       -0.60813958991746
C            4.14883293182616       -0.90150962911048       -0.44522246354376
H            2.53509044263607       -2.78490679251052       -0.54193587012109
H            2.22158684556116       -4.56770519030752        0.96608959463739
H            2.38210938547043       -3.30873363152674        2.20347051091415
H            0.09702184830755       -4.75281021479788        2.15681300299210
H           -0.01218127768092       -2.98600997025930        2.30497375123210
H           -0.23983065822241       -4.62242608337508       -0.26290110723711
H           -1.39417956002300       -3.41750028944379        0.36447930521341
H           -2.02533006801981        0.10131672774016       -1.08769116156827
H           -1.72244583240496       -2.76947073704776       -1.72907653081318
H           -1.02319377743633       -0.19095043194798       -3.21746427706600
H           -2.35630215666789       -1.28701252225320       -3.61419886014646
H           -0.67895136121379       -1.81331619826648       -3.83803873321176
H           -4.53432712354193        1.29203783265926       -0.42529343003813
H           -3.43622478866135       -0.32068742376197        1.73859928553112
H           -5.35241115773066       -1.77583939937618        1.15024280958008
H           -5.74884019399248       -0.72564523271520       -0.20936261803779
H           -5.87234390582482       -0.10610227802096        1.44638960485817
H            0.18532629216533        2.72134935255417        1.16971411012040
H           -1.54403183616216        0.67143631682368        1.43836585000790
H           -0.90018214751099        2.28241423484822        3.25569390589460
H           -2.64341489176192        1.98091662550134        3.25270808961393
H           -2.01103627211089        3.48043012300983        2.56177110671130
H            1.92937215906179        0.73292951685823       -1.01960121551741
H            1.21079529168910        3.58518507578621       -0.81524280263085
H            0.91820148115009        1.50036136285080       -3.04047744468869
H            2.03793915446369        2.87645101661128       -3.05613033938455
H            0.28770753414151        3.14625487236828       -3.14308473618283
H            3.24126746899652        0.70891060143579        2.21103557314638
H            5.51847006910219        0.60300848843777        1.47646094433606
H            5.03820843924390        2.12580953789614        0.70943544386382
H            6.01463040354602        0.15481707259610       -0.86654642182572
H            4.54920560496609        1.00251705817737       -1.38542790674967
H            3.69131061712128       -1.20379956333449       -1.39012400100004
H            4.76378966864467       -1.72496119380107       -0.06241575953777
