68
 energy: -104.695353276555 gnorm: 2.822753742045 xtb: 6.7.1-6.fc44.fc44
O            1.24322301923899       -0.26131571510738        1.56477360759591
O            0.90775897012996       -0.70018035148187       -1.49049921008276
O           -3.47982644260776       -2.31079234210753       -0.04298873233176
O           -3.31962884195833        2.96681678920325        0.29690470038263
O           -1.22543934009529        1.73012591899698       -1.46863033614786
O            2.52277215299428        2.64311341112090        1.28507313739980
N            0.40899251524364       -2.19676740836358       -0.20664687665382
N           -2.35564187209176       -1.07320735361588       -1.01547987740579
N           -3.82715359424317        1.08172567033217        0.32883598307362
N           -0.55356133397362        2.09941939953947        0.62716716827079
N            1.83922933541784        1.63526789661261       -0.62295730892155
N            3.24883389634912       -0.32549687826858        0.36934323070573
C            1.98926865674549       -1.21111146895379        0.76925084648547
C            1.78518331849943       -2.48385043487016        0.32003918743945
C            1.49423729228819       -3.28077357400296        1.69092366012190
C            0.51261224364101       -4.38760042498381        1.17668114134845
C           -0.40214088199589       -3.32296098515623        0.69677033728762
C            0.23924381850312       -1.56349914225070       -1.17314713625486
C           -1.07593097334725       -1.79734092947755       -1.85745846219082
C           -1.42704371908865       -1.32639736263829       -3.10044745543833
C           -3.01108353204383       -1.51338985557385       -0.15045794354326
C           -3.93983041406042       -0.40860487172619        0.54883710593600
C           -5.45633618872071       -0.89058492232369        0.67492835775137
C           -2.91038032475105        1.75229359500303        0.49245990399138
C           -1.69261977212476        1.54479137894274        1.33772044212147
C           -1.79347689617096        1.92240128937895        3.01704739691482
C           -0.53418467152450        2.13993425937878       -0.58623100026832
C            1.12648686234475        2.55264548961522       -1.09844927223724
C            1.05527352254580        2.66031035276773       -2.70988377894425
C            2.58185295328537        1.98019794787398        0.49605493421700
C            3.45008074582178        0.85941687470942        1.10365509465780
C            4.91098034985946        1.24691282040166        0.54083807480010
C            4.98322135672230        0.36468644234918       -0.93581264197979
C            4.04051539925868       -0.86337550742390       -0.47895023676034
H            2.39082317069643       -2.71884221680185       -0.42053629450849
H            2.24168096598198       -3.73820308943165        1.76553252228962
H            1.18631589515402       -2.56036480307855        2.48716610370329
H            0.62362288611484       -5.13734911686247        0.69890744024459
H           -0.09873251276742       -4.73975770425232        2.35069170695758
H           -1.20831781500541       -3.77353243678605       -0.09051610128467
H           -1.17536411817167       -2.61730877156828        1.45073881462679
H           -2.02648967270871        0.14377879707488       -0.99403686568755
H           -1.72899017131896       -2.74846665985019       -1.84713190889080
H           -0.51915598551878       -1.47339153968778       -3.62913012502028
H           -0.93747783585738        0.05046074700619       -3.36365025620407
H           -2.20646857359032       -1.42245620593118       -3.55348847882098
H           -4.54028295932539        1.28336575880018       -0.47733816281996
H           -3.39717890340673       -0.58249804942127        1.66768729812095
H           -5.70637768193799       -0.59119319743270       -0.47178818341007
H           -6.10008197809428       -0.29706947086330        1.67686443914485
H           -5.55443822988236       -1.95681677876015        0.99833530736077
H            0.34399817061520        2.60795485578569        1.35514358153115
H           -1.56216725491883        0.27574708621513        1.35428041470227
H           -2.43287100643430        1.88965119263707        3.30928513046568
H           -1.76149386055680        3.14854162361728        2.66683739488701
H           -0.88947652222154        1.75862059248581        3.37087877856917
H            1.95211984368685        0.98268273723382       -0.92368346661041
H            0.97493609821993        3.60839619325339       -0.62944310304681
H            0.66958116530895        1.63724881121545       -3.09474180194210
H            2.00506768204068        3.11939505042750       -3.19641694879919
H            0.12235793454751        3.23475329263252       -3.09200517571647
H            3.63065744415187        0.85347816455746        2.09348570613611
H            5.72716038975612        0.72996149041384        1.00600162754354
H            5.22238304683396        2.28805028230612        0.22141930598475
H            5.71590190146059        0.09256822404666       -1.15621651642769
H            4.47360357544885        0.79273097480093       -1.59975900872584
H            3.57172903691127       -1.52045253311566       -1.30773487826919
H            4.70764248897243       -1.84815366612360       -0.26442289087140
68
 energy: -105.774321394138 gnorm: 0.973483647368 xtb: 6.7.1-6.fc44.fc44
O            1.25260555707435       -0.28395200483972        1.55251544220041
O            0.92412657290286       -0.68152410606243       -1.50596927751970
O           -3.53681049445173       -2.44438816544133       -0.01616951261274
O           -3.30679252459073        2.97591511866045        0.29496847694676
O           -1.23461627477573        1.72522139915545       -1.47257582941266
O            2.51101256823894        2.70756224306834        1.33007300471061
N            0.40569748049878       -2.23680821596956       -0.17093628047015
N           -2.30918514589803       -1.02518454405772       -1.04090405971165
N           -3.85933168447249        1.04568320679313        0.31607373077926
N           -0.54696328445972        2.10527663233295        0.65455883001489
N            1.84361032610119        1.69296037355412       -0.58963110390528
N            3.22786369288737       -0.34534759602494        0.38364800309915
C            1.99678332547207       -1.16415688912689        0.78563727695020
C            1.77258940976921       -2.47433500164117        0.33739647274121
C            1.47647812502292       -3.26822035922216        1.68053287629566
C            0.49149107063031       -4.35372257464044        1.21272485254560
C           -0.42834568242622       -3.31498523488746        0.68174312089995
C            0.21875852997431       -1.56164365164935       -1.18534610870086
C           -1.09841729928517       -1.79930444466476       -1.84452898059248
C           -1.39377355878765       -1.30056121589041       -3.10700318130821
C           -2.99432214258128       -1.43972578723932       -0.15413697565538
C           -3.94119273515806       -0.39787337356053        0.57203341750567
C           -5.45302358109538       -0.88154992588932        0.67605171444836
C           -2.89885732807871        1.78571163649518        0.50605848432095
C           -1.68602360441656        1.52885954386975        1.34499540602620
C           -1.70644814489389        1.94768825472386        2.95178762255032
C           -0.51832566095705        2.14125647840734       -0.60142585145492
C            1.09228783089011        2.58778247118579       -1.11048816725589
C            1.04870165061346        2.66024531621499       -2.71095695396276
C            2.58445179664534        1.94897136390294        0.48162003080341
C            3.46809908014462        0.85120992879505        1.07883528790088
C            4.91394492485877        1.24052052168361        0.52420542712657
C            4.93902873930562        0.37084283941674       -0.90238766661203
C            4.05442955824826       -0.87896860568514       -0.49397251092621
H            2.39867124499420       -2.72685487649677       -0.42776184374049
H            2.28351848409302       -3.75961150492278        1.77555391717041
H            1.18446585527423       -2.56383386301027        2.48294308301865
H            0.63123344521779       -5.16097756403292        0.68353091145935
H           -0.09191608762900       -4.73802359718545        2.33715589980323
H           -1.20393799982676       -3.77006778449828       -0.08524475962718
H           -1.16302118367977       -2.62669250363497        1.44289336555619
H           -2.02739338974895        0.13452403494546       -0.99834295063064
H           -1.72067317487746       -2.75040629251433       -1.84410258816588
H           -0.51172470834594       -1.48174449941938       -3.64001230788992
H           -0.94744381795636        0.03964996803417       -3.35640490212295
H           -2.23295319137480       -1.42355654921562       -3.57048847690564
H           -4.53855839269496        1.28311130013787       -0.47102803956758
H           -3.40335036342044       -0.57934901718038        1.66049735118101
H           -5.71121806329725       -0.59606811335124       -0.45780656445994
H           -6.09137112352595       -0.30216547466172        1.66023272764896
H           -5.55304860148501       -1.95084039208876        0.99277663320466
H            0.33164513942089        2.60050907391601        1.34499146831730
H           -1.56081592745938        0.28723053894215        1.35398427355088
H           -2.55606214080932        1.87919378660981        3.35445952620472
H           -1.75845261397471        3.14248968417014        2.67288981535735
H           -0.85753305332964        1.75442393522702        3.37276834660017
H            1.96900009034420        0.88620529415029       -0.96472697032812
H            0.98127460082514        3.60690237434526       -0.63235010216009
H            0.67801351639591        1.64208708928753       -3.09203791230004
H            1.99674706638651        3.11318725741619       -3.19191612212982
H            0.12988575918746        3.23505436151403       -3.08691979952940
H            3.62703827389658        0.85258900347296        2.10220238046885
H            5.72746817519763        0.73147842335933        1.01098778020220
H            5.21783942746984        2.28329378653950        0.22588886125187
H            5.78136553064435        0.06980129195666       -1.16738502193706
H            4.45127562861613        0.81080333111222       -1.61783716228393
H            3.56948902433455       -1.51016455980822       -1.31111457727059
H            4.71071570246305       -1.84129393243945       -0.25682381115892
68
 energy: -106.215534439805 gnorm: 0.544493612428 xtb: 6.7.1-6.fc44.fc44
O            1.26890643894638       -0.32838006124079        1.53117008007536
O            0.93835248911619       -0.67846400467870       -1.52140198592079
O           -3.52984748390350       -2.48975393065666       -0.01410833129283
O           -3.27954462207674        2.99012638873595        0.29106232132700
O           -1.24891620912690        1.71711963039811       -1.46725053372388
O            2.49136159180709        2.76539335515585        1.34768348073325
N            0.39254976637806       -2.28851669704452       -0.13696529475711
N           -2.25847142926364       -0.98601807207724       -1.04766091111993
N           -3.88080230851501        1.00284532967832        0.29983733156696
N           -0.53362648132612        2.11554205695870        0.68489558636946
N            1.86462416170203        1.70604367652760       -0.58028619195549
N            3.20213851715653       -0.38684543694030        0.40545772626886
C            2.01202373942894       -1.08743632528064        0.81059888620592
C            1.75429384682141       -2.44526969379072        0.36716783891183
C            1.48180672558702       -3.26790458343332        1.66586387933182
C            0.44978621869934       -4.31744363051101        1.26194430393051
C           -0.47571994800548       -3.29980148822284        0.65137460095750
C            0.18708077892971       -1.56366092338766       -1.18446597372796
C           -1.14630045518847       -1.78441928242551       -1.82255409595734
C           -1.35373667036381       -1.24726070288225       -3.13355245601501
C           -3.03907144546780       -1.42509890733432       -0.15143584316620
C           -3.94136853183736       -0.40269315924684        0.61785056730441
C           -5.44629941887901       -0.86397434275499        0.68215892450851
C           -2.90746913062074        1.82125274701716        0.53617022992043
C           -1.67577127428886        1.50308339914693        1.36272842460792
C           -1.71426589943910        1.98841561519490        2.90087831669895
C           -0.48973320849141        2.13795474321630       -0.61502377992210
C            1.03831031782561        2.61414364187571       -1.13221002427910
C            1.03260030778078        2.66158145947679       -2.71012187862586
C            2.58219303725565        1.92820528004062        0.50132137357078
C            3.50050363455522        0.84513228852279        1.04434595412205
C            4.92180190409693        1.21656925061887        0.48235435447419
C            4.91797407881997        0.35845736982419       -0.87408295051749
C            4.07327722260351       -0.90610876198293       -0.51102912194576
H            2.40311169850819       -2.73737226757535       -0.42394621884300
H            2.33702981742163       -3.78238068467056        1.79629084695652
H            1.18360352942323       -2.57586585061428        2.47078255858189
H            0.63972516408766       -5.16260170222044        0.68189061916800
H           -0.07408689105522       -4.72979736035367        2.30070659230017
H           -1.20071373974716       -3.76228905125860       -0.07630226755994
H           -1.13563102653025       -2.64979993497899        1.42069167221141
H           -2.03132557330193        0.10699807702310       -1.00846792504246
H           -1.70173841282537       -2.75413437989891       -1.83689726370207
H           -0.49182295036380       -1.50929176073555       -3.67156451872474
H           -0.97669181303146        0.00934515557078       -3.33298531674734
H           -2.25239609986757       -1.41766437059269       -3.59333560120267
H           -4.53406299684475        1.28101464411148       -0.45702867606636
H           -3.42039601878953       -0.57014899473151        1.65086428170221
H           -5.72552346034117       -0.60795539643437       -0.42092097457644
H           -6.06692216835096       -0.31322958750518        1.61451055694715
H           -5.54819704458840       -1.93429242727470        0.97702135501640
H            0.30041977795283        2.57974705748010        1.31942816481658
H           -1.55648170513099        0.31458487290061        1.35325779703998
H           -2.58263441484496        1.87294491426216        3.34138915314424
H           -1.75187717842860        3.12754958987764        2.68817667411324
H           -0.83273271249242        1.74303995825375        3.38017733122763
H            1.97571361225579        0.86149432563811       -0.97017535402439
H            0.99766968558936        3.60635932987836       -0.64173175190307
H            0.70030777902044        1.65143435930157       -3.08530242462115
H            1.97507741717179        3.09687905191460       -3.17900261970303
H            0.14484135236966        3.23994241630601       -3.07565351150492
H            3.61639195706805        0.85173137242725        2.10752156049253
H            5.72752401776228        0.73639857857310        1.02395377460720
H            5.20448614095864        2.27021623187476        0.23661669315554
H            5.82421587697191        0.06046789709693       -1.16965806232474
H            4.42972480507953        0.83485993636893       -1.64136934242346
H            3.56450003175901       -1.48340262639083       -1.32434603443588
H            4.71995550669399       -1.82325795967807       -0.23682712948113
68
 energy: -106.458986663369 gnorm: 0.225747292276 xtb: 6.7.1-6.fc44.fc44
O            1.27977637010774       -0.36816733150901        1.51682907236617
O            0.94427760245931       -0.69554867683149       -1.52911131050158
O           -3.50713648813203       -2.54404612194773       -0.02413320777079
O           -3.24803137640101        3.00408323660469        0.29240011588213
O           -1.25875413335593        1.71204738464714       -1.44877803614570
O            2.46935221104117        2.81535050702224        1.35435898597755
N            0.37468495019827       -2.33761503351106       -0.11740150453258
N           -2.21741757547248       -0.95015224180115       -1.03862526348017
N           -3.88700539773164        0.96802383173115        0.28620162522036
N           -0.51835772366356        2.12597351580705        0.70466482119504
N            1.88934441077789        1.72429311496753       -0.57754560736987
N            3.17942563869340       -0.43083442242932        0.43451002264802
C            2.02994331683454       -1.01593765760417        0.83041987940610
C            1.72837116587129       -2.41972057471427        0.39270612881927
C            1.49849507463678       -3.27629405608052        1.65077184533442
C            0.40861914444769       -4.28981334749936        1.31097146824047
C           -0.50950687833642       -3.27800768190176        0.62605848773135
C            0.15108860363000       -1.56513697561962       -1.17801301848127
C           -1.21078923290664       -1.74300672594625       -1.79810918618875
C           -1.31090819742313       -1.16773094843771       -3.16528827050199
C           -3.08931808268900       -1.41028797468719       -0.16236425319883
C           -3.93772551150367       -0.40886108059262        0.65782112224521
C           -5.43909612445590       -0.84682940259343        0.69662354348914
C           -2.92195014833502        1.85872988997062        0.56146493252828
C           -1.66701990189570        1.48518150694042        1.37450248724347
C           -1.71193467231660        2.02891848462074        2.84980894092594
C           -0.45269224026094        2.13327127224763       -0.62971427869231
C            0.98016344322716        2.62998046013695       -1.14381745543132
C            1.01337527710924        2.66238245593684       -2.70175372547686
C            2.57834600300679        1.91515298905518        0.53302159502935
C            3.53291649094654        0.84490799573725        1.01297296969053
C            4.92812641602197        1.18227614879745        0.43963655854283
C            4.90323912486663        0.34418232270842       -0.85838298951458
C            4.09391711160611       -0.92820054337523       -0.52217190192130
H            2.39908784370392       -2.75035516866220       -0.40867298751410
H            2.38473197374137       -3.80086400948518        1.82332242437008
H            1.18861796433889       -2.59369840276912        2.45923642322643
H            0.65039704164819       -5.14841211696773        0.68307653120764
H           -0.05345864979477       -4.70686053885312        2.25298544832257
H           -1.20002633331996       -3.75258573354482       -0.06543732295736
H           -1.10929813049142       -2.67774117043677        1.38737298942472
H           -2.03402931605819        0.06783695176496       -1.01754425486493
H           -1.67816506977803       -2.75002219208947       -1.83096588905878
H           -0.47218222431807       -1.54907971969485       -3.70700896732354
H           -1.02229734329724       -0.05610901384249       -3.29681273362424
H           -2.25440262771683       -1.40711826760080       -3.60819206793472
H           -4.52717023068184        1.27918690374450       -0.44128383260593
H           -3.44509890117941       -0.55628673786530        1.64281949494743
H           -5.74109862601018       -0.62032544197504       -0.36987895831900
H           -6.03253991193010       -0.32568414112868        1.55087315507624
H           -5.54114536224593       -1.91757358032990        0.95776189960334
H            0.25364675419516        2.54915737865522        1.28364508895057
H           -1.55123340262209        0.35566830361414        1.35640305002803
H           -2.60583793028470        1.84744106876606        3.34204514204057
H           -1.74161839452393        3.11389029563268        2.69800503265874
H           -0.82507089378262        1.73877282721176        3.37373369158363
H            1.97849332525466        0.83722527000574       -0.98291957823941
H            1.01983594200525        3.60953590917982       -0.65282656495891
H            0.72743462578747        1.66101359782246       -3.07650621897169
H            1.94879303974269        3.07658669039058       -3.15894101568340
H            0.15880093861140        3.24779239399138       -3.06451415126731
H            3.60103771224457        0.85096924883353        2.10599653317646
H            5.72673050403678        0.74172024737041        1.03896648076972
H            5.18532206337747        2.24799115637596        0.24556977633323
H            5.85885359751961        0.05958453933523       -1.18100860727974
H            4.41896634129946        0.85159947340847       -1.65710047230722
H            3.56312304587405       -1.44951706807682       -1.33748215517688
H            4.72468618832739       -1.79796363018691       -0.21477253038719
68
 energy: -106.538874161062 gnorm: 0.112084983165 xtb: 6.7.1-6.fc44.fc44
O            1.23084606245898       -0.37847551657421        1.55630363594792
O            0.94534695574164       -0.73172867106118       -1.53668799123706
O           -3.48758038665445       -2.59067038572021       -0.04052334024068
O           -3.20848729247872        3.03141446448270        0.28901303482083
O           -1.27062868942371        1.70128435169701       -1.43026019970706
O            2.44039568435503        2.85579647396518        1.35568971207119
N            0.35444954500600       -2.37152872520777       -0.11375883961248
N           -2.20756189419914       -0.93753018338966       -1.01846279633089
N           -3.87962568962874        0.95454990481144        0.28703108027303
N           -0.51811799997396        2.12222755587579        0.70031063450881
N            1.91301127395926        1.74064777663762       -0.58271560884421
N            3.19440745072535       -0.45444436013202        0.45561636628663
C            2.03376861380459       -0.98600202252340        0.84120497222371
C            1.70579728435298       -2.41341471975822        0.40998797207471
C            1.53157731386109       -3.29142917928441        1.64976897408075
C            0.39364015305193       -4.25820494954060        1.32437727209251
C           -0.53461673838536       -3.26787198190549        0.60970689436276
C            0.11825984054277       -1.56953616652410       -1.16781831482403
C           -1.25836974264957       -1.70162799237575       -1.79248777858126
C           -1.27657515555640       -1.13201945401335       -3.20395062641280
C           -3.12864234667697       -1.41878521600234       -0.17167586476030
C           -3.93634469157065       -0.41873166515845        0.68183580227682
C           -5.42298382227915       -0.84406343217218        0.70898806276882
C           -2.93157159608751        1.88599823743857        0.58558720157195
C           -1.66311861677654        1.49014239375925        1.37757204272166
C           -1.71426725586605        2.04505260095481        2.81044451896042
C           -0.43244682482317        2.11900199919265       -0.64352748198768
C            0.94241019137123        2.63686788864437       -1.14494621980553
C            0.98645076124367        2.66325877840685       -2.68490319699476
C            2.56865125584842        1.92185248523696        0.56287686247293
C            3.55544137090171        0.84960158449820        0.99414687937713
C            4.93773529324403        1.14379997478476        0.41113669951963
C            4.90833111444487        0.32536553875318       -0.87377064875403
C            4.11690005292415       -0.94147989474833       -0.52893633823165
H            2.38911409267000       -2.76869200748365       -0.38238955439344
H            2.43594995421856       -3.81872810097994        1.85710739841387
H            1.20504381449850       -2.61958261003308        2.45444984248479
H            0.66278777752564       -5.11684071546445        0.68012666730588
H           -0.04676985519983       -4.67926075807143        2.22332521206492
H           -1.22317632921210       -3.75408365659548       -0.06726033030253
H           -1.09516847569781       -2.69413821603387        1.35705077850925
H           -2.03762158047181        0.06383416469821       -1.02517610072324
H           -1.65321242121881       -2.73721042894062       -1.82463825798373
H           -0.45722811889793       -1.60443383184025       -3.74805180443736
H           -1.08053918939476       -0.09039442505946       -3.24239103082153
H           -2.24111924913864       -1.38830953751913       -3.63475793780659
H           -4.52589164980864        1.27684993439427       -0.42261872864912
H           -3.47273479076631       -0.53833833843098        1.66277941452528
H           -5.77764161968094       -0.63168560449605       -0.31169450538354
H           -5.99267064875439       -0.32026479498558        1.47733181747573
H           -5.52508748044534       -1.91002219007167        0.93273173886284
H            0.21925864070276        2.52010806633254        1.25749892268011
H           -1.53821838713665        0.39677051276672        1.36299641417334
H           -2.62251779094049        1.81261828715523        3.32986234206728
H           -1.72832234813036        3.13020568478131        2.71134237791218
H           -0.82745325266817        1.73506786863248        3.35978137993787
H            1.98357439331130        0.82709504039459       -0.99310895426326
H            1.05346759079999        3.62403285817353       -0.67318993552582
H            0.76461215027817        1.65913544837440       -3.06348631672368
H            1.92058169138856        3.05102477173567       -3.11988958381908
H            0.16223909766851        3.27058333595270       -3.05210785541093
H            3.58766155555310        0.84963337069169        2.09653132465519
H            5.72780959269643        0.74426858072099        1.05843989355912
H            5.15722580441120        2.21444652041052        0.24916684212512
H            5.89285309750992        0.05808850872069       -1.21014855626142
H            4.41552959540086        0.86071443309326       -1.67445883179314
H            3.56260705638662       -1.39630750932134       -1.36752330270652
H            4.74828003201117       -1.77116251230636       -0.17432470528285
68
 energy: -106.559275566743 gnorm: 0.089037057491 xtb: 6.7.1-6.fc44.fc44
O            1.26412999826858       -0.36444658224259        1.55572882579791
O            0.94493029008219       -0.78112137657124       -1.55439986662282
O           -3.47141509355898       -2.62092324091804       -0.06474223273982
O           -3.17051978481703        3.05639622611837        0.28973919824650
O           -1.28270627815547        1.67505131173105       -1.41689822537511
O            2.40678511827793        2.88683603356871        1.35039795591106
N            0.33770026746828       -2.39595544780145       -0.11986080713134
N           -2.21104900950959       -0.93157275888145       -1.00173562161298
N           -3.86515275862506        0.95426114019179        0.29146197640632
N           -0.53072669659093        2.11410601530667        0.68488336793519
N            1.93547211164791        1.75653839295973       -0.59156146759699
N            3.20058552072566       -0.46202303774926        0.47667149531806
C            2.02669155840596       -0.98060500571214        0.85359702948542
C            1.68338521832979       -2.41313208627578        0.42922017540925
C            1.55810201738773       -3.30784209438721        1.65891018723246
C            0.39453375282105       -4.23473476893533        1.31727340530499
C           -0.55387667697084       -3.27145848206380        0.59978240895473
C            0.09540579895731       -1.58667841733944       -1.16559956366863
C           -1.28513138252364       -1.70051962221281       -1.80095542104751
C           -1.26149009610762       -1.16480444751850       -3.24047705509490
C           -3.15045862908722       -1.43339472653437       -0.18177336016700
C           -3.93234950530312       -0.42530183732843        0.69085450989035
C           -5.40337532761061       -0.85015967755896        0.70658277389132
C           -2.93362578793855        1.90511210228971        0.59695652935036
C           -1.66531142034219        1.50335261714268        1.37342372205306
C           -1.71801172196251        2.05841954148615        2.78640491590552
C           -0.43043781120656        2.10234616566876       -0.65467875200983
C            0.92478511341381        2.64140972568571       -1.14299229838214
C            0.96334745139778        2.66232713497751       -2.66619231722235
C            2.55590993498217        1.93805474656723        0.58242743107714
C            3.56094876038718        0.85706502856004        0.98729486354488
C            4.94398687033872        1.11540086786537        0.39749447856202
C            4.92161378901341        0.30921575599952       -0.89522431173566
C            4.12137794485826       -0.94014215931221       -0.52863583345894
H            2.37584578953016       -2.78586721346483       -0.34467971769027
H            2.47409968114682       -3.83368454371565        1.88454085848644
H            1.23279029832465       -2.65299339214730        2.47054636585662
H            0.68129986511354       -5.08172805947883        0.66639594652389
H           -0.05613066802432       -4.66265505399291        2.21590393124071
H           -1.25732255855144       -3.76679115944457       -0.06379012082028
H           -1.10494755689284       -2.69790487740963        1.34375428446093
H           -2.05703032706646        0.08117433756220       -1.03047415612232
H           -1.63586932456238       -2.74241377927430       -1.81216751382956
H           -0.45074007118838       -1.62358914222107       -3.78487181420792
H           -1.12317351003297       -0.01214246379653       -3.18867539474649
H           -2.23034227339985       -1.40162476758845       -3.67332967568847
H           -4.53255353556695        1.27701069644102       -0.39690928707887
H           -3.50526851443517       -0.52299024553791        1.69524493265331
H           -5.82294038761304       -0.64906096894798       -0.27944840007898
H           -5.96736485485395       -0.28614144815052        1.43986793842094
H           -5.49486238126553       -1.91303929657126        0.90847110830808
H            0.21655938318433        2.50018763643781        1.24968099658285
H           -1.52503645135217        0.41965462089286        1.37108143661004
H           -2.63393052933910        1.78504675787797        3.31260260011708
H           -1.71845478746863        3.14965708205657        2.72790342604247
H           -0.83565970856584        1.73305855290002        3.34309534380247
H            1.99313829716538        0.82871214932963       -1.00136008087340
H            1.08313362671606        3.63799846849286       -0.70065760325210
H            0.79652700684799        1.65149367746652       -3.04487252319943
H            1.90616839388747        3.03422139794223       -3.06265298522314
H            0.15822606152803        3.29241167754935       -3.03460045229233
H            3.57452089096909        0.85132104664347        2.08772370737494
H            5.72490781545790        0.73896441989860        1.06945493121390
H            5.13253916743735        2.18003739261284        0.24010969170448
H            5.91976311600499        0.05295755920878       -1.23936681488136
H            4.41772318534634        0.86395550679972       -1.68687226175246
H            3.56958282558471       -1.34543454578207       -1.39050937551638
H            4.77045272375633       -1.73653941692142       -0.13403799200312
68
 energy: -106.564920662253 gnorm: 0.078492511063 xtb: 6.7.1-6.fc44.fc44
O            1.25615685661911       -0.36411132376487        1.57854857036350
O            0.95227495097510       -0.82193876923903       -1.57335491727377
O           -3.45719717219580       -2.63855399917542       -0.09030331636939
O           -3.13578501397901        3.07674291134956        0.29610298132429
O           -1.28564348415268        1.64363535861488       -1.39984764797298
O            2.37179283259392        2.90933056449086        1.33848852927182
N            0.33682937373951       -2.41708489353212       -0.13521990736766
N           -2.21696747880922       -0.91835025397460       -0.98035650479343
N           -3.84900224990161        0.95715245902255        0.29274060717772
N           -0.54298282741713        2.10723576124805        0.67706017419463
N            1.95761339880466        1.76897133625707       -0.60388863842665
N            3.20514502981706       -0.46318402340408        0.48894253967758
C            2.01875481940297       -0.97365298038375        0.86321400274490
C            1.67870565678889       -2.40784496774382        0.43935333082152
C            1.57497801225543       -3.31919153476679        1.66094593071671
C            0.39629628004293       -4.22491703458659        1.31452724608338
C           -0.56135310782823       -3.27984237070431        0.59398225974268
C            0.08777068484860       -1.60154530465094       -1.17067128640635
C           -1.30580452275654       -1.68596303866983       -1.80090247059134
C           -1.27663417834393       -1.13782869342529       -3.23432054878919
C           -3.16507498421132       -1.44321681199130       -0.18680274953340
C           -3.93434942838389       -0.42760923943141        0.69226555978033
C           -5.39798791411359       -0.84522448352286        0.69765693582046
C           -2.93173469752262        1.91973220582214        0.60091303718555
C           -1.66935622895515        1.51291128923289        1.37018929508101
C           -1.72091562805717        2.07141559598643        2.77776340547682
C           -0.43001041383962        2.09111637660720       -0.65511692640569
C            0.91476976536008        2.64302056184306       -1.14174567643146
C            0.95384877850082        2.66065240540571       -2.65327044542331
C            2.54420377538191        1.95177647304078        0.59239782427812
C            3.56248431766584        0.86296227880970        0.98021860035181
C            4.94920885908909        1.10641820046490        0.38963091982675
C            4.93468122375248        0.30177209439405       -0.90869516460198
C            4.12216917889420       -0.93521652937779       -0.53245638892613
H            2.38145420988974       -2.78935817570064       -0.31479053403845
H            2.49977295994622       -3.84504565682746        1.89593327226285
H            1.26589866583437       -2.69079936862979        2.49718793703863
H            0.69777607851995       -5.05653139520714        0.65750011880342
H           -0.06762604980348       -4.65532795533898        2.20672729619503
H           -1.28133877685500       -3.78392668676497       -0.05303319445179
H           -1.12168024163089       -2.69941862572844        1.33311155739416
H           -2.07558727129578        0.09934911060516       -1.02944735108180
H           -1.63029526342812       -2.72837741391807       -1.79963926725933
H           -0.47801125621461       -1.61059324366311       -3.79466591163692
H           -1.06574601189882       -0.12525960073033       -3.28465107161042
H           -2.24577283795720       -1.34836037085275       -3.67457035666551
H           -4.54604785255011        1.28176869796625       -0.36708869790537
H           -3.53542539005902       -0.51915412092114        1.71491058113621
H           -5.85377377350534       -0.66957171236571       -0.27322800474199
H           -5.94963503643025       -0.27095659707238        1.43746934333793
H           -5.47095433979278       -1.90375554264749        0.90083906146066
H            0.21286037595929        2.48274820936205        1.24696021438658
H           -1.52671716149566        0.42691418293448        1.38191463914572
H           -2.64241537550056        1.76494506762104        3.30341995524352
H           -1.71405663575270        3.15950511681666        2.73616431020065
H           -0.84414761080737        1.73319988553356        3.33865700696813
H            2.00600023369812        0.83248350540494       -1.01407507944925
H            1.09399395774922        3.64075994454697       -0.72180463420870
H            0.81585314381523        1.64948919563329       -3.02934621917603
H            1.90664441795025        3.03091048946763       -3.01057648161263
H            0.15798878481593        3.30253080763590       -3.02031384280301
H            3.56446259915660        0.85194591538707        2.07711843564349
H            5.71861780467112        0.73494885870882        1.06955633082172
H            5.11785677520601        2.16415261971385        0.23050237238088
H            5.94218916563925        0.05238260713576       -1.25779974001704
H            4.42110886262136        0.86955340389298       -1.69229147297643
H            3.57809415657595       -1.31809945389376       -1.39812380570832
H            4.78147845313994       -1.70828167590597       -0.11003648113060
68
 energy: -106.569685540690 gnorm: 0.045019992461 xtb: 6.7.1-6.fc44.fc44
O            1.22896565280049       -0.37165050051037        1.60146872803690
O            0.96461044229108       -0.83932081432850       -1.59196166694084
O           -3.44869925360571       -2.63096295527172       -0.10518289113474
O           -3.12736914639737        3.08092349151663        0.30124579456708
O           -1.27546680307666        1.62924340593407       -1.38961593063841
O            2.36093616751624        2.90785343590411        1.32366140350306
N            0.34459164706418       -2.41833747733942       -0.14491828078989
N           -2.21657003757496       -0.91563958538346       -0.98888367775366
N           -3.84051117049413        0.96351067561734        0.28929644715298
N           -0.54017528550677        2.10359657154892        0.68446805699011
N            1.96225879393824        1.76808514821168       -0.61346587729292
N            3.20140203775702       -0.45840895598405        0.48458659852235
C            2.01625828489699       -0.97215066590824        0.86513275435976
C            1.68667617976413       -2.40373473320525        0.43848195374116
C            1.57145440887024       -3.31904312224512        1.66110088685681
C            0.39446070019880       -4.23282412459689        1.32283908019191
C           -0.55339221956838       -3.28311511630061        0.59839603106550
C            0.09554968335160       -1.60760027274497       -1.18038396972841
C           -1.30095850580792       -1.68690281508889       -1.80901482344498
C           -1.27745958951316       -1.15087142713574       -3.24208705109811
C           -3.15840984246921       -1.44055721710577       -0.19802099290630
C           -3.93436389449122       -0.42291977887891        0.67889777960001
C           -5.40393394682561       -0.83288183643406        0.69577378654714
C           -2.92652673552777        1.92248204038464        0.59724792257987
C           -1.66992075663580        1.51281068026127        1.37211916795184
C           -1.72235790834762        2.07556112411494        2.78711892985664
C           -0.42603167396296        2.08802444292081       -0.64341315646627
C            0.91772453799894        2.63912062477445       -1.14242942092253
C            0.96621869355931        2.65981978240046       -2.65673513692401
C            2.54221422018734        1.95273637602856        0.58248153258576
C            3.55808627498385        0.86386280402928        0.97702380565568
C            4.94758149157160        1.11866436391656        0.38888975920722
C            4.93459290297426        0.30676014707057       -0.90601811422517
C            4.11798588694900       -0.93239263227104       -0.53428876213485
H            2.39337701875220       -2.78295344968377       -0.30787955377439
H            2.49515305985961       -3.84727526534190        1.88555339371510
H            1.28627749990739       -2.70474937461492        2.51994138059016
H            0.69733207607537       -5.05584536121949        0.66441716057877
H           -0.06687928312726       -4.65873895073278        2.20454742606255
H           -1.27346426335080       -3.79056397944023       -0.04456120416407
H           -1.12675931817133       -2.69173775206691        1.32274539760428
H           -2.07456701488326        0.09505611291563       -1.04197777109194
H           -1.63700080958836       -2.72384196928462       -1.79772267172709
H           -0.48448869558155       -1.65694893553421       -3.80937008020870
H           -1.09860741065198       -0.07590445112892       -3.22316064421494
H           -2.24559042363667       -1.34651013379330       -3.68709407373064
H           -4.55543563831076        1.29219490839543       -0.35204810489189
H           -3.53923726345074       -0.52762455124873        1.69934265902219
H           -5.85613325946369       -0.66882942541804       -0.28138505627866
H           -5.95066839237187       -0.28006305281953        1.45329680083894
H           -5.46817105718486       -1.89083091444349        0.91636318889907
H            0.20745676923982        2.47693133101470        1.24888507041017
H           -1.54267872496797        0.42111871892088        1.39192961134869
H           -2.64345529458232        1.76737173315232        3.30490214358683
H           -1.71745184167688        3.15949054123500        2.73622551944432
H           -0.84975510179027        1.73671156934540        3.34706864956219
H            2.01121849700825        0.83510842436781       -1.02527698446571
H            1.08353632068275        3.63269985204467       -0.72116896590645
H            0.82061661295508        1.65174612627201       -3.03277337566324
H            1.92287966653445        3.04198124924581       -3.00166836279620
H            0.16581223145044        3.29281203389826       -3.02719537943894
H            3.56328901337321        0.85417205588358        2.07190091209744
H            5.71223119290674        0.73776435200008        1.06458957912009
H            5.12026028527662        2.17699490019096        0.22637855110797
H            5.93995906010618        0.05528627698502       -1.25228939281805
H            4.42174854481848        0.87093562115356       -1.68918638564531
H            3.57811088194960       -1.32701140183163       -1.39173584806613
H            4.77136804930232       -1.70834827987645       -0.11492480912414
68
 energy: -106.571314706806 gnorm: 0.029263883368 xtb: 6.7.1-6.fc44.fc44
O            1.25684114575566       -0.35505470985673        1.58427847838562
O            0.97132931004298       -0.85361926785075       -1.59948666825628
O           -3.43901132301326       -2.62486356026416       -0.11312614331818
O           -3.12534557328006        3.08481025871254        0.29713908023717
O           -1.26498292631313        1.62024199945456       -1.38424339860132
O            2.35476419625372        2.90668677352967        1.30664677873203
N            0.34464992557977       -2.42022723608365       -0.14414925963281
N           -2.21448247579219       -0.91431473942697       -0.99456152384085
N           -3.83599418055227        0.96781701342968        0.28522523153213
N           -0.53480546241270        2.09843652352592        0.69192096619297
N            1.96494520907855        1.76558284904678       -0.62257767315646
N            3.19376114807700       -0.45616323169379        0.48394710837894
C            2.01974126194417       -0.97967266042155        0.86943309095696
C            1.68300941895349       -2.40911680969811        0.44517288189602
C            1.56372241563687       -3.32071043088153        1.66902284998504
C            0.39118554820619       -4.23610314853186        1.32527038271850
C           -0.55175606368475       -3.28400446302008        0.60018724449393
C            0.09676514079083       -1.61101478221267       -1.17995051786981
C           -1.30007054723236       -1.69035002164707       -1.80840187596372
C           -1.28362031289985       -1.15581846032243       -3.23810844267242
C           -3.15520877123904       -1.43586445421090       -0.20626321501156
C           -3.93432997804658       -0.41910676862849        0.67274040205720
C           -5.40562593059134       -0.83487347112178        0.70049220270939
C           -2.92652023587652        1.92650709512913        0.59604816575768
C           -1.67182292693369        1.51398315981388        1.37512641069620
C           -1.72673251306265        2.07146815317752        2.79248395697489
C           -0.41803676690371        2.08222715321301       -0.63487176073008
C            0.91993539995471        2.63625734602959       -1.14060172169225
C            0.97276384887752        2.66054598896134       -2.65916013569157
C            2.54209514306235        1.94961133269703        0.57233667673733
C            3.55402303312101        0.86390579438194        0.97684144260644
C            4.94361936045128        1.12490634635304        0.38875725151418
C            4.92554153188131        0.31217571113695       -0.90368725889295
C            4.11159311122494       -0.93123012034080       -0.53329199932724
H            2.39261077446035       -2.79323505156843       -0.29446478097621
H            2.48733099612697       -3.85142351942801        1.88231403266778
H            1.30264619859297       -2.70636363718951        2.53514059602715
H            0.70039667967052       -5.04953774315157        0.66055425210328
H           -0.05920977402000       -4.67587453296037        2.21336566369379
H           -1.25714349742382       -3.79281371017292       -0.05445559596647
H           -1.11477579152115       -2.67839800415624        1.31932012885657
H           -2.07826746325898        0.09741510602863       -1.05540029653800
H           -1.64031328139917       -2.73044742758721       -1.79769629012543
H           -0.49275594880818       -1.63767759922621       -3.80515083696368
H           -1.10308841840069       -0.07517658999041       -3.19882489718738
H           -2.24761139546866       -1.34712744498415       -3.69437673810340
H           -4.56333846488501        1.29865750776646       -0.33954133880471
H           -3.52710581918979       -0.53571623897426        1.68323625432332
H           -5.85669785586847       -0.65661653948247       -0.27262960683191
H           -5.95855812490921       -0.26682445640257        1.44407274635737
H           -5.46870720213338       -1.89806438604421        0.92082935598363
H            0.21124400873429        2.47111028996245        1.25792624944055
H           -1.55295991096606        0.42357094220500        1.39898737087180
H           -2.64698784048268        1.75946477712191        3.30429136062671
H           -1.72563944839394        3.16146396629512        2.74976369160762
H           -0.85783005840153        1.73382267859191        3.35346776202789
H            2.01042583297370        0.83526518609591       -1.03698303682589
H            1.08462063140631        3.63012116681080       -0.71290009066548
H            0.83300653315572        1.65077442256746       -3.04091636446211
H            1.92797273315138        3.05088749591499       -3.00153258200132
H            0.17117248495400        3.28446179327496       -3.04194140214978
H            3.56198543943907        0.85824101801517        2.07146617964496
H            5.70709109542645        0.74404094563009        1.06850265293945
H            5.11885151659458        2.18584688161387        0.22470770145149
H            5.92888197252632        0.05867363781566       -1.24866903688854
H            4.41353890962549        0.87213182397252       -1.68743017214647
H            3.57009102559222       -1.32557322490272       -1.39489044492762
H            4.75688752631807       -1.71379505339740       -0.12025204841110
68
 energy: -106.572254027421 gnorm: 0.021141749000 xtb: 6.7.1-6.fc44.fc44
O            1.25468061762580       -0.35547116292934        1.59284319117744
O            0.97954753607592       -0.87243859876843       -1.61036344285927
O           -3.42908467404333       -2.62244552319408       -0.12435292347440
O           -3.12271122057984        3.08966953283938        0.29500467970816
O           -1.25845411321912        1.60909261442964       -1.38037297752963
O            2.34229946794496        2.90969049703482        1.28841577002959
N            0.35147993131041       -2.42793506276553       -0.14774562193546
N           -2.20859396756955       -0.91225944788954       -0.99171903812986
N           -3.82948835598213        0.97003075344074        0.27921587190709
N           -0.53179876944723        2.09286550037218        0.69527616470014
N            1.97171066238801        1.76282564815462       -0.63385720696644
N            3.18968619973368       -0.45310286848908        0.48617848226828
C            2.01649078947796       -0.97683344169485        0.87489958417405
C            1.68646271961688       -2.40635881315107        0.45147675982774
C            1.56628566717935       -3.32021472342262        1.67342762885887
C            0.39693539232902       -4.23452766307080        1.32518153899197
C           -0.54765467376176       -3.28599561255704        0.59943028405452
C            0.10236285572334       -1.61954122672920       -1.18313688205345
C           -1.29896316129785       -1.69358532506326       -1.80556830891797
C           -1.28717606587817       -1.15024790753545       -3.22921423407044
C           -3.15573512002450       -1.43343867279552       -0.21281843537598
C           -3.93299357115228       -0.41661531881907        0.66870882111611
C           -5.40666324816627       -0.82609658885640        0.69605498765529
C           -2.92793667766960        1.93188938250168        0.59651784870282
C           -1.67391708381499        1.51541325996793        1.37758622843704
C           -1.73343779215933        2.07146695918351        2.79582627002160
C           -0.41187074050015        2.07548116778911       -0.63093615374013
C            0.92192516557814        2.63201236366740       -1.13949518727517
C            0.97295040237926        2.66084846327301       -2.65837516262272
C            2.53980791071190        1.94695087695354        0.56566643094112
C            3.55049666033364        0.86589313902762        0.97796117106078
C            4.93963387134535        1.12424762285721        0.38737955710004
C            4.92137926142093        0.31292058245977       -0.90522525224952
C            4.10768929234818       -0.92961714392873       -0.53184616126750
H            2.40378225029616       -2.79027384402996       -0.27904528087419
H            2.49204043986550       -3.85227801607793        1.88027082833689
H            1.31751304196353       -2.71129702373298        2.54572203088663
H            0.71507599935489       -5.03781057260215        0.65520777762488
H           -0.07014628845187       -4.67879737420991        2.20341583396586
H           -1.25773480495494       -3.79949085028467       -0.04680090328580
H           -1.12047870942135       -2.69537668163454        1.32000457992232
H           -2.07570423054401        0.10156988885164       -1.06163608354268
H           -1.64545875531113       -2.73184580276734       -1.79371947434863
H           -0.50264375773807       -1.62719792766412       -3.80330990369847
H           -1.10740141276188       -0.07562774023765       -3.20424113234991
H           -2.24987940067034       -1.33210540861264       -3.69450127708524
H           -4.57150912725488        1.30412701687725       -0.32552796498519
H           -3.52111332002871       -0.53708841071070        1.67848376483539
H           -5.86163942199000       -0.65797878840764       -0.27786348274287
H           -5.94281379312355       -0.26225506005966        1.45124646472312
H           -5.47443148704622       -1.88589643435265        0.92761635940200
H            0.21806724430731        2.46585127273426        1.26623575101463
H           -1.55855456511629        0.42550562531146        1.39792803234428
H           -2.65350531398391        1.75386044639671        3.30109294719621
H           -1.73432003684800        3.15771153934804        2.74931373792588
H           -0.86911274627271        1.73323840865853        3.36113610994581
H            2.01116381347528        0.83376497212173       -1.05055319513175
H            1.08839267051969        3.62631173250457       -0.70879323558287
H            0.84445480869725        1.64936140326772       -3.04204863095575
H            1.92672467161120        3.05578155384448       -2.99730102272116
H            0.17034615927282        3.28119089251804       -3.04544708369467
H            3.55785822213609        0.86399128986102        2.07265281664636
H            5.70331379597023        0.74618371064268        1.06855021090857
H            5.11380693637254        2.18529470799920        0.22060094868509
H            5.92380198319921        0.05782735757867       -1.24971270569375
H            4.40901120710105        0.87102220880169       -1.68874770640727
H            3.56262863744501       -1.32407782224659       -1.39269610194994
H            4.75282434594941       -1.71342988953505       -0.11907784502550
68
 energy: -106.572753914801 gnorm: 0.016740126042 xtb: 6.7.1-6.fc44.fc44
O            1.24157854644810       -0.36203698136838        1.61199134603131
O            0.98970594240416       -0.89504943626171       -1.62466398691930
O           -3.41207291133852       -2.62132818576398       -0.13558091916171
O           -3.12350088733075        3.09272965432575        0.29518551102802
O           -1.25107347193900        1.59918579694648       -1.37900487676309
O            2.32588877766959        2.91369367183858        1.26342140204435
N            0.35650755923500       -2.43677393735612       -0.15292750289041
N           -2.19868825111308       -0.90829063338969       -0.98185676668961
N           -3.82033564183609        0.96893901855214        0.26833171250146
N           -0.52961441952095        2.08868257761848        0.69660848092190
N            1.98171128381386        1.75762239876797       -0.64961319201528
N            3.18377142194676       -0.45069662139650        0.48962892318553
C            2.00762232955293       -0.97337914267117        0.88175069872131
C            1.68647248078759       -2.40342498889708        0.45752532324825
C            1.56774870767865       -3.32212123909686        1.67785983879482
C            0.40158820155534       -4.23603630162223        1.32473803632188
C           -0.54421436742851       -3.29159034445098        0.59364672215999
C            0.10746828465564       -1.62762420442730       -1.18800556197556
C           -1.29868809152157       -1.69218759320905       -1.80428295411576
C           -1.28985407470481       -1.13855046324960       -3.22186271795463
C           -3.15439676667839       -1.43134100366370       -0.21633181528065
C           -3.92973105536414       -0.41629427585489        0.66546003096264
C           -5.40332404004902       -0.81857992081248        0.70121761144641
C           -2.93041299417400        1.93596467880063        0.59485685031914
C           -1.67611656121203        1.51486712545371        1.37731302308313
C           -1.74259818732234        2.07020330224508        2.79522863258510
C           -0.40621576482392        2.07126573419273       -0.62934665427776
C            0.92659463385053        2.62538434089599       -1.13966625815712
C            0.97114341380210        2.66075046681105       -2.65771402173631
C            2.53713587889733        1.94220733235689        0.55753999631592
C            3.54662023369640        0.86796646323031        0.97933671316962
C            4.93465520711565        1.12327777197147        0.38569380724976
C            4.91591587082990        0.30959520919666       -0.90602083429032
C            4.10020580117923       -0.92948319602443       -0.53057391441639
H            2.41425173180385       -2.78483562541868       -0.26214622189601
H            2.49655962545252       -3.85599364187468        1.87625328900306
H            1.32740293555709       -2.72123599037956        2.55648618499810
H            0.73170059873986       -5.02779675852383        0.65119909223289
H           -0.05679674679707       -4.68388727773887        2.20257340879838
H           -1.25361158950506       -3.80885812763618       -0.05174233578333
H           -1.10580599488649       -2.68547222213981        1.31613525428337
H           -2.06187603740776        0.10440307939779       -1.05858632949597
H           -1.65580322445224       -2.72618349796610       -1.79163291287424
H           -0.51434114763462       -1.62684281562963       -3.80763937440032
H           -1.08480231412389       -0.07726609638020       -3.19366186190201
H           -2.25239789674933       -1.30672675092132       -3.69766202667146
H           -4.58202311604095        1.30752352934820       -0.30857117986397
H           -3.51858671041464       -0.53575840964498        1.67835164089721
H           -5.86051940021667       -0.65582600438233       -0.27152374336395
H           -5.95255800097599       -0.23537807518392        1.44406706663285
H           -5.47462286909178       -1.87787696274939        0.93613639390401
H            0.21560745155609        2.46753102961731        1.27077974592149
H           -1.56357454266553        0.42389634328799        1.39417569383881
H           -2.66144459407254        1.74154354660631        3.29127510263967
H           -1.74751263195608        3.15900263257451        2.76163526426793
H           -0.88390978126016        1.73028795518856        3.36626779890471
H            2.01155429040043        0.83061786503408       -1.06915328468591
H            1.09161809841173        3.61851930848101       -0.70609381066059
H            0.85066469900642        1.65090104330441       -3.04204101593725
H            1.92215709745508        3.06282238990721       -2.99469482530066
H            0.16376549375053        3.27831467011368       -3.03910698576520
H            3.55341345944981        0.87158404819917        2.07419276968190
H            5.70030778381408        0.74711696836070        1.06297491112795
H            5.10848434236563        2.18345055942082        0.21561982482017
H            5.91668219858728        0.05160419042605       -1.24968589031810
H            4.40452658157991        0.86714134252274       -1.68954684044302
H            3.55085934596173       -1.32692291854049       -1.38637820918104
H            4.74883799987317       -1.71260675792464       -0.11765983030325
68
 energy: -106.573010921828 gnorm: 0.011288744933 xtb: 6.7.1-6.fc44.fc44
O            1.24301631410423       -0.36145479122437        1.61007131181035
O            0.99516267407598       -0.90138085743239       -1.62896846382099
O           -3.40745287747845       -2.62028148388254       -0.13571409749580
O           -3.12811575930997        3.09318513584972        0.29315957895750
O           -1.24967117983239        1.60232594783633       -1.38134241338806
O            2.32433231006563        2.91565967722488        1.25474866723354
N            0.35889923335743       -2.43903064195310       -0.15218817274357
N           -2.19217805751374       -0.90617826261909       -0.97266516161727
N           -3.81915467506087        0.96796016105331        0.26071293867321
N           -0.52980760886996        2.08994013983684        0.69645737720087
N            1.98381777348157        1.75551626118308       -0.65394873897199
N            3.18118174546091       -0.45086547015522        0.49136876182999
C            2.00763413108127       -0.97521341818501        0.88404973094400
C            1.68614743409078       -2.40590235961200        0.45926288309632
C            1.56947308890093       -3.32297096902978        1.68132288049892
C            0.40344757143711       -4.23845138320720        1.32680740617432
C           -0.54158123475302       -3.29136271756383        0.59745391094591
C            0.11107110558670       -1.62999602822035       -1.18906877712130
C           -1.29677354457976       -1.68972837186033       -1.80172222973735
C           -1.28554969388155       -1.13287504148740       -3.21923579575655
C           -3.15449527675437       -1.42940641036407       -0.21281970044899
C           -3.93027674138838       -0.41518227622841        0.66523533813484
C           -5.40357015066357       -0.81496130372434        0.69898402629797
C           -2.93285489667239        1.93654726865813        0.59225755863813
C           -1.67806762559879        1.51599476981171        1.37605318397472
C           -1.74599533982773        2.06500615308173        2.79489518252581
C           -0.40523602508896        2.07188372311537       -0.63043324128689
C            0.92911813217789        2.62416096729160       -1.14061560477897
C            0.96807055555585        2.66199726480007       -2.65899031970702
C            2.53791230148313        1.94055394800611        0.55469018830688
C            3.54654083343251        0.86886998142349        0.97962874889226
C            4.93366681900201        1.12247638679375        0.38464166424181
C            4.91187687979721        0.30668576898161       -0.90613794750700
C            4.09620055922543       -0.93090876482749       -0.52950444396426
H            2.41646511419652       -2.78663448315133       -0.25892644190267
H            2.49849481515152       -3.85816035290013        1.87651220830270
H            1.32464373142382       -2.72290131799206        2.55846008133095
H            0.73665572635285       -5.02667919117609        0.65053430814262
H           -0.05823899207934       -4.69409360957017        2.19972979968788
H           -1.25171336943171       -3.80399354543593       -0.04837164846911
H           -1.11133981162880       -2.69153931770600        1.31483290001358
H           -2.05354572261338        0.10559864348025       -1.04784934292422
H           -1.65827712494739       -2.72294951834992       -1.79258453774587
H           -0.51323532508301       -1.62532379533572       -3.80866661729822
H           -1.07095508824914       -0.07023929671608       -3.18316724220877
H           -2.24938967035840       -1.29404598556716       -3.69669023163704
H           -4.58245328900651        1.30689012511003       -0.31008988230673
H           -3.51860807686819       -0.53018536617776        1.67782256163869
H           -5.85954997456128       -0.65510335294223       -0.27550848092475
H           -5.93571142612368       -0.23851316648633        1.44906142730498
H           -5.47815651743868       -1.87102198546328        0.94142121937898
H            0.20935635324931        2.47334748660457        1.26824028023063
H           -1.56493527092033        0.42540359030473        1.39602354678394
H           -2.66296811680029        1.73356380560287        3.28876109490718
H           -1.75673480253207        3.15133593934337        2.75694286181184
H           -0.88755066484483        1.72846846781096        3.36778501588905
H            2.00870533598073        0.82960206605591       -1.07431006970243
H            1.09453148999234        3.61688946604471       -0.70649338605887
H            0.84892508647180        1.65333066582315       -3.04555352342717
H            1.91598764466618        3.06912722562448       -2.99950215087365
H            0.15582002576696        3.27683867038417       -3.03351468189231
H            3.55416963316731        0.87516286996260        2.07484272909233
H            5.70104714118605        0.74687462417867        1.06085289364729
H            5.10887203694450        2.18216843140233        0.21354114288864
H            5.91148960028448        0.04692335926484       -1.24994541660147
H            4.40193804522948        0.86468154094073       -1.69041697092516
H            3.54502999222333       -1.32834906988320       -1.38423071304530
H            4.74414692043318       -1.71474698401205       -0.11750951658603
68
 energy: -106.573148740022 gnorm: 0.008320522037 xtb: 6.7.1-6.fc44.fc44
O            1.24212450034663       -0.36272709215997        1.60902418628633
O            0.99918264671666       -0.90255741184124       -1.62700146296704
O           -3.40245591602736       -2.62134591698667       -0.13359968450323
O           -3.13340373632876        3.09102081025578        0.29627452887690
O           -1.25148658622684        1.61002793123508       -1.38447954993280
O            2.32728094701168        2.91713148029128        1.25009214425731
N            0.36178710656712       -2.44030274028800       -0.14843694720060
N           -2.18467006854573       -0.90733464041586       -0.96560385741904
N           -3.81829209607555        0.96507139040914        0.25537780546546
N           -0.53036626261323        2.09196927797854        0.69571236295532
N            1.98199856127272        1.75397632167205       -0.65462336630994
N            3.18031123960045       -0.45178960738427        0.49295344564425
C            2.00916212490283       -0.97743739336831        0.88671593276482
C            1.68803201017204       -2.40885643925198        0.46100533952804
C            1.56977120577319       -3.32462347727129        1.68361328227693
C            0.40439924373761       -4.24228704445464        1.32561150869882
C           -0.54103008243302       -3.29254629360709        0.60058887423233
C            0.11600311228668       -1.63179659367124       -1.18738646666862
C           -1.29115756851571       -1.68904397141993       -1.79800087317981
C           -1.27729685503184       -1.12821847351393       -3.21520270068319
C           -3.15160721719817       -1.42992613140955       -0.20897403239492
C           -3.92850421898944       -0.41616849532771        0.66559217427710
C           -5.40186407587700       -0.81532741839155        0.70104299478497
C           -2.93360417322425        1.93357326870803        0.59086963200589
C           -1.67775339686952        1.51394913082826        1.37406007737749
C           -1.74928037749266        2.06435158596669        2.79324309371122
C           -0.40663509850092        2.07414266572106       -0.63196734068944
C            0.93024779543526        2.62457480308244       -1.14172627774290
C            0.96406974695164        2.66481174871092       -2.66126132667957
C            2.53908304002575        1.94029471028552        0.55293101384941
C            3.54659164119361        0.86925047025393        0.97972077669213
C            4.93322061358914        1.12033103836326        0.38311205662636
C            4.90913646665824        0.30383873629024       -0.90715745989244
C            4.09383579636322       -0.93301746235702       -0.52768136677799
H            2.41886896698963       -2.78770941297052       -0.25840389986816
H            2.49756123850288       -3.86103378474179        1.87761556968247
H            1.31674588797909       -2.72301344580828        2.55726729806518
H            0.73746510351662       -5.02987724367683        0.64846914377907
H           -0.06243809923129       -4.69802681200641        2.19457520085614
H           -1.25361792260017       -3.80448425825905       -0.04400996758107
H           -1.11123172755637       -2.69724553577755        1.32141277225380
H           -2.05005721223577        0.10607489308112       -1.04013948393257
H           -1.65519801711248       -2.72261102605615       -1.79484128840054
H           -0.50685482224255       -1.61764004550728       -3.80584426211808
H           -1.07253018926787       -0.05957579112266       -3.18022608791994
H           -2.24242810024632       -1.28178684574704       -3.69172662998651
H           -4.58188936962681        1.30580620957925       -0.31332503839102
H           -3.51652623534088       -0.52499668068428        1.67746889129785
H           -5.85652881734787       -0.65531779224649       -0.27487669767049
H           -5.93932665466755       -0.23307799280057        1.44377127581362
H           -5.47901093031550       -1.87075614366864        0.94543120643400
H            0.21006108665482        2.47750392842251        1.26641467085547
H           -1.56196276694603        0.42366887974263        1.38737697365592
H           -2.66373356171986        1.72961410300603        3.28562823832411
H           -1.76509290647946        3.15180770619637        2.75949675064313
H           -0.88949558946100        1.72968037879023        3.36569556117257
H            2.00260283265903        0.82930793315670       -1.07499362643472
H            1.09814971342361        3.61776422690897       -0.70839090757173
H            0.84727228645727        1.65560805207078       -3.05110537843999
H            1.90822895944558        3.07708519968357       -3.00753206373664
H            0.14660836038666        3.27560989135883       -3.03137931862159
H            3.55601984621491        0.87750098758216        2.07500577460925
H            5.70196227216531        0.74483512137029        1.05988432500933
H            5.11018210979918        2.17973115564527        0.21072782760698
H            5.90739661980870        0.04272071722231       -1.25138809263639
H            4.40029595223744        0.86173269365644       -1.69220574141082
H            3.54146341172550       -1.32912688448033       -1.38298370011769
H            4.73991243005310       -1.71844150640793       -0.11682836593784
68
 energy: -106.573237205959 gnorm: 0.007465601236 xtb: 6.7.1-6.fc44.fc44
O            1.23992201309672       -0.36503523861845        1.61259374434720
O            1.00263065106000       -0.90483292965563       -1.62467244041795
O           -3.39875144191160       -2.62210797836123       -0.13428118378972
O           -3.13903095364227        3.09184594669160        0.30068546270871
O           -1.25556416824305        1.61704302347231       -1.38634824877841
O            2.32919232408568        2.91995055177170        1.24422216939186
N            0.36168409798733       -2.44148381350073       -0.14456931718824
N           -2.17933235055203       -0.90760018472539       -0.96037436802375
N           -3.81689336873668        0.96405048413614        0.25036412571292
N           -0.53171461684026        2.09723388659154        0.69387591783149
N            1.97949229869393        1.75210317643689       -0.65593021098850
N            3.17976325727894       -0.45330885794059        0.49491619041484
C            2.00832453928675       -0.97844567160877        0.88981309310862
C            1.68762061294543       -2.41113910798338        0.46417192857484
C            1.56858156148243       -3.32799028306999        1.68615319724175
C            0.40391160471390       -4.24666611893634        1.32371974460030
C           -0.54156801930878       -3.29502162616442        0.60108036639878
C            0.11853028887208       -1.63332709675247       -1.18517881602055
C           -1.28780184257403       -1.68657575768790       -1.79521612492146
C           -1.27195144522404       -1.12164805086210       -3.21149921429239
C           -3.14992601149381       -1.43044342967688       -0.20727305115969
C           -3.92643960490805       -0.41575539248121        0.66571182615848
C           -5.40009080573819       -0.81541302955600        0.70049134458909
C           -2.93466330405523        1.93356623599915        0.59008576544086
C           -1.67754841984490        1.51637942480024        1.37168939856794
C           -1.75198894914706        2.06084653157931        2.79226044830472
C           -0.40895592676276        2.07789659095601       -0.63410946274143
C            0.92954320475403        2.62456431849352       -1.14416862644860
C            0.96032570900928        2.66723257130227       -2.66399798242686
C            2.53918653035861        1.94080546854046        0.55056419032854
C            3.54608065971138        0.86952618615844        0.97856359786981
C            4.93267580356475        1.11823157964185        0.38103895776884
C            4.90781297290653        0.30026662981593       -0.90776053772695
C            4.09145076014651       -0.93552392030857       -0.52634050172129
H            2.41873900494337       -2.78857988401737       -0.25624570849718
H            2.49527458879592       -3.86537543840983        1.87981505041694
H            1.30929890269108       -2.72591586068015        2.55815076773688
H            0.73763801061542       -5.03342283454571        0.64568148935638
H           -0.05594986061365       -4.70453424121043        2.19628008172615
H           -1.25411498743356       -3.80482529340240       -0.04581809759231
H           -1.10312583893992       -2.69416098514570        1.32558806515047
H           -2.04666429333264        0.10525476223923       -1.03507187112109
H           -1.65284213736140       -2.71996197114523       -1.79692044958653
H           -0.50358861853291       -1.61060847795124       -3.80323787716660
H           -1.06127395468813       -0.05391349844773       -3.16704886742572
H           -2.23841453478475       -1.26919415359214       -3.68681777865190
H           -4.58246965066864        1.30639325349439       -0.31587861095279
H           -3.51488649206117       -0.52079961642841        1.67790604784628
H           -5.85207634183817       -0.66022867238848       -0.27751400768700
H           -5.93723189866492       -0.22905466901156        1.44152758777277
H           -5.47832448375710       -1.86982436194406        0.94852851194929
H            0.21196283922377        2.48122786295016        1.26405731700404
H           -1.55869082430761        0.42664036499359        1.38576885298547
H           -2.66349149105995        1.72015845303051        3.28403006284183
H           -1.77556159896109        3.14667431830335        2.75622536715232
H           -0.88962222259165        1.73177416649825        3.36363648042159
H            1.99521023910569        0.82817305394979       -1.07608113826410
H            1.10031018981184        3.61774247588115       -0.71240329918554
H            0.84595428223084        1.65822364539908       -3.05588293039047
H            1.90096959601317        3.08453077909860       -3.01434159040173
H            0.13828926817489        3.27497675593065       -3.02992959584191
H            3.55646794630001        0.87944810771400        2.07382300719137
H            5.70177397545327        0.74183717240154        1.05748044807919
H            5.11093189414912        2.17729787489876        0.20770234111197
H            5.90537560302239        0.03824757173216       -1.25263506994305
H            4.39955840659871        0.85807024559109       -1.69357173929422
H            3.53825411078874       -1.33038643240760       -1.38132196807684
H            4.73751693498347       -1.72076894943204       -0.11528281482514
68
 energy: -106.573311171749 gnorm: 0.006809148617 xtb: 6.7.1-6.fc44.fc44
O            1.24002838998540       -0.36691247261012        1.61714962307947
O            1.00904857278141       -0.91021574403963       -1.62342963966496
O           -3.39314436899594       -2.62254747779632       -0.13731307169806
O           -3.14428374060024        3.09394040966240        0.30853944405133
O           -1.26050150629757        1.62432588693157       -1.38705614688177
O            2.33160764398189        2.92460551623803        1.23526126826926
N            0.36230347244946       -2.44350972559360       -0.14104696949052
N           -2.17299772314236       -0.90639817902030       -0.95488823450352
N           -3.81440309571051        0.96357624059871        0.24513465503585
N           -0.53355137265112        2.10435346045000        0.69176874927506
N            1.97624102564203        1.74969423148569       -0.65843786234181
N            3.17931032368442       -0.45475910737432        0.49711601165426
C            2.00786140898792       -0.97950836668379        0.89349280847188
C            1.68796794091155       -2.41395493454941        0.46906975523009
C            1.56827994209444       -3.33224414955013        1.69005139530055
C            0.40454311753039       -4.25187644983181        1.32398236105201
C           -0.54012413059961       -3.29750697173047        0.60346368616934
C            0.12263619059527       -1.63665883283429       -1.18362732928130
C           -1.28370214807858       -1.68335286304865       -1.79297592510485
C           -1.26718918726295       -1.11116841469489       -3.20633555628696
C           -3.14688891768054       -1.43070023124964       -0.20655325721618
C           -3.92380524857072       -0.41487437180643        0.66470386589536
C           -5.39716123578626       -0.81639242500568        0.70041656205137
C           -2.93547691750575        1.93421720741405        0.59052622930753
C           -1.67636950565995        1.51816959293103        1.36849631594245
C           -1.75459967901152        2.05944528165357        2.78997307788385
C           -0.41184072580574        2.08359498129495       -0.63610213674484
C            0.92780307037190        2.62483105852622       -1.14790946254358
C            0.95622479496152        2.66897515022802       -2.66748653132740
C            2.53917041557027        1.94204680090148        0.54637849146468
C            3.54524359604773        0.87003642091219        0.97609407369564
C            4.93230898106883        1.11657740041944        0.37857611736741
C            4.90647804294190        0.29635842785085       -0.90857413778196
C            4.08837230033911       -0.93817064198466       -0.52566350003793
H            2.41947593256855       -2.79057923608515       -0.25179311203347
H            2.49367608804241       -3.87056454639060        1.88441602632710
H            1.30401045299104       -2.73086206624169        2.56155830476880
H            0.73946744174531       -5.03677633214539        0.64407315885015
H           -0.05610510722627       -4.71326499707686        2.19489979924147
H           -1.25438237364531       -3.80179803418427       -0.04480547036337
H           -1.10236440936508       -2.69949063087277        1.32789181111495
H           -2.04418118993398        0.10584967780556       -1.03135690380874
H           -1.65050573658821       -2.71518233407840       -1.79884631681162
H           -0.50302241962519       -1.60606036534575       -3.80171502806952
H           -1.04337091422918       -0.04847043383123       -3.15415906496493
H           -2.23625063368772       -1.25092742117041       -3.67855683646417
H           -4.58196595177520        1.30688464044145       -0.31851412443478
H           -3.51324242162127       -0.51749098425967        1.67782876436431
H           -5.84755039799089       -0.66583047972646       -0.27854980174426
H           -5.94073906070388       -0.22712339617503        1.43550523130378
H           -5.47418547385897       -1.87021173653331        0.95249726089309
H            0.21031060209546        2.48547584870887        1.26137787071879
H           -1.55395282051313        0.42836936581278        1.38028715673724
H           -2.66201847845853        1.70628016994087        3.28118291361664
H           -1.78869916339188        3.14854449322438        2.76425182135236
H           -0.88830065060449        1.73633724965651        3.35871432195575
H            1.98521233017313        0.82622946793231       -1.07836867646614
H            1.10145120681932        3.61710973198232       -0.71717476672145
H            0.84491781889138        1.66106812135784       -3.06114613600027
H            1.89353306400537        3.09238523801639       -3.01977749355205
H            0.12945984932555        3.27362898575522       -3.02899230873671
H            3.55590925738673        0.88188575783544        2.07131335849265
H            5.70069049313181        0.73840863599766        1.05433563914806
H            5.11226403082822        2.17512818956738        0.20436307678838
H            5.90353746691609        0.03347199215780       -1.25458633850880
H            4.39818942746862        0.85343036077328       -1.69524946415295
H            3.53405485676846       -1.33276716615882       -1.37884676617230
H            4.73499138175159       -1.72274483234096       -0.11437319040717
68
 energy: -106.573369095472 gnorm: 0.005995988063 xtb: 6.7.1-6.fc44.fc44
O            1.24141153787346       -0.36853663876258        1.62163516472442
O            1.01487114609957       -0.91404295111210       -1.62030139446238
O           -3.38757025665115       -2.62243709573808       -0.13962031762911
O           -3.14969763040079        3.09620356932690        0.31504385180861
O           -1.26452942664823        1.62849755775406       -1.38592932460321
O            2.33534052568533        2.92889576044226        1.22725502133546
N            0.36306798246812       -2.44454038014013       -0.13756860369595
N           -2.16815856501792       -0.90473274391422       -0.95138957673180
N           -3.81326003907578        0.96382050003219        0.24186612532514
N           -0.53577296918972        2.11056762764932        0.69100696243794
N            1.97238821485401        1.74762588033135       -0.66024811430871
N            3.17886956117666       -0.45579782996681        0.49890040681409
C            2.00874683296093       -0.98119911855275        0.89760495990961
C            1.68898551902148       -2.41656360648411        0.47407257114919
C            1.56697511644126       -3.33636730835710        1.69316973113146
C            0.40421343107221       -4.25572157256484        1.32412886184337
C           -0.54011738806128       -3.29994259247123        0.60451828690523
C            0.12632493871192       -1.63875702091170       -1.18104339123326
C           -1.27938596541381       -1.68123005123347       -1.79178728661733
C           -1.26301117458453       -1.10223188945370       -3.20192346155566
C           -3.14315835836274       -1.43040732116741       -0.20631641295727
C           -3.92236107805546       -0.41402519651603        0.66296614609846
C           -5.39472847530121       -0.81890614595412        0.69935200159789
C           -2.93734433774676        1.93571211827231        0.59207961475517
C           -1.67668966223726        1.52113488188710        1.36729340211761
C           -1.75488232354885        2.05947520097344        2.79088036353441
C           -0.41415222141517        2.08766879282669       -0.63658465942037
C            0.92576183520146        2.62620110328657       -1.15068657367261
C            0.95324405531441        2.66953586445516       -2.66991975656539
C            2.53933138061509        1.94315007076873        0.54206276471840
C            3.54398006579956        0.87003867262664        0.97388378842606
C            4.93182284092012        1.11474767099706        0.37685917371188
C            4.90459984528843        0.29391367641439       -0.91002150216783
C            4.08594307828031       -0.94001529866748       -0.52545514416552
H            2.42035600866363       -2.79309894836980       -0.24689745645462
H            2.49118920715330       -3.87526067788530        1.88959870763874
H            1.30168606805091       -2.73617093938044        2.56520435993467
H            0.73990677656924       -5.03929662083195        0.64316733043608
H           -0.05819861994817       -4.71716454633206        2.19183301958283
H           -1.25486915511011       -3.80295766065104       -0.04489319102445
H           -1.10023242567316       -2.70174472879062        1.33192156226666
H           -2.04509070519128        0.10812571505664       -1.03173576995546
H           -1.64663456785127       -2.71265981690810       -1.80088346385090
H           -0.50276174966853       -1.59948844573799       -3.80075150884786
H           -1.03520195472077       -0.04212911580499       -3.15042230949458
H           -2.23423809917364       -1.23552499579698       -3.67098498385529
H           -4.58059788960796        1.30551125685099       -0.32166516185882
H           -3.51155099686741       -0.51498007279431        1.67639179493624
H           -5.84569006071125       -0.67240010804059       -0.27985391262506
H           -5.93998286820518       -0.22595056134167        1.43026671495002
H           -5.46793990634924       -1.87248879210252        0.95529361311723
H            0.20757681285638        2.48872942449140        1.26040544171050
H           -1.55177657971595        0.43129843240004        1.37728829416183
H           -2.65793799514798        1.69662016899046        3.28274022685293
H           -1.79828738887050        3.14517926337939        2.76119626441336
H           -0.88404345491920        1.74305077811761        3.35656002523006
H            1.97489875518499        0.82404852078415       -1.08000508096888
H            1.10295157276245        3.61777905291210       -0.71980611657191
H            0.84676010198715        1.66168342228587       -3.06440126889391
H            1.88889452096329        3.09714769763336       -3.02126990453546
H            0.12385770884692        3.27103640861286       -3.03085425081785
H            3.55419329159000        0.88373940829562        2.06911519454941
H            5.69869308360569        0.73568601107192        1.05361840206863
H            5.11330314649416        2.17283491466782        0.20196188900425
H            5.90137525014243        0.03059207287570       -1.25751574930246
H            4.39533797304825        0.84963830733450       -1.69710297693576
H            3.53020948796132       -1.33394994598905       -1.37790755630968
H            4.73249084005379       -1.72482942263604       -0.11491641055602
68
 energy: -106.573423094567 gnorm: 0.005132314468 xtb: 6.7.1-6.fc44.fc44
O            1.24349407167940       -0.37082169481033        1.62877667211083
O            1.02095876922425       -0.91552904280390       -1.61470192094612
O           -3.38298827059232       -2.62206993534804       -0.14317408598214
O           -3.15749016404415        3.09831410957035        0.32290979425984
O           -1.26907958453026        1.63248659363726       -1.38505390845036
O            2.34172112996308        2.93359931641884        1.21786949937091
N            0.36363005842219       -2.44297063386818       -0.13286123723040
N           -2.16421894082097       -0.90322581165866       -0.95010979040553
N           -3.81297165605536        0.96402518100029        0.23956952738472
N           -0.53889352758931        2.11845795836745        0.68946148132399
N            1.96626096273247        1.74430564312449       -0.66173146022277
N            3.17840399332109       -0.45670826057705        0.50053326845526
C            2.01048692518544       -0.98326449002801        0.90330381148707
C            1.69013313451895       -2.41869629380109        0.48017157223762
C            1.56466006452691       -3.34033553408373        1.69688979634964
C            0.40296215633972       -4.25815979522156        1.32385196899115
C           -0.54085940664591       -3.30070493882887        0.60574471371639
C            0.13004134594780       -1.63842334487133       -1.17676943487401
C           -1.27397242546173       -1.67827708347993       -1.79140480808221
C           -1.25773904916190       -1.09396950526961       -3.19868077259040
C           -3.13908306721222       -1.43030106524636       -0.20766787119678
C           -3.92101969051964       -0.41371180556910        0.66062182346622
C           -5.39265063022274       -0.82110859433904        0.69678615872315
C           -2.94048947524694        1.93745306238447        0.59439573073447
C           -1.67752039458273        1.52464852622300        1.36581695542562
C           -1.75392114815824        2.05966184337589        2.79110638718307
C           -0.41720140313760        2.09274987007491       -0.63779555521794
C            0.92308708530056        2.62809960337058       -1.15368512602248
C            0.95134970900149        2.66944625136347       -2.67266535705277
C            2.53948359107972        1.94389618109089        0.53635994560737
C            3.54226111271582        0.86979634846909        0.97126569639412
C            4.93084515964367        1.11243173659696        0.37443023287131
C            4.90188718636763        0.29140419267943       -0.91217829103102
C            4.08331495325931       -0.94202884173189       -0.52556122259814
H            2.42059970867270       -2.79549418454944       -0.24107660505763
H            2.48764197233442       -3.87943725315469        1.89640051928068
H            1.30040163105226       -2.74223101721123        2.57047618484813
H            0.73951294232970       -5.03974718146022        0.64087994544312
H           -0.05965602989918       -4.72458750571291        2.19043452881604
H           -1.25561491818472       -3.80336284362655       -0.04458532926632
H           -1.10171452657152       -2.70522449820780        1.33546806479558
H           -2.04490111875823        0.10953722794649       -1.03447171816168
H           -1.64099352286163       -2.71028217555828       -1.80383249795318
H           -0.50150122556365       -1.58917922642217       -3.80064498949418
H           -1.02601165522886       -0.03474417319851       -3.14381049222787
H           -2.23095011547923       -1.22106263559104       -3.66428204361204
H           -4.58085453798592        1.30365488923864       -0.32436330368868
H           -3.50921734612974       -0.51327792531067        1.67391214445280
H           -5.84392371419002       -0.68301949559660       -0.28384511780674
H           -5.93540311420390       -0.22918788329687        1.42825021611443
H           -5.46243087464202       -1.87321871113442        0.95933922870598
H            0.20697383678464        2.49333747593058        1.25992711924554
H           -1.54971001024653        0.43515631783694        1.37248608310512
H           -2.65053523500931        1.68317334926029        3.28497802986642
H           -1.80897740720333        3.14639122758298        2.76776067464671
H           -0.87631919252455        1.75079491522983        3.35092878549104
H            1.96093746088417        0.82020234051554       -1.08102322218716
H            1.10492437027569        3.61917925305296       -0.72237437464790
H            0.85160859381900        1.66032478669566       -3.06600907166702
H            1.88544382395647        3.10036431612607       -3.02297089448492
H            0.12007301419347        3.26627264921371       -3.03646869815829
H            3.55160292740103        0.88637619695380        2.06651612084171
H            5.69589676576913        0.73281719438465        1.05274831404116
H            5.11398648741447        2.17020048796245        0.19898643122032
H            5.89821479534273        0.02772092303926       -1.26162352716163
H            4.39114285536832        0.84559600048062       -1.69922912713782
H            3.52517916175043       -1.33506016933509       -1.37766981181764
H            4.72939584636217       -1.72811277585155       -0.11655631402130
68
 energy: -106.573455072443 gnorm: 0.004884767997 xtb: 6.7.1-6.fc44.fc44
O            1.24721948725872       -0.37270856232352        1.63471286047711
O            1.02524211694208       -0.91507168836461       -1.61010307105415
O           -3.38151554750679       -2.62176517061008       -0.14687103737657
O           -3.16419874102177        3.09929690249397        0.32707717614916
O           -1.27190846578151        1.63529006597940       -1.38497791447183
O            2.34764167027230        2.93645515271562        1.21160511008210
N            0.36412855240073       -2.44053274704021       -0.12930189914390
N           -2.16222630093003       -0.90142915833838       -0.95084816984570
N           -3.81334394068766        0.96363108156136        0.23982885258735
N           -0.54150323509858        2.12446766637738        0.68820685826139
N            1.96102078703013        1.74074255764241       -0.66212281640370
N            3.17804132766075       -0.45717203159860        0.50123674063019
C            2.01232037696902       -0.98509897102610        0.90772433852567
C            1.69085466978519       -2.41979753840350        0.48434578418626
C            1.56337353404412       -3.34230967537797        1.69971349597363
C            0.40221871007171       -4.25862727636767        1.32414982330234
C           -0.54081555272294       -3.29972396589219        0.60720281371743
C            0.13263711527338       -1.63679105754177       -1.17342176938466
C           -1.27018885428200       -1.67528315392465       -1.79130440201598
C           -1.25289676485473       -1.08879231976720       -3.19763060732834
C           -3.13684336988455       -1.43005790421387       -0.20989254490738
C           -3.91954512548678       -0.41470930563228        0.66034617979896
C           -5.39044414419568       -0.82416719588231        0.69681864937730
C           -2.94352312292097        1.93880759964093        0.59681657933374
C           -1.67863470297089        1.52808362494799        1.36610908027448
C           -1.75224046497367        2.05781788094022        2.79300094125369
C           -0.41957653251312        2.09684210201453       -0.63907265078820
C            0.92120724859133        2.62899562137099       -1.15544664491649
C            0.95219018041521        2.66856697235612       -2.67445921203748
C            2.53949070758528        1.94359279229650        0.53230882534725
C            3.54141713552539        0.86964802268878        0.96938814035653
C            4.92992559458271        1.11136386679659        0.37211297377051
C            4.89950475826754        0.28972028350872       -0.91364330172436
C            4.08126733355353       -0.94332622446480       -0.52633145852507
H            2.42033756500723       -2.79722982696242       -0.23721279064726
H            2.48613860118664       -3.88087008186447        1.90202419626580
H            1.29993756535890       -2.74551828398141        2.57411660105476
H            0.73915288362107       -5.03873342082827        0.63936290358733
H           -0.06486286360410       -4.72614075978431        2.18808976948930
H           -1.25421520005627       -3.80042064118935       -0.04506641937798
H           -1.10721855417932       -2.70915259439854        1.33439234841330
H           -2.04363096454709        0.11136388838403       -1.03517180288531
H           -1.63824042428603       -2.70686388950919       -1.80550666332569
H           -0.50012983393277       -1.58689808328585       -3.80257014985135
H           -1.01808941877592       -0.02948263022350       -3.14060279923165
H           -2.22799013063166       -1.21114996916855       -3.66021761841321
H           -4.58246564667475        1.30172527497412       -0.32450686153316
H           -3.50723686828960       -0.51480347062116        1.67324552768408
H           -5.84055064294624       -0.69003254999191       -0.28424155191403
H           -5.93842054957979       -0.22999003482393        1.42457163947359
H           -5.45975885271832       -1.87559193596668        0.96189422762098
H            0.20623943649941        2.49899717071255        1.25894135207752
H           -1.54903827314719        0.43913741379752        1.37182437569033
H           -2.64276013317423        1.67272865509717        3.29010823762653
H           -1.81624346132898        3.14259237816513        2.76830855185860
H           -0.86844120792313        1.75590822002054        3.34735960254418
H            1.95016363295011        0.81590097684943       -1.08082637299384
H            1.10534451992549        3.61939757008403       -0.72391281470434
H            0.85627731125938        1.65830508474616       -3.06542667236195
H            1.88525110948931        3.10133497796279       -3.02467010846427
H            0.12002097108693        3.26185423712834       -3.04154877540889
H            3.54999609957469        0.88909829129581        2.06466036048482
H            5.69453359375028        0.73136290560908        1.05007476792711
H            5.11383726749966        2.16907407998447        0.19643153632434
H            5.89542449780844        0.02578998062735       -1.26462920093094
H            4.38786593282687        0.84382100779693       -1.70012944787695
H            3.52096186984740       -1.33657201156823       -1.37723170933676
H            4.72721795198204       -1.73056053318659       -0.11873251579384
68
 energy: -106.573483022185 gnorm: 0.004094222906 xtb: 6.7.1-6.fc44.fc44
O            1.25056845070043       -0.37459089609292        1.64028366857206
O            1.02708231129619       -0.91362046096561       -1.60716137694478
O           -3.38265359995624       -2.62147001139852       -0.15001109823929
O           -3.16755195800010        3.09909495226519        0.32868552855641
O           -1.27283726519282        1.63676140922403       -1.38602211745041
O            2.35236966621518        2.93795722966315        1.20822658554934
N            0.36412310924518       -2.43835558296552       -0.12714983728982
N           -2.16169300933230       -0.89961249590785       -0.95167493123793
N           -3.81403077853374        0.96279763845819        0.24119657673498
N           -0.54336738157260        2.12693768680809        0.68716506538946
N            1.95778795667954        1.73785913967262       -0.66172383561376
N            3.17769560805532       -0.45747526424364        0.50175048167936
C            2.01341982695219       -0.98641928816700        0.91095535020594
C            1.69065312101070       -2.41997713471072        0.48657906807214
C            1.56160355875242       -3.34298162629401        1.70114967584423
C            0.40018799435956       -4.25832152132309        1.32458783699988
C           -0.54170895256676       -3.29870562631400        0.60689329961322
C            0.13373248769803       -1.63479412906021       -1.17134456462444
C           -1.26840297571789       -1.67313120682806       -1.79104078553934
C           -1.24897859763955       -1.08641212929112       -3.19772141733052
C           -3.13697764988364       -1.42956913544276       -0.21192088965471
C           -3.91937752413878       -0.41624640736511        0.66063298786986
C           -5.38975059971067       -0.82675764312244        0.69644958657463
C           -2.94570413795723        1.93875890414337        0.59886037256704
C           -1.67916288344023        1.52817538981673        1.36675563374498
C           -1.75096424471828        2.05736710770268        2.79403456488360
C           -0.42107872133382        2.09916531436136       -0.64037408153602
C            0.92067815839849        2.62931178514297       -1.15583363168779
C            0.95392145208310        2.66700750273550       -2.67508000592732
C            2.53968952928470        1.94289742740326        0.53037314667037
C            3.54134416705917        0.86960514043652        0.96863105523722
C            4.92931257467253        1.11078369724836        0.37045121485855
C            4.89730968374743        0.28871745649727       -0.91495639874544
C            4.07965663146784       -0.94402352446766       -0.52703703887057
H            2.41966742139084       -2.79816468426620       -0.23499647426259
H            2.48482807546324       -3.88077017395460        1.90552461442472
H            1.29789745962565       -2.74632195643620        2.57540759674721
H            0.73714784774723       -5.03786400475005        0.63938740334003
H           -0.06726694029144       -4.72410078046328        2.18763635280668
H           -1.25240074315507       -3.79934647938253       -0.04842755638655
H           -1.10751358699011       -2.70671896546056        1.33407343335432
H           -2.04307900366099        0.11398418040853       -1.03335709367108
H           -1.63708817278371       -2.70453023126938       -1.80654283962739
H           -0.49851761278525       -1.58730745702015       -3.80437481567953
H           -1.01193495063839       -0.02667925270845       -3.14217068990151
H           -2.22510645873295       -1.20589096179983       -3.65902404266938
H           -4.58351260578424        1.30019656993111       -0.32341906362323
H           -3.50612094140702       -0.51743578139296        1.67289147452630
H           -5.83948202127201       -0.69371871355249       -0.28488964669363
H           -5.93560561994150       -0.23295706014337        1.42482671579631
H           -5.45955150392751       -1.87740462762412        0.96339602216239
H            0.20226772542031        2.50456998415102        1.25673691291161
H           -1.54829354195523        0.43932062332947        1.36881389818336
H           -2.63610397439489        1.66566930843843        3.29463038813130
H           -1.82173036375668        3.14253986532739        2.77356148798043
H           -0.86225533602530        1.75978652198635        3.34342376127606
H            1.94333925302447        0.81231398567085       -1.07971066491313
H            1.10607846652345        3.61922273513016       -0.72450951172778
H            0.86008848918054        1.65606580772961       -3.06475772622077
H            1.88691755116353        3.10119141598071       -3.02456196153118
H            0.12131711008102        3.25836376589533       -3.04445743608264
H            3.54952668985627        0.89148433043112        2.06384828193659
H            5.69468087998477        0.73100094177296        1.04749156375006
H            5.11320394394667        2.16840174194011        0.19421906505411
H            5.89276113336523        0.02459885226142       -1.26709680839044
H            4.38509952315387        0.84352833048078       -1.70057477919818
H            3.51778558552035       -1.33757999268353       -1.37659941821567
H            4.72576443834738       -1.73184189313392       -0.12052868596544
68
 energy: -106.573503920470 gnorm: 0.003684750015 xtb: 6.7.1-6.fc44.fc44
O            1.25230093649808       -0.37663700550685        1.64665380810968
O            1.02801285147523       -0.91193938565036       -1.60700171159747
O           -3.38429930793093       -2.62122663860175       -0.15248042784853
O           -3.17032580050809        3.09858716214307        0.32938240362206
O           -1.27289195176368        1.63731175710791       -1.38775960091849
O            2.35643844432111        2.93939228655299        1.20602492503614
N            0.36435521135918       -2.43616219373185       -0.12672853643372
N           -2.16126375309464       -0.89873445731290       -0.95280807915862
N           -3.81469333140317        0.96178835893666        0.24283190973355
N           -0.54496062148620        2.12813631079303        0.68618391618924
N            1.95600850448651        1.73572304418237       -0.66099040749321
N            3.17732060241079       -0.45741164942795        0.50221268941090
C            2.01398867642800       -0.98674028162107        0.91377001301638
C            1.69022926315814       -2.41890704079621        0.48781520676839
C            1.55925534259729       -3.34197513347960        1.70224065753827
C            0.39746904103158       -4.25700781766799        1.32504699526039
C           -0.54286816481720       -3.29677124882365        0.60583017787918
C            0.13455674014329       -1.63283604003346       -1.17135415107704
C           -1.26723999415782       -1.67178444144317       -1.79169910630085
C           -1.24555822168308       -1.08641167567168       -3.19921404043627
C           -3.13724865229076       -1.42936025922795       -0.21375914243979
C           -3.91880497022204       -0.41807175260171        0.66040425048869
C           -5.38900128730214       -0.82836180093694        0.69793201899403
C           -2.94780519978927        1.93863296019597        0.60014685144531
C           -1.67991685471651        1.52846805017584        1.36733119703640
C           -1.74904692721218        2.05581500635215        2.79520273465982
C           -0.42199395840300        2.10026292028625       -0.64170820727069
C            0.92126004330154        2.62951943119838       -1.15556810270798
C            0.95570936146040        2.66545579415242       -2.67501527549582
C            2.54016799163701        1.94265177510106        0.52962094288524
C            3.54161858403224        0.86980570360687        0.96856818088518
C            4.92891796819940        1.11038700010798        0.36904247830490
C            4.89504041178167        0.28843734644731       -0.91684873525830
C            4.07805511699457       -0.94407097088315       -0.52770504289847
H            2.41956305969005       -2.79811525479787       -0.23310744743768
H            2.48325404139107       -3.87897470451823        1.90793163503491
H            1.29402059263643       -2.74503657859914        2.57611179127870
H            0.73482962373343       -5.03589075571100        0.63960819324307
H           -0.06877984434670       -4.72613507473672        2.18861716930177
H           -1.25316748929160       -3.79815786426235       -0.04986082970726
H           -1.10999592016798       -2.70561846701499        1.33332215137156
H           -2.04092996117666        0.11498204266482       -1.03124407999139
H           -1.63581234435525       -2.70352270317946       -1.80800208053218
H           -0.49661979414186       -1.58740142977591       -3.80617871478416
H           -1.00580806130350       -0.02712623583787       -3.14253238348841
H           -2.22186541803774       -1.20402776718098       -3.66102298063676
H           -4.58440740750066        1.29854404597961       -0.32126124525764
H           -3.50463060937240       -0.52001546027516        1.67213387511469
H           -5.83978333236457       -0.69463324073060       -0.28344234525842
H           -5.93588547980528       -0.23366297412521        1.42474624108139
H           -5.45847597244923       -1.87912358993721        0.96482475011003
H            0.19830240447405        2.50980939105283        1.25424186500197
H           -1.54822492417082        0.43958876118861        1.36852975714459
H           -2.62829732987686        1.65809892091778        3.29999055263076
H           -1.82715274499319        3.14068787161330        2.77709721733980
H           -0.85544016999362        1.76340693622616        3.33956704151761
H            1.93877376450309        0.80952616244322       -1.07782900491350
H            1.10845411003221        3.61938050730859       -0.72506201525304
H            0.86354228878947        1.65397381237813       -3.06403470235836
H            1.88915731963261        3.10042208755088       -3.02336420871102
H            0.12276889650626        3.25563924243750       -3.04594049210829
H            3.54993938505935        0.89357258010762        2.06359834154465
H            5.69565986268974        0.73117903356715        1.04539959949269
H            5.11246315294207        2.16791083548225        0.19212354242525
H            5.88985071115911        0.02405990667105       -1.27001454629914
H            4.38208724690338        0.84397479109124       -1.70143677853767
H            3.51493557870249       -1.33701334926044       -1.37665161566361
H            4.72459289424363       -1.73192695021703       -0.12197959607088
68
 energy: -106.573522332485 gnorm: 0.003225462242 xtb: 6.7.1-6.fc44.fc44
O            1.25387193305120       -0.37757564558312        1.65097522073800
O            1.02849433256319       -0.91218954658886       -1.60805398287225
O           -3.38598346411390       -2.62119022923054       -0.15447198259162
O           -3.17187895681841        3.09826421440422        0.33093654785622
O           -1.27251057953065        1.63809913336327       -1.38906304359688
O            2.35898696225606        2.94099641402910        1.20445825972051
N            0.36411054071995       -2.43578161577960       -0.12668088459582
N           -2.16091493896417       -0.89903689298236       -0.95400169772848
N           -3.81475972929342        0.96097644021588        0.24417655344856
N           -0.54596112446115        2.12892494574117        0.68579905101646
N            1.95514345358553        1.73431374899320       -0.66028071762439
N            3.17654862461903       -0.45731404221308        0.50265343092686
C            2.01417719395166       -0.98719380460462        0.91628893224322
C            1.68925874119528       -2.41848892892446        0.48938819849144
C            1.55659874218223       -3.34084889090117        1.70432717057919
C            0.39579867505505       -4.25628441179633        1.32517321816070
C           -0.54386693225249       -3.29608266474779        0.60491800205395
C            0.13495560874452       -1.63284372425182       -1.17213913079785
C           -1.26671767043186       -1.67173109828140       -1.79263281829868
C           -1.24299506993039       -1.08685140407247       -3.20043077449584
C           -3.13754876401753       -1.42958142534696       -0.21542863983906
C           -3.91803657761467       -0.41953036891666        0.65979048098270
C           -5.38862723944258       -0.82911071523623        0.69893396780776
C           -2.94903277531507        1.93848880563126        0.60098489165360
C           -1.68018412379411        1.52866937633443        1.36751318977815
C           -1.74712793393612        2.05416810289266        2.79585107426415
C           -0.42242567134724        2.10129740705922       -0.64227178545466
C            0.92185337731348        2.62928748818203       -1.15534949774733
C            0.95726045898422        2.66489689500379       -2.67480402917665
C            2.54045605095625        1.94307384908598        0.52958326207072
C            3.54164348189421        0.86996419270262        0.96879096462347
C            4.92833786895527        1.11060289894076        0.36801367508415
C            4.89298817291402        0.28887666098653       -0.91819057759629
C            4.07606287052664       -0.94362382676006       -0.52846302068172
H            2.41930852177847       -2.79911060559636       -0.23039527370750
H            2.48123267754826       -3.87707181192552        1.91112579822762
H            1.28896210295778       -2.74281879176083        2.57697560870774
H            0.73394052334897       -5.03490164383732        0.64013262583890
H           -0.07171451888323       -4.72339523506730        2.18785389473866
H           -1.25362795368382       -3.79676951188056       -0.05178873810103
H           -1.11114595157365       -2.70272250338526        1.33051607274928
H           -2.03912275140566        0.11453846128705       -1.03106023015444
H           -1.63547380797807       -2.70321562473238       -1.80915934530197
H           -0.49552748722793       -1.59080288007571       -3.80733218322546
H           -1.00096459104689       -0.02897634137578       -3.14321479182778
H           -2.21935484582152       -1.20203593515989       -3.66324608204582
H           -4.58540265499318        1.29807137583171       -0.31848118815187
H           -3.50288503103873       -0.52234769021342        1.67115607493462
H           -5.83911502630791       -0.69505448765271       -0.28256805527600
H           -5.93397052939070       -0.23380178923253        1.42665654077641
H           -5.45797248732655       -1.88023817154032        0.96505905374334
H            0.19734345452172        2.51298864355103        1.25364534702729
H           -1.54802142129551        0.43979848189895        1.36842340919527
H           -2.62057632783423        1.64964723535170        3.30469345481504
H           -1.83298466883355        3.13903434720508        2.78028944481428
H           -0.84889520947980        1.76744657688211        3.33576904320901
H            1.93601340782974        0.80763617341357       -1.07567943913119
H            1.11036242693096        3.61897806547912       -0.72560832974044
H            0.86591179961251        1.65323267342600       -3.06310821748099
H            1.89058115430148        3.09992548007591       -3.02304685063526
H            0.12405542534111        3.25429414138082       -3.04642359940028
H            3.55061074439707        0.89449152584441        2.06359102848187
H            5.69633324787973        0.73118391098970        1.04304775953096
H            5.11180042916578        2.16817653278471        0.19104498983895
H            5.88721860239866        0.02426650771656       -1.27216569064538
H            4.37928464467754        0.84492155086922       -1.70190554090737
H            3.51227103572512       -1.33562971138582       -1.37726478442432
H            4.72325375177774       -1.73104064407213       -0.12334586832187
68
 energy: -106.573551270765 gnorm: 0.001506884787 xtb: 6.7.1-6.fc44.fc44
O            1.25361331903772       -0.37654496957769        1.65036386719494
O            1.02757514447247       -0.91211378592940       -1.60894358281889
O           -3.38655039513842       -2.62129230740852       -0.15535117462167
O           -3.17038654403258        3.09833079625981        0.33072053452218
O           -1.27213246093165        1.63725585211387       -1.38879992460225
O            2.35851369120096        2.94254593661807        1.20390942127076
N            0.36388031996291       -2.43637149762631       -0.12735348174464
N           -2.16118015846502       -0.89978742094907       -0.95483048694575
N           -3.81441854813682        0.96108278156968        0.24437082858606
N           -0.54539289444545        2.12887472000824        0.68584922858104
N            1.95590236853528        1.73522143561975       -0.65998499371942
N            3.17643177346168       -0.45682581074229        0.50269003139599
C            2.01386632684609       -0.98637679176539        0.91593535580921
C            1.68875115579766       -2.41816836923652        0.48936688420290
C            1.55556524874526       -3.34011666989732        1.70477799096851
C            0.39526501805775       -4.25606003673024        1.32517053319227
C           -0.54420959148955       -3.29621175832355        0.60462282985945
C            0.13455173545747       -1.63367984693278       -1.17313076700592
C           -1.26728074900336       -1.67283177584644       -1.79344043147779
C           -1.24398184646706       -1.08736950598658       -3.20062601325786
C           -3.13747686230664       -1.42978580971227       -0.21570105732892
C           -3.91763812633236       -0.41939094990813        0.65994179582214
C           -5.38836845580468       -0.82902377963289        0.69893560699252
C           -2.94798786504325        1.93840516788314        0.60077191699569
C           -1.67937873153797        1.52869667525478        1.36720279268185
C           -1.74716493465555        2.05466149463702        2.79532060756071
C           -0.42197710309431        2.10067549844094       -0.64196897685975
C            0.92183228786188        2.62877145760625       -1.15543735234873
C            0.95710991415878        2.66501966545113       -2.67481554179012
C            2.54090722253683        1.94441106681266        0.52995124530707
C            3.54167259647943        0.87040647304143        0.96912666565934
C            4.92843461658732        1.11089742528161        0.36826876053397
C            4.89305071829467        0.28960077666735       -0.91802208675903
C            4.07575278628780       -0.94292301126464       -0.52848513177884
H            2.41924618124320       -2.79904713768047       -0.22963842148582
H            2.47927282924519       -3.87701196964357        1.91160271824285
H            1.28735405780094       -2.74177049472458        2.57703487872123
H            0.73408636132307       -5.03519358728606        0.64082396848483
H           -0.07304772509647       -4.72315440455688        2.18777880393318
H           -1.25402799283276       -3.79704808310763       -0.05177788480416
H           -1.11159784314805       -2.70346572143829        1.33042549448905
H           -2.03996605303394        0.11372510980683       -1.03284218282987
H           -1.63546823896329       -2.70440219550418       -1.80945431288748
H           -0.49588805836544       -1.59199694938548       -3.80595268573993
H           -1.00113456652531       -0.02959959378953       -3.14421184223666
H           -2.21965518218249       -1.20221082486642       -3.66496514692856
H           -4.58501129531479        1.29849891587903       -0.31820545293017
H           -3.50232948523462       -0.52264689212070        1.67126267713946
H           -5.83971299456150       -0.69444558934797       -0.28191196914936
H           -5.93354929625090       -0.23440184390130        1.42740181144027
H           -5.45803006830828       -1.88016361999055        0.96449032496093
H            0.19811667599805        2.51244941543409        1.25383158142407
H           -1.54666182799781        0.43994184593609        1.36827609209038
H           -2.61335020466634        1.64249345769348        3.30857822087980
H           -1.83800225884375        3.13856886373050        2.77934624742782
H           -0.84656063672555        1.77278137735468        3.33450733730579
H            1.93804825804272        0.80790193042976       -1.07318712673246
H            1.10990082011731        3.61852807896238       -0.72541429787920
H            0.86550525088124        1.65348773533664       -3.06361500279760
H            1.89038509606974        3.09993725760537       -3.02285086095435
H            0.12423668767844        3.25490629902333       -3.04610437734352
H            3.55111479938927        0.89350270543896        2.06407335857165
H            5.69616286099886        0.73067374562138        1.04314022304922
H            5.11219989366951        2.16847702271434        0.19187956011732
H            5.88727123824103        0.02509403536214       -1.27201938594323
H            4.37899812208627        0.84549538203623       -1.70164240039443
H            3.51191142165777       -1.33504032388987       -1.37715667723049
H            4.72273642098715       -1.73050743048504       -0.12342971753493
68
 energy: -106.573580427606 gnorm: 0.002191662070 xtb: 6.7.1-6.fc44.fc44
O            1.25162160761163       -0.37355001376044        1.64846402315257
O            1.02516048969009       -0.91222776682357       -1.61095561628940
O           -3.38822702298784       -2.62185040328708       -0.15717780516486
O           -3.16573861151993        3.09754177204736        0.33027054036715
O           -1.27072444552361        1.63505511192508       -1.38803873242375
O            2.35847638576844        2.94617625887462        1.20364496945926
N            0.36268355821644       -2.43751695083658       -0.12915973804547
N           -2.16230281008307       -0.90169671693277       -0.95709394581027
N           -3.81330949242035        0.96093547433734        0.24521887531444
N           -0.54360453486655        2.12859130516190        0.68609588516027
N            1.95804437402670        1.73791214954546       -0.65934264319811
N            3.17522588007626       -0.45540048724297        0.50256321244075
C            2.01189010000510       -0.98402874942980        0.91478775871472
C            1.68673718510150       -2.41716933438848        0.48940119669592
C            1.55245540843788       -3.33775704893918        1.70622608413409
C            0.39316273744022       -4.25483877283518        1.32556202383679
C           -0.54581060679116       -3.29638007391153        0.60322681438263
C            0.13293549664928       -1.63487330636649       -1.17516244428903
C           -1.26899648891178       -1.67532930257666       -1.79593006823855
C           -1.24502389755946       -1.09038377064998       -3.20251093287079
C           -3.13804580241768       -1.43048423104111       -0.21685165708222
C           -3.91681223995184       -0.41940215550329        0.66029230852566
C           -5.38776893715347       -0.82866424553352        0.69986952632347
C           -2.94483306836206        1.93729202683862        0.60061713269892
C           -1.67667005326775        1.52765055352255        1.36683504725570
C           -1.74539980988695        2.05463367065991        2.79446045725056
C           -0.42051984056871        2.09918498429379       -0.64127375185094
C            0.92215616202801        2.62818112655699       -1.15552555153863
C            0.95714789334152        2.66553826989027       -2.67471885598226
C            2.54171001993670        1.94727753746557        0.53163549842804
C            3.54149322080666        0.87143004822074        0.97021454851556
C            4.92854784944052        1.11135170122535        0.36935216515860
C            4.89240863586294        0.29161281178376       -0.91757151707514
C            4.07434921927585       -0.94106049131361       -0.52869718869545
H            2.41873804702813       -2.79859766552746       -0.22749033123854
H            2.47478340957988       -3.87524314520460        1.91394042320072
H            1.28241392028730       -2.73833249474261        2.57707763925499
H            0.73405344832100       -5.03519382028622        0.64330962577211
H           -0.07682247503443       -4.72174173191373        2.18795567808362
H           -1.25561194818264       -3.79762596487638       -0.05277608250374
H           -1.11348067700486       -2.70398374578688        1.32879297278277
H           -2.04214455328405        0.11170857161966       -1.03701622570584
H           -1.63632866610685       -2.70699201024194       -1.81099998622673
H           -0.49570733071696       -1.59593592736284       -3.80556275553205
H           -1.00104996142972       -0.03277146673503       -3.14697785548621
H           -2.21952347184132       -1.20449164741928       -3.66937890901726
H           -4.58362905447613        1.29954516231759       -0.31701966833510
H           -3.50087747787317       -0.52380134642503        1.67127423643394
H           -5.84072310459191       -0.69157458003928       -0.27960923452926
H           -5.93194878608310       -0.23585025917541        1.43078764368866
H           -5.45778684018572       -1.88027485611954        0.96308235645654
H            0.20037562256891        2.51094567801146        1.25438163586397
H           -1.54273813969310        0.43907394342214        1.36831597135642
H           -2.59231382372379        1.61918739990479        3.31917909178387
H           -1.85797375054249        3.13563288199182        2.77692682486289
H           -0.83374343339213        1.79251000982669        3.32807360333316
H            1.94360226493462        0.80879200977253       -1.06729697586587
H            1.10877974306059        3.61825109979755       -0.72491434450169
H            0.86422855214493        1.65439377964086       -3.06454333408187
H            1.89068046813649        3.09966875026074       -3.02242250179777
H            0.12505874180531        3.25690716262150       -3.04498415844489
H            3.55176149755356        0.89152537637532        2.06539153565286
H            5.69568197062797        0.72893401025765        1.04367846333351
H            5.11345990119787        2.16893921172509        0.19464148028098
H            5.88643616012842        0.02714558048012       -1.27188668297151
H            4.37791607517470        0.84786793280380       -1.70070545930914
H            3.51062963109164       -1.33297632297942       -1.37748858531153
H            4.72108970335334       -1.72905291452830       -0.12398426398952
68
 energy: -106.573592202352 gnorm: 0.001742852071 xtb: 6.7.1-6.fc44.fc44
O            1.25050896542974       -0.37274185574739        1.64771930568930
O            1.02485236727409       -0.91220983075629       -1.61098594645399
O           -3.38869428045390       -2.62212039506662       -0.15766255281631
O           -3.16470270211752        3.09686423791679        0.33063344956235
O           -1.27004075979945        1.63458001429090       -1.38808635357230
O            2.35902399188384        2.94628414918484        1.20436731897808
N            0.36230792468410       -2.43756564502509       -0.12950438376560
N           -2.16260352341466       -0.90202752984945       -0.95780733042039
N           -3.81282676019003        0.96059398752865        0.24557741859910
N           -0.54307633835754        2.12843581673240        0.68602325843800
N            1.95866979774834        1.73872806852801       -0.65951352543705
N            3.17455475047462       -0.45514107370854        0.50245251581432
C            2.01099190531132       -0.98355158664280        0.91452412771407
C            1.68607196091867       -2.41679038221721        0.48951893621291
C            1.55138114302393       -3.33681447202834        1.70670264067322
C            0.39238607692592       -4.25431321790067        1.32603739781702
C           -0.54637556711974       -3.29625798340006        0.60285383866916
C            0.13268711945295       -1.63500504323542       -1.17555896895286
C           -1.26920229440544       -1.67570663500748       -1.79654360855935
C           -1.24488993698381       -1.09128485924739       -3.20340711046090
C           -3.13837849485158       -1.43078216743845       -0.21747954865230
C           -3.91654271456454       -0.41979018096178        0.66020474703796
C           -5.38757973664725       -0.82857978033957        0.70044599565001
C           -2.94405824546726        1.93656652991019        0.60097142643867
C           -1.67574722480871        1.52679983347877        1.36700938906997
C           -1.74412536223971        2.05368226288923        2.79467653475958
C           -0.42002954892406        2.09905715107040       -0.64141529907999
C            0.92252816092137        2.62869833823411       -1.15553701106799
C            0.95744301345531        2.66588867778326       -2.67472712481702
C            2.54203247671306        1.94760836255989        0.53189258519320
C            3.54122700053824        0.87147087995077        0.97050279433496
C            4.92838742675846        1.11111788063045        0.36983716627430
C            4.89190842231550        0.29185717996950       -0.91742626609263
C            4.07373967268109       -0.94080136193528       -0.52882497064164
H            2.41846504205239       -2.79839275180800       -0.22694630189008
H            2.47400331374997       -3.87376249792894        1.91519775595600
H            1.28088034952706       -2.73704656394397        2.57715388641671
H            0.73364069117115       -5.03475872956292        0.64414053951548
H           -0.07772721987811       -4.72092636767364        2.18840786023208
H           -1.25582651000598       -3.79790234257342       -0.05326000473232
H           -1.11442472274947       -2.70332660276709        1.32779632294301
H           -2.04207935799515        0.11138185370365       -1.03737437423205
H           -1.63668626641242       -2.70735790646272       -1.81152232494881
H           -0.49566668079046       -1.59694880221311       -3.80655218792342
H           -1.00093981356391       -0.03365297840514       -3.14799081477182
H           -2.21943992666153       -1.20560405997272       -3.67013207189767
H           -4.58307430472722        1.29958959421408       -0.31650348458248
H           -3.50014167516245       -0.52450932172687        1.67093140088474
H           -5.84096282299196       -0.69035892994097       -0.27873920031114
H           -5.93109866400480       -0.23623125976903        1.43220945237179
H           -5.45761476915684       -1.88046596599035        0.96269562556447
H            0.20086172243882        2.51083433005029        1.25427941967282
H           -1.54158272406335        0.43822282811505        1.36830615494976
H           -2.58655709197132        1.61211854627960        3.32170300222200
H           -1.86606960213769        3.13383670457793        2.77733090195567
H           -0.82834165359549        1.79948888252443        3.32500234724623
H            1.94456898843039        0.80939621952984       -1.06720157401470
H            1.10874650059872        3.61887075313946       -0.72499796102398
H            0.86394977116099        1.65477581902543       -3.06440530076897
H            1.89122855268568        3.09950802415399       -3.02254187626771
H            0.12553734123302        3.25761596599961       -3.04493728988262
H            3.55125730866478        0.89160164437467        2.06563950312132
H            5.69539737289402        0.72827576132659        1.04406890848002
H            5.11366524455967        2.16871567806674        0.19550675337395
H            5.88580849120965        0.02726247937191       -1.27203053966570
H            4.37754465633067        0.84865499438673       -1.70024779768768
H            3.51004936269029       -1.33247913173994       -1.37776840720453
H            4.72050463458137       -1.72883559406915       -0.12420972268347
68
 energy: -106.573606212257 gnorm: 0.002170430176 xtb: 6.7.1-6.fc44.fc44
O            1.24493703482908       -0.36860556494140        1.64386179580069
O            1.02343221748471       -0.91180818634993       -1.61114771802180
O           -3.39102024708794       -2.62365276069961       -0.16157607339507
O           -3.16030420144658        3.09355783034459        0.33365771178204
O           -1.26610984149916        1.63230014556077       -1.38876376940481
O            2.36104032802799        2.94610027284622        1.20807128593846
N            0.36014516636550       -2.43738626038941       -0.13095705090822
N           -2.16395708572245       -0.90355897840363       -0.96196720808627
N           -3.80995445955133        0.95859490441947        0.24735043331023
N           -0.54030271258820        2.12799364494604        0.68534377884596
N            1.96164204824054        1.74290784286159       -0.66058933349850
N            3.17114830789924       -0.45405247942548        0.50198705187284
C            2.00634579964957       -0.98117820463056        0.91304621367838
C            1.68251682613630       -2.41475227867279        0.49039016960607
C            1.54576416243386       -3.33148652084877        1.70961419730688
C            0.38846794678067       -4.25103064129605        1.32894622703303
C           -0.54949596476898       -3.29548585012159        0.60108747287014
C            0.13129762677696       -1.63507423074597       -1.17728121173557
C           -1.26994018533487       -1.67751091615822       -1.79979990743880
C           -1.24463043487861       -1.09555744769179       -3.20815200500215
C           -3.13953638810385       -1.43254740307298       -0.22108762987017
C           -3.91464517817245       -0.42228639745322        0.65945554411685
C           -5.38615803074991       -0.82858959666034        0.70349177283688
C           -2.94033293610452        1.93293205137419        0.60320651278957
C           -1.67084956585592        1.52285088726805        1.36787670559532
C           -1.73743446458138        2.04817957372541        2.79608521803906
C           -0.41737687069128        2.09888611090897       -0.64246092061860
C            0.92462027901573        2.63198021129491       -1.15587017457776
C            0.95932778437651        2.66833793748687       -2.67514043958331
C            2.54283816549493        1.94875714216694        0.53293466078223
C            3.53965532190492        0.87150847381070        0.97162743005815
C            4.92764021205761        1.10942646799682        0.37244772808270
C            4.88942598601908        0.29259995064722       -0.91653844823745
C            4.07046651814743       -0.93977267071356       -0.52945512928916
H            2.41668119976148       -2.79762568818565       -0.22389560552688
H            2.46967922199563       -3.86569001705469        1.92281263393566
H            1.27256737693109       -2.72966628728181        2.57781492787920
H            0.73158239214262       -5.03207221343435        0.64898504378510
H           -0.08242428802993       -4.71579919649621        2.19134111186187
H           -1.25663484521055       -3.79962716611263       -0.05574972568430
H           -1.12004018000246       -2.70026348707948        1.32259388839623
H           -2.04066690913399        0.10984579735822       -1.03848700334400
H           -1.63787603505425       -2.70919302821005       -1.81408474759276
H           -0.49597678950918       -1.60205324945931       -3.81151507584676
H           -1.00087549077743       -0.03786473931634       -3.15369284129018
H           -2.21958368617725       -1.21103446775694       -3.67384496682379
H           -4.57996106415079        1.29933999813692       -0.31396057484284
H           -3.49548019513857       -0.52895188841445        1.66876816538091
H           -5.84248045750513       -0.68418223588059       -0.27372549335305
H           -5.92578186119653       -0.23881696447941        1.44004792882320
H           -5.45669645881059       -1.88189078253206        0.96040074740774
H            0.20318742892746        2.51145432428266        1.25324917462574
H           -1.53495996175687        0.43441484270309        1.36773912572567
H           -2.55559210007508        1.57381635348737        3.33548533003299
H           -1.90817321199397        3.12373403123721        2.78017871089697
H           -0.80122750303904        1.83529450858864        3.30911140667309
H            1.94808853552208        0.81326974885316       -1.06846147525657
H            1.10883241090448        3.62248755610324       -0.72562080420512
H            0.86274331925405        1.65727227122584       -3.06382355709444
H            1.89448597286646        3.09901050483984       -3.02353667734762
H            0.12877972023682        3.26207547801225       -3.04558075754425
H            3.54813935232300        0.89212593135813        2.06656967974953
H            5.69387689301334        0.72421706404096        1.04623711125987
H            5.11499119500015        2.16703499591308        0.19998998724057
H            5.88266578070090        0.02733816415367       -1.27266203096518
H            4.37560529209301        0.85221423052251       -1.69766984506699
H            3.50658151518642       -1.33021581287514       -1.37891555367988
H            4.71698449047535       -1.72823599318872       -0.12531368233457
68
 energy: -106.573613241784 gnorm: 0.000884322887 xtb: 6.7.1-6.fc44.fc44
O            1.24592614726286       -0.36923988353736        1.64448303565441
O            1.02384022927507       -0.91174459693328       -1.61103698373551
O           -3.39054240726438       -2.62345779289303       -0.16151988992315
O           -3.16158100376049        3.09416584368333        0.33372778805677
O           -1.26678176275713        1.63283350892092       -1.38882488058945
O            2.36023306234046        2.94582854521367        1.20730965714948
N            0.36045166528239       -2.43721775237925       -0.13058757779976
N           -2.16368174486957       -0.90315538062818       -0.96143356617029
N           -3.81031145029978        0.95877285109887        0.24702492791741
N           -0.54084585638775        2.12819517191964        0.68532836851281
N            1.96095883398058        1.74207763669059       -0.66059096903459
N            3.17179314256669       -0.45432142421360        0.50215831199079
C            2.00716933761760       -0.98157911641431        0.91329344530650
C            1.68309024279180       -2.41501559431284        0.49036084917327
C            1.54658798369869       -3.33213796754201        1.70930047905810
C            0.38908994427653       -4.25138075974665        1.32869043630023
C           -0.54902906955586       -3.29553940372403        0.60141607994078
C            0.13161798033963       -1.63492920131842       -1.17696718447166
C           -1.26961809038633       -1.67701203402912       -1.79926004491471
C           -1.24462617131316       -1.09462193051761       -3.20739516985286
C           -3.13925724997090       -1.43230553207404       -0.22077457009772
C           -3.91475577372629       -0.42210229310781        0.65952241453349
C           -5.38616540299675       -0.82883966046545        0.70314079661583
C           -2.94115802163152        1.93356896067211        0.60302935684525
C           -1.67169736935283        1.52359464138509        1.36769284808927
C           -1.73841221430593        2.04877252267915        2.79596393573026
C           -0.41793170486956        2.09919048168105       -0.64242394111105
C            0.92421969689273        2.63164049875143       -1.15594984572248
C            0.95909771184402        2.66813767117984       -2.67522401740762
C            2.54250245625600        1.94843185609264        0.53241153274412
C            3.53984538126411        0.87147559321045        0.97129044985899
C            4.92774649854832        1.10955373828283        0.37199156012811
C            4.88993740120374        0.29216886656673       -0.91662034746109
C            4.07103173858011       -0.94015141143236       -0.52925270477674
H            2.41683174705130       -2.79789494636724       -0.22429567850417
H            2.47024113334646       -3.86675515584192        1.92193582632236
H            1.27376749296273       -2.73050835691976        2.57777804716531
H            0.73191683766197       -5.03239334311421        0.64849742475168
H           -0.08172857163371       -4.71633243717438        2.19112622556490
H           -1.25628953234801       -3.79947446389678       -0.05541465486953
H           -1.11942883025769       -2.70083971228907        1.32334647737711
H           -2.04051290727566        0.11023829739362       -1.03796937728992
H           -1.63739553892395       -2.70870528938155       -1.81369883656933
H           -0.49598770728032       -1.60097128464017       -3.81083656979528
H           -1.00093579368736       -0.03693562862547       -3.15279549089018
H           -2.21963211779246       -1.20992021078943       -3.67299784127585
H           -4.58046779411244        1.29906995020210       -0.31437565508906
H           -3.49586780355703       -0.52849266958135        1.66900721845941
H           -5.84219332181925       -0.68540390650813       -0.27428375660804
H           -5.92627534387489       -0.23868952163063        1.43903903394316
H           -5.45663324353954       -1.88190890033111        0.96085183937752
H            0.20258631810017        2.51196281696275        1.25317186426303
H           -1.53606439786971        0.43514729768851        1.36747617280724
H           -2.56115886073232        1.58165149890855        3.33264348465983
H           -1.89888086921555        3.12461983162767        2.78052012509462
H           -0.80729266634184        1.82752505060254        3.31233040107848
H            1.94676404589406        0.81284818786512       -1.06923522569911
H            1.10891665977832        3.62202667942861       -0.72565278521011
H            0.86301666671717        1.65705532961407       -3.06406767915718
H            1.89407701452385        3.09924120540065       -3.02344419081438
H            0.12845104114915        3.26159889276250       -3.04578473011955
H            3.54841589798007        0.89224912844684        2.06627491791008
H            5.69396221098609        0.72473881871194        1.04601127382214
H            5.11485055774123        2.16712244103719        0.19911901993412
H            5.88330744979420        0.02697896653295       -1.27239747088409
H            4.37606226977058        0.85124534543964       -1.69810453044906
H            3.50708759468059       -1.33077791649160       -1.37857063334204
H            4.71745042582664       -1.72863300535900       -0.12499937994834
68
 energy: -106.573615172896 gnorm: 0.000269374540 xtb: 6.7.1-6.fc44.fc44
O            1.24617382649028       -0.36899207701074        1.64447036387902
O            1.02398601719695       -0.91158182080952       -1.61114912224915
O           -3.39043020431561       -2.62354205841354       -0.16279035701589
O           -3.16251239341664        3.09440584528987        0.33468998232466
O           -1.26701434472085        1.63306739110431       -1.38894774112661
O            2.35908197200921        2.94583799802408        1.20656021182334
N            0.36034148653683       -2.43702618141168       -0.13048365888414
N           -2.16354598067122       -0.90304330142172       -0.96174428693557
N           -3.81014236538030        0.95854428616075        0.24699003010017
N           -0.54111481889463        2.12885680854345        0.68516077941642
N            1.96054921608794        1.74175664280607       -0.66073038420202
N            3.17206460381268       -0.45438799937131        0.50242502387409
C            2.00735949209801       -0.98142527890412        0.91330363659279
C            1.68301961925917       -2.41490154927356        0.49057105900848
C            1.54623871702287       -3.33174168055361        1.70970184029270
C            0.38893977576814       -4.25109896516833        1.32896042837287
C           -0.54915127913241       -3.29550383753420        0.60135339306248
C            0.13170398048243       -1.63486731917795       -1.17708539127376
C           -1.26938432020259       -1.67686216115613       -1.79943291049795
C           -1.24470592528292       -1.09411273130358       -3.20733191479804
C           -3.13895995450002       -1.43239142375184       -0.22117580922141
C           -3.91433539380155       -0.42240057415676        0.65955630331074
C           -5.38570737909163       -0.82932783899465        0.70338947367953
C           -2.94151130878514        1.93376255065501        0.60340083814226
C           -1.67170982534482        1.52405279390113        1.36751139007831
C           -1.73838131525120        2.04865470887935        2.79601511676089
C           -0.41823072845405        2.09965832582277       -0.64248288801618
C            0.92394744426118        2.63166547158857       -1.15620838797746
C            0.95906938184029        2.66843979678965       -2.67546505545000
C            2.54208695867478        1.94845942664054        0.53191559841005
C            3.53983544270561        0.87159332595658        0.97105390770819
C            4.92781759183195        1.10944262909011        0.37185263775961
C            4.89029788345776        0.29169393495369       -0.91647489860011
C            4.07112677906305       -0.94043743031670       -0.52896599432971
H            2.41661689810936       -2.79820915779053       -0.22392617418304
H            2.46946708025650       -3.86661092372819        1.92253820071439
H            1.27316727227449       -2.72980835347466        2.57792989484678
H            0.73201721505039       -5.03243762936393        0.64917449309603
H           -0.08226029589354       -4.71590341039941        2.19142693058332
H           -1.25603017944638       -3.79970272881438       -0.05564624319590
H           -1.11999328781920       -2.70133593851845        1.32321236822125
H           -2.04016261035544        0.11032151728360       -1.03794417270126
H           -1.63685622651040       -2.70860243502918       -1.81385614522453
H           -0.49604819466634       -1.60056017114785       -3.81056164091994
H           -1.00088631234860       -0.03645636215798       -3.15284982492546
H           -2.21968664227464       -1.20917467963194       -3.67302817873020
H           -4.58049621335755        1.29853001927892       -0.31436791606858
H           -3.49517202887543       -0.52887980404768        1.66895395648476
H           -5.84217930227922       -0.68595015360748       -0.27374841089100
H           -5.92570137980686       -0.23936245711765        1.43955244431710
H           -5.45614762408900       -1.88236181718794        0.96105376836768
H            0.20213942535615        2.51341329782035        1.25279588170445
H           -1.53555564199570        0.43569112117622        1.36684313311397
H           -2.56130799323693        1.58208094930551        3.33235544342469
H           -1.89566763389027        3.12445429184547        2.78083151507763
H           -0.80863697709677        1.82457376387053        3.31325922822162
H            1.94574757681616        0.81298451101104       -1.07013564294726
H            1.10900487690188        3.62193886997102       -0.72579814347880
H            0.86299716769456        1.65742534173159       -3.06460508026511
H            1.89411277342712        3.09952551912387       -3.02336495600032
H            0.12870405705386        3.26212863103268       -3.04615121393673
H            3.54838454001574        0.89236290903991        2.06610532627496
H            5.69372343633687        0.72450320818701        1.04614159913696
H            5.11515115650556        2.16692028551725        0.19881779716490
H            5.88375398507517        0.02644275213198       -1.27191094667637
H            4.37643113143713        0.85038762456211       -1.69825026743434
H            3.50703458594902       -1.33111077180158       -1.37814144145675
H            4.71723693860467       -1.72912588410378       -0.12463934918052
