68
 energy: -105.358274185101 gnorm: 2.344855403992 xtb: 6.7.1-6.fc44.fc44
O            1.19202015039782       -0.18692066756110        1.58622627045800
O            1.07157091092401       -1.05773738448409       -1.71322131599154
O           -3.59201032683460       -2.53850555000943       -0.19143005709258
O           -3.10242186403817        3.01985382710912        0.54338645688915
O           -1.23383682342408        1.57430999201422       -1.39737567933159
O            2.25031439608105        2.91313827369433        1.11203292858755
N            0.41783491051560       -2.29444878169094       -0.36208896566710
N           -2.20293176279625       -0.90991003161801       -0.95496794548015
N           -4.01748498727162        0.79363954163787        0.30827956069142
N           -0.60008119199682        2.22161053924910        0.66159382114297
N            1.93323711416102        1.82610313676563       -0.88628901448633
N            3.15715775523425       -0.60112665090170        0.51828299025863
C            2.21909113941567       -0.73404359593037        0.62748207281722
C            1.63182935161079       -2.29203732374107        0.49225902160642
C            1.51848186149617       -3.28314187595906        1.79282449643106
C            0.28232333023761       -4.08833516334306        1.45612069432265
C           -0.61104058729240       -3.15573757430211        0.72633460782599
C           -0.01861621694778       -1.50507741178209       -1.15173831015391
C           -1.26131980041620       -1.60885853695869       -1.81717057496920
C           -1.28940900783217       -1.10752951917593       -3.28183180779615
C           -3.21146504611644       -1.42856514575190       -0.22604887904647
C           -3.95545712705788       -0.73330394090586        0.50367152691498
C           -5.52616890973930       -0.81098721858998        0.67487627293848
C           -2.99011913026454        2.04640055458713        0.71566939535134
C           -1.66280323885679        1.47518845619821        1.39648968376389
C           -1.63506972861993        1.90257348031894        2.76899440090218
C           -0.50568156618810        2.15805898704723       -0.47892207722432
C            0.80876775322988        2.68998263505108       -1.12807986567505
C            0.82998572947906        2.78523605741507       -2.65569032373216
C            2.51421648473922        1.89476044413434        0.53119298998171
C            3.57697280678341        0.92060810269831        0.91746073198582
C            4.72454593150274        1.06998966353332       -0.05590715210406
C            5.43798642011709       -0.23054068878387       -0.26524146538830
C            4.15659101066725       -1.12773913637026       -0.12676328607057
H            2.23432637141292       -2.96478276929702       -0.19685418096362
H            2.43165067719084       -3.80864726144203        2.00245014727877
H            1.42075869368999       -2.51663645990062        2.52854333756595
H            0.49304144388193       -4.85976842850620        0.87669809663687
H           -0.02942760949029       -4.41718516190699        2.44458168232038
H           -1.25352532493210       -3.72336976844868        0.25207666640380
H           -1.19703611791861       -2.45653649230819        1.46814511265065
H           -2.14474326431229        0.30233062747955       -1.04118052127609
H           -1.67760043106261       -2.73460051623311       -1.94330351506167
H           -0.71221091838935       -1.45333778012955       -3.71795603571109
H           -1.16017410861559        0.15946366750032       -3.31461506375713
H           -2.10115476018894       -1.09376757812238       -3.66027788180580
H           -4.72848471962485        1.30121425663783       -0.33610137588454
H           -3.63738497171228       -0.46380186569075        1.50932934669639
H           -6.02066634619731       -0.15741166726931        1.50667416997233
H           -5.56827457084708       -1.83631533348258        0.82724182958895
H           -5.67347510531296       -0.76413304065468       -0.47095486127834
H            0.10042449883546        2.37789131084852        1.28822665717407
H           -1.49963706734061        0.29402680663507        1.40606797534021
H           -2.40996702968411        1.39418608321056        3.21680143267588
H           -1.96257201374555        2.96050897671969        2.84834867527461
H           -0.89465611225525        1.64148252037325        3.31450671811583
H            1.99817143112350        0.89444318953881       -1.29312006409378
H            0.82017200659200        3.78545024279910       -0.73464329573555
H            0.01492172467876        3.42397141777752       -3.06116720929648
H            0.85078983868007        1.65055964596467       -2.90882688205730
H            1.85493289282841        3.28090995985469       -2.95679465554826
H            3.92439593479980        1.07861781518766        1.99459456123849
H            5.51144015306756        1.80121388169076        0.34939526583138
H            4.54411288651640        1.38859764280810       -1.14711655548441
H            5.97765603355605       -0.48514546645496        0.70016009862469
H            6.10141381419170       -0.37367344003292       -0.90255735367361
H            4.06868955575439       -1.41557821125350       -1.31443806873215
H            4.40017919898987       -2.16070276137931        0.10855737022228
68
 energy: -106.111507848370 gnorm: 0.720223243603 xtb: 6.7.1-6.fc44.fc44
O            1.19679371328652       -0.18473773759024        1.57311004114529
O            1.06942236413713       -1.04268352869472       -1.71831052303019
O           -3.58673284985531       -2.57149495687542       -0.19965653236122
O           -3.12149848067067        3.09099657069374        0.52786291449981
O           -1.23823146625463        1.57656675023801       -1.39386875265643
O            2.25024214488311        2.91215731131102        1.11810355162199
N            0.40602676069976       -2.32354340605911       -0.30856955399678
N           -2.20274390601994       -0.89880324573677       -0.95888582505749
N           -4.00832502758508        0.82742428274497        0.30465798258615
N           -0.61074415991692        2.21298107160742        0.68916352419479
N            1.94079995477869        1.82637096520789       -0.86349919158604
N            3.25716072430604       -0.56843532899773        0.50801631654751
C            2.06503460845044       -0.76833187286423        0.67456311056290
C            1.63327096418358       -2.30854585243225        0.48210476711495
C            1.52162776104042       -3.26489530701340        1.78188694627610
C            0.28704504686925       -4.07539293790862        1.46946217190496
C           -0.60708908445367       -3.14046003412154        0.73479681536067
C           -0.00255687133937       -1.50522727231157       -1.17190504265820
C           -1.28062246621630       -1.60993202397321       -1.82033705350137
C           -1.30583512069986       -1.06126227304550       -3.23765514483230
C           -3.19944538311622       -1.43168162395778       -0.24640425634068
C           -3.97846306870170       -0.67589561424084        0.53360817607612
C           -5.52273655881626       -0.81582487551737        0.66634262960715
C           -2.98394970107550        1.96249890623665        0.72043883739524
C           -1.66345568956636        1.45968742332194        1.39127814236303
C           -1.65336487476435        1.91242600009177        2.76866855825930
C           -0.50084193215315        2.14696608415920       -0.53135094518490
C            0.81283252795656        2.69879611603202       -1.13268856726705
C            0.83583356291083        2.78264579363185       -2.65750392686991
C            2.50698068605346        1.89695468064781        0.51799349831160
C            3.58885144728739        0.92743245795787        0.90793300232955
C            4.73906175840532        1.08527425006738       -0.06233115455663
C            5.42582155128064       -0.23411151019247       -0.22992688549958
C            4.19712213207311       -1.14419567678090       -0.16337705292547
H            2.24057642215412       -2.95883135210343       -0.19699693609975
H            2.43211751949283       -3.80919206354463        1.99863949943600
H            1.41597915354767       -2.51570912007714        2.53636195266836
H            0.49879832378254       -4.87455134360433        0.86635163195798
H           -0.03574185250676       -4.41814724609847        2.44544640480286
H           -1.26914874028266       -3.73005520691836        0.23774580215029
H           -1.18904815846241       -2.45877932315740        1.45940108146211
H           -2.14257755899560        0.28716516142551       -1.04010590529935
H           -1.67218087297083       -2.72453317291209       -1.93835757433541
H           -0.63609600692590       -1.48864026219119       -3.75919533028836
H           -1.15723126002978        0.14704993464915       -3.31017240471613
H           -2.16092832346512       -1.09274654324829       -3.67191343356769
H           -4.72083951992568        1.29319304558718       -0.33164802425575
H           -3.63243269482117       -0.47026063369032        1.52298301300464
H           -6.01307280470103       -0.16494788315912        1.49079106054355
H           -5.57643356195609       -1.84811596797962        0.83318485667154
H           -5.68443292477342       -0.75843543098468       -0.46055330488377
H            0.11237223215212        2.38359260216372        1.30242761695630
H           -1.49891858170784        0.30554927304534        1.40106153688247
H           -2.42575437701066        1.38706492916985        3.22534606393675
H           -1.95913971961503        2.96259409890806        2.84879399555913
H           -0.86805314798703        1.63936789360131        3.32753389655807
H            1.99356711134776        0.89783999229521       -1.29247033070351
H            0.82783223510949        3.77659961283305       -0.73445434257014
H            0.01876733139078        3.41658020438584       -3.06021551435957
H            0.84792276924651        1.66388390317387       -2.91414207452558
H            1.84384486428299        3.27447891713269       -2.95441787562760
H            3.91938181253416        1.07453450673907        1.98568593432652
H            5.50648637737392        1.80141253354634        0.34678695195973
H            4.53895592377482        1.39065877836303       -1.13764485904209
H            5.97939854232456       -0.48314221419767        0.70312506315448
H            6.11856304393067       -0.37763106625866       -0.92789888121606
H            4.05880597633037       -1.41013514039044       -1.30898718230480
H            4.40446582502417       -2.16505346603153        0.11668985984359
68
 energy: -106.398120890318 gnorm: 0.373675360231 xtb: 6.7.1-6.fc44.fc44
O            1.23915511584039       -0.19725551801730        1.51117262840873
O            1.06007187482912       -1.02028527865767       -1.71440222522037
O           -3.57256938032229       -2.59439522720100       -0.20968059816894
O           -3.14412500355396        3.07558869733198        0.52179971617125
O           -1.24888772657037        1.57846222172223       -1.38649024203218
O            2.25167732453150        2.90439486071173        1.13350281160389
N            0.36806871684281       -2.35712565564940       -0.22728823550254
N           -2.20930640437924       -0.88010526837643       -0.96279293074817
N           -3.97023951940005        0.89683753936902        0.30030754764766
N           -0.61971537891538        2.19051826478886        0.69745873104928
N            1.94713724281404        1.82766330073246       -0.82008428537247
N            3.24290854255794       -0.54021771453867        0.53212084685604
C            2.02215570099936       -0.79895591156025        0.74354783143337
C            1.64620206147952       -2.31983270377064        0.46608092290402
C            1.53014617797893       -3.22807448182773        1.76088707736245
C            0.29891306250393       -4.05964291796887        1.48349171675643
C           -0.60781296393205       -3.12485581758282        0.73830685237494
C            0.02506064008351       -1.53268304086012       -1.19222589195886
C           -1.30187794825587       -1.60612635207939       -1.82643309597553
C           -1.30057889743056       -1.01803137598460       -3.22476925514620
C           -3.20208075459501       -1.42297014338704       -0.26570162672062
C           -3.99334142087038       -0.59017160206225        0.56488135420622
C           -5.50851326427916       -0.82732133049577        0.65197550879513
C           -2.99417253341306        1.91296354241714        0.70233787394166
C           -1.67629112156441        1.44838206337994        1.37814772553986
C           -1.67926174308983        1.91724511765965        2.77953677639231
C           -0.49156951255701        2.12577394308351       -0.57670447921001
C            0.82090432541119        2.71018384312062       -1.13672087534954
C            0.84638759970895        2.77910455935147       -2.65784556194155
C            2.50065861542037        1.90531181324356        0.49363404321879
C            3.59133347506889        0.91806459899146        0.87608024381321
C            4.76802526065513        1.10626540936892       -0.07131368199818
C            5.42236678130233       -0.24622018377069       -0.18956198907754
C            4.20676960639914       -1.16558838743340       -0.20615054458267
H            2.26196575842830       -2.93967049356547       -0.20209060964728
H            2.43026703853796       -3.80457034704141        1.98615987913836
H            1.40486040443962       -2.51311865483992        2.55529012892010
H            0.50985483985635       -4.88938862572395        0.85702492327110
H           -0.05098897700392       -4.41888063810487        2.44572775450297
H           -1.29155209045315       -3.73004853272672        0.21373682434587
H           -1.17131526888870       -2.45832909771500        1.43909240095922
H           -2.13623225446709        0.25042605314256       -1.03840619720721
H           -1.66202134642713       -2.69773374542345       -1.92602923127235
H           -0.60027286776131       -1.49607740456350       -3.77612066529690
H           -1.14649495537891        0.11501884274273       -3.29233270247847
H           -2.21151630368904       -1.10666775419013       -3.68927490338678
H           -4.70238900770205        1.28652564469304       -0.32034665439389
H           -3.61642318593621       -0.48705759230540        1.56057157096008
H           -5.99723638585803       -0.18382958901447        1.44916339355299
H           -5.59335592401616       -1.87029099463833        0.84569803322008
H           -5.71851160886745       -0.74460484239750       -0.43952902157393
H            0.12912130671870        2.39374458794135        1.31308384474479
H           -1.49925814794411        0.33005831473311        1.38606604192732
H           -2.45792927930521        1.37424651296472        3.24888989498144
H           -1.95057387757297        2.96761383466970        2.84930044592178
H           -0.83477812922200        1.64309327314836        3.33671715590653
H            1.98450422099789        0.90986317721910       -1.28518387820764
H            0.85024530008859        3.75732911041945       -0.73071229152049
H            0.02740967858947        3.39746890327498       -3.05862486452484
H            0.84096551800708        1.69333558650705       -2.93290890500753
H            1.82154711808123        3.25948821224405       -2.95212635179507
H            3.90394320782683        1.06163707590155        1.95516711026412
H            5.50217042721185        1.81040927321754        0.34061464567814
H            4.52713377316491        1.39913551180977       -1.11779787945684
H            5.98584138790309       -0.47909667538414        0.71702772187710
H            6.12592854834282       -0.38048499919017       -0.95280747928101
H            4.03413770215617       -1.39575483970783       -1.30561837559325
H            4.41645125390361       -2.17430841603758        0.13637637691336
68
 energy: -106.526045495970 gnorm: 0.143991269084 xtb: 6.7.1-6.fc44.fc44
O            1.24433134793219       -0.19203431732962        1.47023466305243
O            1.04134577661865       -1.00952715810499       -1.70522658081731
O           -3.55079311642150       -2.59860796778780       -0.22332889806638
O           -3.17356302439753        3.05747217261182        0.51147347974160
O           -1.26576857072370        1.58130625395858       -1.38002953835465
O            2.25484204028272        2.89252411306616        1.15852997059093
N            0.31602296467042       -2.38346945135327       -0.14938929765466
N           -2.21777902445616       -0.86152292082151       -0.96418931264324
N           -3.91861331782907        0.95054262314917        0.29408182377936
N           -0.62378698788084        2.16481273134728        0.70115475901034
N            1.94870116407000        1.82583176533329       -0.77078056249164
N            3.24130564981501       -0.51275084167308        0.53843426965083
C            1.99652193683036       -0.84832402605404        0.80238014989580
C            1.64530004983948       -2.34242869553512        0.45957570355076
C            1.53992588076353       -3.19762708613611        1.74502481324211
C            0.31104854673826       -4.04844256873146        1.49447702073269
C           -0.60226880152323       -3.10982281682996        0.72963552466817
C            0.05778141956248       -1.56472126343458       -1.20398238975093
C           -1.31610721920783       -1.59873450332912       -1.82777326644071
C           -1.29976534812721       -0.98379688648347       -3.22290036043090
C           -3.20970464296574       -1.41412639285372       -0.27709916253551
C           -3.99918623977870       -0.50456337257729        0.59465474046918
C           -5.48484238032788       -0.83194245257878        0.63700060840988
C           -3.01410757332843        1.86818343617865        0.68127802293140
C           -1.68928050063209        1.43748729582529        1.36749544352239
C           -1.70776854405922        1.91368840778798        2.79450464052746
C           -0.47841464962864        2.10720312449391       -0.61017352760471
C            0.82873893466289        2.71604663818830       -1.13875346595729
C            0.85922889888359        2.77656962925790       -2.65637746690403
C            2.49731025704633        1.91806077120008        0.46592909290416
C            3.59243395266288        0.90507758606345        0.83775373759573
C            4.79811137264108        1.11701834277331       -0.08047443320620
C            5.43016947087655       -0.25959702132282       -0.16155520272942
C            4.22358284699530       -1.18025488600760       -0.24518283754137
H            2.28748708325542       -2.90661903969829       -0.21658568467709
H            2.43004800038076       -3.79549837026134        1.97071051092147
H            1.39231603275911       -2.51252520517517        2.57400032841733
H            0.52375356337730       -4.89895288657782        0.85493162113099
H           -0.07018333745933       -4.41884611877863        2.44279661338324
H           -1.30959462362331       -3.71818343660569        0.18802950380897
H           -1.15219471980571       -2.45462252678326        1.41624842986988
H           -2.13152058195807        0.19278423832683       -1.03602070301238
H           -1.65524328018755       -2.65993825675252       -1.91201748750313
H           -0.57716059795701       -1.50338226543498       -3.79670998026923
H           -1.13168885062619        0.08485811053516       -3.26304280167893
H           -2.24598754130112       -1.12586661844501       -3.69997545273139
H           -4.67720055831128        1.28826863129178       -0.29983486088027
H           -3.59533100629825       -0.51659148213361        1.60273225502250
H           -5.98939952259716       -0.20545347010832        1.39700947473624
H           -5.60098569604938       -1.88227571254948        0.85969781132469
H           -5.76410589328879       -0.72760391311420       -0.41652588764919
H            0.14162798303509        2.40615798158598        1.31191112973706
H           -1.50111202976893        0.34994363169822        1.36832658003161
H           -2.49116973923293        1.36375013994862        3.27912761709513
H           -1.94055190807528        2.97076496023014        2.84933595573448
H           -0.81089405961407        1.65114624984083        3.33462623816102
H            1.97592401120174        0.92737728739522       -1.27383349092254
H            0.88212038397821        3.73251561841785       -0.72127256067983
H            0.03505880059149        3.37428614855280       -3.05541908888166
H            0.83234694134325        1.72437997349162       -2.96023190237969
H            1.80297875826742        3.24350890534398       -2.95502133953303
H            3.88213000728947        1.04711988249221        1.91413704480416
H            5.49974508249621        1.82519632121650        0.33552006464147
H            4.51713284765567        1.40906251264632       -1.09757956435533
H            5.99148353159413       -0.47741665427832        0.73585344347799
H            6.12892449515259       -0.38028447670814       -0.97627099712231
H            4.00016040725904       -1.37404710140378       -1.29794660291647
H            4.42922987197291       -2.17616178438861        0.15979444765968
68
 energy: -106.559776651665 gnorm: 0.082515945562 xtb: 6.7.1-6.fc44.fc44
O            1.20144760843002       -0.15103500339441        1.42896093833313
O            1.03087100753818       -0.97996775566442       -1.68712169690838
O           -3.52639780117013       -2.59898190075951       -0.23606831636100
O           -3.17599714962872        3.06943422762318        0.50030866019746
O           -1.29086950899689        1.59033193510289       -1.38177690175299
O            2.26659819826207        2.87386899301313        1.20305171551972
N            0.30031302297572       -2.39045689372089       -0.11900113227651
N           -2.22032867345039       -0.86318735767026       -0.96618934695220
N           -3.90362043378757        0.95514987682737        0.28178284018582
N           -0.61552259470422        2.14091332469836        0.70003143863111
N            1.93660114717343        1.81984278801106       -0.74333558294696
N            3.24660851456469       -0.51066109013331        0.53542058730692
C            1.99886655590402       -0.89509423174349        0.82269801949929
C            1.63965461261849       -2.35376939594622        0.46798164823555
C            1.53842076161142       -3.18337035720555        1.74713876633282
C            0.31275119622028       -4.04971092069120        1.50175779001186
C           -0.61206828205635       -3.11569424930476        0.72449763649476
C            0.07807811763881       -1.58694551055054       -1.20474912347491
C           -1.31628455062021       -1.59716290846547       -1.82736844986031
C           -1.30472512484096       -0.98921837234220       -3.23000963402560
C           -3.21069775131006       -1.41450644396000       -0.27640643797291
C           -3.99249229021791       -0.46679524965855        0.61904259276918
C           -5.46808226340686       -0.84021950089522        0.62730738140481
C           -3.00498231730426        1.87590073323246        0.67015655429395
C           -1.69476481078785        1.43907120680580        1.37090708290675
C           -1.73192682246013        1.90336852932323        2.81525894132241
C           -0.47000281007663        2.09250250368367       -0.62415740173562
C            0.83219667015060        2.70830908809300       -1.14224867959908
C            0.86534800132963        2.77392979949056       -2.65726623229604
C            2.50269607691903        1.92614159161266        0.46491297673753
C            3.59675549304008        0.89389874876259        0.79990083498124
C            4.82505353315437        1.11826854810987       -0.08750124465958
C            5.45064572159219       -0.26869844996073       -0.15341695932844
C            4.24585269034569       -1.19345975785333       -0.25284133753385
H            2.32274437333525       -2.84328435587599       -0.24001014920543
H            2.43343710248822       -3.77502427652842        1.94983558280191
H            1.37328193944681       -2.51516505815680        2.59460558275076
H            0.54452976088880       -4.90474989972540        0.86180954022998
H           -0.10013876629547       -4.42097611694301        2.43821423717113
H           -1.33711871611347       -3.70432712224061        0.16272662399741
H           -1.14682593471876       -2.44240118649550        1.40138609773261
H           -2.12064096901547        0.15026252787405       -1.03189093431878
H           -1.65849586442444       -2.63632394662462       -1.89169394573583
H           -0.56654321832383       -1.51260696387678       -3.81714413582804
H           -1.10248997188551        0.07923812046124       -3.21247764556508
H           -2.26789707439838       -1.14600031639603       -3.70784359533520
H           -4.66610730119612        1.29873729109036       -0.28562166170165
H           -3.57922352905904       -0.54989263171097        1.63721462393328
H           -6.00183153697456       -0.22328165562680        1.34589612319635
H           -5.59460523552902       -1.89143768776125        0.87328046659321
H           -5.83472780350525       -0.71041165053378       -0.39809157056068
H            0.15604568785581        2.41214497016334        1.30184386158908
H           -1.50780060926565        0.35955458995117        1.34037372595259
H           -2.52454211981411        1.36244885783453        3.31908040103005
H           -1.93113625817105        2.97119666800918        2.85435779458397
H           -0.80218074354779        1.65840818669798        3.33328176720107
H            1.96393280630380        0.93777862171814       -1.25742557564599
H            0.93808094616611        3.70342501840287       -0.69590771312616
H            0.03458595889932        3.35323025599712       -3.04981704961848
H            0.81685976065593        1.74765287998915       -3.01920267505359
H            1.79727051859621        3.23115363344344       -2.97232381030925
H            3.85636437174761        1.02619417807865        1.86871242935747
H            5.50209368818444        1.85447614208126        0.32974700485498
H            4.51111955337297        1.42648361975206       -1.08512015548480
H            6.00565250022821       -0.47534891483653        0.75688399660902
H            6.13940825409311       -0.38293121570000       -0.99176021606357
H            3.94833237208962       -1.34389092777274       -1.30241773274332
H            4.45166673829540       -2.17994664310135        0.18074360514269
68
 energy: -106.566935362673 gnorm: 0.090981644611 xtb: 6.7.1-6.fc44.fc44
O            1.20579581921790       -0.25193266556484        1.41669484107398
O            1.01738840925560       -0.94529208162715       -1.67445410246755
O           -3.50384515362897       -2.60465494772987       -0.24376992141830
O           -3.18040398495509        3.08011763036529        0.47896418332637
O           -1.30917879752247        1.61431025406999       -1.38434053560050
O            2.27806828804834        2.85358624616748        1.23784562740566
N            0.30015896647732       -2.38223229970292       -0.11041807718860
N           -2.22058106368094       -0.87527878392377       -0.96818299731001
N           -3.88460907434251        0.95283590283980        0.27392655387849
N           -0.60487302988867        2.12423083300426        0.69816985242043
N            1.92715798102560        1.80432867895756       -0.72419484591724
N            3.23765232736858       -0.48444327090421        0.51307499754276
C            1.98653986208694       -0.89485061318607        0.79923391245267
C            1.63247356906234       -2.33974419670941        0.47887418943318
C            1.53073017417217       -3.17841060234769        1.74983067469608
C            0.30618505697664       -4.05480345735660        1.50578335354921
C           -0.62179588378316       -3.12180045618375        0.72127365364187
C            0.08938684577904       -1.59693297583452       -1.20327354293795
C           -1.31483610138643       -1.61002239762898       -1.82421671110382
C           -1.30459567974630       -1.00410783228732       -3.22868554437394
C           -3.21058794485816       -1.42109193881414       -0.27144804126237
C           -3.98863205818834       -0.44561840152526        0.63477939016461
C           -5.46124323522226       -0.84256546591398        0.62232202339198
C           -2.99426774509473        1.88974995593449        0.66241578933935
C           -1.69897259418498        1.44450339415978        1.37204204273450
C           -1.74832376826721        1.89574338970121        2.82791462258625
C           -0.46616938345320        2.09115955657526       -0.63182164879500
C            0.84063313334588        2.68987317007736       -1.14673351439634
C            0.86964091912833        2.76993734618536       -2.66168850815278
C            2.50316239693689        1.92360948808640        0.47879547030508
C            3.60586891130748        0.89590698234888        0.78373075460847
C            4.84329887795050        1.12267392311972       -0.09155995784175
C            5.46786224196240       -0.26805145047157       -0.15300589120450
C            4.25248213737825       -1.18107660521377       -0.26182018722390
H            2.34670826302362       -2.76909579020869       -0.24676565092195
H            2.43303602992475       -3.75871854201885        1.93572505277621
H            1.35263936795088       -2.52132638838226        2.60642077055028
H            0.56066660280696       -4.90998925755020        0.87105591092987
H           -0.13531493519855       -4.42277656689556        2.43136886404204
H           -1.36065953312740       -3.68314645376801        0.13864652730808
H           -1.14944442583938       -2.43905822104219        1.39618903837288
H           -2.10388826589141        0.13430239810442       -1.02389753907051
H           -1.66415862045563       -2.64278170050641       -1.86601675634832
H           -0.55368495643977       -1.51755649884131       -3.82936016845343
H           -1.08417899930430        0.05972610975786       -3.17059100489375
H           -2.27563688968106       -1.15824214692520       -3.70534521686187
H           -4.65330294764817        1.31234631919900       -0.27114433340255
H           -3.57731698736800       -0.57306610790418        1.65517225898468
H           -6.02738544763630       -0.23051166830779        1.31332242736090
H           -5.57889287201776       -1.89214579011177        0.88634858907053
H           -5.87443626568039       -0.69997329789192       -0.38017224998345
H            0.17088409015078        2.41381721402531        1.28807518220304
H           -1.52703966435655        0.36438306340457        1.31322230504119
H           -2.54967561761760        1.37138847605606        3.34897143290079
H           -1.92411390047168        2.96924008070600        2.86211603919848
H           -0.80054116421656        1.66288019826104        3.32704614319176
H            1.95416148889912        0.93013050281068       -1.23397089268169
H            0.99823421183779        3.66845903168583       -0.67500759614839
H            0.03008977568917        3.34293421807411       -3.03706250228944
H            0.80062766662072        1.76210833101953       -3.07426159402647
H            1.79705199362783        3.22412827527913       -2.99467521879603
H            3.84003005923104        1.01100754015386        1.84806521017297
H            5.50620448564641        1.87631942281917        0.32602792184784
H            4.51875487072025        1.44242907385490       -1.08074635584285
H            6.01217440718031       -0.47407604532957        0.76953938430883
H            6.14927247846201       -0.38329546226279       -1.00083854503972
H            3.91853986077798       -1.30921123611476       -1.30064222058016
H            4.45212184618344       -2.16390385370924        0.18002970763544
68
 energy: -106.571849853137 gnorm: 0.029710152835 xtb: 6.7.1-6.fc44.fc44
O            1.17641911518367       -0.17168321899964        1.37228678072398
O            1.00686473657039       -0.92246535490589       -1.66440995514354
O           -3.49053318582075       -2.61148913896971       -0.24166554670262
O           -3.18709623133245        3.07925439339753        0.46019965035318
O           -1.31623486467913        1.63406563952222       -1.38349242841798
O            2.27908971424603        2.83727013568434        1.24909525810880
N            0.30699317556563       -2.37642842529250       -0.11968077080092
N           -2.21910162823604       -0.88389640158585       -0.96730691105946
N           -3.87387925835118        0.95178717228980        0.27344105571848
N           -0.59927654256028        2.11857752117832        0.69883626520512
N            1.92334369187333        1.78528549984067       -0.71752374630864
N            3.23507509065592       -0.47902581464436        0.51282459690284
C            1.98771760314607       -0.89575597084300        0.80138101777082
C            1.63969974845318       -2.34347098585132        0.46820434933144
C            1.52521932646691       -3.18064393521286        1.74603697594998
C            0.30043886921203       -4.05787917765648        1.49691342458303
C           -0.62275417341704       -3.12410518789677        0.71110672281585
C            0.08837279015420       -1.59679581610373       -1.19800547524365
C           -1.31431012646542       -1.62486210730074       -1.81882397198874
C           -1.30039323904154       -1.01768578870772       -3.22098239807168
C           -3.20998972356512       -1.42605765795587       -0.26534806387936
C           -3.99004425544307       -0.44330156547390        0.63837079975143
C           -5.46465509361500       -0.84292838890385        0.62359834559198
C           -2.99034917081461        1.89704068109494        0.65860839986342
C           -1.70238181562866        1.44887082184717        1.37241839481268
C           -1.75176039942950        1.89217629960935        2.83126726539892
C           -0.46869047994094        2.09764153123861       -0.63031919553858
C            0.84883410144893        2.67279086315737       -1.14664180477084
C            0.86757121902428        2.76718907122308       -2.66294435778673
C            2.50705860771993        1.91552433250608        0.48775454939748
C            3.61452949823078        0.89914500591948        0.78417480389950
C            4.84852541584275        1.12557400895593       -0.09360418788482
C            5.47243377892363       -0.26563812228350       -0.15684306374629
C            4.25495953083700       -1.18011070427864       -0.25178278988472
H            2.34658190239391       -2.76646563132190       -0.25601614054543
H            2.42998018123812       -3.75512675403967        1.93183519651415
H            1.34285195113437       -2.52093615619930        2.59737004526158
H            0.56685758642790       -4.91348341623509        0.87071014732586
H           -0.15566264151517       -4.41935545975348        2.41779010010214
H           -1.36729991598889       -3.66599388044159        0.11834365583144
H           -1.14739514423522       -2.44120975074825        1.38931276628041
H           -2.09272702728752        0.13781651902692       -1.01778324112297
H           -1.66604286453179       -2.66337034513793       -1.84953525374828
H           -0.54444780047659       -1.51740091796061       -3.82707254496784
H           -1.08013925243431        0.04061869076294       -3.15286078029229
H           -2.27099568350344       -1.16062461994406       -3.69658911896742
H           -4.64724644947888        1.32151857684944       -0.26339526723252
H           -3.58736623581602       -0.57681078218695        1.65609184729081
H           -6.03954305163291       -0.23280608584184        1.31438813515892
H           -5.56676792561601       -1.89093458769454        0.89319517187657
H           -5.87670747832522       -0.70266194474321       -0.37206609017763
H            0.17726919052302        2.41366264972342        1.28165263767536
H           -1.54892152270259        0.36483721654047        1.30169244577677
H           -2.55782162072628        1.37966804095912        3.35757119315165
H           -1.92225139863823        2.96532279635027        2.87200416455206
H           -0.80459879677084        1.65923969952672        3.32371165190531
H            1.94984699626633        0.90728513816887       -1.21620091806635
H            1.03028033283972        3.64580735588527       -0.66950709096775
H            0.02292953358373        3.34845467547340       -3.01768101297008
H            0.78977331196581        1.76696171347323       -3.09537309941129
H            1.79346899201761        3.22525063655255       -3.00390373244219
H            3.84533424437435        1.00798113284201        1.84821271225886
H            5.51029385054191        1.88159373478834        0.32262134758576
H            4.52906281363304        1.44760840147868       -1.08438872123528
H            6.01619598803981       -0.47028509102624        0.76782999999825
H            6.15037134438803       -0.38447661127725       -1.00344433899398
H            3.92081218092724       -1.30145349899989       -1.28677632747134
H            4.45542500923034       -2.16181912334070        0.18401929702809
68
 energy: -106.572867185706 gnorm: 0.015751904270 xtb: 6.7.1-6.fc44.fc44
O            1.17999330523470       -0.16647132752713        1.36759294467304
O            1.00078666788791       -0.92953808531570       -1.66634208051986
O           -3.47637278752062       -2.61400650310316       -0.23555780805835
O           -3.19053455103226        3.07866326940249        0.44496814586021
O           -1.32047671575341        1.63886890579623       -1.38015339973278
O            2.26878648143429        2.83034428040151        1.25271185899830
N            0.30478653695456       -2.37032839144750       -0.12032419550177
N           -2.21754719967542       -0.88172676580171       -0.96728833131305
N           -3.87599827174325        0.95501047744360        0.26823014403833
N           -0.59484783110969        2.11159406194788        0.70094085194569
N            1.92720507831739        1.77559372037010       -0.71502069771313
N            3.23410166259792       -0.47374200282100        0.51020396712879
C            1.98831820367235       -0.89009568809607        0.79976785127790
C            1.63822690063805       -2.34043324946208        0.46789442025455
C            1.52216064303768       -3.18205416080322        1.74386239394031
C            0.29775342506978       -4.05606531486047        1.48372184240698
C           -0.61983265384250       -3.11914642731531        0.70071400085335
C            0.08567540385169       -1.59467493598286       -1.19513389548202
C           -1.31563435241465       -1.63240377913760       -1.81438357540630
C           -1.29782218123580       -1.03203314846461       -3.21601065427746
C           -3.20804351089612       -1.42424011162127       -0.26205810178412
C           -3.99294823590266       -0.43958447730732        0.63664288021504
C           -5.46694199142382       -0.83946107393893        0.62665103398534
C           -2.98880291357394        1.90078974302477        0.65428489233754
C           -1.70424130632536        1.45115243441141        1.37179648251617
C           -1.75029381794221        1.89334601334784        2.82955609864784
C           -0.46897863164973        2.09559899328877       -0.62714535189287
C            0.85530130738922        2.66248134786014       -1.14366948149774
C            0.86503187606658        2.76285367760491       -2.66047348481450
C            2.50739660086159        1.91333114273978        0.48979067641188
C            3.61779217357593        0.90445117050474        0.78806126928278
C            4.84966574663394        1.13033415113198       -0.09134716582050
C            5.47231333807599       -0.26082662948726       -0.15784822509390
C            4.25368974240871       -1.17631645570550       -0.25218131360443
H            2.34017391528763       -2.76665193212831       -0.25139916910840
H            2.42572487917087       -3.75728140980086        1.93501689061224
H            1.33675475157118       -2.52154061837112        2.59280907321938
H            0.56822064071173       -4.91212244735902        0.86245295464927
H           -0.16435612553010       -4.41528338654699        2.40134792823492
H           -1.36537372285926       -3.64983124444304        0.10312010399316
H           -1.14257235682360       -2.43808294100265        1.38096899070827
H           -2.09525348862756        0.13442304093123       -1.02566059680696
H           -1.66895492375571       -2.67125721446152       -1.84035672260542
H           -0.54096443693115       -1.52709804291177       -3.82346629277869
H           -1.06994336647295        0.02854164026220       -3.14490116026793
H           -2.26718967273583       -1.16464964474053       -3.69122773762039
H           -4.65124077244861        1.32626785632959       -0.26650880022861
H           -3.59644304774204       -0.57166567365979        1.65204020189292
H           -6.02979098431170       -0.23468894228215        1.33093008218474
H           -5.55830900450696       -1.88708992130676        0.89668609661295
H           -5.88311605584904       -0.70420857463937       -0.37009928987506
H            0.18148936455102        2.41089939130159        1.27947021838868
H           -1.56051967977261        0.36623533083633        1.30356589307756
H           -2.55845335466378        1.38679066910845        3.35508515719261
H           -1.91970267024099        2.96618620113832        2.87536048735577
H           -0.80718614523945        1.65622917487128        3.32013230241227
H            1.95339362845931        0.88919344336514       -1.20241340197370
H            1.03531016426774        3.63556086018348       -0.67511338716326
H            0.01684755823681        3.35108322132709       -2.99944226789213
H            0.78698588954767        1.76582512262228       -3.08865455904730
H            1.78683843281704        3.22722807982079       -3.00240465635640
H            3.85607471996138        1.01041137717654        1.85303199903597
H            5.51579107473272        1.88053364359513        0.32635805405141
H            4.53484839603688        1.45139893669089       -1.08488859318029
H            6.01924203144900       -0.46681157193379        0.76353915586891
H            6.14825456673892       -0.38118954563142       -1.00332405207967
H            3.92244921061403       -1.29318095640286       -1.29048130706524
H            4.45439886774987       -2.15905724690812        0.17887523820896
68
 energy: -106.573237741350 gnorm: 0.009794205050 xtb: 6.7.1-6.fc44.fc44
O            1.18526385960878       -0.16780316616706        1.36715406080203
O            0.99720286084098       -0.91085865720130       -1.65906622519983
O           -3.46303631017414       -2.61749118709462       -0.23011522138941
O           -3.19663764991672        3.08012755413196        0.42591839323945
O           -1.32355182575105        1.64508910400914       -1.37766475195388
O            2.25800146377296        2.82436640800725        1.25745237034282
N            0.30717358595595       -2.36301912789276       -0.12282733033308
N           -2.21617596266841       -0.88344951339316       -0.96880607363147
N           -3.87269867384658        0.95675366236921        0.26724489045204
N           -0.59059005493720        2.10247116527477        0.70299634014686
N            1.93048496497057        1.76859634590117       -0.71323793123700
N            3.23517782272874       -0.46887321292556        0.50920155104094
C            1.99177998044643       -0.88606920323208        0.80163167624021
C            1.63809517264588       -2.33594742875591        0.47013344357544
C            1.51467073160516       -3.18269715646628        1.74168367972484
C            0.29272495011764       -4.05784425918461        1.47101097979925
C           -0.62037063433555       -3.11681262162819        0.69312467045446
C            0.08579221605322       -1.59352249436065       -1.19509647874317
C           -1.31517873266517       -1.64153436881982       -1.81236016200642
C           -1.29531780023618       -1.04548868940408       -3.21330309761571
C           -3.20601596270881       -1.42491453053149       -0.25869653273191
C           -3.99331066039793       -0.43646508381452        0.63620211967963
C           -5.46703399913882       -0.83546797588937        0.63303591444565
C           -2.98723930791149        1.90697409325777        0.64684162499620
C           -1.70789587464796        1.45457036140529        1.36998253101355
C           -1.75010817283374        1.89676870648451        2.82639010993232
C           -0.46918749521427        2.09306545550304       -0.62391595248597
C            0.86076053130462        2.65421684144572       -1.14017666670367
C            0.86138916976803        2.76013150405127       -2.65759353551694
C            2.50606962199193        1.91106992562018        0.49276732819921
C            3.62091166872307        0.90928434920658        0.79047726762506
C            4.85132277728125        1.13380061025658       -0.08993803338698
C            5.47350936137674       -0.25735906083205       -0.15906189263767
C            4.25406944815182       -1.17305170252082       -0.25133507132493
H            2.34298320984243       -2.75826694978717       -0.24963556388652
H            2.41764510709475       -3.75765877759832        1.93705992201750
H            1.32347497280002       -2.52479276006907        2.59165352056474
H            0.56863222108351       -4.91218452609748        0.85221624686336
H           -0.17347108875023       -4.41908717623805        2.38437705160616
H           -1.36626729511067       -3.63681375566789        0.09144610108674
H           -1.14470469931752       -2.44521858876475        1.38230557437876
H           -2.09564661523537        0.13073208778656       -1.03329542126511
H           -1.66913964887329       -2.67916427157980       -1.83387430776096
H           -0.53679582349373       -1.53424413622754       -3.82192991334873
H           -1.06894451123045        0.01443873585863       -3.15058835284606
H           -2.26466356876880       -1.17182426612163       -3.68677020224992
H           -4.64771129857032        1.33006147735847       -0.26574770745630
H           -3.60021487691055       -0.57301478171297        1.65160290781499
H           -6.02963619717999       -0.23635228683049        1.34550541827246
H           -5.55140153755032       -1.88405644383284        0.89954801431566
H           -5.88595568112693       -0.70170512785585       -0.36267568389223
H            0.18451255193306        2.41025783493761        1.27718442039829
H           -1.57233205079909        0.36848869690100        1.30569020021022
H           -2.55981420718191        1.39572546908452        3.35202900561031
H           -1.91609656420842        2.97054087719770        2.87579593248641
H           -0.80935224509617        1.65526685783108        3.31339618927013
H            1.95668472816514        0.87334662235950       -1.18952607076491
H            1.04118702920022        3.62712730294865       -0.67263393503257
H            0.01195723111124        3.35529115991025       -2.98169669271845
H            0.77665342449651        1.76689699484722       -3.09289089306209
H            1.77981332456989        3.22671466321518       -3.00436693201802
H            3.86801470963309        1.01190371682629        1.85535027606826
H            5.52080551785311        1.88043083663804        0.32890629215250
H            4.53935766385474        1.45645404322966       -1.08468875443581
H            6.02483677838869       -0.46473567197610        0.75865915916326
H            6.14594435939257       -0.37950251462172       -1.00491202287091
H            3.92749376449718       -1.29032854962481       -1.29113744403496
H            4.45519667058725       -2.15696190302636        0.17649249646376
68
 energy: -106.573338484468 gnorm: 0.006590887177 xtb: 6.7.1-6.fc44.fc44
O            1.18770326980294       -0.16877654691293        1.37239627691017
O            0.99800817436771       -0.91600494902336       -1.66422920851114
O           -3.45645575999160       -2.61781374556781       -0.22675646468992
O           -3.19846007256269        3.08040665438845        0.42002871171011
O           -1.32473613094281        1.64885732101515       -1.37739382213843
O            2.25488092383526        2.82362099963309        1.26006115103288
N            0.30638804174213       -2.35726769836505       -0.12005012779756
N           -2.21603462880586       -0.88261154413041       -0.97063478135219
N           -3.87259870051274        0.95714967240400        0.26592156901699
N           -0.58807417058271        2.09826671492328        0.70364440786282
N            1.93167099198540        1.77039682516720       -0.71324972263447
N            3.23625571397553       -0.46834476445579        0.51080323719454
C            1.99444368995959       -0.88665072681344        0.80669108886976
C            1.63811602355123       -2.33531276703856        0.47317786092033
C            1.51159719467398       -3.18426725033994        1.74216108489059
C            0.29154671275931       -4.06144323227858        1.46672641509523
C           -0.62065004408367       -3.11835555083788        0.69114299111784
C            0.08797722989859       -1.59073797362615       -1.19618680805815
C           -1.31377980833948       -1.64139437344270       -1.81285584521175
C           -1.29616358990825       -1.05119599096966       -3.21602905484076
C           -3.20410348350563       -1.42461069322685       -0.25727105608204
C           -3.99183028401081       -0.43470248738788        0.63629287067951
C           -5.46559338849575       -0.83532264562460        0.63550067688074
C           -2.98613182620241        1.90876467181549        0.64459373917338
C           -1.70834493255122        1.45633720812333        1.36969776449868
C           -1.75029111253262        1.89992252340724        2.82555788467233
C           -0.46876389742565        2.09228491281811       -0.62309926460518
C            0.86110045852282        2.65432385442817       -1.13956902543554
C            0.85944807225557        2.76181474766663       -2.65673307248495
C            2.50463719350640        1.91069821468513        0.49469380261334
C            3.62121531527411        0.90989544659264        0.79097603723601
C            4.85146638492524        1.13460460731632       -0.08980291077345
C            5.47380235656759       -0.25655257835548       -0.15987089827021
C            4.25437948020164       -1.17233855260299       -0.25034771398452
H            2.34175237873106       -2.75902589950851       -0.24741364910635
H            2.41449365987471       -3.75869523099559        1.93949817434763
H            1.31640350902917       -2.52840049049107        2.59295682724548
H            0.56988388715233       -4.91377140950835        0.84646803533903
H           -0.17554483395958       -4.42673914186769        2.37798519793749
H           -1.36689488923908       -3.63454581232955        0.08816233235133
H           -1.14406528625582       -2.44538578519040        1.38053852852895
H           -2.09634291825710        0.13268807061696       -1.03670172375860
H           -1.66810134477109       -2.67852530658016       -1.82984287706179
H           -0.53744044055468       -1.53873296563122       -3.82439150620141
H           -1.06804472369024        0.00975886577466       -3.15137739788978
H           -2.26656758971013       -1.17659253905168       -3.68781333808155
H           -4.64850069160409        1.32805017787579       -0.26785543112910
H           -3.59752222364965       -0.57261465913006        1.65161259401570
H           -6.02696287863040       -0.23779748124779        1.34987126434450
H           -5.54889715293882       -1.88520831558520        0.89913056830287
H           -5.88801350581843       -0.69861116101052       -0.35851930697770
H            0.18617529432504        2.41183770707105        1.27612391240883
H           -1.57673444942745        0.36940966022531        1.30718895447997
H           -2.56006233839326        1.39965482249003        3.35154590133164
H           -1.91439926547878        2.97421767473464        2.87440267404890
H           -0.80899828083385        1.65709032774056        3.31087919437767
H            1.95788732929983        0.87289417759138       -1.18663049397180
H            1.04068050242887        3.62728699703145       -0.66955198940761
H            0.00978946486811        3.35694444770096       -2.97847472415597
H            0.77061693555688        1.76932262404180       -3.09180703045228
H            1.77804788564313        3.22606566693321       -3.00600689522183
H            3.87049786005252        1.01209708287211        1.85545205291682
H            5.52126964627873        1.88126697282484        0.32935400146960
H            4.53941965646860        1.45922723746174       -1.08377454728770
H            6.02792282891579       -0.46397372433494        0.75623445457951
H            6.14400261939593       -0.37881943026392       -1.00747450352746
H            3.92812300798817       -1.29114410066070       -1.29034060866402
H            4.45659737491186       -2.15648782687571        0.17748638727592
68
 energy: -106.573415447037 gnorm: 0.005088902942 xtb: 6.7.1-6.fc44.fc44
O            1.19184691354690       -0.17004304765977        1.38280698943526
O            0.99890713983769       -0.91237986360054       -1.66468107022599
O           -3.45144319852280       -2.61878840083369       -0.22230182245328
O           -3.19989814772322        3.08067912093164        0.41534900833443
O           -1.32595044431804        1.64965724751499       -1.37743301039658
O            2.25349076963833        2.82387208515069        1.26134705064946
N            0.30576934719771       -2.35246023110108       -0.11647837860631
N           -2.21696320382199       -0.88316554021094       -0.97321363576625
N           -3.87129652352173        0.95698049836040        0.26432653076180
N           -0.58637316285502        2.09392587725529        0.70352336718853
N            1.93278872710560        1.77271156711203       -0.71354970806792
N            3.23734123477128       -0.46886334164275        0.51320666180173
C            1.99764464752395       -0.88814993382747        0.81445300358965
C            1.63791753081086       -2.33517224460754        0.47791504091817
C            1.50941707995982       -3.18679505737502        1.74417847710167
C            0.29183575315768       -4.06504154638061        1.46070941102603
C           -0.62041954333224       -3.11831113289278        0.69002690013772
C            0.08976321637958       -1.58918110944556       -1.19712591449636
C           -1.31271289071817       -1.64164947763939       -1.81412890315009
C           -1.29731663287167       -1.05438855012319       -3.21947196992650
C           -3.20234476682794       -1.42557810342491       -0.25587132035728
C           -3.98943986205003       -0.43390895649996        0.63642703884860
C           -5.46318314572808       -0.83475299335920        0.63782017591974
C           -2.98543382359270        1.91009073358614        0.64273215723610
C           -1.70884589043581        1.45813516841476        1.36974201415462
C           -1.75092171362017        1.90514854774409        2.82476348716370
C           -0.46910525290012        2.09094475237933       -0.62317495893505
C            0.86002015280414        2.65469847285000       -1.13948894653199
C            0.85748174435149        2.76357986797157       -2.65595582829396
C            2.50427230412406        1.91062828435651        0.49621590437465
C            3.62138367516233        0.90942924729870        0.79210865686011
C            4.85131155891128        1.13493882773113       -0.08961829797179
C            5.47341184088116       -0.25630435435694       -0.16135039180929
C            4.25405209792100       -1.17230497098134       -0.24946088705445
H            2.34039585569679       -2.76175152749880       -0.24286424819262
H            2.41228485304986       -3.76049071262642        1.94412152697806
H            1.30847185983855       -2.53383659419716        2.59585698796041
H            0.57252439048335       -4.91321638121257        0.83551645218465
H           -0.17603848621636       -4.43847845336061        2.36882803494801
H           -1.36578685341144       -3.63133296571479        0.08424421624781
H           -1.14468236918250       -2.44933862143729        1.38278725678285
H           -2.09858984219954        0.13253026005102       -1.04016247356048
H           -1.66482710036510       -2.67920212095392       -1.82872444341385
H           -0.53860328493350       -1.54177277883363       -3.82664391494030
H           -1.07042839315494        0.00740866865129       -3.15823398142604
H           -2.26923951657538       -1.18175207711773       -3.68900050729194
H           -4.64665270463257        1.32514514029279       -0.27164339721922
H           -3.59198320747933       -0.57169280579222        1.65106684044814
H           -6.02076549305704       -0.23942631331783        1.35553798990508
H           -5.54698900910264       -1.88635520470724        0.89687251367307
H           -5.88952057133365       -0.69273384095638       -0.35396870180809
H            0.18621247909962        2.41549216637780        1.27449807047762
H           -1.58066335179584        0.37045235757548        1.31031601932652
H           -2.56018754277887        1.40495334790804        3.35167920336297
H           -1.91353788985861        2.97961126705919        2.87149094917077
H           -0.80843030555407        1.66147910267423        3.30871786118317
H            1.95905179996520        0.87408844786330       -1.18523658921373
H            1.03700205961338        3.62823551525462       -0.66850000433520
H            0.00879711867724        3.35964736253759       -2.97681619483745
H            0.76485754193144        1.77117688789724       -3.08991370439093
H            1.77700314002753        3.22487583836352       -3.00594242974024
H            3.87110124412548        1.01288326131136        1.85634597834263
H            5.52138789642223        1.88131110989239        0.33009395096182
H            4.53839112622839        1.46131845427421       -1.08248063935299
H            6.03085410583638       -0.46372086841481        0.75282659864812
H            6.14087125150835       -0.37810427252149       -1.01165860634084
H            3.92617731308129       -1.29272221497819       -1.28948350150940
H            4.45763077986058       -2.15648134093000        0.17902888142469
68
 energy: -106.573473493195 gnorm: 0.004683659489 xtb: 6.7.1-6.fc44.fc44
O            1.19851589681304       -0.17143912254563        1.39867727221578
O            1.00026917395218       -0.90890386448031       -1.66447571536152
O           -3.44645492792819       -2.62027271717725       -0.21697637429014
O           -3.20059203205957        3.08110760179024        0.41088115658656
O           -1.32685780858815        1.64913492623753       -1.37778100305329
O            2.25316320086062        2.82520387784829        1.26135878939193
N            0.30564151380156       -2.34623796367764       -0.11138188790986
N           -2.21800150489986       -0.88382189153428       -0.97610231151731
N           -3.86842722656032        0.95649617125852        0.26283095828066
N           -0.58487674435166        2.08918123126072        0.70318784840745
N            1.93400124846594        1.77434469748297       -0.71367160279404
N            3.23787717179523       -0.46890615895948        0.51513508831640
C            2.00115564706103       -0.88889371129487        0.82394270674003
C            1.63832394386589       -2.33436568075431        0.48372475214877
C            1.50524423969607       -3.19022187539935        1.74653546128804
C            0.29181235964694       -4.07058510912271        1.45238635936825
C           -0.62123600573436       -3.11915605481735        0.68841977146789
C            0.09197691385608       -1.58633483367004       -1.19606101842353
C           -1.31074369289311       -1.64130928702319       -1.81448813656860
C           -1.29761353797598       -1.05755145925128       -3.22223729246366
C           -3.19996094460662       -1.42704062123619       -0.25452912427302
C           -3.98598657393153       -0.43403239474720        0.63638743323838
C           -5.45992368112333       -0.83413655906613        0.64086884976034
C           -2.98462009537841        1.91126240587091        0.64012238171916
C           -1.70964881761590        1.46004046377263        1.37028791295993
C           -1.75214653966274        1.91275930621427        2.82399386146997
C           -0.46957976090977        2.08950627210382       -0.62350957717144
C            0.85887487941474        2.65488411767014       -1.13895732284000
C            0.85561919107572        2.76447150449172       -2.65494003241415
C            2.50455024673936        1.91134805807926        0.49723492648598
C            3.62134313008143        0.90943048258719        0.79355416093485
C            4.85072628703667        1.13569213652307       -0.08951491209684
C            5.47223826181155       -0.25565979641684       -0.16442068547222
C            4.25270174592175       -1.17179011596506       -0.24914191545867
H            2.34021092545216       -2.76309103682745       -0.23790315288582
H            2.40880747812179       -3.76171993676480        1.94946573723095
H            1.29647370291671       -2.54129917857872        2.59923695637082
H            0.57633103451724       -4.91192371858525        0.81900189732166
H           -0.17620369281659       -4.45553090402683        2.35605814693771
H           -1.36533826710556       -3.62910390118581        0.07890032028782
H           -1.14661588787306       -2.45702659699901        1.38686030559371
H           -2.10115395447288        0.13181252846629       -1.04339254514153
H           -1.65982918590305       -2.67991894948158       -1.82859506320106
H           -0.53895851384315       -1.54565227753438       -3.82727510556662
H           -1.07398770762142        0.00477343436013       -3.16527376862217
H           -2.27110838629111       -1.18872239691467       -3.68884374377286
H           -4.64201489822374        1.32255541638254       -0.27646085677109
H           -3.58507746654285       -0.57042097216857        1.65017566509280
H           -6.01636398479043       -0.24356201246839        1.36389628186926
H           -5.54408536599283       -1.88783810690836        0.89231175611101
H           -5.88872666866777       -0.68433900749339       -0.34800063885517
H            0.18462607117198        2.42006451663687        1.27293876337769
H           -1.58422932789403        0.37173424817179        1.31541923803785
H           -2.56103255121833        1.41342901464051        3.35248650902743
H           -1.91351318772484        2.98720176030003        2.86696498841033
H           -0.80892178916234        1.66865473002561        3.30753161587797
H            1.95936369222808        0.87528687227395       -1.18439955570078
H            1.03361739174224        3.62916937052783       -0.66777606945488
H            0.00932319610427        3.36424365295275       -2.97496796940177
H            0.75923756257737        1.77221724977144       -3.09073188035634
H            1.77650875446564        3.22239305325589       -3.00556572578967
H            3.87018824981137        1.01451499780846        1.85783068896445
H            5.52144572891600        1.88091943662187        0.33104842364549
H            4.53629899364243        1.46389782151431       -1.08109616766769
H            6.03304924638869       -0.46397775823431        0.74743282009069
H            6.13643536373286       -0.37654654827452       -1.01780701667345
H            3.92317755506809       -1.29434315132658       -1.28810769377732
H            4.45779715667025       -2.15567414988231        0.18019888663042
68
 energy: -106.573512385465 gnorm: 0.003999215928 xtb: 6.7.1-6.fc44.fc44
O            1.20393803509566       -0.17240571409417        1.41299989148523
O            1.00013487690262       -0.90426147243285       -1.66187439795128
O           -3.44507041440324       -2.62166814145686       -0.21381232128323
O           -3.19967647174003        3.08088131817571        0.40911504848229
O           -1.32698088191054        1.64799000270138       -1.37791396402605
O            2.25382611605905        2.82665637385457        1.26070901266130
N            0.30489577899546       -2.34161139704623       -0.10763142244792
N           -2.21978842825745       -0.88515156517166       -0.97885461359627
N           -3.86669574251876        0.95590687003553        0.26046063607036
N           -0.58350350692732        2.08581936868710        0.70305152637801
N            1.93389085739402        1.77410368615604       -0.71318050139683
N            3.23721659762060       -0.46825106203189        0.51586409109365
C            2.00326078533345       -0.88888973296832        0.83197259954295
C            1.63720911520578       -2.33276710193349        0.48855515592518
C            1.50206979876662       -3.19310207837280        1.74844368587217
C            0.29300006910253       -4.07603859643402        1.44520389482837
C           -0.62109147605725       -3.12072029583109        0.68699667376526
C            0.09231424929513       -1.58431322513694       -1.19382680617252
C           -1.30983862373311       -1.64174722146313       -1.81446215552709
C           -1.29633907454517       -1.05960629110872       -3.22337632821365
C           -3.19937614302441       -1.42849107696571       -0.25454069716950
C           -3.98413764051603       -0.43448267769099        0.63550814452865
C           -5.45791974998151       -0.83396464739123        0.64306662967422
C           -2.98385679102712        1.91123555260572        0.63905775202117
C           -1.70976720532030        1.46110032701599        1.37161962363806
C           -1.75292265931259        1.91977128821118        2.82384897584590
C           -0.46967075287560        2.08870561689134       -0.62377709579587
C            0.85823411399513        2.65464725910238       -1.13884087715040
C            0.85573486816328        2.76424112774042       -2.65485273531793
C            2.50476949356360        1.91224633875670        0.49751142789784
C            3.62108331708220        0.90995930643328        0.79440790523590
C            4.85000470026734        1.13651106668816       -0.08944725728279
C            5.47072797139297       -0.25502458811384       -0.16774726909250
C            4.25060922742094       -1.17097718918126       -0.24967137907090
H            2.33913945595677       -2.76165445877499       -0.23342340595379
H            2.40680636264077       -3.76167202424791        1.95404602888446
H            1.28606919660568       -2.54748546792907        2.60154970130371
H            0.58166561333780       -4.91050746350144        0.80399363983928
H           -0.17518430125170       -4.47072672079367        2.34452584372624
H           -1.36420147235137       -3.62807768966574        0.07379470590938
H           -1.14775358623208       -2.46396944083416        1.38937235684158
H           -2.10239959754363        0.13065131509084       -1.04498558544508
H           -1.65650244897255       -2.68131601134575       -1.82923116184166
H           -0.53748321327517       -1.54911972152647       -3.82617181234114
H           -1.07436701029648        0.00310562158209       -3.16873988929654
H           -2.27032772434335       -1.19368716388447       -3.68824406857372
H           -4.63915810662587        1.32087050117717       -0.28151313200124
H           -3.58117159869479       -0.56934858930056        1.64876061862016
H           -6.01057311087614       -0.24832074602502        1.37289971868994
H           -5.54121404931148       -1.88931517018795        0.88774362742771
H           -5.89122587481418       -0.67683112075477       -0.34320527963101
H            0.18290219605176        2.42369297961599        1.27216972938380
H           -1.58581715179645        0.37248911743465        1.32100432760960
H           -2.56223029076404        1.42274009634617        3.35407665513901
H           -1.91344137396844        2.99433370728624        2.86237903828181
H           -0.80997372116202        1.67617811445532        3.30833851736481
H            1.95794887447323        0.87534345954733       -1.18401546919825
H            1.03290874016695        3.62913496885426       -0.66798485060167
H            0.01120989036782        3.36676791277066       -2.97534607476199
H            0.75695472733412        1.77237478191840       -3.08991592414860
H            1.77816517732406        3.21962280462969       -3.00519959438347
H            3.86883242584537        1.01545700325472        1.85873025854435
H            5.52146328424932        1.88057839140147        0.33166264692663
H            4.53428862918313        1.46654043662148       -1.07990837394052
H            6.03394708095947       -0.46456030011425        0.74228555136757
H            6.13218941854896       -0.37486875637860       -1.02343394637785
H            3.91854284493961       -1.29397262588805       -1.28768026159227
H            4.45680272984854       -2.15436763295642        0.17998583668892
68
 energy: -106.573549128811 gnorm: 0.003017294842 xtb: 6.7.1-6.fc44.fc44
O            1.20958619286705       -0.17365944491168        1.42957981491506
O            1.00008728385152       -0.90274491332559       -1.65850613959868
O           -3.44529358591841       -2.62276873170058       -0.21192537649524
O           -3.19770467060004        3.08065490559476        0.40875870072690
O           -1.32665427155017        1.64595402085516       -1.37788085005710
O            2.25531131285504        2.82892608750215        1.25985286149242
N            0.30358435875618       -2.33721072116817       -0.10288195668303
N           -2.22134997025237       -0.88647007101961       -0.98128690079155
N           -3.86451851729623        0.95525884706018        0.25844451068270
N           -0.58266446592566        2.08297872291896        0.70308442422004
N            1.93234646421651        1.77259245099487       -0.71147642124681
N            3.23517749271706       -0.46652023413961        0.51508977088008
C            2.00459709411875       -0.88840705397736        0.84074510312116
C            1.63575432347702       -2.33076726764697        0.49357780572135
C            1.49855859383513       -3.19572851275318        1.75022087214479
C            0.29509358354718       -4.08209572455685        1.43652270513315
C           -0.62169609484197       -3.12341556145376        0.68538926120352
C            0.09248753448165       -1.58262817852890       -1.19007786547092
C           -1.30863399854624       -1.64236419121341       -1.81370284065617
C           -1.29286048344450       -1.06176766567761       -3.22340250326594
C           -3.19905258411640       -1.42966680306688       -0.25494625638409
C           -3.98262989326653       -0.43493835902160        0.63450675795939
C           -5.45649431138774       -0.83400419094236        0.64517346441491
C           -2.98325960106073        1.91071025603662        0.63862380532041
C           -1.70997058883435        1.46179007937943        1.37368749014951
C           -1.75360743282849        1.92826998570751        2.82371519961469
C           -0.46998385427800        2.08829768084198       -0.62400493688930
C            0.85764176906214        2.65420902576680       -1.13849613500979
C            0.85718193093235        2.76304343117065       -2.65482363080456
C            2.50476310694479        1.91362290164542        0.49767144066830
C            3.62052968073316        0.91103267212844        0.79508289109905
C            4.84873684768429        1.13779231202061       -0.08952351946354
C            5.46817993113372       -0.25406640487076       -0.17241435557399
C            4.24717103191059       -1.16949778418840       -0.25193857974369
H            2.33727489148695       -2.75855325507178       -0.22887398775806
H            2.40511590588477       -3.76027781842270        1.95865527710254
H            1.27431591348375       -2.55392128476891        2.60375082855864
H            0.58935082906190       -4.90781978557589        0.78604303595576
H           -0.17325203779146       -4.48797593492495        2.33031008440398
H           -1.36348691105452       -3.62843662169109        0.06814498325510
H           -1.15030084725385       -2.47400513660528        1.39283621695249
H           -2.10322241112622        0.12898215650854       -1.04591034739175
H           -1.65379710589905       -2.68258701490597       -1.82918095521042
H           -0.53354274003050       -1.55382313335471       -3.82341094889739
H           -1.07146574079723        0.00083281367159       -3.17095881815340
H           -2.26648312446692       -1.19814855259745       -3.68739325892028
H           -4.63492069130334        1.32007924211740       -0.28654816000932
H           -3.57890340394355       -0.56848967429316        1.64765211027259
H           -6.00651631320894       -0.25472641136016        1.38268648282862
H           -5.53787616126615       -1.89122585254359        0.88169986737710
H           -5.89321774692933       -0.66893970746530       -0.33746933624218
H            0.17997336757425        2.42777203841500        1.27214011044020
H           -1.58613032065483        0.37304599680586        1.32847840405265
H           -2.56406136831171        1.43549573000690        3.35632530841395
H           -1.91323058233502        3.00316618618161        2.85604473374342
H           -0.81163062967997        1.68618376891204        3.31047700186874
H            1.95482058390605        0.87439476891802       -1.18290665754399
H            1.03332900020579        3.62845019132248       -0.66834223114843
H            0.01549040369353        3.36931043641026       -2.97661792421710
H            0.75532315248744        1.77167216294215       -3.09049351736710
H            1.78164709016348        3.21565566082673       -3.00354551314646
H            3.86753175296766        1.01596117532266        1.85942105761186
H            5.52150679715987        1.88004694722331        0.33236767145387
H            4.53195752942730        1.47030541647307       -1.07878488143001
H            6.03390470376199       -0.46565764293322        0.73550651640139
H            6.12656808968576       -0.37239773084204       -1.03045491901053
H            3.91242871994276       -1.29204054186315       -1.28882115945212
H            4.45418162124277       -2.15235862219109        0.17763713978452
68
 energy: -106.573569122039 gnorm: 0.002489777308 xtb: 6.7.1-6.fc44.fc44
O            1.21166685737380       -0.17446846523049        1.43868652599709
O            1.00004565292445       -0.90196627713616       -1.65493224282119
O           -3.44722448944330       -2.62290927989523       -0.21284643604758
O           -3.19571150834666        3.08032915065970        0.40970465377157
O           -1.32670040911796        1.64521106567472       -1.37768206239631
O            2.25691477642062        2.83149051974782        1.25887443276160
N            0.30238947421225       -2.33540361379371       -0.10021740894037
N           -2.22200148788803       -0.88713565498430       -0.98255925499570
N           -3.86400047861560        0.95493697708537        0.25734788321895
N           -0.58248057632275        2.08254542979140        0.70335271931713
N            1.93021016086937        1.77110914602061       -0.70967219397066
N            3.23258467815822       -0.46470423098596        0.51311066356942
C            2.00421513857899       -0.88778624113925        0.84534137046636
C            1.63437881927349       -2.32954546420368        0.49636555374364
C            1.49688763507633       -3.19727351843871        1.75110558422857
C            0.29726376420007       -4.08662788355119        1.43232760279561
C           -0.62135623771870       -3.12693365359609        0.68460175373215
C            0.09200373637903       -1.58226133695037       -1.18741819461242
C           -1.30795543384327       -1.64304708854371       -1.81333100777678
C           -1.28917971344203       -1.06322510781852       -3.22299729000445
C           -3.19957230559687       -1.42984321135671       -0.25604817278681
C           -3.98249891896904       -0.43512832761997        0.63370459520741
C           -5.45640905594719       -0.83408330230320        0.64633579981825
C           -2.98284518091479        1.90985983841208        0.63890330801812
C           -1.70977422825393        1.46215880890221        1.37544435805903
C           -1.75362269999901        1.93372572862920        2.82368382073204
C           -0.47030731491554        2.08870056658957       -0.62388972779817
C            0.85742585722487        2.65409762147827       -1.13819552252734
C            0.85898556013453        2.76187071777144       -2.65480881415945
C            2.50452625480861        1.91499974746838        0.49773757707183
C            3.61977227928856        0.91201666760014        0.79514764997001
C            4.84757965469526        1.13872010553885       -0.08961511534584
C            5.46575342064854       -0.25354787265472       -0.17571591888440
C            4.24400331256183       -1.16821172815538       -0.25470638280088
H            2.33593846755076       -2.75493321632708       -0.22705624782457
H            2.40484355171320       -3.75894088295578        1.96118518817902
H            1.26811825848666       -2.55746295738254        2.60476018100415
H            0.59545686905872       -4.90689973150887        0.77705851037481
H           -0.17113598557365       -4.49849150863376        2.32274665648625
H           -1.36234964803461       -3.63087600659181        0.06537870763496
H           -1.15136856467932       -2.48076734001704        1.39385150593120
H           -2.10301296541379        0.12828473076302       -1.04599517423184
H           -1.65304171748728       -2.68328850061499       -1.82940226873033
H           -0.52909474762716       -1.55701019814412       -3.82116573706614
H           -1.06634961993397       -0.00088578176146       -3.16961596122089
H           -2.26152278068100       -1.19930710291922       -3.68822289005553
H           -4.63395160587993        1.32001895437116       -0.28864579326710
H           -3.57912366608045       -0.56798825114454        1.64688603767979
H           -6.00409588800288       -0.25909839893702        1.38889399014795
H           -5.53615460060063       -1.89241943458600        0.87783376252698
H           -5.89763583808429       -0.66446302929826       -0.33403452920325
H            0.17827287968038        2.42973579110455        1.27286744146806
H           -1.58520850307503        0.37340813407939        1.33338197764894
H           -2.56533429493793        1.44467015489467        3.35766155372764
H           -1.91281634369593        3.00894550608464        2.85149110554709
H           -0.81281280476943        1.69328628890146        3.31284513929430
H            1.95206780837460        0.87290470034539       -1.18103255594387
H            1.03433535461943        3.62803733874488       -0.66860311607521
H            0.01898361817243        3.36982525723835       -2.97821380537614
H            0.75625563539470        1.77074894087175       -3.08994570961753
H            1.78498859545505        3.21230518722404       -3.00253311685162
H            3.86700771861355        1.01549942248977        1.85955570750940
H            5.52163856787570        1.87940177486178        0.33302507528040
H            4.53082017878831        1.47325835198711       -1.07827875404080
H            6.03278110315212       -0.46706541905601        0.73089945140232
H            6.12243211707431       -0.37082619056390       -1.03481771981767
H            3.90841933935054       -1.28975024106124       -1.29117338271206
H            4.45077894276248       -2.15114463936338        0.17417748949273
68
 energy: -106.573581070765 gnorm: 0.001989515406 xtb: 6.7.1-6.fc44.fc44
O            1.21198827382072       -0.17538681081852        1.44359803946663
O            1.00039527126307       -0.90378723899200       -1.65263060437471
O           -3.44910915689932       -2.62244766788339       -0.21509089371835
O           -3.19482716481046        3.08048465518459        0.41096484311459
O           -1.32693776295071        1.64524072587101       -1.37754582299890
O            2.25871188363373        2.83435617320420        1.25818291932682
N            0.30131364976476       -2.33539567216624       -0.09818062093945
N           -2.22161379736499       -0.88722725378441       -0.98275401821692
N           -3.86407164347826        0.95497154800802        0.25742239687711
N           -0.58293696057219        2.08336006100312        0.70347167225697
N            1.92821850280012        1.77051436751157       -0.70795854208103
N            3.23014543580642       -0.46318602449611        0.51069745483411
C            2.00332246357364       -0.88764663448045        0.84783599666412
C            1.63349063744153       -2.32928354193080        0.49809426879091
C            1.49647579336915       -3.19811669548578        1.75177553747562
C            0.29923176646741       -4.08951095259307        1.43027402672074
C           -0.62130283293596       -3.13010970307498        0.68452969981451
C            0.09179880275788       -1.58311662554203       -1.18579681088858
C           -1.30736419132500       -1.64379302573487       -1.81299279144726
C           -1.28575983863031       -1.06395011390545       -3.22234951001439
C           -3.20006300494259       -1.42943397999294       -0.25707465631011
C           -3.98286370050979       -0.43503366016674        0.63345829895867
C           -5.45691886781902       -0.83420317556257        0.64676303612889
C           -2.98308475466730        1.90954680315281        0.63973568281090
C           -1.70979494149419        1.46272580315241        1.37656375436441
C           -1.75366974532490        1.93739485919263        2.82348306647570
C           -0.47091253414722        2.08944828376889       -0.62382614458759
C            0.85718433539294        2.65427446174465       -1.13796457956100
C            0.86042733897026        2.76102645498955       -2.65468477999198
C            2.50444603676541        1.91650847009867        0.49793108776822
C            3.61894915338511        0.91259142499035        0.79474445628457
C            4.84680119619391        1.13929057771960       -0.08967600341018
C            5.46374055688062       -0.25343358588328       -0.17807424132145
C            4.24135320516808       -1.16713414492535       -0.25772161796998
H            2.33468984133956       -2.75298735174661       -0.22601479524341
H            2.40539378135809       -3.75802750680328        1.96258679585519
H            1.26545930460012       -2.55940131116485        2.60565876295684
H            0.60019615167700       -4.90655474761557        0.77284769303366
H           -0.16913628550787       -4.50494395594972        2.31874608903768
H           -1.36141001164058       -3.63375455754352        0.06410228948012
H           -1.15277253376729       -2.48649774763537        1.39507009051536
H           -2.10208783753923        0.12814732997643       -1.04588075996989
H           -1.65334299025622       -2.68369853296808       -1.82867706693071
H           -0.52478088731387       -1.55880618351672       -3.81932165633971
H           -1.06137731300800       -0.00205244498381       -3.16897342305997
H           -2.25673215858080       -1.19876711516771       -3.68994401552282
H           -4.63369721704800        1.32050410642079       -0.28869673043035
H           -3.58012259658603       -0.56819913915051        1.64683521818143
H           -6.00358344720168       -0.26157405130479        1.39175484135006
H           -5.53561219387887       -1.89330889122241        0.87521031919335
H           -5.89903800850442       -0.66204330037500       -0.33198219195044
H            0.17733405073874        2.43063429885256        1.27358623621528
H           -1.58419839348522        0.37400878601954        1.33623598796606
H           -2.56636757024828        1.45107802772066        3.35826921313261
H           -1.91240074127205        3.01291379557458        2.84820721319101
H           -0.81357753895730        1.69835626977044        3.31447434013163
H            1.95028659242747        0.87176405900207       -1.17844538506068
H            1.03480209290791        3.62804337596063       -0.66852793108493
H            0.02151589463932        3.36959882224194       -2.97948620910429
H            0.75698398940561        1.76974093890933       -3.08918376923482
H            1.78743925342409        3.21025959391350       -3.00130316219800
H            3.86668652531646        1.01421384742009        1.85926504592938
H            5.52185057402179        1.87870388891734        0.33382658380126
H            4.53048393436146        1.47574699955391       -1.07791440200974
H            6.03152285543101       -0.46870250203040        0.72765515106797
H            6.11943023703618       -0.36988870194110       -1.03782593847903
H            3.90519229423161       -1.28702178293933       -1.29449306001651
H            4.44730337135657       -2.15064094226072        0.17003685120660
68
 energy: -106.573590187679 gnorm: 0.001881190293 xtb: 6.7.1-6.fc44.fc44
O            1.21144333974401       -0.17660043480979        1.44776147398183
O            1.00147453539099       -0.90566670396154       -1.64975651110557
O           -3.45045320806155       -2.62134906441457       -0.21895102665261
O           -3.19504695546638        3.08110360791659        0.41160495182233
O           -1.32805384504809        1.64663898378714       -1.37753355088471
O            2.26179785664819        2.83900432640700        1.25665273412710
N            0.30042594182666       -2.33633404653096       -0.09604316375145
N           -2.21997253245353       -0.88663918704180       -0.98254171862568
N           -3.86459218419614        0.95536155806342        0.25832042079108
N           -0.58382102189929        2.08531349815591        0.70345994708961
N            1.92608333530640        1.77075867934093       -0.70617218039850
N            3.22684104614393       -0.46144503051028        0.50698237098782
C            2.00192166006717       -0.88786053767253        0.84985523446123
C            1.63285759932570       -2.32983428985633        0.50008493252658
C            1.49644975455026       -3.19945479223297        1.75291205397653
C            0.30150873295373       -4.09326879469709        1.42931465311658
C           -0.62088841564388       -3.13491637815872        0.68462108445006
C            0.09198407683795       -1.58477056004780       -1.18450812486603
C           -1.30627002524003       -1.64447450776540       -1.81287814525734
C           -1.28175527052247       -1.06484249473843       -3.22186872284415
C           -3.20015426587394       -1.42837653237578       -0.25862950164798
C           -3.98291282204156       -0.43479551272621        0.63352558076820
C           -5.45704928291148       -0.83419169261909        0.64753960534918
C           -2.98363573616780        1.90986771477898        0.64022057337577
C           -1.71010318950525        1.46425889507985        1.37744953414130
C           -1.75421561725315        1.94158295180005        2.82303680582127
C           -0.47201530596659        2.09065265698972       -0.62373240245108
C            0.85675258517183        2.65474925287624       -1.13770636553589
C            0.86135470845006        2.76032829483212       -2.65436638062934
C            2.50477116559281        1.91874218049603        0.49825956079617
C            3.61769380710658        0.91297047175092        0.79417788445929
C            4.84606482039471        1.13966368869177       -0.08944229404198
C            5.46122812094789       -0.25372361732393       -0.18046982186790
C            4.23789615253101       -1.16571528869581       -0.26189546885680
H            2.33361191686993       -2.75225398610517       -0.22489449417212
H            2.40629662592545       -3.75778764899845        1.96427193696741
H            1.26379320792850       -2.56160910426193        2.60716407562187
H            0.60553972488730       -4.90789521696665        0.77111459844223
H           -0.16653335513760       -4.51177106811201        2.31651885578919
H           -1.35961777495090       -3.63855134912458        0.06293741046249
H           -1.15429702559512       -2.49358584391871        1.39598450512900
H           -2.10027977869985        0.12874950568596       -1.04602807023393
H           -1.65397193293161       -2.68365113863673       -1.82839045126996
H           -0.51931139000879       -1.55991682967056       -3.81768634521109
H           -1.05536134404085       -0.00314500176677       -3.16646942533287
H           -2.25096252998395       -1.19724315222812       -3.69366692081262
H           -4.63481671331874        1.32103491047892       -0.28694432823634
H           -3.58001338107145       -0.56858890467177        1.64667001286276
H           -6.00277104299966       -0.26420214207098        1.39508006893107
H           -5.53519860775104       -1.89420186459567        0.87254905627590
H           -5.90228202464080       -0.65901424133137       -0.32997065457371
H            0.17717055329600        2.43048694426286        1.27426166044722
H           -1.58358069487502        0.37550861105431        1.33844803645529
H           -2.56791027671759        1.45774538779439        3.35820981740383
H           -1.91224257901966        3.01738833556507        2.84491627714998
H           -0.81476614875919        1.70382425323818        3.31593062197354
H            1.94897323956492        0.87056302540729       -1.17433611842177
H            1.03421366799197        3.62871943921393       -0.66846077283036
H            0.02332102342122        3.36899425334699       -2.98068283851073
H            0.75785920766764        1.76851299986826       -3.08821711608696
H            1.78912852200131        3.20830369552548       -3.00053504723200
H            3.86596946728801        1.01217373205013        1.85894765757227
H            5.52220526321502        1.87730225538883        0.33571681087901
H            4.53088223896707        1.47867611139810       -1.07723825877535
H            6.02944398754652       -0.47146783430318        0.72439738424822
H            6.11619806730015       -0.36925261418864       -1.04076185317595
H            3.90266542686816       -1.28362783125401       -1.29905548862225
H            4.44213132408375       -2.15057344675365        0.16383820017358
68
 energy: -106.573595526414 gnorm: 0.001516815614 xtb: 6.7.1-6.fc44.fc44
O            1.21161850060781       -0.17762133283765        1.44899933194133
O            1.00189824180759       -0.90611259111003       -1.64905115396756
O           -3.44974642039686       -2.62079474636168       -0.22003842270484
O           -3.19653410313320        3.08171302519952        0.41098332476947
O           -1.32907552684288        1.64810009811765       -1.37761677134731
O            2.26338713620817        2.84078127349170        1.25573754054506
N            0.30050720020450       -2.33729561924216       -0.09540382039836
N           -2.21878306806373       -0.88600961079678       -0.98173451736573
N           -3.86522695361656        0.95579213706633        0.25886632691492
N           -0.58406641939978        2.08625250155139        0.70328692699694
N            1.92598672968347        1.77160558788755       -0.70631616105820
N            3.22607589685356       -0.46140947954608        0.50561556774806
C            2.00195584140434       -0.88868014416027        0.85043297192087
C            1.63300358259481       -2.33072994637973        0.50085724106331
C            1.49655816711938       -3.20031684825414        1.75365476864848
C            0.30191588275999       -4.09465256989546        1.42981666772353
C           -0.62051671770624       -3.13680630607302        0.68450984887694
C            0.09236608447366       -1.58558484140616       -1.18416833979867
C           -1.30582865082686       -1.64440572819694       -1.81249195176449
C           -1.28071380890295       -1.06413265726705       -3.22131000054130
C           -3.19972905906027       -1.42785458015208       -0.25877605071503
C           -3.98273776847592       -0.43461516464877        0.63391743056764
C           -5.45680468165696       -0.83430738014842        0.64760160693536
C           -2.98418763386588        1.91076622192422        0.64020571150708
C           -1.71048079395285        1.46560719091240        1.37731979590873
C           -1.75504964546057        1.94299599718981        2.82290950256745
C           -0.47251786598417        2.09111120892900       -0.62382355569588
C            0.85643913396288        2.65501030720557       -1.13794530182344
C            0.86073295533460        2.76035062074331       -2.65452346224776
C            2.50545213577362        1.91962412274753        0.49796199714554
C            3.61719719234316        0.91263462107626        0.79376789587743
C            4.84638559041666        1.13948790878533       -0.08894169357500
C            5.46077240725496       -0.25418790238082       -0.18077678605548
C            4.23691776915620       -1.16529157422959       -0.26355244580510
H            2.33398544950991       -2.75353935376621       -0.22420005410615
H            2.40648437469097       -3.75852275254345        1.96505889168036
H            1.26370339941758       -2.56257596969085        2.60800857260309
H            0.60663373547030       -4.90980085372591        0.77244194521984
H           -0.16584708898014       -4.51319968878726        2.31741599414613
H           -1.35848323728604       -3.64059437291736        0.06211308573738
H           -1.15467141973412       -2.49573294514306        1.39551477901314
H           -2.09921503784021        0.12943730387689       -1.04595344725823
H           -1.65425422494647       -2.68337373560857       -1.82794938498989
H           -0.51765639649500       -1.55849985607618       -3.81690458110071
H           -1.05530361357489       -0.00257147761549       -3.16701039469242
H           -2.24966539933165       -1.19640099501776       -3.69479609836204
H           -4.63583225437285        1.32092293986811       -0.28605075520239
H           -3.57897956054695       -0.56875567009190        1.64660052118923
H           -6.00271655656511       -0.26427406021680        1.39502614161307
H           -5.53518397023483       -1.89452083036192        0.87209132100675
H           -5.89983042239409       -0.65866560235449       -0.32975278957703
H            0.17816612327939        2.42925695844337        1.27397160415484
H           -1.58425372499128        0.37682370579045        1.33840150051130
H           -2.56881930168207        1.45895830917716        3.35780620134447
H           -1.91268408170304        3.01878804888710        2.84478683972787
H           -0.81553093322727        1.70495343567293        3.31589493547198
H            1.94904887286129        0.87070460618979       -1.17326175061349
H            1.03336979307294        3.62937014043148       -0.66880200818150
H            0.02219027169931        3.36826512670475       -2.98095719214956
H            0.75785035556216        1.76826148136290       -3.08758331928275
H            1.78822540120733        3.20853823041377       -3.00115826324632
H            3.86478544707499        1.01093433297340        1.85878955493077
H            5.52248247514016        1.87651606220547        0.33730931072596
H            4.53172340657721        1.47955748273427       -1.07649444201764
H            6.02862590610588       -0.47300332930136        0.72405041445974
H            6.11590872087187       -0.36934056381458       -1.04116204955457
H            3.90126745002409       -1.28161248807489       -1.30127130704522
H            4.44040113578683       -2.15094588325718        0.16095502696171
68
 energy: -106.573599765720 gnorm: 0.001300931085 xtb: 6.7.1-6.fc44.fc44
O            1.21271585543817       -0.17918671863086        1.45130967750016
O            1.00283874642950       -0.90636057171087       -1.64836110054791
O           -3.44828324810543       -2.62027011775671       -0.22122476129087
O           -3.19893742944794        3.08253379426037        0.40966561249254
O           -1.33000411465360        1.64964979133819       -1.37779508407616
O            2.26517010755123        2.84228314032409        1.25408241714379
N            0.30122252778578       -2.33858053140806       -0.09507991800792
N           -2.21705908858927       -0.88514142991010       -0.98089406019598
N           -3.86524195667965        0.95610673048575        0.25970243433914
N           -0.58456367211808        2.08744992003891        0.70293912544973
N            1.92606060635588        1.77216041965656       -0.70704255287253
N            3.22537855865263       -0.46163790079649        0.50391390937918
C            2.00244531895825       -0.88983792188568        0.85115134529733
C            1.63343562963368       -2.33195132567554        0.50173462034224
C            1.49645508285358       -3.20133360168736        1.75466819409744
C            0.30196418697562       -4.09570548052420        1.43018029111026
C           -0.62043054862770       -3.13840169014823        0.68406605555146
C            0.09332944141809       -1.58635125770623       -1.18381316410133
C           -1.30492688544130       -1.64378492494307       -1.81215103210852
C           -1.27981596494218       -1.06279470128960       -3.22075502332885
C           -3.19867326684216       -1.42740175980538       -0.25913034946267
C           -3.98173705696825       -0.43468822185846        0.63419880476929
C           -5.45543051766082       -0.83475413968059        0.64827549500524
C           -2.98498394630550        1.91211830088200        0.63968055097664
C           -1.71125537143503        1.46743208271639        1.37689716116885
C           -1.75652221067225        1.94497151573303        2.82266325550224
C           -0.47318581515549        2.09181521137398       -0.62412469622873
C            0.85599166442659        2.65514425762222       -1.13850783254190
C            0.85970238929920        2.76015066920943       -2.65508848872243
C            2.50607402193299        1.92014868550796        0.49715883203107
C            3.61654194688148        0.91208823457076        0.79342608929633
C            4.84687522547267        1.13919492034711       -0.08796735898337
C            5.46040602022445       -0.25473553878789       -0.18092057800430
C            4.23589132420818       -1.16476601239721       -0.26557879716277
H            2.33438756287852       -2.75636410256225       -0.22251440609546
H            2.40629050478229       -3.75954582612663        1.96646064765069
H            1.26311494559837       -2.56365013796615        2.60884952611112
H            0.60711064871956       -4.91183721367444        0.77372277380736
H           -0.16565585376896       -4.51395345404733        2.31829242314677
H           -1.35702011525889       -3.64284952074644        0.06051501310547
H           -1.15616645864150       -2.49889147143257        1.39523336759639
H           -2.09786980564832        0.13036362628660       -1.04557696059199
H           -1.65425031463889       -2.68250147423100       -1.82828021526451
H           -0.51636705864750       -1.55614870752277       -3.81634382365182
H           -1.05519170278942       -0.00074289064843       -3.16533744697097
H           -2.24874658468602       -1.19532977276711       -3.69537403280115
H           -4.63612936496259        1.32059237653674       -0.28497965488748
H           -3.57630191662476       -0.56923510618650        1.64624904835135
H           -6.00108427674888       -0.26536864424628        1.39636149059104
H           -5.53417700618702       -1.89511999218562        0.87189464696630
H           -5.89971919977066       -0.65798907196254       -0.32926910194734
H            0.17918092010075        2.42770296899509        1.27336267129604
H           -1.58534859050356        0.37861282708449        1.33854473959948
H           -2.57028975164446        1.46029821502427        3.35714551915344
H           -1.91383884347525        3.02066805321826        2.84485432467993
H           -0.81700523484561        1.70619133002365        3.31565777127996
H            1.94857727063914        0.87084980787070       -1.17319553704366
H            1.03249310872119        3.62998512063048       -0.66979799285453
H            0.02057074756231        3.36744652751348       -2.98131848139160
H            0.75719001841769        1.76770609316273       -3.08818203700174
H            1.78658076073569        3.20940799209511       -3.00192373972480
H            3.86259198676186        1.00976689966292        1.85879778973888
H            5.52275896358478        1.87536150707658        0.33990876622090
H            4.53306336716450        1.48055335754354       -1.07525458166032
H            6.02722298571805       -0.47506947303360        0.72415425369237
H            6.11616404587482       -0.36931738367698       -1.04107173792806
H            3.90085754384972       -1.27951029850425       -1.30338947245356
H            4.43865556193958       -2.15126445256059        0.15742820137654
68
 energy: -106.573602780144 gnorm: 0.001093346679 xtb: 6.7.1-6.fc44.fc44
O            1.21385144201933       -0.18051232125319        1.45328365266595
O            1.00346412303041       -0.90570375497469       -1.64695658913990
O           -3.44760748125624       -2.61993367871049       -0.22160329732036
O           -3.20000586482514        3.08263969982790        0.40906653380196
O           -1.33100239760745        1.65077962815502       -1.37759484383667
O            2.26594491957749        2.84260322197695        1.25274021007884
N            0.30180622056928       -2.33932866850791       -0.09501940223403
N           -2.21604705675738       -0.88443560425914       -0.98002975752691
N           -3.86566648776605        0.95622190904516        0.25970232758870
N           -0.58477677344459        2.08837579912142        0.70302808713040
N            1.92550416904256        1.77152303575742       -0.70760587645949
N            3.22475041605218       -0.46174012305246        0.50231145670323
C            2.00286125283071       -0.89067758804508        0.85163774179510
C            1.63370465749208       -2.33276615741418        0.50229176309936
C            1.49610298837051       -3.20205213484016        1.75534029609587
C            0.30197570633119       -4.09675552285077        1.43067642956360
C           -0.61985612578470       -3.13999368923056        0.68314972465992
C            0.09389111104219       -1.58633134592843       -1.18295502413167
C           -1.30424075030306       -1.64290049186260       -1.81163844871615
C           -1.27866017981812       -1.06117963840411       -3.21986271469651
C           -3.19803306362420       -1.42702028324890       -0.25906557632939
C           -3.98134936243553       -0.43463959265613        0.63434317176894
C           -5.45484028163470       -0.83538059228894        0.64867038102071
C           -2.98529933264643        1.91252003280397        0.63940609520975
C           -1.71156948361025        1.46854573009502        1.37706852213148
C           -1.75732745617550        1.94660525886139        2.82278267893345
C           -0.47351556983820        2.09242066246366       -0.62413557392718
C            0.85570828753024        2.65504594540007       -1.13902630458032
C            0.85911346409809        2.75970446828090       -2.65573347247506
C            2.50612078990097        1.92006280111886        0.49613934372192
C            3.61607865310453        0.91172102151130        0.79304324880917
C            4.84722993323301        1.13903615838794       -0.08712133273715
C            5.46008255632566       -0.25510003450849       -0.18109206431269
C            4.23507724688547       -1.16438301686600       -0.26759960468392
H            2.33506943650317       -2.75717415198590       -0.22175915473243
H            2.40592293703766       -3.75999850889369        1.96776644876869
H            1.26206947782539       -2.56427129559520        2.60918036460512
H            0.60741124607646       -4.91355732822175        0.77505146417474
H           -0.16625117136661       -4.51408874179911        2.31885688066008
H           -1.35554867841476       -3.64500966463620        0.05883856080156
H           -1.15661631332235       -2.49997682969348        1.39292690322265
H           -2.09737681439632        0.13096528879593       -1.04486105468926
H           -1.65401217624495       -2.68145891253608       -1.82864502324452
H           -0.51497980975763       -1.55394637827203       -3.81550018128199
H           -1.05483800435742        0.00079228844135       -3.16370934132171
H           -2.24736544272552       -1.19416597814428       -3.69487105776245
H           -4.63695400005437        1.32014771501204       -0.28501672968877
H           -3.57546660516630       -0.56900683447175        1.64602185253313
H           -6.00109120218587       -0.26632682129538        1.39671873717098
H           -5.53294923666698       -1.89571422301546        0.87229088883330
H           -5.89903520082833       -0.65899860974101       -0.32873105403158
H            0.18000238432948        2.42651814028451        1.27325751614761
H           -1.58563064345847        0.37973806185931        1.33933666551682
H           -2.57141440988785        1.46205662405215        3.35699824369460
H           -1.91452791443904        3.02231042339387        2.84475796104611
H           -0.81818057254132        1.70749980351261        3.31620746300229
H            1.94713875319242        0.87027508856115       -1.17384995708449
H            1.03287154021914        3.62992725156683       -0.67082148089316
H            0.01941728242754        3.36627918248476       -2.98199461573187
H            0.75773136399707        1.76727394765153       -3.08875191107306
H            1.78555472335409        3.20944129905289       -3.00312321688922
H            3.86093381278021        1.00883536826251        1.85869755640433
H            5.52311970738178        1.87437093428228        0.34210009755736
H            4.53437165285005        1.48152741847142       -1.07432044649937
H            6.02588733505725       -0.47668491104941        0.72432481095731
H            6.11656622411289       -0.36911585186363       -1.04071731122305
H            3.90047616144532       -1.27759325973916       -1.30553302370791
H            4.43732031237567       -2.15146013252897        0.15413418899892
68
 energy: -106.573605377818 gnorm: 0.000767097455 xtb: 6.7.1-6.fc44.fc44
O            1.21575301186654       -0.18277722730398        1.45605061398856
O            1.00470768597747       -0.90583938953282       -1.64560766336469
O           -3.44702793124189       -2.61974803397298       -0.22222973334052
O           -3.20166363565497        3.08292039841351        0.40835906520853
O           -1.33202217419863        1.65217058659356       -1.37728376418757
O            2.26607539667775        2.84228741019972        1.25115691609063
N            0.30287480139682       -2.34052092624895       -0.09527258943448
N           -2.21468580484964       -0.88380531430467       -0.97882884962062
N           -3.86571319716719        0.95600695302736        0.25984448013709
N           -0.58541483233210        2.08989183478343        0.70306682475700
N            1.92444300587197        1.77022158449925       -0.70845258332915
N            3.22423947170659       -0.46207662849476        0.50013599126024
C            2.00394407948284       -0.89214248703351        0.85245093509532
C            1.63434132621415       -2.33413883177604        0.50291269893997
C            1.49529660996137       -3.20268522155395        1.75628679885521
C            0.30146546049913       -4.09750494876964        1.43121909524686
C           -0.61957163196782       -3.14152144263849        0.68171745963135
C            0.09506723295016       -1.58625888908554       -1.18203273620725
C           -1.30302722582851       -1.64175057624504       -1.81100365569023
C           -1.27693323107520       -1.05848326232226       -3.21855122539231
C           -3.19723898057460       -1.42682149060775       -0.25892562074578
C           -3.98090155677862       -0.43482497669930        0.63446803326893
C           -5.45401538203111       -0.83670192087028        0.64941633787527
C           -2.98601505297843        1.91319480075690        0.63924049104942
C           -1.71221252327259        1.47011643499692        1.37720940683785
C           -1.75840927852415        1.94904694009096        2.82269963750914
C           -0.47409489055229        2.09357252042175       -0.62426614446595
C            0.85530350683419        2.65482871093256       -1.13988307966785
C            0.85828002072723        2.75891010347836       -2.65674354172926
C            2.50574786008888        1.91955045703302        0.49457461618497
C            3.61547179150262        0.91111845882943        0.79227985285821
C            4.84790029896099        1.13886834486801       -0.08577072586452
C            5.45991123990433       -0.25554054285666       -0.18120907176397
C            4.23438452289515       -1.16388918183172       -0.27067766401184
H            2.33616879760784       -2.75865893044222       -0.22046868244323
H            2.40493582455989       -3.76044934888253        1.96990828680949
H            1.26035104815699       -2.56441183899220        2.60942372098716
H            0.60714241872843       -4.91520715936938        0.77684394565747
H           -0.16819698444516       -4.51345655288978        2.31919919285748
H           -1.35359152679310       -3.64759562379347        0.05613623415038
H           -1.15846485272448       -2.50194847344122        1.39028777188055
H           -2.09666189436250        0.13176640135733       -1.04356025714297
H           -1.65324781738844       -2.68019287232226       -1.82876931798170
H           -0.51314549533251       -1.55043737391907       -3.81455073594489
H           -1.05372709451730        0.00353123379935       -3.16173227538414
H           -2.24530968482429       -1.19198740333082       -3.69344887555737
H           -4.63684772867840        1.31959466126942       -0.28521235516597
H           -3.57482269862127       -0.56925309957629        1.64609306257418
H           -5.99994450792462       -0.26773155259227        1.39757202326975
H           -5.53082577602522       -1.89694033089720        0.87363637615328
H           -5.89859005108695       -0.66133632653476       -0.32786500224188
H            0.18067106341490        2.42567090140904        1.27304672807347
H           -1.58584022846875        0.38129928355768        1.34053414567890
H           -2.57301483592520        1.46502140035305        3.35668968679969
H           -1.91543779277871        3.02481001477500        2.84419206736132
H           -0.81979144206974        1.70968261195283        3.31675332307235
H            1.94480532820318        0.86911863445836       -1.17498129797173
H            1.03390515050199        3.62954684277206       -0.67221856412700
H            0.01763955472379        3.36427827874287       -2.98285637273080
H            0.75804839419795        1.76637722665656       -3.08921682298422
H            1.78409228034453        3.20985188729327       -3.00424741358554
H            3.85857874276557        1.00726093862407        1.85840002094927
H            5.52384587618145        1.87298401646285        0.34547933989572
H            4.53669567106142        1.48321328965165       -1.07290944778628
H            6.02418653253564       -0.47900080406684        0.72475560277384
H            6.11766255581805       -0.36864060707612       -1.03988647253784
H            3.89966740573681       -1.27412330392982       -1.30935412652506
H            4.43590019799763       -2.15192873174816        0.14887871109951
