68
 energy: -105.237043259763 gnorm: 2.228791791091 xtb: 6.7.1-6.fc44.fc44
O            0.97706932468924       -0.44742681071334        1.49351921367700
O            0.84406822422500       -1.03817055009086       -1.78209215352495
O           -3.29219903970638       -2.62392503841964        0.12648256147365
O           -3.15337890013606        3.24360248865610        0.11365972039600
O           -1.47669247643532        1.79472283139484       -1.46579301138000
O            2.09762087578339        2.68088688887486        1.33518983827329
N            0.36623722486980       -2.67288099473032       -0.44073451730001
N           -2.23010455879578       -0.75458472664402       -0.91465307887410
N           -3.70724071848409        0.99136173061540        0.16861219132228
N           -0.50393676931644        2.17043411489987        0.67748994646507
N            1.91800481942135        1.73142605394021       -0.76183099239389
N            3.22372537709022       -0.58261753769061        0.44687085445801
C            1.94588373488730       -0.80827196480912        0.77174418099366
C            1.69823284073778       -2.54538805516969        0.39505697996741
C            1.65246950220496       -3.38996501527077        1.62183956643559
C            0.53517972474139       -4.52206533805742        1.26884713058467
C           -0.37166405808902       -3.48865058378149        0.45323324395609
C           -0.01167315935441       -1.65845703165588       -1.19312931115083
C           -1.37439708543192       -1.91688142430347       -1.88592474592420
C           -1.24134229151782       -1.11633420632669       -3.24509874398719
C           -3.12710696706485       -1.36141412486586       -0.13223593251781
C           -4.02502242621412       -0.19774223230708        0.87915498300546
C           -5.29248351820401       -0.85175474134717        0.95977379841572
C           -3.05102321826718        2.01561536882930        0.57311652260592
C           -1.55105691689220        1.78438890570333        1.26058291804027
C           -1.67870359101207        2.05800048747653        2.80808064373078
C           -0.52084550774459        2.35749961907433       -0.77586663902030
C            0.80433601329144        2.62413957707355       -1.14546188357149
C            0.82439196782601        2.88762884719912       -2.92608516996122
C            2.48949109828831        1.83265316688506        0.53118303809784
C            3.46632381830985        0.90898260556621        0.89900194290535
C            4.61619862108169        1.14657138204090        0.13675664874706
C            5.32055007249285       -0.10749269224585        0.03103420420033
C            4.38643511149432       -1.26247984235490       -0.14893229514205
H            2.41983859309382       -2.71701402244170       -0.30618563185337
H            2.58790473970227       -3.86986081253190        1.98956126915837
H            0.86070526604686       -2.71330261926176        2.42409141898975
H            1.08117806832961       -5.16893182838271        0.43485998138201
H            0.06030317623669       -5.06845806056159        1.96886067462175
H           -0.68486672870243       -4.19336091120644       -0.50230171058251
H           -1.23444581317844       -3.24987147617477        0.67364509458461
H           -2.00559747917075       -0.10862670987362       -0.93171018785394
H           -1.62384349642170       -2.86719670909304       -1.64013106832593
H           -2.30052400438970       -1.36325829175151       -3.44747599820098
H           -0.66690840042314       -1.66438476361118       -3.74657229025318
H           -1.07067059640548        0.03562524747299       -3.10005632270482
H           -4.56181801903191        1.42235553228941       -0.31148414058904
H           -3.43096104240383       -0.31172111169175        1.74921750255099
H           -5.85036312159418       -0.21362618209268        1.55255713691062
H           -5.40602513117085       -1.71960711640025        1.26350201505326
H           -5.79334604258770       -0.76194017289219        0.01146478863389
H            0.21318524384056        2.70975808973769        1.28205062144799
H           -1.45595797673705        0.72782419226273        1.45622833685916
H           -2.48568677828758        1.79887225698146        3.37027096729859
H           -2.11393589010084        3.49094930323995        2.60824082576095
H           -1.09524772856391        2.41036971473656        3.16302987379581
H            1.92247401506422        0.88336654711587       -1.16892732825426
H            0.98159314911426        3.42718224498945       -0.82144342896187
H            1.91400612268022        3.10233851342533       -3.16132218770623
H            0.28569280774970        3.41815067960442       -3.01283971090399
H            0.81687198810903        1.53469804888638       -3.21732794257739
H            3.59492467167817        0.97156204445993        1.90082712877984
H            5.44847259606226        1.79806920204628        0.69548607136135
H            4.55550208116117        1.59558999083233       -0.83547553872951
H            6.09051991536422       -0.49014008329226        1.17834855341963
H            6.40961706066906       -0.40259751363094       -0.58574252144574
H            3.93107773557964       -1.16344852188635       -1.39955495110856
H            4.41965734739495       -2.11243385019431        0.07593904846413
68
 energy: -106.007338822399 gnorm: 0.709983919063 xtb: 6.7.1-6.fc44.fc44
O            0.99254004202416       -0.44162444870491        1.48082375274044
O            0.84994858887125       -1.02520643870668       -1.77941393580044
O           -3.29445144817506       -2.60810504641397        0.12401619610308
O           -3.15705179652291        3.22673434053518        0.12279833937896
O           -1.46420878929561        1.80432754864529       -1.45480491759987
O            2.09837855599931        2.68385858496076        1.33220419535899
N            0.38580642094022       -2.66603332588154       -0.41591661188294
N           -2.27093863483151       -0.88628705526777       -0.91660134995555
N           -3.72475649604284        0.99943023483188        0.16985189484512
N           -0.49435087420569        2.18874065451014        0.66128921763879
N            1.91489477855519        1.74123953207818       -0.75397525629035
N            3.20470959586058       -0.56860118632202        0.46026278587516
C            1.93749491414156       -0.84136776362689        0.78175880008912
C            1.69561050292233       -2.53155789073812        0.39439991635338
C            1.63282292604809       -3.38851726023599        1.62934250893106
C            0.55019722763577       -4.50653110906318        1.24760844203723
C           -0.36015609495210       -3.52237825637982        0.42626224611608
C           -0.00456874930583       -1.67093417878029       -1.20164591267548
C           -1.36647079646958       -1.88675919103588       -1.87119993901445
C           -1.26704620843044       -1.10927936048396       -3.22453024084058
C           -3.13657658815290       -1.38522782307633       -0.11472905170591
C           -3.99794567325600       -0.21284257642939        0.86188987683156
C           -5.30024057141444       -0.82699599000879        0.94869525487548
C           -3.02935048088983        2.03673433889005        0.56555428820143
C           -1.58017932171163        1.76410717371409        1.27531736098696
C           -1.74616397676060        2.06538519504519        2.76159401984320
C           -0.53217419907302        2.33146093002816       -0.76908016996537
C            0.81002009075738        2.60167265127503       -1.17852804087611
C            0.89610918302710        2.80676866417076       -2.89750157992973
C            2.46719858266179        1.83946828262665        0.52570046581224
C            3.46800229944632        0.89581241742268        0.89154223554472
C            4.65171286118810        1.15513212660550        0.13501753687407
C            5.35778124497601       -0.13020597470640        0.03973694179006
C            4.36407831540449       -1.21543344809880       -0.17375266555231
H            2.42982276376243       -2.72197092377764       -0.31347967260864
H            2.58036954432254       -3.86219154569717        1.98903052827659
H            0.87887488472239       -2.72152932128240        2.41685084203436
H            1.07516745285693       -5.16569039991631        0.44390405939989
H            0.05838332515972       -5.06998779153088        1.97466478256089
H           -0.68971239888482       -4.19846845625121       -0.49536297983138
H           -1.26481741523285       -3.23868901005680        0.69016226188819
H           -1.95478882376366        0.02694369687221       -0.94343904024488
H           -1.63165089631319       -2.87174758582761       -1.64402596776444
H           -2.30358631562013       -1.35615052416544       -3.45726870327660
H           -0.64866927141907       -1.67538931598808       -3.76392878790546
H           -1.07271961821516        0.02188718994402       -3.10010388967912
H           -4.55990290101498        1.41756947611831       -0.31200036831618
H           -3.42732483648086       -0.31012373804999        1.75528565006358
H           -5.86156653341743       -0.20347151099460        1.56326739447447
H           -5.40456385891792       -1.75202870467203        1.27417466982113
H           -5.79640737191658       -0.76160801245501        0.00306475165793
H            0.20997816619876        2.70765724495866        1.27203146237872
H           -1.46009729717696        0.71217357650246        1.45113732225711
H           -2.50575323227393        1.78561424536257        3.37216960333479
H           -2.11279852542227        3.47529512166850        2.61226239545055
H           -1.00570583364890        2.44936953172959        3.20858108509845
H            1.92342371673195        0.86943708510160       -1.17513432336737
H            0.99595359047205        3.47509341975582       -0.80556480191058
H            1.91691005389169        3.09982224833537       -3.16037997877837
H            0.21310191253981        3.47625165340138       -3.02792892255673
H            0.81386956777424        1.55448077172075       -3.21726611784556
H            3.59707679796780        0.96845491102758        1.91571315899935
H            5.44128648277295        1.79885753284865        0.69177877276070
H            4.55348428266552        1.59743359540226       -0.83923763085761
H            6.07555874183352       -0.48255431994755        1.16771991667662
H            6.39343189329298       -0.39292220333494       -0.58510852295893
H            3.94060201578531       -1.16742248035424       -1.38839146702111
H            4.42276798347427       -2.15303779927132        0.08585791567637
68
 energy: -106.340352784112 gnorm: 0.402910880240 xtb: 6.7.1-6.fc44.fc44
O            1.01532227687586       -0.42617948715036        1.45515843371188
O            0.86636568092701       -0.99731598174462       -1.76580735992129
O           -3.30245518291114       -2.58681268173406        0.12154248533019
O           -3.16473879881786        3.20424714397449        0.14133157046591
O           -1.44526708252197        1.81359068046672       -1.43440124598329
O            2.09826191719790        2.69406681904684        1.32519473616344
N            0.41787097760358       -2.65097475128560       -0.36867490538645
N           -2.26222955231822       -0.90889067170914       -0.93133478365310
N           -3.74862971665902        1.01559876615697        0.17688546980775
N           -0.50090396123965        2.21228975142762        0.64329548586552
N            1.90775222384392        1.74850060405642       -0.74696152665624
N            3.17763321173067       -0.54913594604629        0.48120426026083
C            1.93244733612590       -0.91092041891649        0.80571253376731
C            1.69914804976957       -2.50783126057604        0.39433054642168
C            1.59560457614170       -3.38150516108567        1.63731425774349
C            0.56635503809614       -4.48268747658922        1.21516463109958
C           -0.37061750421800       -3.57871227496505        0.37890973559886
C            0.02062841266231       -1.69344527114601       -1.21492433207120
C           -1.36187422391214       -1.82993295645425       -1.82790175848262
C           -1.29819817654818       -1.11550364549222       -3.19714735027234
C           -3.13087729511182       -1.39291747178771       -0.09228663340423
C           -3.95160153849242       -0.24602460345587        0.82864655575302
C           -5.31326694493207       -0.80339530027432        0.93826342312727
C           -2.99159287674109        2.05575766803404        0.54722017880288
C           -1.61378126559231        1.73754882895502        1.29647297309291
C           -1.78150497704410        2.16052195729786        2.73243209228576
C           -0.52890512766389        2.28481784849076       -0.75455156698147
C            0.82988485593604        2.60588302464111       -1.22418531907402
C            0.91458772799665        2.75400065800896       -2.85287576664382
C            2.43432673129077        1.84223331836771        0.51857327680679
C            3.47568341373266        0.87836660045872        0.87973012887723
C            4.71350949666652        1.15765093797365        0.13617067515946
C            5.41675061649244       -0.17219297710002        0.06178650771694
C            4.32484026906089       -1.17801392624304       -0.20363921106777
H            2.44878675865710       -2.73405742727936       -0.32173300148942
H            2.55565371204196       -3.83915983152359        1.98892302457845
H            0.92534603798083       -2.74133867926056        2.40199636795969
H            1.06597369811949       -5.16001573920171        0.46280441413373
H            0.06492915423979       -5.05988014206379        1.97360894209378
H           -0.70644940284981       -4.21851467095797       -0.48788392997086
H           -1.29112549943099       -3.22649174339958        0.71747196349279
H           -1.95379159836618        0.02224499245869       -0.95645462647983
H           -1.64720665550619       -2.86084514127360       -1.65809170877130
H           -2.31517205146482       -1.33807975204633       -3.48509633629257
H           -0.63384917878662       -1.67810895862187       -3.77992867896784
H           -1.08014883956395       -0.01304702176655       -3.09912135741899
H           -4.56138580366485        1.40896615447117       -0.31285664622957
H           -3.41933491392404       -0.30673893316115        1.76490954003730
H           -5.88123936612904       -0.18477905154701        1.58436502819926
H           -5.39698864602192       -1.78071994460774        1.28280734517036
H           -5.80407445891409       -0.76141154177265       -0.01532421215833
H            0.20090512223350        2.70289998321618        1.24665700671287
H           -1.46929343968392        0.67758130801712        1.43751949006728
H           -2.51828267848791        1.76935392846859        3.37958598952778
H           -2.11911358351543        3.43511259898216        2.61988283724752
H           -0.95037810428192        2.44863920598153        3.23079727140546
H            1.92476707389213        0.85395869472738       -1.18307753024555
H            1.01368493124209        3.52316193946357       -0.79547585496209
H            1.90856079814890        3.09148225042859       -3.15331486468643
H            0.19759534056844        3.45854731227748       -3.04160935619922
H            0.80913823682106        1.62068231606062       -3.21395628507613
H            3.60060848448834        0.95988266633820        1.93434886625528
H            5.43051982191020        1.80719314481301        0.68645266947627
H            4.55549379304523        1.59592112123250       -0.84438715081721
H            6.03221148358280       -0.46376443399124        1.13660731379374
H            6.35672351056311       -0.37095743348210       -0.58797644627552
H            3.96639041059496       -1.17260709996288       -1.35733122531001
H            4.42069074251087       -2.16945040606262        0.08725494496327
68
 energy: -106.515921359107 gnorm: 0.137173233456 xtb: 6.7.1-6.fc44.fc44
O            1.04852876046947       -0.41646540955251        1.43279835111595
O            0.88151601285829       -0.97612321541410       -1.74768596953203
O           -3.31452404855365       -2.57739335630794        0.12664570089168
O           -3.17251546562588        3.18786732681416        0.15902039908823
O           -1.42817783618569        1.81825916959163       -1.41989636552142
O            2.09919623259263        2.70654297713156        1.31774688810000
N            0.43867421200755       -2.62750353158229       -0.31989761452386
N           -2.24396953820360       -0.92945932832817       -0.94368248911953
N           -3.77074350978461        1.02574213171147        0.18860786088208
N           -0.51382080345096        2.23721007995217        0.62490571399734
N            1.90127675556295        1.74932122616848       -0.73996256870629
N            3.16164846847652       -0.52669903502423        0.49566269075935
C            1.92955691963965       -0.97937409081214        0.80503733244607
C            1.69829216778770       -2.47771876425782        0.39676817805178
C            1.55889060413154       -3.37564824844310        1.64436845295226
C            0.57387884469498       -4.46088630157952        1.18506401524323
C           -0.38596896627378       -3.62769756536683        0.32887920146952
C            0.04546219554956       -1.71127263771628       -1.22509795402161
C           -1.36270154737081       -1.77855740580430       -1.78022438365867
C           -1.32460660470931       -1.13076308814669       -3.16874617546391
C           -3.13016112838576       -1.39403051145247       -0.07041008779151
C           -3.90399084088806       -0.28816788412264        0.79030930504479
C           -5.32422167481615       -0.78296390383254        0.92825963934118
C           -2.95550218112622        2.06155187827121        0.53250660644136
C           -1.64852232066805        1.71990954130370        1.31557925376996
C           -1.82532552069798        2.29901657641646        2.70732745083871
C           -0.51824007136545        2.24121126602942       -0.73295479635759
C            0.85312850411678        2.61661884955137       -1.26386398376967
C            0.92801831375138        2.70584407642870       -2.80226687548217
C            2.40621373665371        1.84623610196502        0.50978476949318
C            3.48012587158754        0.85912318803828        0.86775645629993
C            4.76825527721186        1.15512676007610        0.14097507965221
C            5.46586052030178       -0.21424676172009        0.09490879134697
C            4.28909321095596       -1.15290732448724       -0.22945919303948
H            2.46376354380748       -2.74874637955914       -0.31988891485368
H            2.52558786116816       -3.81204406498574        1.99070462234342
H            0.97834809727268       -2.77032535096503        2.38127440721078
H            1.06394796400494       -5.15342554936395        0.48374349724179
H            0.07337448184275       -5.04491273811898        1.96983415950464
H           -0.72213743090841       -4.23725924484718       -0.48886437583235
H           -1.29725808103069       -3.21356034184315        0.75006907018589
H           -1.95146770442111        0.03164728086128       -0.97062774983612
H           -1.66538687055567       -2.84238029405280       -1.67937101241079
H           -2.32746708385182       -1.32042592852321       -3.51525912068762
H           -0.62436053277114       -1.67383425964216       -3.78948990635168
H           -1.08878690391000       -0.05207234646925       -3.10054092730230
H           -4.56564365537866        1.39566892037042       -0.31337267520970
H           -3.41651919838071       -0.30370144694709        1.77109967021680
H           -5.89167648173729       -0.16827028434986        1.60135235130423
H           -5.38470456166420       -1.79527790099413        1.28753396574196
H           -5.81171507975105       -0.76101225248266       -0.03223693688635
H            0.19222888939468        2.69261995003663        1.21782480078705
H           -1.47865487238395        0.65359919098518        1.42894699153823
H           -2.51790970165004        1.76158918445899        3.37391298714226
H           -2.12434307625162        3.35000002421991        2.61999580455206
H           -0.89467165300726        2.42991460934102        3.25902109526891
H            1.92764310982014        0.84262350155900       -1.18836370793936
H            1.02981282356184        3.56206294572279       -0.79013599406748
H            1.90114481386131        3.08400248518818       -3.14192967272874
H            0.18382330134867        3.43962742370974       -3.06496549621541
H            0.80126746155073        1.68654042797967       -3.20286100173897
H            3.60158845131972        0.95154776739337        1.94589797296110
H            5.42088118796140        1.81964628039158        0.68566881924784
H            4.55931403573641        1.58485722366341       -0.84490381210471
H            5.97064273171227       -0.44768191519293        1.07453975704783
H            6.31526745157225       -0.35159022510117       -0.58729926204977
H            3.99494862487990       -1.16558262292636       -1.31007429652712
H            4.42516698407015       -2.17720484645983        0.09302321223413
68
 energy: -106.555868469071 gnorm: 0.066293508641 xtb: 6.7.1-6.fc44.fc44
O            1.07218747916129       -0.39242258250840        1.40057136772307
O            0.91286152381128       -0.94753530341348       -1.70308762458817
O           -3.32547745061366       -2.57693150297808        0.13572834470344
O           -3.19480058089351        3.18522517619740        0.19045342639732
O           -1.40334216936267        1.79578995625651       -1.41780626813450
O            2.10405597592959        2.72788183095023        1.30109707812588
N            0.43620371032471       -2.60991199462103       -0.29347353043450
N           -2.22895892045545       -0.92789530619361       -0.93726853200784
N           -3.78029430290019        1.01953065270012        0.19661802429486
N           -0.53631706621681        2.25117040979291        0.62121013068908
N            1.90446388931508        1.74322719524872       -0.73837810426630
N            3.16105158670203       -0.52237827991299        0.50797209611671
C            1.94653389895876       -1.02876364182841        0.81674301440729
C            1.70870995767463       -2.47792898865557        0.38861467223651
C            1.53891202358108       -3.37460716619234        1.63207148853737
C            0.57007327890476       -4.44779391470122        1.15712853807437
C           -0.40310543969184       -3.65156266449136        0.29547920979362
C            0.07213721380988       -1.70940742078237       -1.22148761707710
C           -1.35534845433659       -1.74441304614138       -1.75583188729201
C           -1.34956533362940       -1.15277609003906       -3.16297600539548
C           -3.11890663761395       -1.39008790623333       -0.05219460363230
C           -3.87834980756024       -0.31508393590220        0.76669475209769
C           -5.32742937649417       -0.77163302138665        0.91891986440995
C           -2.93861340707151        2.04453480289710        0.52305525399134
C           -1.67114682759893        1.70923994908003        1.33358357360346
C           -1.81194137617999        2.32809413503387        2.71418761548368
C           -0.49481230091887        2.20909698296447       -0.71739209608294
C            0.87798498587978        2.63340540831423       -1.26077671292737
C            0.93343378593312        2.69379006636782       -2.77308469386187
C            2.39585907835744        1.84669293400424        0.50739805443240
C            3.48450750750518        0.84984681218637        0.86783231332515
C            4.79558981419162        1.14708889188431        0.14585835609569
C            5.47246620043484       -0.23353115833902        0.09087500128451
C            4.27406209223634       -1.14864628455257       -0.21761144596096
H            2.48846769041049       -2.78601035028637       -0.31263951513254
H            2.49191169705142       -3.77886867614909        1.99835408072470
H            1.04400350322392       -2.77681898144497        2.39893899871610
H            1.08282630943037       -5.16188003782744        0.50492606531729
H            0.08222180710690       -5.01366735035710        1.96176910711894
H           -0.76911026578058       -4.27684784974570       -0.51640106934890
H           -1.29279918442174       -3.21288822976508        0.78137746659591
H           -1.95951675962772        0.05151825494326       -0.97379292631824
H           -1.69263425766609       -2.80284715307093       -1.69839314726348
H           -2.34989245305103       -1.29448139194869       -3.56859324119461
H           -0.63015999081612       -1.67585895673194       -3.79379308437526
H           -1.10400216940921       -0.09428585069966       -3.09951355645879
H           -4.57748303890197        1.37112275461034       -0.31671039856588
H           -3.41086409832901       -0.30942157299912        1.76349837187627
H           -5.88575439811246       -0.15005434954052        1.60999952981852
H           -5.37230131426303       -1.79509061414129        1.28510976753694
H           -5.82033234201332       -0.75551618125749       -0.04708791380491
H            0.19155058708754        2.67918405884501        1.19016704344308
H           -1.49494934820247        0.63383169632707        1.42449225836280
H           -2.50891453239616        1.78992302199732        3.35597275580350
H           -2.18700556180249        3.35159010726657        2.60404655385482
H           -0.85535148770231        2.40505031110346        3.27198961421967
H            1.93127891068141        0.83504570549155       -1.19273778140699
H            1.05152744734175        3.59719356018017       -0.78647961389133
H            1.89868679470065        3.07631611380743       -3.11273034000763
H            0.17718642594246        3.42441156843472       -3.08787153165002
H            0.77149583024452        1.71174115030302       -3.21420964867156
H            3.60462323525966        0.94090625476979        1.95441283913046
H            5.41537602510711        1.85331576979460        0.69365463035768
H            4.57671713929521        1.56077357548261       -0.84365396697926
H            5.87939301794624       -0.45665134453555        1.07315577814522
H            6.27787313379850       -0.32285674617072       -0.65351801630691
H            4.04196109044587       -1.15152743650233       -1.28705790609092
H            4.43195948372375       -2.17931381663281        0.11561774430805
68
 energy: -106.564656119965 gnorm: 0.066017926783 xtb: 6.7.1-6.fc44.fc44
O            1.11182044417100       -0.42904807191461        1.39777966887226
O            0.93399489375309       -0.90899788922586       -1.64976459054280
O           -3.31177501907107       -2.57675145971084        0.14294874729731
O           -3.20525167504248        3.17154079627038        0.21715546753649
O           -1.36352578241547        1.73061728156975       -1.41747685687182
O            2.10958193062380        2.75730710001207        1.27834550470518
N            0.42447175914889       -2.59311255483255       -0.27763001515845
N           -2.21454136363323       -0.91553281236139       -0.92209407505923
N           -3.78994989670559        1.01431457315316        0.21458203231166
N           -0.56095787851545        2.25867257165670        0.61987913721046
N            1.91024477012606        1.73913216257113       -0.73982280281597
N            3.15767427121162       -0.51304955593513        0.49276835255485
C            1.94321535344230       -1.02063035930976        0.76029797218410
C            1.71243719386376       -2.48349028829782        0.38912882579189
C            1.53703365035217       -3.37470956912069        1.62697473594302
C            0.56870343847329       -4.43911271418598        1.14491556909130
C           -0.41042059633026       -3.66639375959747        0.27338038219929
C            0.08760258286787       -1.69716297297268       -1.21488679944608
C           -1.34710086393744       -1.72422936057091       -1.75181250667217
C           -1.36951837018497       -1.16788594600311       -3.17075860434910
C           -3.10975598779988       -1.38950398119325       -0.04947580638735
C           -3.86766035212461       -0.32786377358466        0.76114118038414
C           -5.32834263524294       -0.76405718894989        0.90883446593047
C           -2.95192351139421        2.03340437778959        0.54087935016549
C           -1.69195848959281        1.69878656281819        1.34299954087383
C           -1.82085498394713        2.35667450440341        2.71289637397262
C           -0.47682272581719        2.17632727710344       -0.70997716579138
C            0.89250184600870        2.64117872427964       -1.24961170666328
C            0.93765448122051        2.70238038744488       -2.76310957924792
C            2.39443669687603        1.85612821957099        0.50434808348739
C            3.48458979856075        0.85176986270940        0.87069201982381
C            4.80567874724678        1.14871340097758        0.14984070697926
C            5.45544165889303       -0.23618411776250        0.08664848821733
C            4.26400433521280       -1.14570978394666       -0.21008676820427
H            2.49570826356457       -2.82876638658773       -0.29996531332749
H            2.47941198104170       -3.76869586229500        1.99379074314336
H            1.08626539356974       -2.77372426006117        2.41991057793176
H            1.09943282493357       -5.16855625812809        0.52597665753912
H            0.08355664408706       -4.98146953935850        1.95966930079886
H           -0.80319595642175       -4.29654240555609       -0.53390495675631
H           -1.28182319254247       -3.23190437627587        0.80363030232667
H           -1.97848015021855        0.07997671016181       -0.97185769062691
H           -1.71739720888827       -2.76545558070093       -1.71559010600749
H           -2.36581111268013       -1.27465050201303       -3.60428244025055
H           -0.64374892629574       -1.68283028807545       -3.80141949030153
H           -1.11644457285292       -0.11573044790954       -3.12344580944401
H           -4.58559463281061        1.33824067987190       -0.32585267493438
H           -3.40974924375381       -0.31987686417243        1.76185367811837
H           -5.87432979885110       -0.13387504597179        1.61114427487331
H           -5.36276446063311       -1.79213726834225        1.27549167659571
H           -5.82566464015531       -0.74242969429975       -0.05937972109185
H            0.19226188259352        2.66359864821535        1.16723477771140
H           -1.51456624901855        0.61838991012462        1.42822744902339
H           -2.50637601548796        1.78395914595293        3.34898156367954
H           -2.18283949149593        3.36242981224956        2.59765466307780
H           -0.86098734038887        2.42127978509559        3.26026489725103
H            1.93584691389119        0.82985814941387       -1.19447732398465
H            1.06681005334023        3.62232377157580       -0.79290106548862
H            1.90233290873386        3.07459919364212       -3.09652285366074
H            0.17346393643935        3.42003914972270       -3.10731662140242
H            0.73834562022497        1.73043450433922       -3.17870096968403
H            3.60255271148995        0.92993282949800        1.96181559959209
H            5.40857763060822        1.87391080403139        0.69516033903964
H            4.59583513119842        1.54301700722565       -0.84533006667114
H            5.88447917395599       -0.47792017849380        1.05224779983076
H            6.24991275265861       -0.31995602515502       -0.62275867650827
H            4.06292305121430       -1.15811382158218       -1.28937783812595
H            4.43200187612783       -2.17453493044098        0.13312199143603
68
 energy: -106.567628342976 gnorm: 0.055195791495 xtb: 6.7.1-6.fc44.fc44
O            1.11456859517468       -0.35694142259849        1.34175620160434
O            0.93944598580016       -0.87868106254943       -1.60306996526659
O           -3.29144058598151       -2.57765091102559        0.14298443251482
O           -3.21970223861895        3.16353853550121        0.23682897902195
O           -1.31781079056026        1.65883548679922       -1.41939212089736
O            2.12198129283941        2.78090593535276        1.26113570590919
N            0.40249859477083       -2.58737080986372       -0.27703338316403
N           -2.19767767208124       -0.90078679072284       -0.91038947850306
N           -3.79860370507079        1.00984745891417        0.23050576707003
N           -0.58007217847169        2.26471232501100        0.62420493520433
N            1.91879387529044        1.73447829413306       -0.73557442151173
N            3.18048218181271       -0.51885237094816        0.50417473689493
C            1.98187284026370       -1.04641663798370        0.79672900610185
C            1.70496932695835       -2.50214080746231        0.38082460860910
C            1.53809586939530       -3.37011296976572        1.62253930246596
C            0.56668893493075       -4.43771841575076        1.14337286740509
C           -0.41321484116872       -3.67547359726345        0.26068619169758
C            0.08967469726663       -1.68746402096743       -1.21137958916002
C           -1.34540746803489       -1.71903739957112       -1.75987845689773
C           -1.38284968476233       -1.17579759277648       -3.18227547748005
C           -3.09491592586658       -1.38948628430800       -0.05270793776108
C           -3.86628897544593       -0.33073966320851        0.76388846898567
C           -5.32714244811169       -0.76039987365164        0.90020729522866
C           -2.97124080859681        2.02572392704783        0.55666887557106
C           -1.70427766699162        1.69430102382524        1.35136008504798
C           -1.81788517537669        2.36201937684991        2.71771758991251
C           -0.46082248615826        2.15327251316421       -0.70160596669184
C            0.90324283157331        2.64760609885054       -1.22423416196541
C            0.93558252236020        2.71134471379856       -2.74540328584555
C            2.40477513663470        1.86138090285916        0.50840403857947
C            3.49179944179550        0.85328363178228        0.88438126743074
C            4.81242840079625        1.14729090397934        0.15980649274675
C            5.45218202668652       -0.23046153621616        0.09108379465529
C            4.27518982591458       -1.14154634757782       -0.21089136289148
H            2.48782372433195       -2.88114891042619       -0.29475989299833
H            2.47629548721142       -3.76666344393934        1.98119368563248
H            1.09506717363850       -2.76958326554268        2.42159378889919
H            1.10773826767425       -5.17609060567209        0.54373946842811
H            0.07847929331767       -4.95533101713431        1.96268587430321
H           -0.82060031569282       -4.30769181257228       -0.54049113120710
H           -1.26825819784479       -3.26163784132707        0.81869060079056
H           -1.99554992110096        0.10642561584266       -0.97639795765731
H           -1.73994009728627       -2.73898899519696       -1.72943739927081
H           -2.37472534960683       -1.26526580797301       -3.61922826831628
H           -0.65894727607524       -1.68983978219732       -3.80706799180156
H           -1.12338980367185       -0.12102553316278       -3.15360062461918
H           -4.59206051481941        1.30563966900183       -0.33437694394440
H           -3.41077714292019       -0.33114010725556        1.76149511032458
H           -5.86140987131067       -0.12124921106813        1.60546754436918
H           -5.35535107398092       -1.78743085996359        1.26419513007230
H           -5.82673809419175       -0.72873692250465       -0.06824277618499
H            0.19594671146892        2.65096706465314        1.15469298996326
H           -1.53282271101822        0.61114361896061        1.43623183067631
H           -2.50622712382143        1.79868022254304        3.34537001536646
H           -2.20930783968294        3.37009568475240        2.58987329329613
H           -0.86459277959214        2.43363011837037        3.24390040412207
H            1.93979372564371        0.82713513503552       -1.19164115755152
H            1.08330187497629        3.64039194029812       -0.79103701081519
H            1.90297409720557        3.05700963305433       -3.09131483163634
H            0.17114160232281        3.41477599441197       -3.10126127907527
H            0.71529943912899        1.73864602460182       -3.19287226348821
H            3.61187700760535        0.92177964087122        1.97501738929315
H            5.40792068213195        1.88609798922782        0.69328144484698
H            4.61102607903502        1.52018672189794       -0.84366507263328
H            5.85817356491071       -0.49336223731566        1.09778620437504
H            6.21135930492074       -0.28890957421091       -0.70630950101286
H            4.06005672901618       -1.16711748333661       -1.28924603812862
H            4.45217709658590       -2.16451226782518        0.13333233298557
68
 energy: -106.561969909402 gnorm: 0.088914941531 xtb: 6.7.1-6.fc44.fc44
O            1.07000191138240       -0.32475760331082        1.30053023715625
O            0.94986542685578       -0.83905930559515       -1.55800695485762
O           -3.22906133874735       -2.58819447590334        0.07360546386688
O           -3.25632217443874        3.12980444422728        0.20129045964859
O           -1.23800233440887        1.57715357725277       -1.42625021533248
O            2.13278267447983        2.83001109109944        1.24503482980687
N            0.36551882359440       -2.57587866905402       -0.29102564637749
N           -2.14477864051143       -0.86319505454722       -0.91686137089155
N           -3.77158667163928        0.96468027384290        0.26161306771083
N           -0.59295678100093        2.32122674339886        0.62284509249671
N            1.93092777819913        1.77816863113190       -0.74017844672538
N            3.13138790114508       -0.51948088597865        0.48355674723343
C            1.93492816854781       -1.03672521650591        0.76584815537174
C            1.66129441166364       -2.50400869263131        0.38321839865994
C            1.47405870310600       -3.32828585850801        1.64008856955254
C            0.52217534310858       -4.42272755808994        1.15528429882767
C           -0.43841959052272       -3.69442699066060        0.20761949463641
C            0.09330783844767       -1.67096902275174       -1.22867393625683
C           -1.33964376830616       -1.69801545398837       -1.79625356668460
C           -1.38544800890121       -1.18715995674741       -3.23088004984622
C           -3.02167876281201       -1.38944995510335       -0.06772581237688
C           -3.77793438493641       -0.36606557298561        0.81368135535199
C           -5.20940762400463       -0.83861849205956        0.97643173982368
C           -2.97599759187792        2.00435562440881        0.54842769911701
C           -1.70121157036571        1.72485207938285        1.35728622755048
C           -1.79471386188567        2.40797361827989        2.71797256697897
C           -0.43274343659425        2.15912892353797       -0.69717872228665
C            0.91860764711732        2.70486556932790       -1.20050891258082
C            0.92584597298490        2.74780968433341       -2.72752215906680
C            2.40384237976679        1.89112297816512        0.51158468938048
C            3.45625694239695        0.84706557667171        0.89711946359587
C            4.78863633420118        1.12275858578742        0.18322776912729
C            5.39316526549487       -0.25911046464942        0.10825480219102
C            4.21467007236494       -1.15628991653705       -0.21415382438752
H            2.45537818689396       -2.93119926611677       -0.25916602457550
H            2.40256976131194       -3.71115548649013        2.03067610125585
H            0.98981849897254       -2.72711078378363        2.39117553571726
H            1.10967687016492       -5.18968456172639        0.61780625909138
H            0.00496548633224       -4.89399435252822        1.97629908850922
H           -0.80034235134571       -4.34053821942980       -0.59648682063702
H           -1.28624392175931       -3.32861510811696        0.76490704463810
H           -1.97932222331516        0.15698377640957       -0.99107132242217
H           -1.77960233009813       -2.68422878206904       -1.76268166536138
H           -2.37653762276591       -1.24974566827775       -3.65680685878944
H           -0.67479778078868       -1.71935658102545       -3.84087019880649
H           -1.09984748453985       -0.12893866465359       -3.24870672767464
H           -4.57624559262836        1.18461317934252       -0.33885659199606
H           -3.29951243984936       -0.34690232203742        1.79461675371930
H           -5.74871577114065       -0.19080773511580        1.66770370929270
H           -5.18700553203497       -1.85891142736143        1.36847224144153
H           -5.72373686834563       -0.85127405494656        0.00963931605404
H            0.20018162556396        2.70064781067323        1.12903880098210
H           -1.51818516732417        0.64311638765563        1.45514347898621
H           -2.48142058494661        1.85358073938185        3.34076712076800
H           -2.26323611286414        3.39838785307068        2.51938553123829
H           -0.85155197154466        2.49874894446462        3.20961277562690
H            1.94163798437222        0.87747909021180       -1.20617391452007
H            1.10400188746815        3.71323714803643       -0.79734002644019
H            1.89677455543959        3.07076925709664       -3.08322426183342
H            0.15237486403306        3.42211865868898       -3.10286067669165
H            0.70275156879231        1.76280085343885       -3.13142333103450
H            3.56807292572636        0.88070600592749        1.98971382532480
H            5.38021130525009        1.85762274030728        0.71696908861490
H            4.61404817639464        1.47830347744315       -0.82809694026943
H            5.86074500959456       -0.55284927432164        1.05448891678347
H            6.17392324683883       -0.32386152245201       -0.64331205342105
H            4.02059533355594       -1.19908488157812       -1.30204813756198
H            4.38188289215864       -2.17107347680375        0.13643045560424
68
 energy: -106.570022715429 gnorm: 0.036318256871 xtb: 6.7.1-6.fc44.fc44
O            1.07525636201647       -0.37757071773380        1.33620411551414
O            0.93402589185950       -0.86642135581248       -1.59255723942312
O           -3.23165483279237       -2.58958704116013        0.08338218883925
O           -3.25852782692921        3.14157956114164        0.19870463938198
O           -1.25589200176746        1.61339606928958       -1.42542678763976
O            2.13683211123200        2.81362527787666        1.25325702185082
N            0.37684833466427       -2.58188081013667       -0.29120185356417
N           -2.15656632807494       -0.87736077532697       -0.92703486963027
N           -3.77679114776971        0.97019827009133        0.25152973439789
N           -0.58126888473642        2.30835022961333        0.61841519967466
N            1.93040810413224        1.77560718699503       -0.74097235112479
N            3.13163372173320       -0.51516643318929        0.47989799097554
C            1.91789703993349       -1.01226854595042        0.73716377111675
C            1.66272449244787       -2.48423810355711        0.38704114755203
C            1.47563964117190       -3.33167342339394        1.63831326743308
C            0.52938871798181       -4.43234422063812        1.15857919516611
C           -0.42627355298436       -3.68466326041409        0.22777808712048
C            0.08584994147537       -1.67874645483772       -1.23130020385165
C           -1.34295653301029       -1.70542660279404       -1.79593114628098
C           -1.37800364528085       -1.17589335505037       -3.22489290936099
C           -3.02705685049241       -1.39376382791167       -0.06248587713574
C           -3.78983942368817       -0.36485984035141        0.80403819903040
C           -5.22464685556317       -0.83564270033305        0.97114409822953
C           -2.97199736183862        2.01149808967532        0.54055684021231
C           -1.69550571338252        1.72487836792781        1.34746493943152
C           -1.81530596179002        2.40882132828007        2.70584421504590
C           -0.43919194457990        2.16630573911512       -0.70042974618582
C            0.91173625869251        2.69136865189656       -1.21630231219355
C            0.92775262854603        2.74288785459830       -2.73482397459389
C            2.41006848627016        1.88660573029067        0.50831991714731
C            3.46296010850024        0.84624948723160        0.89057086272686
C            4.79505866055829        1.12268515125276        0.18127332228348
C            5.42011612699149       -0.25876024072362        0.10773642823780
C            4.22845778642145       -1.15495009721567       -0.20955815930771
H            2.44714514426596       -2.89435454981053       -0.26717068677763
H            2.41410102841400       -3.71912229306584        2.02391156925932
H            0.99455105148495       -2.72318641632017        2.40278692323699
H            1.09341715832097       -5.18660101113853        0.60018174868709
H            0.00823291928556       -4.91564973590596        1.97691664364334
H           -0.78595561985839       -4.32322287995471       -0.58060788298440
H           -1.28372734183193       -3.31039499370808        0.77357562488866
H           -1.97757572460168        0.13662685696895       -0.99878371716226
H           -1.76458740972226       -2.70669784125253       -1.75610860507804
H           -2.37214186367219       -1.25975867841031       -3.64172787353714
H           -0.66862205120282       -1.71235461264978       -3.84016331388487
H           -1.09741127258146       -0.12047277355056       -3.22767184825376
H           -4.57805961580701        1.20845221904529       -0.32602472752313
H           -3.30857220750075       -0.35237266318609        1.78547870992182
H           -5.76305507706194       -0.19158054100752        1.66308749028921
H           -5.21455200503885       -1.85573632479663        1.35694624661116
H           -5.73651057173072       -0.83955355584921        0.00828213917891
H            0.19566322976178        2.69749302387754        1.13993443313373
H           -1.51366251816020        0.64795627818017        1.45473558552740
H           -2.49965276352405        1.85485468593468        3.33865172607294
H           -2.22320449272393        3.40735546564340        2.56099678934380
H           -0.85737186242400        2.48015585545032        3.21008033993752
H            1.94139026089541        0.87269661500009       -1.20357703244602
H            1.09860673729109        3.68965586200671       -0.79716145924109
H            1.89877585991101        3.07342602642805       -3.09225505271909
H            0.15865896072628        3.42841642635338       -3.09197324220421
H            0.70970585017933        1.75213395818075       -3.12492921972927
H            3.57177962520059        0.88505903331283        1.98275131636650
H            5.39124743874333        1.85231228412572        0.71923273896332
H            4.61002605974928        1.49072039374893       -0.82663674825896
H            5.83884101200735       -0.54306677192112        1.07302401885396
H            6.19012113752879       -0.31966980349261       -0.68000239861099
H            4.02236582885253       -1.18457446046994       -1.28680362937269
H            4.38953102235263       -2.17344225795684        0.13974764481939
68
 energy: -106.568934321408 gnorm: 0.053784879754 xtb: 6.7.1-6.fc44.fc44
O            1.05540333189360       -0.34479998896736        1.32048550265207
O            0.91781458074886       -0.88501711839758       -1.61790139973287
O           -3.24796234070578       -2.59419046005131        0.10748907658719
O           -3.24549946752985        3.15001215846517        0.19365466770686
O           -1.28829645814182        1.67094091923633       -1.42028467224278
O            2.14225226676956        2.79223853357549        1.26719359005966
N            0.38896310546544       -2.59604566029588       -0.29518280853293
N           -2.18239948645533       -0.90390514240457       -0.93977061612936
N           -3.78579948601544        0.98050957232159        0.24556266392960
N           -0.57621154986807        2.30364683875012        0.61942049009493
N            1.92300985290468        1.76620784347574       -0.73674054792311
N            3.14289714675942       -0.51599572891025        0.49270600822496
C            1.92965095806230       -1.02546277300578        0.77737344414692
C            1.66690908428708       -2.47704405395721        0.38598014047685
C            1.48329935332027       -3.34353292911047        1.63453564283887
C            0.53976462428319       -4.43957462831971        1.15566149827613
C           -0.41767864684551       -3.67995798358981        0.24283172737229
C            0.07767019896080       -1.69569995703888       -1.23680487997876
C           -1.34546703516836       -1.71986219277971       -1.79694767267616
C           -1.36945991464504       -1.16021748152992       -3.21208835915019
C           -3.05266010877903       -1.40372594268467       -0.06027110318567
C           -3.80992267011965       -0.36377242607503        0.78807406700968
C           -5.25485285794369       -0.82603540800960        0.96121593413667
C           -2.97197455239972        2.02240997800406        0.54223835137614
C           -1.69557605082827        1.73135353781782        1.34427746407147
C           -1.83751795426807        2.40411160679102        2.70289850158317
C           -0.45067774411729        2.18033572595239       -0.69869096255638
C            0.90152650151488        2.67622883699828       -1.23002314045918
C            0.92997585880303        2.72710569324852       -2.74485224125805
C            2.41290636259055        1.87656745677480        0.50802693629410
C            3.47436507153278        0.84636481192156        0.88058222622992
C            4.79905235092103        1.13050767973522        0.16689281973603
C            5.44074425396698       -0.25251010208814        0.08399192987535
C            4.24347780262950       -1.15342883210069       -0.21517801505233
H            2.44675663403026       -2.86037077138109       -0.27750771156983
H            2.43136353066487       -3.72720294027830        2.01798083692537
H            1.00982725201599       -2.73378337698514        2.41683389824830
H            1.08578110800080       -5.18331580994727        0.58092597992299
H            0.01980490166155       -4.93860078866421        1.97289977472927
H           -0.78843380548266       -4.30852669395475       -0.57183508722743
H           -1.28329944102693       -3.28490869652144        0.78637100738319
H           -1.99034849952442        0.10375449328592       -1.01142264502141
H           -1.74015689157881       -2.74431130094033       -1.76111948953496
H           -2.36758769915530       -1.26565542690419       -3.63354314889161
H           -0.65678312975881       -1.69341287204706       -3.83870333607756
H           -1.09991260255327       -0.11249441077427       -3.17952908506118
H           -4.58028690000528        1.24250475058175       -0.31401379712480
H           -3.32746622358756       -0.36127716043199        1.77230920464463
H           -5.78839358449117       -0.18674944444766        1.65992508623657
H           -5.26148347581736       -1.84658859187589        1.33653994717904
H           -5.76619569256854       -0.81514108211567        0.00386381359117
H            0.18611935704067        2.69850674342913        1.16045270424280
H           -1.50951149980665        0.65807693237411        1.45549545626472
H           -2.51604064140604        1.83577994410023        3.34631447032647
H           -2.17257795348338        3.42409184698679        2.58124417031894
H           -0.86433243597663        2.45191601999276        3.22231673904793
H            1.93424709702426        0.86103350558772       -1.19662454401424
H            1.09410129972275        3.66101908090236       -0.79043519851923
H            1.89970897661068        3.06776095236368       -3.10169105204651
H            0.16626404930184        3.42615352922329       -3.08731767251928
H            0.72015378368676        1.74042842476015       -3.15546263403864
H            3.58897433138595        0.89796018777328        1.97109201621406
H            5.40427263281105        1.85249258294940        0.71093676236614
H            4.59613662590122        1.51826386637779       -0.83346356626659
H            5.87900901306788       -0.51430190445920        1.03387993772520
H            6.23916517672613       -0.34256070241012       -0.60326809587119
H            4.03502388677416       -1.17567696108033       -1.28883741671477
H            4.40904791568939       -2.17428430066578        0.14205841335786
68
 energy: -106.571828261155 gnorm: 0.019323925831 xtb: 6.7.1-6.fc44.fc44
O            1.06888128421908       -0.36670488187179        1.33309739206399
O            0.92031446293310       -0.87328505184685       -1.60837196598499
O           -3.25267146701928       -2.59487039911324        0.10585451555851
O           -3.24550534374592        3.14719686465324        0.19271127886646
O           -1.28337774855108        1.65387721884083       -1.41947906971940
O            2.14706989126274        2.79766894976432        1.26262228808176
N            0.38803745724591       -2.59023555981794       -0.29323042631446
N           -2.18309429380033       -0.90311029725017       -0.94041039679113
N           -3.78595128390401        0.98004841251311        0.25043879117882
N           -0.58198289067928        2.31250991136465        0.62391846306350
N            1.92425310025626        1.76413467838104       -0.73651132657822
N            3.14181976667751       -0.51544714258751        0.48633035392059
C            1.92403874437464       -1.01421889818535        0.75468448435958
C            1.67113953244438       -2.47747514800843        0.38642836020137
C            1.49058385502558       -3.34071411630286        1.63523417238766
C            0.54219998961016       -4.43356722219782        1.15532303345548
C           -0.41734079858268       -3.67930014888472        0.23803318342327
C            0.08092481642762       -1.69162142207750       -1.23696063040666
C           -1.34324177146187       -1.72194012209105       -1.79731530008996
C           -1.37140725122928       -1.16135953346742       -3.21182893966928
C           -3.05668123022335       -1.40408155552596       -0.06600532856260
C           -3.81147716635922       -0.36220916500840        0.78937037321820
C           -5.25734864085408       -0.82281256321753        0.96006754459460
C           -2.97367038273517        2.02155040388361        0.54413695522395
C           -1.69702762509264        1.73499124771798        1.35149244266110
C           -1.82274489408920        2.39851066518348        2.71315198067579
C           -0.44875363007185        2.17552605259466       -0.69604639724348
C            0.90258772444784        2.67700244341689       -1.22401829299647
C            0.92776223218106        2.72421582335626       -2.74345742415396
C            2.41593559874891        1.87753223302965        0.50776554468808
C            3.47578012808977        0.84590679357234        0.88244737274005
C            4.80228452899942        1.12724155697134        0.17057319014587
C            5.44052026368444       -0.25565861258882        0.09341169733804
C            4.24360137138796       -1.15481695356364       -0.21255151839273
H            2.45186420848055       -2.86462201886448       -0.27443409971011
H            2.43552909428600       -3.72471400102372        2.01840791751908
H            1.00264405777326       -2.74820183279296        2.40559677668948
H            1.09684522771973       -5.18440338107980        0.58951660317195
H            0.02156975679298       -4.92833710686491        1.97235832422078
H           -0.78905049382038       -4.31007028548916       -0.57350563120965
H           -1.28015582406454       -3.29052236471071        0.78595280391776
H           -1.99984868029392        0.10687882895489       -1.01742427126741
H           -1.74004993299516       -2.74254678261801       -1.76356307770875
H           -2.36833040352384       -1.26222410874184       -3.63509088420755
H           -0.65930014425622       -1.69260219814498       -3.83923152510932
H           -1.10127577207645       -0.11141618366131       -3.18042816430877
H           -4.57975242703039        1.23552648294197       -0.32086001350111
H           -3.32953962310208       -0.36312154406681        1.77345026575673
H           -5.78751881489473       -0.18119867355925        1.66005528427923
H           -5.26335890947481       -1.84324659929210        1.33442748402423
H           -5.77027443617377       -0.80924966157135        0.00224239121452
H            0.18644073664938        2.70221133467740        1.16105217986664
H           -1.50953507261389        0.66002320008526        1.45910948695190
H           -2.51265389467264        1.85524805941734        3.34864685063774
H           -2.20521079226541        3.41278380406326        2.56757960605797
H           -0.85557440626037        2.45592938709023        3.22356904183409
H            1.93279997270955        0.85880033989136       -1.19550844923341
H            1.09868469624516        3.66424630767259       -0.79070084050431
H            1.89839340261548        3.06266832992117       -3.09721936374211
H            0.16172000561680        3.41678366267260       -3.09135537344313
H            0.72391946032993        1.74188194368943       -3.14989892665896
H            3.58916119198883        0.89393750609417        1.97325968554147
H            5.40653706046301        1.85098821713940        0.71142258053252
H            4.60408600104617        1.51057993757092       -0.83172445582500
H            5.86451409142930       -0.51493574539971        1.07185503607181
H            6.22354858389297       -0.32801856216190       -0.65629963543510
H            4.04158498379732       -1.18060956509525       -1.29253826773628
H            4.40680224354151       -2.17458917982487        0.14339626239621
68
 energy: -106.571796312262 gnorm: 0.022236673967 xtb: 6.7.1-6.fc44.fc44
O            1.07312743446176       -0.35827509995503        1.32550701463098
O            0.92053303207603       -0.86699389569464       -1.60142157874177
O           -3.25225098867653       -2.59717738424988        0.09784010379967
O           -3.25638608641881        3.14500101980257        0.19012780404907
O           -1.27362348205992        1.62608866948487       -1.41797258228845
O            2.14999905400837        2.80628806318997        1.25611058519412
N            0.38211309447124       -2.58400348508137       -0.29183321807519
N           -2.17651812147666       -0.89965438018270       -0.93777949022749
N           -3.78681009094827        0.97557546678505        0.25405300711938
N           -0.58866399837168        2.31797587929194        0.62318291710160
N            1.92558427356890        1.76071183969094       -0.73564879803075
N            3.14536960022201       -0.51621344406798        0.48821307529297
C            1.92781899187766       -1.01387884195261        0.75312773817130
C            1.66922223987144       -2.47946683477156        0.38528364759497
C            1.48586603950217       -3.33831874321357        1.63432020191092
C            0.54081874668704       -4.43570565951013        1.15040295831628
C           -0.41788893843545       -3.68107853373969        0.23214358404824
C            0.08215982358877       -1.68500966647382       -1.23563900693089
C           -1.34314187151954       -1.71967508894310       -1.79825765236202
C           -1.37260069403174       -1.16584499441697       -3.21740487612420
C           -3.04979392761340       -1.40403462031328       -0.06619873646531
C           -3.80975619793116       -0.36437708743817        0.78996577618272
C           -5.25520330000310       -0.82477251089084        0.96091796678510
C           -2.97556110028694        2.01775295319398        0.54041311441542
C           -1.69994462582885        1.73343539534292        1.35180598620617
C           -1.82791914239892        2.41546640962670        2.71041515040493
C           -0.44608547967273        2.16648960390743       -0.69507503135392
C            0.90387637024101        2.67514961060600       -1.21980994846658
C            0.93027757179253        2.72940831763872       -2.73808317847429
C            2.41723824077195        1.87952913561398        0.50853425217727
C            3.47581142100476        0.84680608977989        0.88734702888022
C            4.80364729766934        1.12726828596256        0.17682698078981
C            5.43792502237703       -0.25473948388908        0.10216628194166
C            4.24634865918484       -1.15500592870602       -0.20685456010780
H            2.45110607787387       -2.87725002808413       -0.27116662174971
H            2.42880927492470       -3.72378943392820        2.01316703818745
H            1.01696971529639       -2.72582348377078        2.41210078049512
H            1.09604473526662       -5.18909156156689        0.58822506156597
H            0.01873301149252       -4.92500161085034        1.96758377725353
H           -0.78657386620760       -4.31528247075794       -0.57690224221041
H           -1.27772018334888       -3.30214292343063        0.78550213565282
H           -2.00370203019415        0.11287040829668       -1.01992178336964
H           -1.74551178025968       -2.73416214823935       -1.76443102789328
H           -2.36901009139893       -1.25916142347486       -3.63704887085446
H           -0.66414960964954       -1.69964423288592       -3.84394187955363
H           -1.09797588673213       -0.11251352724684       -3.19657331311624
H           -4.57900502307001        1.22118029320669       -0.32969351092219
H           -3.32678596588942       -0.36817580963801        1.77301543132250
H           -5.78205718930575       -0.18033891318734        1.66117766393487
H           -5.25794775504427       -1.84509532741763        1.33587169127321
H           -5.77017271525083       -0.81072473187385        0.00251211063644
H            0.18200832713356        2.70636415414162        1.15594314340369
H           -1.50932799586806        0.65884316890345        1.46390593746578
H           -2.51707911389191        1.86514818736467        3.34468884345835
H           -2.19994447806397        3.42672512261108        2.59921329807717
H           -0.86199995470787        2.47103158901457        3.21405167374586
H            1.93209255973150        0.85489679210419       -1.19298227560355
H            1.10418369818259        3.66544878562224       -0.79337870292882
H            1.90314522664922        3.06304779872604       -3.08782662240418
H            0.16429458843551        3.41813809863573       -3.08850036055390
H            0.70547379137417        1.73566110191712       -3.13262834519189
H            3.58838262944362        0.89215858761516        1.97850128465556
H            5.40639736622795        1.85352358635262        0.71520803812554
H            4.60941180834432        1.50484967775856       -0.82785106564490
H            5.87350039722467       -0.53530620194525        1.05169354500164
H            6.20795551848915       -0.31878020604490       -0.68161821200640
H            4.03435581700306       -1.18486295156663       -1.28154507870454
H            4.41118370556287       -2.17311941423272        0.14994394311447
68
 energy: -106.572292650808 gnorm: 0.010062846152 xtb: 6.7.1-6.fc44.fc44
O            1.07409270401944       -0.35805235459031        1.32642482923550
O            0.91734546156219       -0.86657630752399       -1.60397203206791
O           -3.25509026670972       -2.59801551561518        0.09869409111183
O           -3.25590911167911        3.14540242031275        0.18806142565806
O           -1.27680506724795        1.63241625771627       -1.41145015577367
O            2.15463240218794        2.80468933529046        1.25775554867850
N            0.38357825331073       -2.58376038251822       -0.29223035869750
N           -2.17949602213889       -0.90302277032721       -0.93904576253001
N           -3.78793274033524        0.97671961833021        0.25629093771832
N           -0.59023432492085        2.32266757089785        0.62617040807410
N            1.92399787308681        1.76038959325426       -0.73392720314061
N            3.14665581567715       -0.51589811863955        0.48662093496979
C            1.92813282321746       -1.01268462944565        0.75307645584391
C            1.66993576844036       -2.47615659078252        0.38428182497226
C            1.48887507576196       -3.33759918173092        1.63293879043546
C            0.54369317379022       -4.43432098142631        1.15133423936998
C           -0.41561392798180       -3.68040074575084        0.23242095887967
C            0.08112449182659       -1.68550935757591       -1.23655212030671
C           -1.34395851436431       -1.72028884674797       -1.79894950817530
C           -1.37191253558101       -1.16373890864692       -3.21728937367435
C           -3.05383860476885       -1.40552343597677       -0.06744628934043
C           -3.81155507780671       -0.36517599746733        0.78846248702223
C           -5.25842033625997       -0.82420555257948        0.96027002485971
C           -2.97679486918369        2.01989756395480        0.54267021300380
C           -1.70138509365414        1.73916730296752        1.35526899426981
C           -1.82939480033027        2.41500075660890        2.71508085097526
C           -0.44803451608461        2.17050972442974       -0.69046152840095
C            0.90166529285629        2.67508303565136       -1.21755378304835
C            0.92570746255121        2.72219495188686       -2.73561022591261
C            2.41953128261013        1.87901532579635        0.50835581187035
C            3.47884825404999        0.84642634218048        0.88440157628572
C            4.80589281241876        1.12728643407309        0.17308989719566
C            5.44126907938266       -0.25516031938226        0.09349398127736
C            4.24804129374330       -1.15630688106203       -0.20850637471983
H            2.45077711153460       -2.87101259773618       -0.27353843152777
H            2.43326909773450       -3.72208533134358        2.01197872184375
H            1.00971868654614       -2.73629175569427        2.40829864398178
H            1.09808252155074       -5.18564575506851        0.58797542780790
H            0.02144423892918       -4.92551948286731        1.96822276304889
H           -0.78358067449336       -4.31354982551585       -0.57782454791791
H           -1.27677521635691       -3.30155224186485        0.78547236018441
H           -2.00782796486204        0.10905972467888       -1.02242940092385
H           -1.74295598749396       -2.73756078541576       -1.76624185603438
H           -2.36921507621825       -1.25792691434700       -3.63637989143902
H           -0.66441710442483       -1.69818470631663       -3.84561923994217
H           -1.09705420983985       -0.11159443118155       -3.19245166610187
H           -4.57740214068856        1.22340954868099       -0.32846338189487
H           -3.32827738823870       -0.37174348994142        1.77208105216271
H           -5.78361090199922       -0.18022653941477        1.66191453715984
H           -5.26333281351134       -1.84487871192964        1.33302528783265
H           -5.77391911273573       -0.80691587925580        0.00270299633619
H            0.18001312314694        2.70995728299139        1.16089784734532
H           -1.50982870072209        0.66497905962886        1.46722917248215
H           -2.51786486868945        1.86097526167403        3.35079207496968
H           -2.19490668906818        3.42842381053701        2.57565848208892
H           -0.86148179514399        2.46664451003010        3.21876778338180
H            1.92842930450268        0.85411868643972       -1.19072189624652
H            1.10526075970736        3.66358511137164       -0.78947985986263
H            1.89696091775461        3.05644890093786       -3.09237535411305
H            0.15826963388002        3.40930375424372       -3.08817130612997
H            0.71961291591464        1.73456139511789       -3.14064018036427
H            3.59264214896901        0.89188983124444        1.97547576924806
H            5.41006950714584        1.85111160912398        0.71348141702870
H            4.61002725626599        1.50880556573782       -0.82980038794903
H            5.86615773222484       -0.52735707039834        1.06206760362334
H            6.21378391552163       -0.32496780166163       -0.66955244197560
H            4.03863637552862       -1.18855250419230       -1.28373990391436
H            4.41332536365959       -2.17383557529917        0.15224024191847
68
 energy: -106.572279007631 gnorm: 0.013927024679 xtb: 6.7.1-6.fc44.fc44
O            1.07446621169081       -0.35475481423510        1.32741410938683
O            0.91339434191015       -0.86357202947707       -1.60471880603776
O           -3.26187169191665       -2.59906722470801        0.10062910011020
O           -3.25115472410960        3.14545789823155        0.18596379350566
O           -1.28231073352894        1.63877326999247       -1.40732099425890
O            2.15940553325937        2.80262882466076        1.25685224715288
N            0.38602099739868       -2.58364305590027       -0.29196871380292
N           -2.18658334809704       -0.90881905104732       -0.94234109581233
N           -3.79054547188543        0.97949240986063        0.25900777580902
N           -0.59060190856489        2.32511251177891        0.62600475501271
N            1.92218991142715        1.75450925754781       -0.73294075425326
N            3.14952546064474       -0.51668110112712        0.48886188352522
C            1.92971109121412       -1.01205636214939        0.75722135943022
C            1.67145876845102       -2.47301476510170        0.38433091903268
C            1.49407383838296       -3.33887026945626        1.63178299005105
C            0.54824416781835       -4.43354728002679        1.15042187544958
C           -0.41293909294895       -3.67951252072518        0.23302194185330
C            0.07969796636670       -1.68665763872532       -1.23700706545593
C           -1.34458458631001       -1.72314430963545       -1.80000481674610
C           -1.37127398174065       -1.16005109396011       -3.21524371005406
C           -3.06392205498943       -1.40807226005118       -0.07185880508636
C           -3.81694301288712       -0.36528472130503        0.78499208461778
C           -5.26636704408486       -0.82096485791905        0.95710260828588
C           -2.97753080376818        2.02231343825272        0.54592634028508
C           -1.70127966749527        1.74292247056022        1.35565573542169
C           -1.82770763858732        2.41406248062456        2.71628694136117
C           -0.44965280265303        2.17138035217700       -0.68953703629394
C            0.89994015174495        2.66888627285637       -1.22078258319003
C            0.92501721002426        2.71538312692758       -2.73933073716558
C            2.42163082790567        1.87620607543228        0.50760188813553
C            3.48269037414219        0.84585097062837        0.88303248431788
C            4.80870964377969        1.12662912311232        0.17106911633118
C            5.44625250195536       -0.25641859376887        0.09024974058390
C            4.25097064179596       -1.15872620356717       -0.20790083392973
H            2.45118927974896       -2.86247328714239       -0.27587778261182
H            2.44073915987307       -3.72151689242969        2.01042237336789
H            1.00855138770988       -2.74596937175141        2.40625999875308
H            1.10370265099794       -5.18300099703164        0.58583134756707
H            0.02679864326997       -4.92821154395786        1.96678242635378
H           -0.78114230922311       -4.31015599290448       -0.57952872104277
H           -1.27601655377342       -3.30016842827324        0.78552737287844
H           -2.01708910948694        0.10230239986995       -1.02785023187418
H           -1.73716120315455       -2.74512473985046       -1.77009994748857
H           -2.36952486929617       -1.25539595516997       -3.63568370918377
H           -0.66420266990211       -1.69380160747433       -3.84643788849931
H           -1.09716710540586       -0.11006213419214       -3.18194006664040
H           -4.57551059837762        1.23034813897721       -0.32651692307947
H           -3.33322797496696       -0.37718623342512        1.76920830733374
H           -5.78847605672535       -0.17804644503695        1.66183564167945
H           -5.27581476849264       -1.84259820283873        1.32514347899818
H           -5.78283008008888       -0.79676554573977        0.00085351966158
H            0.17779102221098        2.71248676546431        1.16382292517399
H           -1.50985175148079        0.66914535263086        1.46742223195513
H           -2.52486411001410        1.87917996681765        3.34861477305768
H           -2.21098794091625        3.42743385607468        2.58934559649642
H           -0.85757079166589        2.46100401577585        3.21890570043236
H            1.92428928277450        0.84666487043122       -1.18686116991755
H            1.10820699131476        3.65467084985669       -0.79015938957529
H            1.89655405052215        3.05591540601235       -3.08885126895417
H            0.15645881789078        3.40130863892533       -3.09117981542909
H            0.71899445779086        1.72410948566969       -3.12215992142119
H            3.59763707547769        0.89424989821503        1.97380270169966
H            5.41497697140695        1.84870305966086        0.71232602028013
H            4.61104411039286        1.51151713886897       -0.83061233401121
H            5.88513540830149       -0.51142865410826        1.05703266679777
H            6.21877187300459       -0.32574011170729       -0.66865614341768
H            4.04649151328306       -1.19413551990316       -1.28646725625380
H            4.41664759813189       -2.17566650151562        0.15629375136756
68
 energy: -106.572483515091 gnorm: 0.009779084035 xtb: 6.7.1-6.fc44.fc44
O            1.07686700040084       -0.35396845426853        1.32767524627941
O            0.91187321346217       -0.85957763971810       -1.60270434458704
O           -3.26454184017644       -2.59993221687689        0.09755333555316
O           -3.25542176028304        3.14529475233040        0.18350546380783
O           -1.28033031094954        1.63360673661754       -1.40343614942461
O            2.16303581672860        2.80451765793211        1.25705274403222
N            0.38541382681487       -2.58084699544876       -0.29097208861016
N           -2.18705413310441       -0.90927276532742       -0.94310492110718
N           -3.79208447003454        0.97914657635675        0.26142332852869
N           -0.59493273157499        2.33193939897181        0.62988102987188
N            1.92152216774584        1.75326754563968       -0.73000801876514
N            3.15116809957138       -0.51656363457650        0.48963915506864
C            1.92994734243392       -1.00963149103994        0.75529828054549
C            1.67159333831933       -2.47147060586036        0.38448376608288
C            1.49452211376968       -3.33818568253181        1.63135521616393
C            0.54999502829328       -4.43378388140413        1.14776508606588
C           -0.41191625486883       -3.67947475802343        0.23105162764325
C            0.07954111233837       -1.68444485212930       -1.23656573063582
C           -1.34484031166703       -1.72320440588469       -1.80063802511149
C           -1.37155047804852       -1.15970573401928       -3.21594222974628
C           -3.06517228163605       -1.40863173470517       -0.07363956770259
C           -3.81817434633016       -0.36617098698936        0.78416947027109
C           -5.26799699779118       -0.82091664416668        0.95629901471325
C           -2.97957290525658        2.02280368964096        0.54578162902122
C           -1.70452935505237        1.74745356970169        1.35930423628679
C           -1.83194498710378        2.41875863876721        2.71991741845288
C           -0.44991974348009        2.17098980976359       -0.68518557266914
C            0.89935117492024        2.66880234734069       -1.21552553816264
C            0.92320325499875        2.70823866955404       -2.73489693361409
C            2.42310724955870        1.87634914558349        0.50941428393588
C            3.48446558177946        0.84596633821010        0.88449973626293
C            4.81023254558171        1.12677443474952        0.17226526461685
C            5.44788332842142       -0.25617031925380        0.09103510763710
C            4.25302233026891       -1.15971428228116       -0.20459394838415
H            2.45107594269969       -2.86199511497794       -0.27580212369909
H            2.44148629499035       -3.72027844364242        2.00899170427172
H            1.01319257572532       -2.74201576287061        2.40749586916764
H            1.10691916242624       -5.18372651254586        0.58406322513637
H            0.02851220549721       -4.92841840601474        1.96387935902602
H           -0.77826990156221       -4.31001055685049       -0.58222818346474
H           -1.27525974919725       -3.30353070298103        0.78446916515956
H           -2.02192169624182        0.10194941821939       -1.03091778777903
H           -1.73650173809263       -2.74517804050705       -1.77174068093622
H           -2.37021819238526       -1.25240800286111       -3.63581926395016
H           -0.66619739475833       -1.69439869687739       -3.84791432357990
H           -1.09554914090297       -0.10980041860033       -3.18300894436707
H           -4.57449863055125        1.22783104664205       -0.32937157571091
H           -3.33398290374082       -0.38073215010119        1.76842442948051
H           -5.78828266600271       -0.17802447816733        1.66229558043952
H           -5.27820804715147       -1.84319672106319        1.32222839818452
H           -5.78531179204953       -0.79366411865839        0.00023872232227
H            0.17349962575664        2.71853788415545        1.16787086804592
H           -1.51129076074964        0.67380403443483        1.47162005336894
H           -2.52868143753790        1.87741312969637        3.35203763134200
H           -2.20006833590824        3.43562057148939        2.58075530254779
H           -0.86173419361509        2.46204263167311        3.22077213821562
H            1.92108924021170        0.84495479580499       -1.18309605824245
H            1.11105243199180        3.65430486262906       -0.78592717142127
H            1.89439891617761        3.04618630863823       -3.08772778692533
H            0.15515344152894        3.39301296176964       -3.08859463269371
H            0.71760596828042        1.71834987365676       -3.14204180599197
H            3.59990999663162        0.89397069479242        1.97526041789788
H            5.41711049172544        1.84835639167629        0.71329230169428
H            4.61277523063263        1.51203200808735       -0.82933131473374
H            5.89282302467587       -0.51863144267692        1.04882795756168
H            6.21643981784089       -0.32256960481152       -0.67748867084709
H            4.04764717601839       -1.19809407813784       -1.28265186552405
H            4.41919689706297       -2.17559357911885        0.16200369570964
68
 energy: -106.572404269766 gnorm: 0.011997530798 xtb: 6.7.1-6.fc44.fc44
O            1.08058489395885       -0.34612406286423        1.32241663285181
O            0.91036374837666       -0.85554292513170       -1.60083727150944
O           -3.26628686067651       -2.60137101447188        0.09077033918998
O           -3.26514801648656        3.14460605237652        0.17868812444786
O           -1.27688869660977        1.61798584113570       -1.39944186754972
O            2.16818399308360        2.80904612184357        1.25298788743857
N            0.38252763058299       -2.57583122479016       -0.29003319794330
N           -2.18432033025173       -0.90739093892080       -0.94207302637751
N           -3.79383353984439        0.97695595466182        0.26530065813285
N           -0.60167006502257        2.34095471969069        0.63245537381253
N            1.92058511640114        1.74965407455404       -0.72847179243667
N            3.15537441774242       -0.51681912025401        0.48979198732427
C            1.93349438419398       -1.00829964178796        0.75450482912460
C            1.67104944585840       -2.47034793827061        0.38281721937479
C            1.49372386546224       -3.33580278012831        1.62971038355701
C            0.55157266732383       -4.43386069986591        1.14359717855481
C           -0.41094912276783       -3.67958939477371        0.22692372212834
C            0.07941738073233       -1.67968276665015       -1.23603182971313
C           -1.34586038020614       -1.72117312491319       -1.80149826881919
C           -1.37253507132066       -1.16060391230623       -3.21887360127976
C           -3.06208964835141       -1.40862388890463       -0.07366484968360
C           -3.81784439808699       -0.36806467628818        0.78485196229332
C           -5.26693297195539       -0.82283263750467        0.95705020594143
C           -2.98247034555625        2.02238757663950        0.54359822551780
C           -1.70905781332090        1.75276894100716        1.36276627334195
C           -1.83798425555521        2.42983581814147        2.72264794532409
C           -0.45031858929339        2.16592627048777       -0.68196967253590
C            0.89792815429877        2.66542214282132       -1.21268475065644
C            0.92148730710149        2.70677259900864       -2.73109254347855
C            2.42522195321421        1.87689077131908        0.50938081149544
C            3.48731467580853        0.84648409009401        0.88473543002880
C            4.81258687154479        1.12752796340505        0.17140989349683
C            5.45009540430660       -0.25448856089460        0.08672703552013
C            4.25723268059224       -1.16111179341602       -0.20083054612018
H            2.45030205267653       -2.86528260188711       -0.27696037607857
H            2.44013360421948       -3.71832607089881        2.00540979457386
H            1.01701984024759       -2.73617049770247        2.40800072611281
H            1.10888975395848       -5.18379550969654        0.57998056769694
H            0.03009187800341       -4.92772101740283        1.95933530906655
H           -0.77362704483369       -4.31125755024764       -0.58683758140275
H           -1.27417942707718       -3.31048297726209        0.78231027621705
H           -2.02672243692831        0.10426465046614       -1.03322288124205
H           -1.73910556777339       -2.74075237412533       -1.77249461504721
H           -2.37194678007165       -1.24704371047435       -3.63556875227603
H           -0.67132132605586       -1.69854661238724       -3.85102570866342
H           -1.09114464866890       -0.10989885984854       -3.19141153235320
H           -4.57316350105418        1.21977797229598       -0.33513316465091
H           -3.33258525301913       -0.38526584054155        1.76866421168571
H           -5.78530811506141       -0.17999854566819        1.66420144202543
H           -5.27662756893909       -1.84614644525562        1.32060658762428
H           -5.78539279495592       -0.79266541030604        0.00077847693045
H            0.16763987751128        2.72722561901279        1.16852593170840
H           -1.51305948067905        0.67950908340534        1.47788190677908
H           -2.53309413859313        1.87610891500321        3.35488759282955
H           -2.18349454168886        3.44899987279137        2.57654320780849
H           -0.86811767863853        2.46726756425740        3.21982034161320
H            1.91722290076590        0.84026312754665       -1.17914381417460
H            1.11423359303200        3.65182634917093       -0.78680387671137
H            1.89048059092107        3.04456917878882       -3.09350168445325
H            0.14885470606813        3.38345909753691       -3.09028492569024
H            0.72398946393852        1.71222637383722       -3.10583758234614
H            3.60369555207986        0.89350167383081        1.97551623310074
H            5.41946311640684        1.84878246099058        0.71257502490239
H            4.61574885752534        1.51291014777833       -0.82990434451557
H            5.88501133089115       -0.53369176876888        1.05063691950405
H            6.21307655740899       -0.32089900392368       -0.68721912663131
H            4.04391210949528       -1.20556432215377       -1.27417428868609
H            4.42524351108772       -2.17449879465583        0.17124280597600
68
 energy: -106.572613417730 gnorm: 0.007834755390 xtb: 6.7.1-6.fc44.fc44
O            1.08222612682804       -0.34756373278032        1.32524323380054
O            0.90947182895734       -0.85514226284259       -1.60190909538499
O           -3.26770017856255       -2.60161636247128        0.09141074988898
O           -3.26317385404078        3.14425776700437        0.17762562052184
O           -1.27750992785961        1.62272514612754       -1.39745800587370
O            2.17073030897317        2.80885982299753        1.25356631250883
N            0.38309624506980       -2.57495618371372       -0.28961210105093
N           -2.18609549714000       -0.90849299755509       -0.94233276643874
N           -3.79471691753121        0.97781875673399        0.26635303637005
N           -0.60113112608832        2.34056342014202        0.63225023794883
N            1.92023089840386        1.74859984314650       -0.72699826059742
N            3.15619804785917       -0.51699575144792        0.49035514268914
C            1.93362161194042       -1.00720406704700        0.75460807379555
C            1.67171029895487       -2.46875541172606        0.38253552635157
C            1.49607947512696       -3.33582256412107        1.62878307538419
C            0.55333331126623       -4.43295341993075        1.14351622882502
C           -0.40978256900343       -3.67874749381066        0.22726247669620
C            0.07905526300748       -1.67930269703146       -1.23599593139138
C           -1.34614806173771       -1.72126681571434       -1.80155663202613
C           -1.37249378323946       -1.15993359003835       -3.21859422075114
C           -3.06487755615808       -1.40930617222870       -0.07471299633777
C           -3.81944903517624       -0.36813418052761        0.78399988720715
C           -5.26902440572606       -0.82192000489028        0.95593994975720
C           -2.98268397697940        2.02300143743306        0.54466737641670
C           -1.70880020578547        1.75275867792142        1.36204490089057
C           -1.83696728816088        2.43040063483126        2.72183425739223
C           -0.45030669593396        2.16872407665042       -0.68032811057648
C            0.89839222605641        2.66543002698168       -1.21122165223961
C            0.91992741505248        2.70067568911535       -2.72982633860326
C            2.42641171592506        1.87634735429383        0.51010445899017
C            3.48888717500543        0.84612442009619        0.88483978451951
C            4.81371939156204        1.12697859207769        0.17090556436119
C            5.45125609391581       -0.25532400721521        0.08494062970451
C            4.25759816368545       -1.16265865033627       -0.20055765867266
H            2.45037930632893       -2.86186502603580       -0.27860520646568
H            2.44296577784461       -3.71847945691728        2.00377948099446
H            1.01560158801312       -2.74117749015225        2.40714540108609
H            1.10977321103773       -5.18094718797614        0.57770037792963
H            0.03268389941165       -4.92868176133922        1.95887156133154
H           -0.77236440154607       -4.30976358449705       -0.58728407881978
H           -1.27383508979404       -3.30995653749209        0.78236180408467
H           -2.03004860235068        0.10274500550792       -1.03418011480121
H           -1.73798992751733       -2.74176704363440       -1.77274174023571
H           -2.37235315849379       -1.24561121645706       -3.63471459794450
H           -0.67221270384302       -1.69851924898131       -3.85139927178227
H           -1.09013190706903       -0.10993819859831       -3.18983333469708
H           -4.57235848757039        1.22191985273951       -0.33465141396535
H           -3.33402418487356       -0.38673795386940        1.76786192019880
H           -5.78667533782803       -0.18004043247520        1.66442746004383
H           -5.28022670493038       -1.84594136748040        1.31727253038833
H           -5.78768471598963       -0.78911487920330       -0.00001728572209
H            0.16746071465961        2.72658422575631        1.16966703701427
H           -1.51369795878957        0.67953216540883        1.47706972767262
H           -2.53780903191655        1.88894052220727        3.35125351167880
H           -2.19536240910617        3.44689798410559        2.59274864666598
H           -0.86652154216039        2.46499195912670        3.21846004152786
H            1.91512484120247        0.83873113240081       -1.17685036481391
H            1.11674369342375        3.65094661272925       -0.78482711885451
H            1.88924731441310        3.03789189075917       -3.08907613750709
H            0.14858767905810        3.37822846405729       -3.08893108674902
H            0.72111316817055        1.70716972147847       -3.12546227656585
H            3.60585804310512        0.89383968881408        1.97552045960261
H            5.42128690459434        1.84760304152806        0.71230727479903
H            4.61642065993624        1.51345941136060       -0.82992870095996
H            5.89426522268360       -0.52173064908418        1.04838956834000
H            6.21465309817094       -0.32323348206004       -0.68396238215938
H            4.04496313218342       -1.20949483327758       -1.27467805208568
H            4.42575686855110       -2.17530862001763        0.17364560872074
68
 energy: -106.572587677961 gnorm: 0.010571975191 xtb: 6.7.1-6.fc44.fc44
O            1.08213233539163       -0.34773346442083        1.32841017458518
O            0.90857952685790       -0.85412504047955       -1.60289460176935
O           -3.27073660108737       -2.60105443229352        0.09403152926896
O           -3.26083223433191        3.14493886587785        0.17613177856472
O           -1.28250571550911        1.63073687547500       -1.39479912017183
O            2.17212255887146        2.80761479979104        1.25394304247603
N            0.38495988605379       -2.57473183994043       -0.28871930513855
N           -2.19047525181116       -0.91084174678189       -0.94381050092708
N           -3.79693442670675        0.98038155913668        0.26690368954567
N           -0.60180525877294        2.34253346026607        0.63287550048601
N            1.91866178951285        1.74437154186548       -0.72519895271638
N            3.15778853435336       -0.51737155019443        0.49477914641384
C            1.93431891370376       -1.00706397360115        0.75869322491339
C            1.67266008793089       -2.46678586409683        0.38353450479306
C            1.49923772243757       -3.33813723280367        1.62788913564355
C            0.55566722920060       -4.43315675111122        1.14198772629155
C           -0.40855541144075       -3.67778233869865        0.22822750205664
C            0.07846502596501       -1.68008368706227       -1.23586704119959
C           -1.34621718047607       -1.72213741505414       -1.80137574289587
C           -1.37221502061785       -1.15756641108961       -3.21642708610088
C           -3.07149758645213       -1.41002014913753       -0.07724519937115
C           -3.82308728857023       -0.36744440384121        0.78206030052360
C           -5.27384357849214       -0.81939038679079        0.95340294530529
C           -2.98422603501463        2.02547271252103        0.54639706640529
C           -1.71033625452215        1.75660463791323        1.36279143384155
C           -1.83707890141592        2.42648558453873        2.72427945557550
C           -0.45191887847483        2.17072048187675       -0.67955254073444
C            0.89773070355015        2.66107873502461       -1.21333687331171
C            0.92100277826575        2.69509733702747       -2.73221504035748
C            2.42669631829576        1.87453405420644        0.51099899818897
C            3.49064159544209        0.84605054912067        0.88618017029334
C            4.81469414734587        1.12684606857361        0.17132004112617
C            5.45412519430000       -0.25569211975234        0.08663985584280
C            4.25916153443422       -1.16405022494893       -0.19736788145445
H            2.45066132364849       -2.85506639030166       -0.28019869984710
H            2.44755036605289       -3.72025796600588        2.00197959182788
H            1.01854747762009       -2.74514576449851        2.40741404942602
H            1.11293357342529       -5.17898226483217        0.57379683035331
H            0.03654876661664       -4.93261148769638        1.95679256166926
H           -0.77155766641229       -4.30657822085880       -0.58799965232686
H           -1.27435995531999       -3.30761777211511        0.78216351718098
H           -2.03540987712161        0.09939741152939       -1.03617721947926
H           -1.73460917316168       -2.74549523640377       -1.77369493871042
H           -2.37264331171311       -1.24341488493248       -3.63325973798297
H           -0.67227977355572       -1.69609176432374       -3.85077192831532
H           -1.08961823992189       -0.10941400039892       -3.18279126014188
H           -4.57249662532035        1.22775345906399       -0.33287444751760
H           -3.33784678666390       -0.38755755361632        1.76637880245020
H           -5.79073390502892       -0.17963577517298        1.66440522236267
H           -5.28812615167976       -1.84472533914990        1.31081629953581
H           -5.79262849183217       -0.78206625898393       -0.00189969588649
H            0.16613301432528        2.72842388222541        1.17202095328520
H           -1.51587707172891        0.68325308690543        1.47641146883563
H           -2.54109210012463        1.88798069093292        3.35231303454643
H           -2.19377751630950        3.44931944676526        2.57886774234540
H           -0.86590613284305        2.45584467345795        3.22246611491584
H            1.91232204133426        0.83324019696926       -1.17277310528535
H            1.11833774224736        3.64534348501312       -0.78603729542433
H            1.89052922596968        3.03658114763999       -3.08482966259620
H            0.14951380109310        3.37256581318426       -3.09045522655372
H            0.71663803940881        1.69818782533080       -3.11862933568662
H            3.60829588481019        0.89688657655672        1.97662057259497
H            5.42346089191244        1.84728449718484        0.71202068954607
H            4.61551371655769        1.51426296987583       -0.82929720717460
H            5.91250128035185       -0.51121998553371        1.03731431355827
H            6.21381829598020       -0.32063034213398       -0.69343858098633
H            4.05196208751368       -1.21363021475000       -1.27510823826316
H            4.42798846912946       -2.17614016348721        0.17880913377774
68
 energy: -106.572696267282 gnorm: 0.005207870195 xtb: 6.7.1-6.fc44.fc44
O            1.08354230333650       -0.34579890872603        1.32724934175870
O            0.90864138106275       -0.85281692613825       -1.60240889966212
O           -3.27060705127565       -2.60109116319340        0.09180551302221
O           -3.26413498180600        3.14493554757318        0.17490199702716
O           -1.28062515790058        1.62524653293092       -1.39445486283703
O            2.17373695702991        2.80923000175340        1.25320123636058
N            0.38403414368252       -2.57275443409860       -0.28830275111646
N           -2.18909615017916       -0.90921616539381       -0.94310517006303
N           -3.79740114309595        0.97962980784794        0.26779719707765
N           -0.60346036658222        2.34446556337719        0.63382436318919
N            1.91867083138603        1.74415134141089       -0.72437521233531
N            3.15903076924163       -0.51719688432871        0.49464456219451
C            1.93532665433739       -1.00627469873651        0.75790643723507
C            1.67269337954535       -2.46651206219792        0.38304755815530
C            1.49922175323254       -3.33755932996695        1.62721448079402
C            0.55630667273795       -4.43333096406902        1.14012335285470
C           -0.40821022613444       -3.67765860210258        0.22676866664307
C            0.07854741200141       -1.67822870798179       -1.23556941200487
C           -1.34644318983381       -1.72100491182893       -1.80135665314637
C           -1.37274510152804       -1.15770829558320       -3.21709695559970
C           -3.06967024622402       -1.40942099032225       -0.07670117587747
C           -3.82285207968789       -0.36775361518635        0.78276776994858
C           -5.27304148493217       -0.82004317007238        0.95386962941358
C           -2.98493847832198        2.02518468203304        0.54527088946994
C           -1.71159560166383        1.75726061736755        1.36339344097051
C           -1.83883886963907        2.43041082932347        2.72432578507472
C           -0.45187861504309        2.16904102461057       -0.67851954557731
C            0.89762326546363        2.66087537002342       -1.21136407872407
C            0.91959912257911        2.69252198328946       -2.73034168202876
C            2.42745958560515        1.87515589046184        0.51135397250267
C            3.49162847257995        0.84646230675062        0.88617148654197
C            4.81507704616166        1.12763016031511        0.17020576836716
C            5.45448964116673       -0.25442049832833        0.08397118365456
C            4.26053482216348       -1.16440939054931       -0.19569449253706
H            2.45055292161598       -2.85600925066390       -0.28084023410353
H            2.44727165126871       -3.71990401806392        2.00084181850969
H            1.01954042308243       -2.74382911047750        2.40696603303243
H            1.11442579720844       -5.17940523113883        0.57205113152021
H            0.03735651918434       -4.93272845835980        1.95472996666345
H           -0.76995934952805       -4.30662576569222       -0.58985829722942
H           -1.27411229893121       -3.30988122699580        0.78107897031501
H           -2.03656595913294        0.10104087502755       -1.03634809152659
H           -1.73576458630162       -2.74327906264718       -1.77325530985212
H           -2.37346462173212       -1.24114153419926       -3.63273830520227
H           -0.67441973299509       -1.69763594668134       -3.85133690892396
H           -1.08794109734941       -0.10934887031785       -3.18589586048009
H           -4.57235998604159        1.22513958086855       -0.33463002646075
H           -3.33730608212379       -0.38805496908234        1.76681502239992
H           -5.78971484493831       -0.18083344546627        1.66539885331976
H           -5.28707232590435       -1.84588413059894        1.31017161492483
H           -5.79207776491713       -0.78176816014585       -0.00154725244617
H            0.16434827407909        2.73080585383200        1.17235913630195
H           -1.51655371456287        0.68399272677519        1.47800281216843
H           -2.54477808807545        1.89318729493538        3.35086038368008
H           -2.19199531601691        3.45079257950866        2.58915071074350
H           -0.86826402932745        2.45732537327117        3.22151215412801
H            1.91147342006344        0.83283851159222       -1.17148458208966
H            1.11891450136196        3.64571991545206       -0.78559768912643
H            1.88772197559383        3.03315155545752       -3.08959958921298
H            0.14628712555998        3.36668261356004       -3.09101555024461
H            0.72291614122387        1.69675196239263       -3.11793917582476
H            3.60992767678693        0.89682996821167        1.97656576861896
H            5.42394971492253        1.84785348010929        0.71087578380003
H            4.61575791416406        1.51518172214206       -0.83014207125273
H            5.90817620629752       -0.51918029939151        1.03876109126015
H            6.21363887254762       -0.32078447526410       -0.69306174191049
H            4.04986755373870       -1.21640951894309       -1.27140072285807
H            4.43027111718977       -2.17525047071518        0.18304841863773
68
 energy: -106.572717504765 gnorm: 0.004891159527 xtb: 6.7.1-6.fc44.fc44
O            1.08501073860200       -0.34481304730683        1.32759704115269
O            0.90912545997522       -0.85254226846145       -1.60314335423378
O           -3.27020327788919       -2.60085536829866        0.09092248765241
O           -3.26691823660562        3.14521245552343        0.17322737394246
O           -1.28012346462091        1.62318661515296       -1.39367963183401
O            2.17569588948020        2.81073356688467        1.25211630694667
N            0.38347967594222       -2.57051292096466       -0.28752111416439
N           -2.18795019149212       -0.90754118869085       -0.94175074277366
N           -3.79832128970278        0.97960799946709        0.26858755615343
N           -0.60489150644469        2.34621682496298        0.63402678290899
N            1.91839765819578        1.74254805288845       -0.72331010427447
N            3.16016828076518       -0.51748212710907        0.49564529867723
C            1.93613021469865       -1.00581204130877        0.75799732662643
C            1.67320337748956       -2.46576918142396        0.38228122756239
C            1.50035204837885       -3.33718179287488        1.62594573060077
C            0.55791235539356       -4.43319928021534        1.13807651304136
C           -0.40734339255526       -3.67738617274306        0.22551370520445
C            0.07878077912150       -1.67640106448775       -1.23520440290474
C           -1.34671372184313       -1.71922384023079       -1.80065119085715
C           -1.37339648902187       -1.15757861181937       -3.21719101541902
C           -3.06835689612851       -1.40872550804964       -0.07560534820681
C           -3.82309156097830       -0.36771876195883        0.78324078902354
C           -5.27287925795658       -0.82012880596637        0.95370404576007
C           -2.98610862373077        2.02566912485229        0.54442344990216
C           -1.71317899504247        1.75839650655908        1.36335989553614
C           -1.84078557689966        2.43336968860935        2.72431638720942
C           -0.45196004668562        2.16857570112285       -0.67774980592370
C            0.89800250947874        2.65956952792394       -1.21073468482233
C            0.91969182834847        2.68901569026111       -2.72934476682484
C            2.42820999061686        1.87516139000630        0.51179494445638
C            3.49276765531650        0.84634146262323        0.88672692270815
C            4.81565321789366        1.12741714869050        0.16936543165273
C            5.45502845862903       -0.25429771134554        0.08181707199558
C            4.26112477568195       -1.16582542060557       -0.19404701813282
H            2.45072293605562       -2.85544063743363       -0.28262425515572
H            2.44824163334869       -3.72001389914011        1.99869651170322
H            1.02012755363609       -2.74589317979613        2.40654729945888
H            1.11484427866218       -5.17791020873343        0.56775317914087
H            0.03980255721284       -4.93386722035599        1.95223898452118
H           -0.76825649924788       -4.30594203490264       -0.59180891708794
H           -1.27369791553149       -3.31168723396863        0.78031861770101
H           -2.03857100861373        0.10254618331541       -1.03600737295648
H           -1.73692907079115       -2.74066561801333       -1.77195754769818
H           -2.37461558853073       -1.23802354413953       -3.63142592893713
H           -0.67715814529696       -1.69945125127823       -3.85161238545628
H           -1.08565320191929       -0.10947623191552       -3.18830577705142
H           -4.57251827635304        1.22362961193581       -0.33621138873464
H           -3.33759886705231       -0.38779639832477        1.76725530021363
H           -5.78948179254269       -0.18250369990116        1.66667013717381
H           -5.28714102357479       -1.84702826525595        1.30763055756422
H           -5.79213162852711       -0.77981280384816       -0.00172892258024
H            0.16293683957690        2.73266062201305        1.17216955646767
H           -1.51798875448053        0.68509262997340        1.47846839109031
H           -2.54871013709081        1.89472803451314        3.34926211283115
H           -2.18801166857054        3.45583557740227        2.59205772197366
H           -0.87076187560393        2.45481210967592        3.22165182590033
H            1.91000542135089        0.83066355548867       -1.16922837582226
H            1.12051661594590        3.64501590362546       -0.78682980676948
H            1.88751993262644        3.03057726836511       -3.08704683631870
H            0.14527838789490        3.36053996730724       -3.09151881655712
H            0.72112921410462        1.69039486626588       -3.11354506291889
H            3.61189463442461        0.89713153695726        1.97705419493058
H            5.42458275551799        1.84797166428292        0.70952789736155
H            4.61576389147854        1.51477442188902       -0.83078221719348
H            5.90979817614520       -0.51337719249568        1.04024878249993
H            6.21199495212561       -0.32094404984693       -0.69532217629844
H            4.04627603278713       -1.22118267088109       -1.26732187694350
H            4.43195073189914       -2.17504244589115        0.18799548763191
68
 energy: -106.572762028260 gnorm: 0.004199691051 xtb: 6.7.1-6.fc44.fc44
O            1.08626055432879       -0.34370654674912        1.32921392867874
O            0.90990493596368       -0.85217943588412       -1.60457670839315
O           -3.26995093924481       -2.59983275387976        0.09185608065084
O           -3.26921819850890        3.14622457007465        0.17122202332524
O           -1.28173575755243        1.62440166642359       -1.39206961047685
O            2.17789124867262        2.81253897841127        1.25175506733545
N            0.38333953891422       -2.56771748012751       -0.28622591545241
N           -2.18805548556042       -0.90571518184935       -0.94003186276072
N           -3.80027928544066        0.98084011207930        0.26933571676551
N           -0.60656675788958        2.34799397202149        0.63477200010355
N            1.91735483460127        1.73992637068053       -0.72074846093561
N            3.16237009954491       -0.51727271620075        0.49959097549876
C            1.93769953769151       -1.00500093959212        0.76039115440528
C            1.67397985338412       -2.46429788876714        0.38201457668546
C            1.50281204133298       -3.33852735678194        1.62373779538339
C            0.56051783711383       -4.43391373359565        1.13422607318240
C           -0.40596498296595       -3.67665365969842        0.22436485313902
C            0.07883713590292       -1.67447391328308       -1.23466459066661
C           -1.34698931715150       -1.71705231456769       -1.79951743226386
C           -1.37412902467135       -1.15610379270149       -3.21616822999510
C           -3.06912254547444       -1.40765979681320       -0.07483881084341
C           -3.82492018921571       -0.36678068991472        0.78354759232173
C           -5.27440958233064       -0.81909467072427        0.95252755567857
C           -2.98824367364598        2.02738798474709        0.54408076790768
C           -1.71573269287795        1.76059394323736        1.36348299470297
C           -1.84261556563434        2.43411529475763        2.72527130570700
C           -0.45310734313006        2.16918309332732       -0.67634291170911
C            0.89795902160539        2.65692111970275       -1.20990859558287
C            0.91937210211140        2.68142617719135       -2.72864674271355
C            2.42886570565060        1.87522614101772        0.51334182213498
C            3.49461756865757        0.84714071642703        0.88841017679480
C            4.81584895122982        1.12854221638178        0.16804470301537
C            5.45652166906480       -0.25245597272156        0.07970736457252
C            4.26322994585259       -1.16722163036706       -0.18869029664319
H            2.45075787689010       -2.85197048897777       -0.28536605872937
H            2.45115003993201       -3.72202474924243        1.99457377796996
H            1.02392499562206       -2.74833875523054        2.40689850380339
H            1.11719274477716       -5.17616823358235        0.56038069205377
H            0.04416129862932       -4.93777690918928        1.94753328705881
H           -0.76598015778417       -4.30370679453800       -0.59462677390218
H           -1.27363118506387       -3.31313123984239        0.77904267539241
H           -2.04311470837210        0.10381917693137       -1.03572670975907
H           -1.73727229981697       -2.73839306772417       -1.77021415327023
H           -2.37620425157703       -1.23299100257347       -3.62855873865479
H           -0.68083711707335       -1.70067354304538       -3.85133665665177
H           -1.08249876234786       -0.10898531942611       -3.18860042344367
H           -4.57331921067068        1.22441434326707       -0.33710574080336
H           -3.33977571894078       -0.38659335404621        1.76767920014911
H           -5.79097844088694       -0.18479504809627        1.66844240346769
H           -5.29004113674400       -1.84791188576853        1.30161655694293
H           -5.79387836674549       -0.77436298619505       -0.00267219932914
H            0.16104595835612        2.73461556083255        1.17309523479406
H           -1.52118319189287        0.68709098992188        1.47829045499636
H           -2.55704503305620        1.90073453460301        3.34607001325824
H           -2.18282473685781        3.45798646302787        2.59411242896342
H           -0.87379004408686        2.44651304410972        3.22379926108285
H            1.90751560108397        0.82701086190207       -1.16461962750080
H            1.12197159740576        3.64301020770862       -0.78852912170636
H            1.88527028322256        3.02475641658951       -3.09044672033274
H            0.14199186776543        3.34763388621871       -3.09401888784203
H            0.72780328552622        1.68133405289173       -3.10898308497278
H            3.61545978381615        0.89980908497395        1.97844521015848
H            5.42554499293845        1.84956259325094        0.70673704495168
H            4.61378816128006        1.51563726818956       -0.83180150501591
H            5.91577200293193       -0.51225048416733        1.03505570395198
H            6.20942037138626       -0.31938048069113       -0.70158977032534
H            4.04755446317209       -1.22914200814451       -1.26200237828057
H            4.43638127432979       -2.17379200764419        0.19898374399776
68
 energy: -106.572814349707 gnorm: 0.001739005617 xtb: 6.7.1-6.fc44.fc44
O            1.08506700833796       -0.34455169303355        1.32994492205921
O            0.91113830799544       -0.85299601967827       -1.60556161163745
O           -3.26834432486206       -2.59858830232333        0.09398025732808
O           -3.26872559359810        3.14739767459623        0.17113056718008
O           -1.28287145132524        1.62668600197255       -1.39301581305034
O            2.17653687609061        2.81226524203662        1.25254226938321
N            0.38359527678245       -2.56785483942293       -0.28614045300602
N           -2.18769661953462       -0.90480237917249       -0.93950328381433
N           -3.80028903938638        0.98179477805222        0.26809936735785
N           -0.60546543444843        2.34627341236272        0.63482464359597
N            1.91739903971106        1.74031004417677       -0.72062601013718
N            3.16161016085026       -0.51688345226883        0.50038628924430
C            1.93710045584794       -1.00506421618639        0.76088877726530
C            1.67398572291311       -2.46424309732017        0.38235606868743
C            1.50327921096292       -3.33955993915921        1.62345258984955
C            0.56084928748371       -4.43448153727856        1.13351979695542
C           -0.40579404401436       -3.67674549113191        0.22406374550835
C            0.07922549340221       -1.67490136273802       -1.23495035085534
C           -1.34659610814661       -1.71643213606344       -1.79885759863016
C           -1.37435101316164       -1.15536135029030       -3.21526053714451
C           -3.06882194546960       -1.40651922146263       -0.07419274204172
C           -3.82480343126599       -0.36556112765871        0.78391188837040
C           -5.27430411672262       -0.81894194347811        0.95241000075844
C           -2.98848022142925        2.02853242010354        0.54369442684493
C           -1.71623956861786        1.76085864735594        1.36291837202387
C           -1.84097850807214        2.43342351123278        2.72513311173043
C           -0.45324495000902        2.16938009508441       -0.67708983732441
C            0.89810945804693        2.65671791808149       -1.21084961632840
C            0.92011110188844        2.68062737695885       -2.72962794851956
C            2.42834535069868        1.87549172471213        0.51369141239498
C            3.49393356682383        0.84747953431185        0.88898574250333
C            4.81458508353133        1.12914045146693        0.16744042374149
C            5.45597697033653       -0.25173755338965        0.08021643888768
C            4.26266997417119       -1.16692148030867       -0.18792069583990
H            2.45071738863160       -2.85096618562318       -0.28538409690686
H            2.45191402199939       -3.72287563206666        1.99433490452196
H            1.02397994671122       -2.74978142564095        2.40640259091180
H            1.11852804968321       -5.17664949865563        0.56007773745799
H            0.04441025282184       -4.93872592641600        1.94669205533798
H           -0.76573479870506       -4.30321366243125       -0.59536291778932
H           -1.27352066433694       -3.31327768012721        0.77882464219528
H           -2.04394985733924        0.10459045697323       -1.03600755681589
H           -1.73696200396061       -2.73804579016456       -1.76927776337735
H           -2.37669231095835       -1.23274477073311       -3.62742177452712
H           -0.68155077387482       -1.70098796104808       -3.85050549782073
H           -1.08247701703771       -0.10864734903692       -3.18776518604512
H           -4.57408851117779        1.22538499840536       -0.33706945563385
H           -3.34042765320759       -0.38426107819748        1.76828666766556
H           -5.79151736155014       -0.18596435409543        1.66895265356226
H           -5.28928301929756       -1.84787242534924        1.30058825716992
H           -5.79373005243714       -0.77406205622403       -0.00264118134322
H            0.16244844006286        2.73216652207978        1.17330411758460
H           -1.52329139585830        0.68714676021086        1.47746716585834
H           -2.56253965088839        1.90571196613428        3.34332749628149
H           -2.17245315001159        3.46095530219114        2.59352605323665
H           -0.87637956178274        2.43125137014803        3.22893663123594
H            1.90861883532573        0.82755368392155       -1.16487967748414
H            1.11949390069110        3.64355539967472       -0.78999765992725
H            1.88561713432879        3.02560625009564       -3.09071799466836
H            0.14135332828587        3.34361604803358       -3.09591792803961
H            0.73034065426939        1.67969600172528       -3.10896208098822
H            3.61532457793823        0.90041713816330        1.97890711654438
H            5.42440480757218        1.85067258309167        0.70526933013908
H            4.61113513753186        1.51553309302225       -0.83232412158975
H            5.91635730247580       -0.51093656810904        1.03447335440232
H            6.20901575330757       -0.31874452579775       -0.70144513693121
H            4.04777825772594       -1.22951406391829       -1.26153745555329
H            4.43732149472747       -2.17247630182040        0.20087410002041
68
 energy: -106.572900767760 gnorm: 0.005057276583 xtb: 6.7.1-6.fc44.fc44
O            1.08116703663702       -0.34757323216201        1.33262764384346
O            0.91521078842360       -0.85571115527050       -1.60788214371092
O           -3.26132867030333       -2.59358290490841        0.10412494884956
O           -3.26733840302345        3.15324715861678        0.17342261506361
O           -1.28925434439105        1.63611006822894       -1.39778003692128
O            2.17025085905506        2.81148941805887        1.25632217036855
N            0.38485861648611       -2.56771395742803       -0.28535624884510
N           -2.18545479839751       -0.90094862762690       -0.93578474707723
N           -3.80075187310335        0.98634307589750        0.26327092709453
N           -0.60213541900470        2.33785788974638        0.63398452396992
N            1.91697943333736        1.74223014444019       -0.71944551047180
N            3.15944042626230       -0.51515864746027        0.50424210944017
C            1.93571340672857       -1.00540471784405        0.76378477008491
C            1.67496686906136       -2.46406624580487        0.38310510507192
C            1.50512997481120       -3.34305419660025        1.62203364561744
C            0.56312375388245       -4.43713863449362        1.12993232827624
C           -0.40408337818619       -3.67749997568862        0.22269858053840
C            0.08040022864237       -1.67528770591955       -1.23460805885447
C           -1.34531076795096       -1.71340208272087       -1.79581266339753
C           -1.37530948010137       -1.15249167320289       -3.21185528814102
C           -3.06543548542745       -1.40175148780708       -0.06858203250315
C           -3.82528097627753       -0.35989620671309        0.78488822119686
C           -5.27446047832263       -0.81727620214568        0.95105933964894
C           -2.98944649600789        2.03327317304003        0.54290271126973
C           -1.71797548883852        1.75891477271896        1.36023122826551
C           -1.83466404720818        2.42774405303323        2.72434722577758
C           -0.45530916412650        2.16981241217331       -0.68066946100818
C            0.89778964609267        2.65553728103400       -1.21401573878428
C            0.92293243240094        2.67490243322808       -2.73307321917033
C            2.42519971043844        1.87668329524432        0.51590186325420
C            3.49128127161079        0.84958419870095        0.89108888935665
C            4.80962202589094        1.13238098568070        0.16513596277593
C            5.45374112395593       -0.24753247748627        0.08101836629338
C            4.26114929578107       -1.16598873297587       -0.18323375378822
H            2.45177688159688       -2.84728749095362       -0.28614766973388
H            2.45454169554033       -3.72618582273604        1.99219374981062
H            1.02505605021688       -2.75517465674430        2.40543472227056
H            1.12216158073862       -5.17858242964567        0.55579757371782
H            0.04665547310933       -4.94347364710874        1.94215130071987
H           -0.76415721713442       -4.30173160280123       -0.59831043257789
H           -1.27168045888315       -3.31556095644483        0.77894592846263
H           -2.04734240167628        0.10812086244754       -1.03623182927227
H           -1.73649804255539       -2.73544851933042       -1.76507424122894
H           -2.37863720771268       -1.23061187341345       -3.62261073907790
H           -0.68475525339953       -1.70092991053115       -3.84822833282175
H           -1.08236470221847       -0.10699287676198       -3.18518354473207
H           -4.57796108937347        1.23068548897048       -0.33646373207381
H           -3.34476095747457       -0.37409295835554        1.77066090856313
H           -5.79405548535443       -0.18944843272214        1.67030493523145
H           -5.28589570724010       -1.84723843275372        1.29537979672032
H           -5.79339108892952       -0.77095125343083       -0.00381058015991
H            0.16685796761308        2.72099277210665        1.17308236601623
H           -1.53137325374027        0.68398797288334        1.47277093605501
H           -2.59410838636193        1.92955050187845        3.32702319888869
H           -2.11927687297577        3.47188914919801        2.59230603655688
H           -0.88470127698433        2.36627767145407        3.24966043293986
H            1.91293351893997        0.83023603103993       -1.16542945280362
H            1.11158883545502        3.64529623414893       -0.79622584365049
H            1.88615882573499        3.02792509722300       -3.09183405994882
H            0.13790274941824        3.32571119854038       -3.10373206643190
H            0.74358666105989        1.67010537720128       -3.10867754264587
H            3.61528839468683        0.90394415946861        1.98050242990505
H            5.41940154018296        1.85693439980759        0.69888794236385
H            4.60114497855707        1.51459225030763       -0.83493757551724
H            5.91831514853350       -0.50334213721394        1.03250462932903
H            6.20595823515146       -0.31497998618905       -0.70279313548234
H            4.04704436413046       -1.23219680003014       -1.25702437100186
H            4.43984234999792       -2.16830886653720        0.21010599025119
68
 energy: -106.572935532257 gnorm: 0.003790063382 xtb: 6.7.1-6.fc44.fc44
O            1.08111366534819       -0.34755901931026        1.33316782597619
O            0.91506497476574       -0.85500063368059       -1.60692116080729
O           -3.25988142572401       -2.59248521179427        0.10677366050047
O           -3.26771608548249        3.15450050830686        0.17570714807649
O           -1.29095614759664        1.63757408370304       -1.39917530978011
O            2.16879515552244        2.81149425824145        1.25720131691631
N            0.38510772611820       -2.56725110600933       -0.28501105753621
N           -2.18541781083784       -0.89999393844905       -0.93490670866243
N           -3.80143709857093        0.98742633185315        0.26299057392508
N           -0.60222967895677        2.33583588869273        0.63305636322207
N            1.91665566957950        1.74242763429087       -0.71881669832373
N            3.15953928103915       -0.51463452975889        0.50527481279734
C            1.93585293313873       -1.00517664178817        0.76454097903349
C            1.67540552559823       -2.46389977278290        0.38317437932423
C            1.50594746176423       -3.34361725976823        1.62161327119959
C            0.56420136604262       -4.43768437765060        1.12887444232792
C           -0.40338520421838       -3.67772163829680        0.22237718799233
C            0.08052847082756       -1.67464333865037       -1.23401655475741
C           -1.34540600920722       -1.71256719969396       -1.79491813032263
C           -1.37560018896909       -1.15178092242849       -3.21108104900069
C           -3.06519727115201       -1.40060144785374       -0.06736860223052
C           -3.82608382416798       -0.35856915988150        0.78493676662682
C           -5.27505183345537       -0.81637472013702        0.95004581739693
C           -2.98977023650496        2.03387655269421        0.54335043210614
C           -1.71799292538521        1.75720131904990        1.35940784343180
C           -1.83341417748545        2.42500112994568        2.72410763208977
C           -0.45615552045079        2.16932898346984       -0.68159584463229
C            0.89728095186669        2.65476541308421       -1.21446938433393
C            0.92336066004138        2.67227984068244       -2.73356701131673
C            2.42433391770758        1.87694014626978        0.51668689406551
C            3.49106709177484        0.85037053667715        0.89155282244738
C            4.80876087823945        1.13322315791169        0.16454484271380
C            5.45361763894194       -0.24624736296502        0.08079475361661
C            4.26143937031860       -1.16565794065193       -0.18156883487111
H            2.45222886736122       -2.84680851550111       -0.28634507232231
H            2.45535384778154       -3.72691928954722        1.99128813134714
H            1.02592885934681       -2.75645755689831        2.40571405038663
H            1.12287011094617       -5.17847388840203        0.55380023050599
H            0.04813513779844       -4.94476759798069        1.94080050986214
H           -0.76350655108013       -4.30152191313518       -0.59896959603151
H           -1.27095565784866       -3.31649889096284        0.77908149271720
H           -2.04865589839835        0.10921331251903       -1.03655462506716
H           -1.73696900922994       -2.73431982479948       -1.76418805555383
H           -2.37904527159954       -1.22935810264366       -3.62138371629533
H           -0.68538241756109       -1.70005170960148       -3.84770924401452
H           -1.08239044817919       -0.10615202288374       -3.18482204818532
H           -4.57945608563853        1.23236809492288       -0.33557901185304
H           -3.34648783318802       -0.37226714128692        1.77125243006260
H           -5.79489866238930       -0.18936473439287        1.66982037399544
H           -5.28597732745297       -1.84682184593178        1.29334346615087
H           -5.79381820829118       -0.76907484953765       -0.00493959038473
H            0.16684400265034        2.71855389037675        1.17232297436670
H           -1.53226836219355        0.68201023005496        1.47095251101833
H           -2.60173153079533        1.93554194537823        3.32177660149405
H           -2.10442907115417        3.47203308662554        2.59351763501614
H           -0.88626192463686        2.35367270128104        3.25287742463814
H            1.91374571845961        0.83052841311406       -1.16493630068503
H            1.11147276682861        3.64495770615400       -0.79783590628728
H            1.88563837281145        3.02782015894327       -3.09247859380248
H            0.13662423814725        3.32088510677671       -3.10551881997631
H            0.74766064522557        1.66655762264418       -3.10828428294743
H            3.61585129895226        0.90516600362653        1.98088209838366
H            5.41830434503794        1.85869018942657        0.69727586439003
H            4.59957391853881        1.51445502349052       -0.83580141384063
H            5.91881062067410       -0.50105337131659        1.03266661662628
H            6.20488549768880       -0.31386499961178       -0.70362684759173
H            4.04646184852131       -1.23339026502878       -1.25495777791486
H            4.44014033987342       -2.16772452063872        0.21281707460659
68
 energy: -106.572988663592 gnorm: 0.001421780519 xtb: 6.7.1-6.fc44.fc44
O            1.08140631921984       -0.34686252398833        1.33523830135114
O            0.91367964944769       -0.85130222782439       -1.60348685400703
O           -3.25566110136185       -2.58882664525242        0.11500544172589
O           -3.26878416217256        3.15823802567610        0.18334082609093
O           -1.29581267530549        1.64159505641230       -1.40346270937270
O            2.16451337788800        2.81164280504548        1.25953902098101
N            0.38559779752710       -2.56522424654424       -0.28369580430481
N           -2.18583575607584       -0.89661114124114       -0.93205555006276
N           -3.80444245781391        0.99106333921152        0.26303395101543
N           -0.60254939903005        2.32977906431438        0.63022887504024
N            1.91583829276465        1.74233237429805       -0.71685144778890
N            3.16023253765652       -0.51295235036402        0.50878281067203
C            1.93650660030270       -1.00409650505733        0.76718025886263
C            1.67666687269115       -2.46283896662591        0.38339350806222
C            1.50886319689224       -3.34521673741849        1.62002212833850
C            0.56806252758825       -4.43932430710151        1.12518370122594
C           -0.40112861213752       -3.67823470762345        0.22140017163943
C            0.08027958720400       -1.67144708801388       -1.23136976646232
C           -1.34630810863565       -1.70961856255886       -1.79193575786393
C           -1.37674592647618       -1.14932151961510       -3.20853622292231
C           -3.06433786735160       -1.39678929210697       -0.06296910949842
C           -3.82984052027741       -0.35455119397120        0.78492125302575
C           -5.27842829591224       -0.81338350528166        0.94590776114180
C           -2.99122352936438        2.03565650492380        0.54564400034089
C           -1.71796648315357        1.75202463386138        1.35702059918340
C           -1.82874275003115        2.41609473832347        2.72390444389437
C           -0.45845790446368        2.16760051667312       -0.68440370581978
C            0.89579572820277        2.65167432702191       -1.21626042794320
C            0.92449211192492        2.66302262072143       -2.73541296676213
C            2.42204623663356        1.87769886155287        0.51898762913526
C            3.49093354177348        0.85294445606273        0.89302050960542
C            4.80644417995327        1.13610720477332        0.16258981642883
C            5.45349812799232       -0.24218321499916        0.08035975686091
C            4.26276917263338       -1.16463649732093       -0.17610758382926
H            2.45336097597565       -2.84457102366733       -0.28724200307988
H            2.45854522433663       -3.72885835177930        1.98785895995819
H            1.02905147168025       -2.76070149374122        2.40655405040504
H            1.12621197486392       -5.17758476342545        0.54700555327995
H            0.05354639723760       -4.94912969479433        1.93618228997882
H           -0.76110120829010       -4.30058528326512       -0.60118225623559
H           -1.26876651208461       -3.31945740566558        0.77947636500269
H           -2.05308619853899        0.11303966665931       -1.03763424964461
H           -1.73850443740287       -2.73068442350572       -1.76098191853300
H           -2.38051514717135       -1.22516447609063       -3.61766457061165
H           -0.68726608244026       -1.69713202168703       -3.84567918684804
H           -1.08277160605937       -0.10328657287536       -3.18309703970714
H           -4.58445150395397        1.23825633306704       -0.33235397354561
H           -3.35362782834564       -0.36762963051334        1.77316793663161
H           -5.79961141348516       -0.18901360586544        1.66705445227877
H           -5.28885563866294       -1.84530772735047        1.28569057856722
H           -5.79600532368995       -0.76268299034291       -0.00974876218729
H            0.16681740414158        2.71110038789690        1.17007815366112
H           -1.53535565647254        0.67595530602500        1.46511520047128
H           -2.62446854368376        1.95338741352350        3.30527683995849
H           -2.05668238730569        3.47272374481552        2.59635667088726
H           -0.88962837466241        2.31179846450100        3.26350669556591
H            1.91645349872608        0.83045746195917       -1.16281849359472
H            1.11099346512890        3.64333149892388       -0.80336552654830
H            1.88346473063731        3.02728060886915       -3.09502324000436
H            0.13188834199350        3.30369154229649       -3.11141213192877
H            0.76049266155457        1.65424695138989       -3.10679479732677
H            3.61833402367991        0.90929254958957        1.98204202229026
H            5.41548038183143        1.86445210221138        0.69195384201637
H            4.59479690042570        1.51438314901661       -0.83854189186857
H            5.92078526508450       -0.49355706931422        1.03317577137628
H            6.20210774788931       -0.31040955085037       -0.70564257200691
H            4.04562899634685       -1.23772349303630       -1.24848466618185
H            4.44205156945983       -2.16562889038187        0.22203704156493
68
 energy: -106.572998623681 gnorm: 0.001087377989 xtb: 6.7.1-6.fc44.fc44
O            1.08219858664612       -0.34569932061701        1.33649899996201
O            0.91182790754980       -0.84800908949226       -1.60138507649469
O           -3.25492028124730       -2.58710823317001        0.11804607770501
O           -3.26849780476084        3.15939252025357        0.18673970348123
O           -1.29706087151157        1.64199752484010       -1.40490662004106
O            2.16344169860033        2.81210662641568        1.25963361582027
N            0.38555837739521       -2.56374602784663       -0.28300285621125
N           -2.18758912453585       -0.89471200899968       -0.93123277817507
N           -3.80655367655393        0.99282600293268        0.26456923050152
N           -0.60266872704562        2.32759923967253        0.62915832042091
N            1.91580889209972        1.74148766162326       -0.71626417426207
N            3.16110256830394       -0.51216073749914        0.51047137612641
C            1.93709102852674       -1.00306094276462        0.76840669198115
C            1.67708558521291       -2.46154536099983        0.38345214200517
C            1.51052504082300       -3.34537676963419        1.61911815076080
C            0.57030357036010       -4.43961887091835        1.12325656381410
C           -0.40001458543606       -3.67818558359541        0.22096956108012
C            0.07946097313005       -1.66915366161965       -1.22966656853051
C           -1.34746482690480       -1.70790334563348       -1.79027084191584
C           -1.37750652324250       -1.14792584637618       -3.20706860457228
C           -3.06554464595950       -1.39498529578976       -0.06170620304605
C           -3.83285700734502       -0.35315479564619        0.78506145637949
C           -5.28174473096024       -0.81199156266253        0.94256733386777
C           -2.99163118836926        2.03601061032175        0.54717537496107
C           -1.71754957934359        1.74971116862004        1.35632565473258
C           -1.82592967229436        2.41189257736959        2.72446214331160
C           -0.45890325149519        2.16639085037231       -0.68544521606287
C            0.89539228233479        2.64965188031428       -1.21741231428757
C            0.92462294672400        2.65797556260869       -2.73651748722801
C            2.42169608103870        1.87803093708337        0.51953454113807
C            3.49155296505425        0.85418692635657        0.89359040738076
C            4.80616898931491        1.13734750631746        0.16176384382408
C            5.45408060372961       -0.24061647860221        0.08057335489605
C            4.26394254629299       -1.16427353332879       -0.17349680452986
H            2.45352672616915       -2.84247857933610       -0.28801186036822
H            2.46066175146259       -3.72890644279413        1.98585260141766
H            1.03081930613952       -2.76234316050997        2.40685076865121
H            1.12871489130647       -5.17638687891558        0.54351352193102
H            0.05672646242702       -4.95104733564303        1.93377795202627
H           -0.75955075929801       -4.29989024477944       -0.60230176034403
H           -1.26785283452017       -3.32084769611210        0.77964973780863
H           -2.05579869952493        0.11504160140511       -1.03827011640344
H           -1.73930543334733       -2.72898109728584       -1.75912651111258
H           -2.38123303758863       -1.22330411481536       -3.61625686140802
H           -0.68796793151252       -1.69574844861567       -3.84398682078431
H           -1.08333302256255       -0.10180839772350       -3.18160746975039
H           -4.58681799558023        1.24157310646258       -0.32987183710196
H           -3.35862502156939       -0.36730579799978        1.77440408303377
H           -5.80403584854195       -0.18859630406361        1.66379035282377
H           -5.29334706516900       -1.84446489676834        1.28065094909099
H           -5.79774985746379       -0.75940133277300       -0.01390753847209
H            0.16686231429179        2.70838641153908        1.16920160458664
H           -1.53623298141546        0.67323778012990        1.46242891017733
H           -2.62859888268846        1.95908261031199        3.30097921068356
H           -2.03937190765223        3.47040469108270        2.59827194463163
H           -0.89041647221831        2.29672942044511        3.26703957129636
H            1.91740057715541        0.82921494805280       -1.16133732641845
H            1.11074944986659        3.64199179004110       -0.80614458073849
H            1.88180256060927        3.02629594491744       -3.09682894265891
H            0.12909351540643        3.29424748714144       -3.11402777555792
H            0.76561967576813        1.64779471865779       -3.10582006136778
H            3.62003497340760        0.91136099180461        1.98244529183736
H            5.41525183329382        1.86675348806051        0.68965642824791
H            4.59353376289754        1.51442332319195       -0.83966004229052
H            5.92224599470761       -0.49026233616726        1.03353353394032
H            6.20205800070829       -0.30927151839746       -0.70580796725004
H            4.04651751501746       -1.24000241157879       -1.24565370795986
H            4.44386777136330       -2.16452944031583        0.22659772103504
68
 energy: -106.573004909520 gnorm: 0.000684409861 xtb: 6.7.1-6.fc44.fc44
O            1.08288519458449       -0.34460784189484        1.33768688896785
O            0.91024596073149       -0.84531451727380       -1.60007691236677
O           -3.25421903330402       -2.58559508145877        0.12098629299236
O           -3.26712387291713        3.16043388857164        0.18842872039379
O           -1.29808961871739        1.64216942081978       -1.40544087271340
O            2.16321359592306        2.81279945384239        1.25923703977289
N            0.38549530030869       -2.56222583561430       -0.28239154399625
N           -2.18954035412314       -0.89296120448370       -0.93048169888489
N           -3.80850570684290        0.99465259038533        0.26627649812013
N           -0.60210528947093        2.32508803399532        0.62905398579487
N            1.91611236179912        1.74080170400001       -0.71610917168317
N            3.16192473453037       -0.51138326157373        0.51182678608967
C            1.93761474951699       -1.00194686070033        0.76930729129769
C            1.67743819966190       -2.46003241426428        0.38340661912333
C            1.51208453543645       -3.34527606332160        1.61822346129465
C            0.57232277021348       -4.43954031748688        1.12156096886353
C           -0.39904463117800       -3.67780713710382        0.22061088821917
C            0.07843486300516       -1.66711787608756       -1.22819067568805
C           -1.34862128335324       -1.70624975832486       -1.78866843348423
C           -1.37829690863593       -1.14667205007595       -3.20560677304974
C           -3.06663698101833       -1.39341778899015       -0.06024359892622
C           -3.83583386822273       -0.35196057801245        0.78538303803092
C           -5.28525719353375       -0.81088796190765        0.93881867444330
C           -2.99175689557401        2.03658588952004        0.54846007611167
C           -1.71738974461989        1.74791423301871        1.35618264612642
C           -1.82299186285013        2.40874440745087        2.72526726493140
C           -0.45893173384714        2.16490070530980       -0.68586603834846
C            0.89521207109564        2.64782797429437       -1.21842792824051
C            0.92443969682414        2.65367716190486       -2.73755671216032
C            2.42193675484065        1.87853200768601        0.51956396954401
C            3.49230206977257        0.85529092590764        0.89396403167299
C            4.80624248386902        1.13835321979463        0.16090754666853
C            5.45482016504217       -0.23944503758933        0.08104669383975
C            4.26497960526136       -1.16404644935808       -0.17135678691503
H            2.45353399396222       -2.83996392479136       -0.28900338410074
H            2.46274487736336       -3.72855060933354        1.98408092033277
H            1.03236414115889       -2.76345037380078        2.40674315265578
H            1.13128946307392       -5.17515303638883        0.54073874414862
H            0.05955793700768       -4.95243637485576        1.93169250920845
H           -0.75815434617251       -4.29885222913760       -0.60334111999498
H           -1.26711185894472       -3.32175107714299        0.77981947727533
H           -2.05826532993204        0.11673399811732       -1.03856261815097
H           -1.73993485114424       -2.72758931239795       -1.75711526521467
H           -2.38193542780298       -1.22219632366310       -3.61511958962238
H           -0.68869090412503       -1.69492741576203       -3.84220659835198
H           -1.08402235648692       -0.10069835315226       -3.18013863836709
H           -4.58872649037569        1.24484076256421       -0.32752115916901
H           -3.36409374000840       -0.36715641425309        1.77591613139212
H           -5.80926054628483       -0.18845942348617        1.65966912370997
H           -5.29795036827203       -1.84373706520182        1.27551492490076
H           -5.79895438145567       -0.75694618253086       -0.01880659616103
H            0.16771579676682        2.70528902961190        1.16913845533068
H           -1.53809454218955        0.67093912477580        1.46070764215568
H           -2.63293784078962        1.96391334621498        3.29831354271143
H           -2.02417493761653        3.47008719995420        2.59946369349939
H           -0.89062080391226        2.28076832866515        3.27094501047057
H            1.91801884066843        0.82804588686963       -1.16021084985395
H            1.10966164278780        3.64090809532403       -0.80848949758789
H            1.88003077973211        3.02534301218642       -3.09848942133982
H            0.12607013849914        3.28534255879803       -3.11623375014743
H            0.76964191602446        1.64203892198293       -3.10473269127553
H            3.62153820191618        0.91323392815364        1.98266298038272
H            5.41546568354979        1.86856124372067        0.68753975215211
H            4.59261989301709        1.51422099387690       -0.84073739748239
H            5.92392989692322       -0.48763186867670        1.03368956374241
H            6.20254455823855       -0.30859325117881       -0.70574188538923
H            4.04779514974996       -1.24172929959019       -1.24347928638955
H            4.44571915834173       -2.16338546789607        0.23053389071342
68
 energy: -106.573010217829 gnorm: 0.001161840645 xtb: 6.7.1-6.fc44.fc44
O            1.08435335886137       -0.34265639570163        1.33846638489576
O            0.90772745315320       -0.84203405246888       -1.59886723966595
O           -3.25443133743330       -2.58459242819519        0.12335191272263
O           -3.26444170899915        3.16051934481869        0.18863928680730
O           -1.29810876613421        1.64061650807019       -1.40444531155789
O            2.16521708982844        2.81428252153183        1.25744597283969
N            0.38512267420087       -2.56013925028627       -0.28176776665197
N           -2.19266301498994       -0.89152082714700       -0.93017065240976
N           -3.81067294570168        0.99624420447983        0.26949113613731
N           -0.60126899784182        2.32313871067819        0.62985367933596
N            1.91700211147525        1.73983965107747       -0.71655346549224
N            3.16335811066967       -0.51065097302412        0.51251878335961
C            1.93856376322706       -1.00036627469972        0.76965749588074
C            1.67768614863096       -2.45788471642654        0.38298401387408
C            1.51360939657099       -3.34413614631819        1.61726123026443
C            0.57427415720290       -4.43856447929299        1.12028395713548
C           -0.39823339135864       -3.67679250361455        0.22055365314642
C            0.07660181971471       -1.66461556141438       -1.22657738836840
C           -1.35042273389740       -1.70475046869362       -1.78717451499840
C           -1.37941820232883       -1.14588260534496       -3.20436884063607
C           -3.06839161898400       -1.39236073812386       -0.05886911779137
C           -3.83963598255158       -0.35154912660822        0.78584901619475
C           -5.29006007236609       -0.80996014686422        0.93336489731880
C           -2.99116707367670        2.03654937279355        0.54983660327873
C           -1.71685130003826        1.74628879279415        1.35692892214190
C           -1.82008942042602        2.40618467436254        2.72671454305799
C           -0.45837384596785        2.16302418406802       -0.68532033600129
C            0.89527543334845        2.64589816771917       -1.21902925720367
C            0.92330925700895        2.64981352311956       -2.73820336905530
C            2.42352795745579        1.87921643171589        0.51866763018312
C            3.49396121376571        0.85623901553079        0.89381348912686
C            4.80782847425976        1.13875669514426        0.16038917092500
C            5.45638898818989       -0.23920799555040        0.08187400229227
C            4.26648439787168       -1.16409864649910       -0.16984970797420
H            2.45317058989987       -2.83706917172061       -0.29051705757189
H            2.46484315372102       -3.72698145430285        1.98229726234229
H            1.03398294028803       -2.76313982128976        2.40632921028843
H            1.13375527323740       -5.17321669137797        0.53854967501204
H            0.06242586002315       -4.95271922736186        1.93022577210627
H           -0.75687601649621       -4.29740653339593       -0.60392371888157
H           -1.26657854211530       -3.32201288220116        0.78021836537564
H           -2.06062188746982        0.11803041828980       -1.03850259625600
H           -1.74081682234227       -2.72654135058822       -1.75509429177227
H           -2.38274360381524       -1.22210376988383       -3.61470935828656
H           -0.68927552501578       -1.69454009916890       -3.84024275286402
H           -1.08537650445647       -0.10002690776294       -3.17893188189305
H           -4.59002625565771        1.24815241026985       -0.32461824054419
H           -3.37125925896568       -0.36881771958899        1.77791793938288
H           -5.81670126717883       -0.18774637334381        1.65249585001716
H           -5.30484934623299       -1.84291076823415        1.26938658939592
H           -5.79979443966539       -0.75515335077228       -0.02629528682415
H            0.16883328368202        2.70309993999579        1.16968194701129
H           -1.53908123849440        0.66894967173347        1.46022973972063
H           -2.62923236358321        1.96267693821149        3.30081915292729
H           -2.02018124022158        3.46705736167082        2.60166940523968
H           -0.88902965825529        2.27509354244894        3.27136699092969
H            1.91770545535773        0.82623862522418       -1.15900811743318
H            1.10886787255681        3.63952307582876       -0.81010173082993
H            1.87744193495109        3.02365509575665       -3.10036083765474
H            0.12256844671380        3.27767442735789       -3.11719447322985
H            0.77121043044775        1.63700688539396       -3.10331841007574
H            3.62330446341075        0.91488172262072        1.98241757737203
H            5.41726596944791        1.86923941112657        0.68637880244588
H            4.59399098339902        1.51375462723049       -0.84146139719026
H            5.92585131619092       -0.48645604369751        1.03426670630295
H            6.20430427026673       -0.30906230733337       -0.70496845131245
H            4.05005019562505       -1.24289502296844       -1.24208246037932
H            4.44748361548329       -2.16274111124188        0.23335326604214
68
 energy: -106.573014688566 gnorm: 0.000720156079 xtb: 6.7.1-6.fc44.fc44
O            1.08533607017360       -0.34123274395073        1.33868694464326
O            0.90613984237705       -0.84004870059565       -1.59806375479740
O           -3.25345829024529       -2.58341886666123        0.12688883491984
O           -3.26242668625741        3.16104424047697        0.18934097317447
O           -1.29887976861378        1.64031004871157       -1.40398569568638
O            2.16680951067332        2.81563175178479        1.25634782851098
N            0.38494604685629       -2.55852267588084       -0.28116149159133
N           -2.19467406548441       -0.89036949917554       -0.92966272235759
N           -3.81211978058523        0.99778019801303        0.27140318868903
N           -0.60040680991133        2.32058421960732        0.63038980759401
N            1.91762760915333        1.73962761627035       -0.71672434739906
N            3.16435544621247       -0.50983868651419        0.51291596321334
C            1.93933080472658       -0.99915215946439        0.76983968526928
C            1.67805043589259       -2.45643474550435        0.38258332890573
C            1.51492663137622       -3.34329983002582        1.61654928618576
C            0.57581320019639       -4.43784976867141        1.11948942283288
C           -0.39751449033217       -3.67600575951333        0.22071434676837
C            0.07547351797597       -1.66299024481634       -1.22560446719150
C           -1.35165052355431       -1.70371139407282       -1.78586303530913
C           -1.38061503278297       -1.14556907359304       -3.20336169944483
C           -3.06927160174930       -1.39114422167128       -0.05723591976179
C           -3.84229076681296       -0.35057807955250        0.78621785511659
C           -5.29323591246235       -0.80902124671376        0.92864409960070
C           -2.99051932407053        2.03675181827416        0.55064228019834
C           -1.71645653687352        1.74440243827280        1.35730289556922
C           -1.81803382775267        2.40318662818027        2.72773874311801
C           -0.45834614481128        2.16161814719783       -0.68498133434325
C            0.89505758546796        2.64455255663453       -1.21929801927645
C            0.92230619415047        2.64677220431529       -2.73855149995552
C            2.42467698754358        1.87998650740280        0.51816442866263
C            3.49518332271277        0.85716460618797        0.89363411964142
C            4.80903687842959        1.13907678722423        0.15993308734674
C            5.45755653990481       -0.23892463451047        0.08233632980427
C            4.26757095978789       -1.16399105134020       -0.16860481698603
H            2.45301902041015       -2.83532425047989       -0.29170936465712
H            2.46644255173818       -3.72593540641588        1.98096577845650
H            1.03544848926241       -2.76279738133881        2.40611253265881
H            1.13517133543367       -5.17189049873152        0.53690944532302
H            0.06468405110721       -4.95273539058817        1.92940164609716
H           -0.75605455381139       -4.29630246882653       -0.60407107668546
H           -1.26593330161909       -3.32218439961535        0.78088324757074
H           -2.06266527032566        0.11919088090861       -1.03863841814058
H           -1.74174739298662       -2.72557855357798       -1.75343648131560
H           -2.38381831424835       -1.22222118876533       -3.61385978589815
H           -0.69019040616094       -1.69431120136834       -3.83881757041664
H           -1.08680561647830       -0.09959454247809       -3.17849307746098
H           -4.59123964055559        1.25102828135265       -0.32250846083599
H           -3.37699258390067       -0.36883020529888        1.77976838195815
H           -5.82222953167834       -0.18701076950300        1.64620599345166
H           -5.30921453480638       -1.84212800205144        1.26425628432105
H           -5.79970388957001       -0.75376293020590       -0.03274169409285
H            0.16984227315983        2.70032629188058        1.17007766124425
H           -1.54013841636925        0.66673377745652        1.45970954557426
H           -2.62967925317214        1.96160671110244        3.30090128596442
H           -2.01422892866450        3.46540746170089        2.60396353211181
H           -0.88745628992087        2.26773081659101        3.27264160858940
H            1.91768754290955        0.82554658684587       -1.15824864044167
H            1.10829460908289        3.63869087485212       -0.81145609343404
H            1.87523651596789        3.02274904574249       -3.10174501403338
H            0.11954254481712        3.27197396959289       -3.11792920852042
H            0.77293018536117        1.63297999022043       -3.10227731068003
H            3.62468032215187        0.91632458934629        1.98219413870185
H            5.41844806532534        1.86998698162318        0.68534287754418
H            4.59514950009920        1.51326000677724       -0.84221149488529
H            5.92710567805632       -0.48551789218022        1.03495820901459
H            6.20523887058676       -0.30940530292363       -0.70460422598137
H            4.05131832640377       -1.24372136536917       -1.24076639918977
H            4.44823349855957       -2.16232889404586        0.23557950444807
